[
  {
    "id": "afs_any_ballistic_gun",
    "type": "item_group",
    "subtype": "distribution",
    "items": [
      { "group": "afs_any_ballistic_s_gun", "prob": 10 },
      { "group": "afs_any_ballistic_m_gun", "prob": 10 },
      { "group": "afs_any_ballistic_h_gun", "prob": 3 }
    ]
  },
  {
    "id": "afs_any_ballistic_s_gun",
    "type": "item_group",
    "subtype": "distribution",
    "ammo": 100,
    "magazine": 100,
    "items": [ [ "afs_seyfert_84K", 40 ] ]
  },
  {
    "id": "afs_any_ballistic_m_gun",
    "type": "item_group",
    "subtype": "distribution",
    "ammo": 100,
    "magazine": 100,
    "items": [ [ "afs_Accipitermg", 20 ], [ "afs_gibrifle", 40 ], [ "afs_25mm_goa", 5 ] ]
  },
  {
    "id": "afs_any_ballistic_h_gun",
    "type": "item_group",
    "subtype": "distribution",
    "ammo": 100,
    "magazine": 100,
    "items": [ [ "afs_gibs_shotgun", 10 ] ]
  },
  {
    "id": "afs_any_ballistic_mag",
    "type": "item_group",
    "subtype": "distribution",
    "items": [
      { "group": "afs_any_ballistic_s_mag", "prob": 10 },
      { "group": "afs_any_ballistic_m_mag", "prob": 10 },
      { "group": "afs_any_ballistic_h_mag", "prob": 2 }
    ]
  },
  {
    "id": "afs_any_ballistic_s_mag",
    "type": "item_group",
    "subtype": "distribution",
    "ammo": 100,
    "magazine": 100,
    "items": [ [ "afs_84k_20mag", 40 ] ]
  },
  {
    "id": "afs_any_ballistic_m_mag",
    "type": "item_group",
    "subtype": "distribution",
    "ammo": 100,
    "magazine": 100,
    "items": [ [ "afs_UICASTA30", 40 ], [ "afs_UICASTA100drum", 5 ] ]
  },
  {
    "id": "afs_any_ballistic_h_mag",
    "type": "item_group",
    "subtype": "distribution",
    "ammo": 100,
    "magazine": 100,
    "items": [ [ "afs_25mm_mag", 20 ] ]
  },
  {
    "id": "afs_any_ballistic_ammo",
    "type": "item_group",
    "subtype": "distribution",
    "items": [
      { "group": "afs_any_ballistic_s_ammo", "prob": 10 },
      { "group": "afs_any_ballistic_m_ammo", "prob": 10 },
      { "group": "afs_any_ballistic_h_ammo", "prob": 2 }
    ]
  },
  {
    "id": "afs_any_ballistic_s_ammo",
    "type": "item_group",
    "subtype": "distribution",
    "ammo": 100,
    "magazine": 100,
    "items": [ [ "afs_10mm_caseless_FMJ", 20 ], [ "afs_10mm_caseless_JHP", 40 ], [ "afs_7.50mm_caseless", 5 ] ]
  },
  {
    "id": "afs_any_ballistic_m_ammo",
    "type": "item_group",
    "subtype": "distribution",
    "ammo": 100,
    "magazine": 100,
    "items": [ [ "afs_7.50mm_caseless", 40 ] ]
  },
  {
    "id": "afs_any_ballistic_h_ammo",
    "type": "item_group",
    "subtype": "distribution",
    "ammo": 100,
    "magazine": 100,
    "items": [ [ "afs_25mm_shot", 40 ], [ "afs_25mm_apfsds", 5 ], [ "afs_25mm_frag", 10 ] ]
  }
]
