[
  {
    "//": "This file adds Aftershock weapons to vanilla groups. To be deleted once the total conversion gets going.",
    "type": "item_group",
    "id": "guns_pistol_rare",
    "copy-from": "guns_pistol_rare",
    "extend": { "items": [ { "item": "afs_seyfert_84K", "prob": 15, "charges-min": 0, "charges-max": 20 } ] }
  },
  {
    "type": "item_group",
    "id": "guns_pistol_rare_display",
    "copy-from": "guns_pistol_rare_display",
    "extend": { "items": [ { "item": "afs_seyfert_84K", "prob": 15, "charges-min": 0, "charges-max": 0 } ] }
  },
  {
    "type": "item_group",
    "id": "guns_pistol_obscure",
    "copy-from": "guns_pistol_obscure",
    "extend": { "items": [ { "item": "afs_seyfert_84K", "prob": 50, "charges-min": 0, "charges-max": 20 } ] }
  },
  {
    "type": "item_group",
    "id": "guns_rifle_rare_display",
    "copy-from": "guns_rifle_rare_display",
    "extend": {
      "items": [
        { "item": "afs_gibrifle", "prob": 1, "charges-min": 0, "charges-max": 0 },
        { "item": "afs_Accipitermg", "prob": 1, "charges-min": 0, "charges-max": 0 }
      ]
    }
  },
  {
    "type": "item_group",
    "id": "guns_rifle_rare",
    "copy-from": "guns_rifle_rare",
    "extend": {
      "items": [
        { "item": "afs_gibrifle", "prob": 25, "charges-min": 0, "charges-max": 30 },
        { "item": "afs_Accipitermg", "prob": 20, "charges-min": 0, "charges-max": 30 }
      ]
    }
  },
  {
    "type": "item_group",
    "id": "guns_rifle_milspec",
    "copy-from": "guns_rifle_milspec",
    "extend": {
      "items": [
        { "item": "afs_gibrifle", "prob": 50, "charges-min": 0, "charges-max": 30 },
        { "item": "afs_Accipitermg", "prob": 45, "charges-min": 0, "charges-max": 30 }
      ]
    }
  },
  {
    "type": "item_group",
    "id": "guns_shotgun_milspec",
    "copy-from": "guns_shotgun_milspec",
    "extend": { "items": [ { "item": "afs_gibs_shotgun", "prob": 20, "charges-min": 0, "charges-max": 40 } ] }
  },
  {
    "type": "item_group",
    "id": "mags_pistol_rare",
    "copy-from": "mags_pistol_rare",
    "extend": { "items": [ [ "afs_84k_20mag", 15 ] ] }
  },
  {
    "type": "item_group",
    "id": "mags_rifle_rare",
    "copy-from": "mags_rifle_rare",
    "extend": { "items": [ [ "afs_UICASTA30", 40 ], [ "afs_UICASTA100drum", 20 ] ] }
  },
  {
    "type": "item_group",
    "id": "afs_UICASTA30",
    "items": [ [ "afs_UICASTA30", 40 ] ]
  },
  {
    "type": "item_group",
    "id": "mags_shotgun_rare",
    "copy-from": "mags_shotgun_rare",
    "extend": { "items": [ [ "afs_25mm_mag", 50 ] ] }
  },
  {
    "type": "item_group",
    "id": "ammo_pistol_rare",
    "subtype": "distribution",
    "copy-from": "ammo_pistol_rare",
    "extend": { "entries": [ { "item": "afs_10mm_caseless_FMJ", "prob": 20 }, { "item": "afs_10mm_caseless_JHP", "prob": 15 } ] }
  },
  {
    "type": "item_group",
    "id": "ammo_rifle_rare",
    "//": "Less common rifle ammo including that only used by police/paramilitary forces.",
    "subtype": "distribution",
    "copy-from": "ammo_rifle_rare",
    "extend": { "entries": [ { "item": "afs_7.50mm_caseless", "prob": 40 }, { "item": "afs_7.50mm_rp", "prob": 50 } ] }
  },
  {
    "type": "item_group",
    "id": "ammo_rifle_milspec",
    "subtype": "distribution",
    "copy-from": "ammo_rifle_milspec",
    "extend": { "entries": [ { "item": "afs_7.50mm_caseless", "prob": 40 }, { "item": "afs_7.50mm_rp", "prob": 50 } ] }
  },
  {
    "type": "item_group",
    "id": "ammo_shotgun_rare",
    "//": "Less common shotgun ammo including that only used by police/paramilitary forces.",
    "subtype": "distribution",
    "copy-from": "ammo_shotgun_rare",
    "extend": { "entries": [ { "item": "afs_25mm_shot", "prob": 10 } ] }
  },
  {
    "type": "item_group",
    "id": "ammo_shotgun_milspec",
    "//": "Military specification shotgun ammo found at military sites.",
    "subtype": "distribution",
    "copy-from": "ammo_shotgun_milspec",
    "extend": { "entries": [ { "item": "afs_25mm_shot", "prob": 10 } ] }
  }
]
