[
  {
    "type": "monstergroup",
    "name": "GROUP_LAB",
    "monsters": [
      { "monster": "mon_blob_small", "weight": 25, "cost_multiplier": 0, "pack_size": [ 1, 4 ] },
      { "monster": "mon_manhack", "weight": 200, "cost_multiplier": 0 },
      { "monster": "mon_manhack", "weight": 45, "cost_multiplier": 0, "pack_size": [ 2, 3 ] },
      { "monster": "mon_skitterbot", "weight": 85, "cost_multiplier": 0 },
      { "monster": "mon_skitterbot", "weight": 85, "cost_multiplier": 0, "pack_size": [ 2, 3 ] },
      { "monster": "mon_skitterbot", "weight": 1, "cost_multiplier": 0, "pack_size": [ 8, 12 ] },
      { "monster": "mon_zombie_hazmat", "weight": 100, "cost_multiplier": 0 },
      { "monster": "mon_zombie_bio_op", "weight": 50, "cost_multiplier": 5 },
      { "monster": "mon_zombie_armored", "weight": 5, "cost_multiplier": 5 },
      { "monster": "mon_skitterbot", "weight": 85, "cost_multiplier": 0, "pack_size": [ 2, 3 ] },
      { "monster": "mon_seeker_bot", "weight": 50, "cost_multiplier": 5 },
      { "monster": "mon_hunter_bot", "weight": 50, "cost_multiplier": 0, "pack_size": [ 3, 4 ] },
      { "monster": "mon_pursuer_bot", "weight": 50, "cost_multiplier": 0 },
      { "monster": "mon_chaser_bot", "weight": 50, "cost_multiplier": 5 }
    ]
  },
  {
    "type": "monstergroup",
    "name": "GROUP_ICE_LAB",
    "monsters": [
      { "monster": "mon_blob_small", "weight": 25, "cost_multiplier": 0, "pack_size": [ 1, 4 ] },
      { "monster": "mon_manhack", "weight": 200, "cost_multiplier": 0 },
      { "monster": "mon_manhack", "weight": 45, "cost_multiplier": 0, "pack_size": [ 2, 3 ] },
      { "monster": "mon_skitterbot", "weight": 100, "cost_multiplier": 0 },
      { "monster": "mon_skitterbot", "weight": 145, "cost_multiplier": 0, "pack_size": [ 2, 3 ] },
      { "monster": "mon_zombie_hazmat", "weight": 100, "cost_multiplier": 0 },
      { "monster": "mon_zombie_bio_op", "weight": 50, "cost_multiplier": 5 },
      { "monster": "mon_zombie_armored", "weight": 5, "cost_multiplier": 5 },
      { "monster": "mon_seeker_bot", "weight": 50, "cost_multiplier": 5 },
      { "monster": "mon_hunter_bot", "weight": 50, "cost_multiplier": 0, "pack_size": [ 3, 4 ] },
      { "monster": "mon_pursuer_bot", "weight": 50, "cost_multiplier": 0 },
      { "monster": "mon_chaser_bot", "weight": 50, "cost_multiplier": 5 }
    ]
  }
]
