[
  {
    "type": "profession",
    "id": "robotics_intern",
    "name": "Robotics Intern ",
    "description": "After months of online courses, you finally got yor first internship in the field of robotics. Unfortunately, the Cataclysm has ended your.",
    "points": 3,
    "CBMs": [ "bio_batteries", "bio_power_storage", "bio_remote" ],
    "skills": [ { "level": 2, "name": "mechanics" }, { "level": 2, "name": "computer" }, { "level": 2, "name": "electronics" } ],
    "items": {
      "both": [ "jumpsuit", "socks", "sneakers", "tool_belt", "eink_tablet_pc" ],
      "male": [ "briefs" ],
      "female": [ "bra", "panties" ]
    }
  }
]
