[
  {
    "type": "MONSTER",
    "id": "mon_distractron",
    "name": { "str": "distractron" },
    "species": "ROBOT",
    "default_faction": "rigged_bot",
    "symbol": "e",
    "color": "yellow",
    "material": [ "steel" ],
    "diff": 1,
    "aggression": 100,
    "morale": 100,
    "speed": 190,
    "melee_skill": 6,
    "melee_dice": 1,
    "melee_dice_sides": 1,
    "melee_cut": 0,
    "dodge": 6,
    "armor_bash": 1,
    "armor_cut": 3,
    "armor_bullet": 2,
    "vision_day": 50,
    "death_drops": { "groups": [ [ "robots", 4 ] ] },
    "luminance": 10,
    "hp": 10,
    "death_function": { "corpse_type": "BROKEN" },
    "special_attacks": [ [ "PARROT", 2 ] ],
    "description": "A manhack hastily rewired into a distraction device. Its main blades have been removed, making it harmless, but also more difficult to hit. Mp3's of pre-Cataclysmic folk music have been added as a further distraction.",
    "flags": [ "SEES", "FLIES", "NOHEAD", "ELECTRONIC", "HIT_AND_RUN", "NO_BREATHE" ]
  },
  {
    "type": "MONSTER",
    "id": "mon_venomhack",
    "name": { "str": "venomhack" },
    "species": "ROBOT",
    "default_faction": "rigged_bot",
    "symbol": "e",
    "color": "brown",
    "material": [ "steel" ],
    "diff": 1,
    "aggression": 100,
    "morale": 100,
    "speed": 190,
    "melee_skill": 6,
    "melee_dice": 1,
    "melee_dice_sides": 4,
    "melee_cut": 8,
    "dodge": 6,
    "armor_bash": 0,
    "armor_cut": 6,
    "armor_bullet": 4,
    "vision_day": 50,
    "vision_night": 5,
    "death_drops": { "groups": [ [ "robots", 4 ] ] },
    "luminance": 3,
    "hp": 10,
    "death_function": { "corpse_type": "BROKEN" },
    "description": "A salvaged manhack tinkered into a venomous drone. The stingers of giant insects have been added in place of blades.",
    "flags": [ "SEES", "FLIES", "NOHEAD", "ELECTRONIC", "HIT_AND_RUN", "NO_BREATHE", "VENOM" ]
  },
  {
    "type": "MONSTER",
    "id": "mon_smokehack",
    "name": { "str": "smokehack" },
    "species": "ROBOT",
    "default_faction": "rigged_bot",
    "symbol": "e",
    "color": "light_gray",
    "material": [ "steel" ],
    "diff": 1,
    "aggression": 100,
    "morale": 100,
    "speed": 190,
    "melee_skill": 6,
    "melee_dice": 1,
    "melee_dice_sides": 3,
    "melee_cut": 2,
    "dodge": 6,
    "armor_bash": 0,
    "armor_cut": 6,
    "armor_bullet": 4,
    "vision_day": 50,
    "vision_night": 5,
    "hp": 10,
    "death_function": { "effect": { "id": "death_smokeburst", "hit_self": true }, "message": "A %s explodes!" },
    "starting_ammo": { "bot_flashbang_hack": 10, "bot_gasbomb_hack": 10 },
    "special_attacks": [ [ "GRENADIER_ELITE", 3 ] ],
    "description": "A manhack tinkered into a flying smoke generator. It makes a less effective weapon, but provides a good smoke screen. It's currently inactive and ready to be deployed.",
    "flags": [ "SEES", "GOODHEARING", "FLIES", "NOHEAD", "ELECTRONIC", "HIT_AND_RUN", "NO_BREATHE" ]
  },
  {
    "type": "MONSTER",
    "id": "mon_orb_bot",
    "name": { "str": "orb bot" },
    "species": "ROBOT",
    "default_faction": "rigged_bot",
    "symbol": "o",
    "color": "yellow",
    "material": [ "steel" ],
    "diff": 2,
    "aggression": 0,
    "morale": 0,
    "speed": 120,
    "melee_skill": 0,
    "melee_dice": 0,
    "melee_dice_sides": 0,
    "melee_cut": 0,
    "dodge": 3,
    "armor_bash": 8,
    "armor_cut": 8,
    "armor_bullet": 6,
    "death_drops": { "groups": [ [ "robots", 4 ] ] },
    "luminance": 200,
    "hp": 18,
    "death_function": { "corpse_type": "BROKEN" },
    "description": "A salvaged eyebot patched up with low-grade electronics and equipped with a powerful floodlight. It wobbles unsteadily in the air.",
    "flags": [ "SEES", "FLIES", "ELECTRONIC", "NO_BREATHE", "NOHEAD" ],
    "fear_triggers": [ "HURT", "FRIEND_ATTACKED", "PLAYER_CLOSE" ]
  },
  {
    "type": "MONSTER",
    "id": "mon_skaterbot",
    "name": { "str": "skaterbot" },
    "species": "ROBOT",
    "default_faction": "rigged_bot",
    "symbol": "a",
    "color": "light_blue",
    "material": [ "steel" ],
    "diff": 12,
    "aggression": 100,
    "morale": 100,
    "speed": 130,
    "melee_skill": 0,
    "melee_dice": 0,
    "melee_dice_sides": 0,
    "melee_cut": 0,
    "dodge": 3,
    "armor_bash": 10,
    "armor_cut": 10,
    "armor_bullet": 8,
    "vision_day": 20,
    "vision_night": 5,
    "death_drops": { "groups": [ [ "robots", 4 ] ] },
    "hp": 30,
    "death_function": { "corpse_type": "BROKEN" },
    "special_attacks": [ [ "TAZER", 12 ] ],
    "special_when_hit": [ "ZAPBACK", 100 ],
    "description": "A salvaged skitterbot with wheels kludged to the ends of its insectoid legs. It sparks dangerously as it moves across the ground and omits a faint smell of ozone.",
    "flags": [ "SEES", "HEARS", "GOODHEARING", "ATTACKMON", "ELECTRONIC", "NO_BREATHE", "HIT_AND_RUN" ]
  },
  {
    "type": "MONSTER",
    "id": "mon_shockbot",
    "name": { "str": "shock bot" },
    "species": "ROBOT",
    "default_faction": "rigged_bot",
    "symbol": "R",
    "color": "light_blue",
    "material": [ "steel" ],
    "diff": 12,
    "aggression": 100,
    "morale": 100,
    "speed": 100,
    "melee_skill": 0,
    "melee_dice": 0,
    "melee_dice_sides": 0,
    "melee_cut": 0,
    "dodge": 1,
    "armor_bash": 12,
    "armor_cut": 12,
    "armor_bullet": 9,
    "vision_day": 20,
    "vision_night": 5,
    "death_drops": { "groups": [ [ "robots", 4 ] ] },
    "hp": 80,
    "death_function": { "corpse_type": "BROKEN" },
    "special_attacks": [ [ "SHOCKSTORM", 17 ] ],
    "special_when_hit": [ "ZAPBACK", 10 ],
    "description": "A salvaged police bot mended with old circuit boards and car batteries. It's been covered with electrified barbed wire and given a makeshift shock gun. With its safety protocols wiped, the shockbot no longers respects police authority or cares much for the safety of its allies.",
    "flags": [ "SEES", "HEARS", "BASHES", "ELECTRONIC", "NO_BREATHE" ]
  },
  {
    "type": "MONSTER",
    "id": "mon_solar_bot",
    "name": { "str": "solar bot" },
    "species": "ROBOT",
    "default_faction": "rigged_bot",
    "symbol": "R",
    "color": "yellow",
    "material": [ "steel" ],
    "diff": 20,
    "aggression": 100,
    "morale": 100,
    "speed": 100,
    "melee_skill": 0,
    "melee_dice": 0,
    "melee_dice_sides": 0,
    "melee_cut": 0,
    "dodge": 1,
    "armor_bash": 14,
    "armor_cut": 14,
    "armor_bullet": 10,
    "luminance": 300,
    "vision_day": 20,
    "vision_night": 5,
    "death_drops": { "groups": [ [ "robots", 4 ] ] },
    "hp": 80,
    "death_function": { "corpse_type": "BROKEN" },
    "special_attacks": [
      {
        "type": "gun",
        "cooldown": 1,
        "gun_type": "v29_turret",
        "fake_skills": [ [ "gun", 4 ], [ "pistol", 4 ] ],
        "ranges": [ [ 0, 30, "DEFAULT" ] ]
      }
    ],
    "description": "A salvaged riot-control bot awkwardly welded together with an experimental laser turret. A layer of solar cells and blinking LED lights cover it's hull.",
    "flags": [ "SEES", "HEARS", "GOODHEARING", "ELECTRONIC", "NO_BREATHE" ]
  },
  {
    "type": "MONSTER",
    "id": "mon_killbot",
    "name": { "str": "killbot" },
    "species": "ROBOT",
    "default_faction": "rigged_bot",
    "symbol": "R",
    "color": "red",
    "material": [ "steel" ],
    "diff": 25,
    "aggression": 100,
    "morale": 100,
    "speed": 70,
    "melee_skill": 4,
    "melee_dice": 3,
    "melee_dice_sides": 6,
    "melee_cut": 8,
    "dodge": 0,
    "armor_bash": 15,
    "armor_cut": 15,
    "armor_bullet": 12,
    "vision_day": 20,
    "vision_night": 5,
    "death_drops": { "groups": [ [ "robots", 4 ] ] },
    "hp": 100,
    "death_function": { "corpse_type": "BROKEN" },
    "starting_ammo": { "556": 100 },
    "special_attacks": [
      {
        "type": "gun",
        "cooldown": 4,
        "move_cost": 150,
        "gun_type": "m249",
        "ammo_type": "556",
        "fake_skills": [ [ "gun", 8 ], [ "rifle", 8 ] ],
        "fake_dex": 12,
        "ranges": [ [ 0, 36, "DEFAULT" ] ],
        "require_targeting_npc": true,
        "require_targeting_monster": true,
        "laser_lock": false,
        "targeting_cost": 200,
        "targeting_timeout_extend": -10,
        "targeting_sound": "\"Hostile detected.\"",
        "targeting_volume": 50,
        "no_ammo_sound": "a chk!"
      }
    ],
    "description": "A salvaged security bot repurposed into a lumbering engine of destruction. Extra layers of mismatched armor plates and a pair of chainsaws have been welded to the chasis.",
    "flags": [ "SEES", "HEARS", "BASHES", "ATTACKMON", "ELECTRONIC", "NO_BREATHE", "STUMBLES" ]
  },
  {
    "type": "MONSTER",
    "id": "mon_murder_bot",
    "name": { "str": "unholy murder machine" },
    "species": "ROBOT",
    "default_faction": "rigged_bot",
    "symbol": "M",
    "color": "red",
    "material": [ "steel" ],
    "diff": 32,
    "aggression": 100,
    "morale": 100,
    "speed": 100,
    "melee_skill": 3,
    "melee_dice": 3,
    "melee_dice_sides": 3,
    "melee_cut": 0,
    "dodge": 0,
    "armor_bash": 10,
    "armor_cut": 10,
    "armor_bullet": 8,
    "vision_day": 20,
    "vision_night": 5,
    "death_drops": { "groups": [ [ "robots", 4 ] ] },
    "hp": 90,
    "death_function": { "corpse_type": "BROKEN" },
    "starting_ammo": { "762_51": 1000, "bot_flashbang_hack": 10, "bot_gasbomb_hack": 10 },
    "special_attacks": [
      {
        "type": "gun",
        "cooldown": 5,
        "move_cost": 150,
        "gun_type": "m240",
        "ammo_type": "762_51",
        "fake_skills": [ [ "gun", 8 ], [ "rifle", 8 ] ],
        "fake_dex": 12,
        "ranges": [ [ 0, 60, "DEFAULT" ] ],
        "require_targeting_npc": true,
        "require_targeting_monster": true,
        "laser_lock": false,
        "targeting_cost": 200,
        "targeting_timeout_extend": -10,
        "targeting_sound": "\"Hostile detected.\"",
        "targeting_volume": 50,
        "no_ammo_sound": "a chk!"
      },
      [ "GRENADIER_ELITE", 4 ],
      [ "SHRIEK", 20 ]
    ],
    "description": "A salvaged chickenbot, pieced back together into a shambling combat robot that's more terrifying than effective. The flamethrower has been converted into a smoke generator, and the grenade launcher removed to make room for extra belts of 5.56 ammo. For intimidation, rusty spikes and grisly junk adorn the murder machine's hull while loudspeakers play earsplitting shrieks.",
    "flags": [ "SEES", "HEARS", "GOODHEARING", "BASHES", "NO_BREATHE", "ELECTRONIC" ]
  },
  {
    "type": "MONSTER",
    "id": "mon_droidnaught",
    "name": { "str": "droidnaught" },
    "species": "ROBOT",
    "default_faction": "rigged_bot",
    "symbol": "R",
    "color": "dark_gray",
    "material": [ "steel" ],
    "diff": 30,
    "aggression": 100,
    "morale": 100,
    "speed": 75,
    "melee_skill": 5,
    "melee_dice": 3,
    "melee_dice_sides": 10,
    "melee_cut": 0,
    "dodge": 0,
    "armor_bash": 21,
    "armor_cut": 21,
    "armor_bullet": 16,
    "vision_day": 10,
    "vision_night": 5,
    "death_drops": { "groups": [ [ "robots", 4 ] ] },
    "hp": 240,
    "death_function": { "corpse_type": "BROKEN" },
    "special_attacks": [ [ "SMASH", 8 ] ],
    "description": "A gutted tank bot refurbished with vehicle parts and questionable wiring. The cannon has been replaced with a rapid-fire pneumatic hammer.",
    "flags": [ "SEES", "HEARS", "GOODHEARING", "NOHEAD", "BASHES", "DESTROYS", "NO_BREATHE", "ELECTRONIC" ]
  },
  {
    "type": "MONSTER",
    "id": "mon_cleaner_bot",
    "name": { "str": "cleaner bot" },
    "species": "ROBOT",
    "default_faction": "rigged_bot",
    "symbol": "R",
    "color": "light_green",
    "material": [ "steel" ],
    "diff": 10,
    "aggression": 100,
    "morale": 100,
    "speed": 70,
    "melee_skill": 0,
    "melee_dice": 0,
    "melee_dice_sides": 0,
    "melee_cut": 0,
    "dodge": 0,
    "armor_bash": 10,
    "armor_cut": 10,
    "armor_bullet": 8,
    "vision_day": 10,
    "vision_night": 5,
    "hp": 100,
    "special_attacks": [ [ "ACID_BARF", 22 ] ],
    "special_when_hit": [ "ACIDSPLASH", 100 ],
    "death_function": { "corpse_type": "BROKEN" },
    "description": "A salvaged HAZMAT robot refitted with second-hand circuits and plumbing supplies. It cleans by spraying caustic fluids from an internal boiler. Although not meant for combat, it can burn enemies effectively.",
    "flags": [ "SEES", "HEARS", "BASHES", "ELECTRONIC", "NO_BREATHE", "ACIDPROOF", "ACIDTRAIL" ]
  }
]
