[
  {
    "type": "GENERIC",
    "id": "broken_pursuer_bot",
    "symbol": "%",
    "color": "green",
    "name": { "str": "broken pursuer" },
    "category": "other",
    "description": "A broken pursuer drone, now wrecked and motionless.  It could be gutted for spare parts.",
    "price": "10 USD",
    "material": [ "steel", "plastic" ],
    "weight": "102650 g",
    "volume": "30 L",
    "bashing": 4,
    "cutting": 4,
    "to_hit": -3
  },
  {
    "type": "GENERIC",
    "id": "broken_seeker_bot",
    "symbol": "%",
    "color": "green",
    "name": { "str": "broken seeker" },
    "category": "other",
    "description": "A broken seeker drone, now crumpled and fallen. It could be gutted for parts.",
    "price": "10 USD",
    "material": [ "steel", "plastic" ],
    "weight": "31520 g",
    "volume": "15 L",
    "bashing": 6,
    "cutting": 6,
    "to_hit": -3
  },
  {
    "type": "TOOL",
    "id": "bot_seeker",
    "symbol": ";",
    "color": "green",
    "name": { "str": "inactive seeker" },
    "category": "other",
    "description": "An autonomous drone designed to seek and exterminate enemy combatants. It's capable of delivering a single burst of 9mm rounds before closing to finish off its prey. It's currently inactive but ready to be deployed.",
    "price": "5000 USD",
    "material": [ "steel", "plastic" ],
    "weight": "3520 g",
    "volume": "15 L",
    "bashing": 6,
    "cutting": 6,
    "to_hit": -3,
    "max_charges": 0,
    "initial_charges": 0,
    "charges_per_use": 0,
    "turns_per_charge": 0,
    "ammo": [ "NULL" ],
    "use_action": {
      "type": "place_monster",
      "monster_id": "mon_seeker_bot",
      "difficulty": 6,
      "skills": [ "electronics", "computer" ],
      "moves": 200,
      "place_randomly": true
    }
  },
  {
    "type": "GENERIC",
    "id": "broken_hunter_bot",
    "symbol": "%",
    "color": "green",
    "name": { "str": "broken hunter drone" },
    "category": "other",
    "description": "A broken hunter drone, now burnt and unpowered.  It could be gutted for parts.",
    "price": "10 USD",
    "material": [ "steel", "plastic" ],
    "weight": "62650 g",
    "volume": "30 L",
    "bashing": 4,
    "cutting": 4,
    "to_hit": -3
  },
  {
    "type": "TOOL",
    "id": "bot_hunter",
    "symbol": ";",
    "color": "green",
    "name": { "str": "inactive hunter drone" },
    "category": "other",
    "description": "A dog-sized military drone designed to hunt out and exterminate enemy combatants. With a pair of barbed mandibles, it can prevent its prey from escaping. It is currently inactive and ready to be deployed.",
    "price": "5000 USD",
    "material": [ "steel", "plastic" ],
    "weight": "62650 g",
    "volume": "30 L",
    "bashing": 4,
    "cutting": 4,
    "to_hit": -3,
    "max_charges": 0,
    "initial_charges": 0,
    "charges_per_use": 0,
    "turns_per_charge": 0,
    "ammo": [ "NULL" ],
    "use_action": {
      "type": "place_monster",
      "monster_id": "mon_hunter_bot",
      "difficulty": 6,
      "skills": [ "electronics", "computer" ],
      "moves": 200
    }
  },
  {
    "type": "GENERIC",
    "id": "broken_chaser_bot",
    "symbol": "%",
    "color": "green",
    "name": { "str": "broken chaser drone" },
    "category": "other",
    "description": "A broken chaser drone, now shattered and disarmed. It could be gutted for parts.",
    "price": "10 USD",
    "material": [ "steel", "plastic" ],
    "weight": "31520 g",
    "volume": "15 L",
    "bashing": 6,
    "cutting": 6,
    "to_hit": -3
  },
  {
    "type": "TOOL",
    "id": "bot_chaser",
    "symbol": ";",
    "color": "red",
    "name": { "str": "inactive chaser" },
    "category": "other",
    "description": "A relentless hoverdrone designed to chase down and exterminate enemy robots. It's capable of firing three .50bmg rounds before closing in to finish off its prey. It is currently inactive and ready to be deployed.",
    "price": "5000 USD",
    "material": [ "steel", "plastic" ],
    "weight": "3520 g",
    "volume": "15 L",
    "bashing": 6,
    "cutting": 6,
    "to_hit": -3,
    "max_charges": 0,
    "initial_charges": 0,
    "charges_per_use": 0,
    "turns_per_charge": 0,
    "ammo": [ "NULL" ],
    "use_action": {
      "type": "place_monster",
      "monster_id": "mon_chaser_bot",
      "difficulty": 6,
      "skills": [ "electronics", "computer" ],
      "moves": 200,
      "place_randomly": true
    }
  },
  {
    "type": "GENERIC",
    "id": "broken_manhack",
    "symbol": ",",
    "color": "light_green",
    "name": { "str": "broken manhack" },
    "category": "other",
    "description": "A broken manhack. It's far too damaged to be repaired, but could still be gutted for spare parts.",
    "price": "10 USD",
    "material": [ "aluminum", "plastic" ],
    "weight": "3213 g",
    "volume": "750 ml",
    "bashing": 6,
    "cutting": 6,
    "to_hit": -3
  },
  {
    "id": "bot_venomhack",
    "type": "TOOL",
    "symbol": ";",
    "color": "brown",
    "name": { "str": "inactive venomhack" },
    "description": "A manhack converted into a venomous stinging drone. The stingers of giant insects have been added in place of blades. It is currently inactive and ready to be deployed.",
    "price": "600 USD",
    "material": [ "aluminum", "plastic" ],
    "weight": "300 g",
    "volume": "250 ml",
    "bashing": 6,
    "cutting": 6,
    "to_hit": -3,
    "max_charges": 0,
    "initial_charges": 0,
    "charges_per_use": 0,
    "turns_per_charge": 0,
    "ammo": [ "NULL" ],
    "use_action": {
      "type": "place_monster",
      "monster_id": "mon_venomhack",
      "difficulty": 4,
      "skills": [ "electronics", "computer" ],
      "hostile_msg": "You misprogram the venomhack; it's hostile!",
      "friendly_msg": "The venomhack flies from your hand and begins dripping toxic chemicals.",
      "place_randomly": true,
      "moves": 60
    }
  },
  {
    "type": "GENERIC",
    "id": "broken_venomhack",
    "symbol": ",",
    "color": "light_green",
    "name": { "str": "broken manhack" },
    "category": "other",
    "description": "A broken venom hack. It's far too damaged to be repaired, but could be gutted for parts.",
    "price": "10 USD",
    "material": [ "aluminum", "plastic" ],
    "weight": "3213 g",
    "volume": "750 ml",
    "bashing": 6,
    "cutting": 6,
    "to_hit": -3
  },
  {
    "id": "bot_distractron",
    "type": "TOOL",
    "symbol": ";",
    "color": "yellow",
    "name": { "str": "inactive distractron" },
    "description": "A manhack hastily rewired into a distraction device. The main blades have been removed, making it harmless, but also more difficult to hit. Mp3's of pre-Cataclysmic folk music have been added as a further distraction. It is currently inactive and ready to be deployed.",
    "price": "600 USD",
    "material": [ "aluminum", "plastic" ],
    "weight": "300 g",
    "volume": "250 ml",
    "bashing": 6,
    "cutting": 6,
    "to_hit": -3,
    "max_charges": 0,
    "initial_charges": 0,
    "charges_per_use": 0,
    "turns_per_charge": 0,
    "ammo": [ "NULL" ],
    "use_action": {
      "type": "place_monster",
      "monster_id": "mon_distractron",
      "difficulty": 1,
      "skills": [ "electronics", "computer" ],
      "hostile_msg": "You misprogram the distractron; it's hostile.",
      "friendly_msg": "The distractron flies from your hand and lights up.",
      "place_randomly": true,
      "moves": 60
    }
  },
  {
    "type": "GENERIC",
    "id": "broken_distractron",
    "symbol": ",",
    "color": "yellow",
    "name": { "str": "broken distractron" },
    "category": "other",
    "description": "A broken distractron. It's too damaged to fix, but could be gutted for parts.",
    "price": "10 USD",
    "material": [ "aluminum", "plastic" ],
    "weight": "3213 g",
    "volume": "750 ml",
    "bashing": 6,
    "cutting": 6,
    "to_hit": -3
  },
  {
    "id": "bot_smokehack",
    "type": "TOOL",
    "symbol": ";",
    "color": "light_gray",
    "name": { "str": "inactive smokehack" },
    "description": "A manhack tinkered into a flying smoke generator. It makes a less effective weapon, but provides a good smoke screen. It's currently inactive and ready to be deployed.",
    "price": "600 USD",
    "material": [ "aluminum", "plastic" ],
    "weight": "300 g",
    "volume": "250 ml",
    "bashing": 6,
    "cutting": 6,
    "to_hit": -3,
    "max_charges": 0,
    "initial_charges": 0,
    "charges_per_use": 0,
    "turns_per_charge": 0,
    "ammo": [ "NULL" ],
    "use_action": {
      "type": "place_monster",
      "monster_id": "mon_smokehack",
      "difficulty": 1,
      "skills": [ "electronics", "computer" ],
      "hostile_msg": "You misprogram the smokehack; it's hostile.",
      "friendly_msg": "The smokehack flies from your hand and ignites.",
      "place_randomly": true,
      "moves": 60
    }
  },
  {
    "type": "GENERIC",
    "id": "broken_eyebot",
    "symbol": "%",
    "color": "light_gray",
    "name": { "str": "broken eyebot" },
    "category": "other",
    "description": "A broken eyebot, now fallen and sightless. It could be gutted for parts or jury-rigged into a new type of bot.",
    "price": "10 USD",
    "material": [ "steel", "plastic" ],
    "weight": "31520 g",
    "volume": "15 L",
    "bashing": 6,
    "cutting": 6,
    "to_hit": -3
  },
  {
    "type": "GENERIC",
    "id": "broken_orb_bot",
    "symbol": "%",
    "color": "light_gray",
    "name": { "str": "broken orb bot" },
    "category": "other",
    "description": "A broken orb bot, now dark and lifeless. It could be repaired or stripped down to its eyebot frame.",
    "price": "100 USD",
    "material": [ "steel", "plastic" ],
    "weight": "31520 g",
    "volume": "15 L",
    "bashing": 6,
    "cutting": 6,
    "to_hit": -3
  },
  {
    "type": "TOOL",
    "id": "bot_orb_bot",
    "symbol": ";",
    "color": "yellow",
    "name": { "str": "inactive orb bot" },
    "category": "other",
    "description": "A salavaged eyebot patched up with low-grade electronics. The camera has been replaced with a powerful floodlight. It's currently inactive but ready to be deployed.",
    "price": "500 USD",
    "material": [ "steel", "plastic" ],
    "weight": "31520 g",
    "volume": "15 L",
    "bashing": 6,
    "cutting": 6,
    "to_hit": -3,
    "max_charges": 0,
    "initial_charges": 0,
    "charges_per_use": 0,
    "turns_per_charge": 0,
    "ammo": [ "NULL" ],
    "use_action": {
      "type": "place_monster",
      "monster_id": "mon_orb_bot",
      "difficulty": 2,
      "skills": [ "electronics", "computer" ],
      "moves": 100,
      "place_randomly": true
    }
  },
  {
    "type": "GENERIC",
    "id": "broken_skitterbot",
    "symbol": "%",
    "color": "blue",
    "name": { "str": "broken skitterbot" },
    "category": "other",
    "description": "A broken skitterbot, now sad and motionless.  It could be gutted for parts or jury-rigged into a new type of bot.",
    "price": "10 USD",
    "material": [ "steel", "plastic" ],
    "weight": "62650 g",
    "volume": "30 L",
    "bashing": 4,
    "cutting": 4,
    "to_hit": -3
  },
  {
    "type": "GENERIC",
    "id": "broken_skaterbot",
    "symbol": "%",
    "color": "blue",
    "name": { "str": "broken skaterbot" },
    "category": "other",
    "description": "A broken skaterbot, now drained and unmoving. Could be repaired or stripped down to its skitter bot frame.",
    "price": "10 USD",
    "material": [ "steel", "plastic" ],
    "weight": "62650 g",
    "volume": "30 L",
    "bashing": 4,
    "cutting": 4,
    "to_hit": -3
  },
  {
    "type": "TOOL",
    "id": "bot_skaterbotmisc",
    "symbol": ";",
    "color": "blue",
    "name": { "str": "inactive skaterbot" },
    "category": "other",
    "description": "A salvaged skitterbot rewired with consumer grade electronics. Small wheels have been kludged to the ends of its insectoid legs. It's inactive but ready to be deployed.",
    "price": "10 USD",
    "material": [ "steel", "plastic" ],
    "weight": "62650 g",
    "volume": "30 L",
    "bashing": 4,
    "cutting": 4,
    "to_hit": -3,
    "max_charges": 0,
    "initial_charges": 0,
    "charges_per_use": 0,
    "turns_per_charge": 0,
    "ammo": [ "NULL" ],
    "use_action": {
      "type": "place_monster",
      "monster_id": "mon_skaterbot",
      "difficulty": 6,
      "skills": [ "electronics", "computer" ],
      "hostile_msg": "You misprogram the skaterbot; it's hostile.",
      "friendly_msg": "The skaterbot spins its wheels and emits a cascade of sparks.",
      "moves": 200
    }
  },
  {
    "type": "GENERIC",
    "id": "broken_copbot",
    "symbol": "%",
    "color": "blue",
    "name": { "str": "broken police bot" },
    "category": "other",
    "description": "A broken police bot, now crushed and dirty. It could be gutted for parts or jury-rigged into a new type of bot.",
    "price": "300 USD",
    "material": [ "steel", "plastic" ],
    "weight": "140000 g",
    "volume": "62500 ml",
    "bashing": 6,
    "cutting": 6,
    "to_hit": -3
  },
  {
    "type": "GENERIC",
    "id": "broken_shockbot",
    "symbol": "%",
    "color": "light_blue",
    "name": { "str": "broken shockbot" },
    "category": "other",
    "description": "A broken shockbot, now powerless and inert. It could be repaired or stripped down to it's police bot frame.",
    "price": "300 USD",
    "material": [ "steel", "plastic" ],
    "weight": "140000 g",
    "volume": "62500 ml",
    "bashing": 6,
    "cutting": 6,
    "to_hit": -3
  },
  {
    "type": "TOOL",
    "id": "bot_shockbot",
    "symbol": ";",
    "color": "light_blue",
    "name": { "str": "inactive shockbot" },
    "category": "other",
    "description": "A salvaged police bot mended with old circuitboards and car batteries. It's been covered with electrified barbed wire and given a makeshift shock gun. It is currently inactive and ready to be deployed.",
    "price": "3000 USD",
    "flags": [ "RADIO_ACTIVATION", "RADIOSIGNAL_3" ],
    "material": [ "steel", "plastic" ],
    "weight": "140000 g",
    "volume": "62500 ml",
    "bashing": 6,
    "cutting": 6,
    "to_hit": -3,
    "max_charges": 0,
    "initial_charges": 0,
    "charges_per_use": 0,
    "turns_per_charge": 0,
    "ammo": [ "NULL" ],
    "use_action": {
      "type": "place_monster",
      "monster_id": "mon_shockbot",
      "difficulty": 2,
      "skills": [ "electronics", "computer" ],
      "hostile_msg": "You misprogram the shockbot!",
      "friendly_msg": "The shockbot emits a low electric hum and begins to amble about.",
      "place_randomly": true,
      "moves": 200
    }
  },
  {
    "type": "GENERIC",
    "id": "broken_riotbot",
    "symbol": "%",
    "color": "blue",
    "name": { "str": "broken riot control bot" },
    "category": "other",
    "description": "A broken riot control bot, now deformed and gasless. It could be gutted for parts or jury-rigged into a new type of bot.",
    "price": "300 USD",
    "material": [ "steel", "plastic" ],
    "weight": "140000 g",
    "volume": "62500 ml",
    "bashing": 6,
    "cutting": 6,
    "to_hit": -3
  },
  {
    "type": "GENERIC",
    "id": "broken_solar_bot",
    "symbol": "%",
    "color": "yellow",
    "name": { "str": "broken solar bot" },
    "category": "other",
    "description": "A broken solar bot, now dark and shattered. It could be repaired or stripped down to its original frame.",
    "price": "300 USD",
    "material": [ "steel", "plastic" ],
    "weight": "140000 g",
    "volume": "62500 ml",
    "bashing": 6,
    "cutting": 6,
    "to_hit": -3
  },
  {
    "id": "bot_chickenbot",
    "looks_like": "broken_tripod",
    "type": "TOOL",
    "name": { "str": "inactive chicken walker" },
    "description": "This is an inactive chicken walker.  Using this item involves placing it on the ground, loading the unit with the factory-loaded 5.56 rounds and 40mm cartridge grenades in your inventory (if you wish to divide your ammunition, set aside whatever ammunition you do NOT want to give the robot) and turning it on.  If reprogrammed and rewired successfully the tank drone will then identify you as a friendly, roam around or follow you, and attack all enemies with a built-in firearm and grenade launcher.",
    "weight": "190000 g",
    "//": "cheating a bit with the volume due to lack of proper vehicle storage options",
    "volume": "250 L",
    "price": "1000000 USD",
    "to_hit": -3,
    "bashing": 8,
    "material": [ "steel" ],
    "symbol": ";",
    "color": "light_green",
    "use_action": {
      "type": "place_monster",
      "monster_id": "mon_chickenbot",
      "friendly_msg": "The chicken bot rolls out and begins acquiring targets.",
      "hostile_msg": "The chicken bot swivels its turret and aims directly at you.  Don your brown pants!",
      "//": "Milspec, clearly designed with little concern for collateral damage.  What did you expect of a chicken walker?",
      "difficulty": 10,
      "moves": 500,
      "skills": [ "electronics", "computer" ]
    }
  },
  {
    "id": "bot_tankbot",
    "looks_like": "broken_tankbot",
    "type": "TOOL",
    "name": { "str": "inactive tank drone" },
    "description": "This is an inactive Beagle Mini-Tank UGV.  Using this item involves placing it on the ground, loading the unit with the factory-loaded 5.56 rounds and 40mm cartridge grenades in your inventory (if you wish to divide your ammunition, set aside whatever ammunition you do NOT want to give the robot) and turning it on.  If reprogrammed and rewired successfully the tank drone will then identify you as a friendly, roam around or follow you, and attack all enemies with a built-in firearm and grenade launcher.",
    "weight": "200000 g",
    "//": "cheating a bit with the volume due to lack of proper vehicle storage options",
    "volume": "250 L",
    "price": "1000000 USD",
    "to_hit": -3,
    "bashing": 8,
    "material": [ "steel" ],
    "symbol": ";",
    "color": "light_green",
    "use_action": {
      "type": "place_monster",
      "monster_id": "mon_tankbot",
      "friendly_msg": "The tank drone rolls out and begins acquiring targets.",
      "hostile_msg": "The tank drone swivels its turret and aims directly at you.  Don your brown pants!",
      "//": "Milspec, clearly designed with little concern for collateral damage. What did you expect of a robo-tank?",
      "difficulty": 10,
      "moves": 500,
      "skills": [ "electronics", "computer" ]
    }
  },
  {
    "type": "GENERIC",
    "id": "chickenbot_chassis",
    "name": { "str_sp": "Pathfinder chassis" },
    "description": "What's left when you remove all moving parts and electronics.  It's the skeleton and armor of the pathfinder.",
    "symbol": "c",
    "color": "light_gray",
    "weight": "60000 g",
    "volume": "80000 ml",
    "price": "3000 USD",
    "material": [ "steel" ],
    "category": "spare_parts"
  },
  {
    "type": "GENERIC",
    "id": "tankbot_chassis",
    "name": { "str": "Regulator chassis" },
    "description": "What's left when you remove all moving parts and electronics.  It's the skeleton and armor of the Regulator tank.",
    "symbol": "c",
    "color": "light_gray",
    "weight": "150000 g",
    "volume": "575000 ml",
    "price": "10000 USD",
    "material": [ "steel" ],
    "category": "spare_parts"
  },
  {
    "id": "laser_cannon",
    "looks_like": "ar15",
    "type": "GUN",
    "reload_noise_volume": 10,
    "name": { "str": "handheld laser cannon" },
    "description": "This is a laser cannon stripped from the barrel of a TX-5LR Cerberus laser turret that has been modified to use UPS power for firing.",
    "weight": "5140 g",
    "volume": "1500 ml",
    "price": "4000 USD",
    "price_postapoc": "80 USD",
    "to_hit": -1,
    "bashing": 4,
    "material": [ "steel", "plastic" ],
    "symbol": "(",
    "color": "magenta",
    "skill": "rifle",
    "range": 30,
    "ranged_damage": { "damage_type": "heat", "amount": 15, "armor_penetration": 10 },
    "dispersion": 90,
    "durability": 7,
    "loudness": 8,
    "ups_charges": 25,
    "reload": 200,
    "valid_mod_locations": [
      [ "emitter", 1 ],
      [ "lens", 1 ],
      [ "sling", 1 ],
      [ "grip mount", 1 ],
      [ "rail mount", 1 ],
      [ "sights mount", 1 ],
      [ "stock mount", 1 ],
      [ "underbarrel mount", 1 ]
    ],
    "ammo_effects": [ "LASER", "INCENDIARY" ],
    "flags": [ "NO_UNLOAD", "NON_FOULING", "NEEDS_NO_LUBE" ]
  },
  {
    "type": "TOOL",
    "id": "bot_solar_bot",
    "symbol": ";",
    "color": "yellow",
    "name": { "str": "inactive solar bot" },
    "category": "other",
    "description": "A salvaged riot-control bot awkwardly welded together with an experimental laser turret. A layer of solar cells and blinking LED lights cover it's hull. It's currently inactive and ready to be deployed.",
    "price": "3000 USD",
    "flags": [ "RADIO_ACTIVATION", "RADIOSIGNAL_3" ],
    "material": [ "steel", "plastic" ],
    "weight": "140000 g",
    "volume": "62500 ml",
    "bashing": 6,
    "cutting": 6,
    "to_hit": -3,
    "max_charges": 0,
    "initial_charges": 0,
    "charges_per_use": 0,
    "turns_per_charge": 0,
    "ammo": [ "NULL" ],
    "use_action": {
      "type": "place_monster",
      "monster_id": "mon_solar_bot",
      "difficulty": 2,
      "skills": [ "electronics", "computer" ],
      "hostile_msg": "You misprogram the solar bot; it's hostile!",
      "friendly_msg": "The solar bot's lights flicker on as it boots up successfully.",
      "place_randomly": true,
      "moves": 200
    }
  },
  {
    "type": "GENERIC",
    "id": "broken_secubot",
    "symbol": "%",
    "color": "blue",
    "name": { "str": "broken security bot" },
    "category": "other",
    "description": "A broken security bot, now busted and helpless. It could be gutted for parts or jury-rigged into a new type of bot.",
    "price": "300 USD",
    "material": [ "steel", "plastic" ],
    "weight": "140000 g",
    "volume": "62500 ml",
    "bashing": 6,
    "cutting": 6,
    "to_hit": -3
  },
  {
    "type": "GENERIC",
    "id": "broken_killbot",
    "symbol": "%",
    "color": "red",
    "name": { "str": "broken killbot" },
    "category": "other",
    "description": "A broken killbot, now peaceful and still. It could be repaired or stripped down to its security bot frame.",
    "price": "300 USD",
    "material": [ "steel", "plastic" ],
    "weight": "140000 g",
    "volume": "62500 ml",
    "bashing": 6,
    "cutting": 6,
    "to_hit": -3
  },
  {
    "type": "TOOL",
    "id": "bot_killbot",
    "symbol": ";",
    "color": "red",
    "name": { "str": "inactive killbot" },
    "category": "other",
    "description": "A salvaged security bot repurposed into a lumbering engine of destruction. Extra layers of steel armor and a pair of chainsaws have been welded to the chasis. It's currently inactive but ready to be deployed.",
    "price": "3000 USD",
    "material": [ "steel", "plastic" ],
    "weight": "140000 g",
    "flags": [ "RADIO_ACTIVATION", "RADIOSIGNAL_3" ],
    "volume": "62500 ml",
    "bashing": 6,
    "cutting": 6,
    "to_hit": -3,
    "max_charges": 0,
    "initial_charges": 0,
    "charges_per_use": 0,
    "turns_per_charge": 0,
    "ammo": [ "NULL" ],
    "use_action": {
      "type": "place_monster",
      "monster_id": "mon_killbot",
      "difficulty": 2,
      "skills": [ "electronics", "computer" ],
      "hostile_msg": "You misprogram the killbot! That ain't good.",
      "friendly_msg": "The killbot comes online and spins it chansaws in anticipation.",
      "place_randomly": true,
      "moves": 200
    }
  },
  {
    "type": "GENERIC",
    "id": "broken_chickenbot",
    "symbol": "%",
    "color": "red",
    "name": { "str": "broken chickenbot" },
    "category": "other",
    "description": "A broken chicken walker, now headless and defeated. It could be gutted for parts or jury-rigged into a new type of bot.",
    "price": "100 USD",
    "material": [ "steel", "plastic" ],
    "weight": "430000 g",
    "volume": "187500 ml",
    "bashing": 10,
    "cutting": 6,
    "to_hit": -2
  },
  {
    "type": "GENERIC",
    "id": "broken_murder_bot",
    "symbol": "%",
    "color": "red",
    "name": { "str": "broken murder machine" },
    "category": "other",
    "description": "A broken murder machine, now silent and mangled. It could be repaired or stripped down to its original frame.",
    "price": "100 USD",
    "material": [ "steel", "plastic" ],
    "weight": "430000 g",
    "volume": "187500 ml",
    "bashing": 10,
    "cutting": 6,
    "to_hit": -2
  },
  {
    "type": "TOOL",
    "id": "bot_murder_bot",
    "symbol": ";",
    "color": "red",
    "name": { "str": "inactive murder machine" },
    "category": "other",
    "description": "A salvaged chicken walker, pieced back together into a shambling combat robot that's more terrifying than effective. It is currently inactive and ready to be deployed.",
    "price": "3000 USD",
    "flags": [ "RADIO_ACTIVATION", "RADIOSIGNAL_3" ],
    "material": [ "steel", "plastic" ],
    "weight": "430000 g",
    "volume": "187500 ml",
    "bashing": 10,
    "cutting": 6,
    "to_hit": -2,
    "max_charges": 0,
    "initial_charges": 0,
    "charges_per_use": 0,
    "turns_per_charge": 0,
    "ammo": [ "NULL" ],
    "use_action": {
      "type": "place_monster",
      "monster_id": "mon_murder_bot",
      "difficulty": 4,
      "skills": [ "electronics", "computer" ],
      "hostile_msg": "You misprogram the murder machine; it wants to murder you!",
      "friendly_msg": "The murder machine comes to life.",
      "place_randomly": true,
      "moves": 200
    }
  },
  {
    "type": "GENERIC",
    "id": "broken_tankbot",
    "symbol": "%",
    "color": "red",
    "name": { "str": "broken tank drone" },
    "category": "other",
    "description": "A broken tank drone, lying in a heap of twisted metal. It could be gutted for parts or jury-rigged into a new type of bot.",
    "price": "100 USD",
    "material": [ "steel", "plastic" ],
    "weight": "1223850 g",
    "volume": "875 L",
    "bashing": 20,
    "cutting": 15,
    "to_hit": -3
  },
  {
    "type": "GENERIC",
    "id": "broken_droidnaught",
    "symbol": "%",
    "color": "red",
    "name": { "str": "broken droidnaught" },
    "category": "other",
    "description": "A broken droidnaught. It could be repaired or stripped down to its tank frame.",
    "price": "100 USD",
    "material": [ "steel", "plastic" ],
    "weight": "1223850 g",
    "volume": "875 L",
    "bashing": 20,
    "cutting": 15,
    "to_hit": -3
  },
  {
    "type": "TOOL",
    "id": "bot_droidnaught",
    "symbol": ";",
    "color": "red",
    "name": { "str": "inactive droidnaught" },
    "category": "other",
    "description": "A gutted tank bot refurbished with vehicle parts and questionable wiring. The cannon has been replaced with a rapid-fire pneumatic hammer. It is currently inactive and ready to be deployed.",
    "price": "10000 USD",
    "flags": [ "RADIO_ACTIVATION", "RADIOSIGNAL_3" ],
    "material": [ "steel", "plastic" ],
    "weight": "1223850 g",
    "volume": "875 L",
    "bashing": 20,
    "cutting": 15,
    "to_hit": -3,
    "max_charges": 0,
    "initial_charges": 0,
    "charges_per_use": 0,
    "turns_per_charge": 0,
    "ammo": [ "NULL" ],
    "use_action": {
      "type": "place_monster",
      "monster_id": "mon_droidnaught",
      "difficulty": 6,
      "skills": [ "electronics", "computer" ],
      "hostile_msg": "You have made a very serious mistake. The droidnaught is now hostile.",
      "friendly_msg": "The droidnaught revs its engines as its systems comes online.",
      "place_randomly": true,
      "moves": 200
    }
  },
  {
    "type": "GENERIC",
    "id": "broken_hazmatbot",
    "symbol": "%",
    "color": "blue",
    "name": { "str": "broken hazmatbot" },
    "category": "other",
    "description": "A broken HAZMAT bot, now polluted and shattered. It could be gutted for parts or jury-rigged into a new type of bot.",
    "price": "100 USD",
    "material": [ "steel", "plastic" ],
    "weight": "140000 g",
    "volume": "62500 ml",
    "bashing": 6,
    "cutting": 6,
    "to_hit": -3
  },
  {
    "type": "GENERIC",
    "id": "broken_cleaner_bot",
    "symbol": "%",
    "color": "light_green",
    "name": { "str": "broken cleaner bot" },
    "category": "other",
    "description": "A broken cleaner bot, now corroded and filthy. It could be repaired or stripped down to its HAZMAT robot frame.",
    "price": "300 USD",
    "material": [ "steel", "plastic" ],
    "weight": "140000 g",
    "volume": "62500 ml",
    "bashing": 6,
    "cutting": 6,
    "to_hit": -3
  },
  {
    "type": "TOOL",
    "id": "bot_cleaner_bot",
    "symbol": ";",
    "color": "light_green",
    "name": { "str": "inactive cleaner bot" },
    "category": "other",
    "description": "A salvaged HAZMAT robot refitted with second-hand circuits and plumbing supplies. It cleans by spraying an area with caustic fluids from an internal boiler. IT is currently inactive and waiting to be deployed.",
    "price": "1000 USD",
    "flags": [ "RADIO_ACTIVATION", "RADIOSIGNAL_3" ],
    "material": [ "steel", "plastic" ],
    "weight": "100000 g",
    "volume": "62500 ml",
    "bashing": 6,
    "cutting": 6,
    "to_hit": -3,
    "max_charges": 0,
    "initial_charges": 0,
    "charges_per_use": 0,
    "turns_per_charge": 0,
    "ammo": [ "NULL" ],
    "use_action": {
      "type": "place_monster",
      "monster_id": "mon_cleaner_bot",
      "difficulty": 2,
      "skills": [ "electronics", "computer" ],
      "hostile_msg": "You misprogram the cleaner bot!",
      "friendly_msg": "The cleanerbot charges up and begins bubbling over with noxious chemicals.",
      "place_randomly": true,
      "moves": 200
    }
  }
]
