[
  {
    "type": "recipe",
    "activity_level": "LIGHT_EXERCISE",
    "result": "bot_distractron",
    "category": "CC_ELECTRONIC",
    "subcategory": "CSC_ELECTRONIC_OTHER",
    "skill_used": "electronics",
    "skills_required": [ "computer", 2 ],
    "difficulty": 2,
    "time": 5000,
    "reversible": false,
    "autolearn": true,
    "qualities": [ { "id": "SCREW", "level": 1, "amount": 1 } ],
    "tools": [ [ [ "eink_tablet_pc", 1 ], [ "mp3", 1 ] ] ],
    "components": [ [ [ "bot_manhack", 1 ] ], [ [ "cable", 1 ] ], [ [ "e_scrap", 2 ] ], [ [ "superglue", 1 ], [ "duct_tape", 10 ] ] ]
  },
  {
    "type": "recipe",
    "activity_level": "LIGHT_EXERCISE",
    "result": "bot_venomhack",
    "category": "CC_ELECTRONIC",
    "subcategory": "CSC_ELECTRONIC_OTHER",
    "skill_used": "electronics",
    "skills_required": [ [ "fabrication", 4 ], [ "computer", 2 ] ],
    "difficulty": 4,
    "time": 10000,
    "reversible": false,
    "autolearn": false,
    "book_learn": [ [ "textbook_robots", 7 ] ],
    "qualities": [ { "id": "SCREW", "level": 1, "amount": 1 } ],
    "tools": [ [ [ "eink_tablet_pc", 10 ], [ "electrohack", 10 ] ], [ [ "soldering_iron", 15 ], [ "toolset", 15 ] ] ],
    "components": [
      [ [ "bot_manhack", 1 ] ],
      [ [ "syringe", 1 ] ],
      [ [ "cable", 2 ] ],
      [ [ "e_scrap", 2 ] ],
      [ [ "wasp_sting", 1 ], [ "bee_sting", 1 ] ],
      [ [ "scrap", 2 ], [ "plastic_chunk", 2 ] ],
      [ [ "superglue", 1 ], [ "duct_tape", 10 ] ]
    ]
  },
  {
    "type": "recipe",
    "activity_level": "LIGHT_EXERCISE",
    "result": "bot_smokehack",
    "category": "CC_ELECTRONIC",
    "subcategory": "CSC_ELECTRONIC_OTHER",
    "skill_used": "electronics",
    "skills_required": [ [ "fabrication", 4 ], [ "computer", 2 ] ],
    "difficulty": 4,
    "time": 15000,
    "reversible": false,
    "autolearn": false,
    "book_learn": [ [ "textbook_robots", 7 ] ],
    "qualities": [ { "id": "SCREW", "level": 1, "amount": 1 }, { "id": "WRENCH", "level": 1, "amount": 1 } ],
    "tools": [ [ [ "eink_tablet_pc", 10 ], [ "electrohack", 10 ] ], [ [ "soldering_iron", 15 ], [ "toolset", 15 ] ] ],
    "components": [
      [ [ "bot_manhack", 1 ] ],
      [ [ "smokebomb", 1 ] ],
      [ [ "pilot_light", 1 ] ],
      [ [ "cable", 2 ] ],
      [ [ "e_scrap", 2 ] ],
      [ [ "scrap", 2 ], [ "plastic_chunk", 2 ] ],
      [ [ "superglue", 1 ], [ "duct_tape", 10 ] ]
    ]
  },
  {
    "type": "recipe",
    "activity_level": "LIGHT_EXERCISE",
    "result": "bot_orb_bot",
    "id_suffix": "from_eyebot",
    "category": "CC_ELECTRONIC",
    "subcategory": "CSC_ELECTRONIC_OTHER",
    "skill_used": "electronics",
    "skills_required": [ [ "fabrication", 4 ], [ "computer", 3 ] ],
    "difficulty": 4,
    "time": 30000,
    "reversible": false,
    "autolearn": false,
    "book_learn": [ [ "textbook_robots", 4 ] ],
    "qualities": [
      { "id": "HAMMER", "level": 2, "amount": 1 },
      { "id": "SCREW", "level": 1, "amount": 1 },
      { "id": "WRENCH", "level": 1, "amount": 1 }
    ],
    "tools": [ [ [ "eink_tablet_pc", 10 ], [ "electrohack", 50 ] ], [ [ "soldering_iron", 15 ], [ "toolset", 15 ] ] ],
    "components": [
      [ [ "broken_eyebot", 1 ] ],
      [ [ "floodlight", 1 ] ],
      [ [ "cable", 10 ] ],
      [ [ "plut_cell", 1 ] ],
      [ [ "processor", 2 ] ],
      [ [ "RAM", 2 ] ],
      [ [ "e_scrap", 8 ] ],
      [ [ "scrap", 4 ], [ "plastic_chunk", 6 ] ],
      [ [ "superglue", 1 ], [ "duct_tape", 100 ] ]
    ]
  },
  {
    "type": "recipe",
    "activity_level": "LIGHT_EXERCISE",
    "result": "bot_orb_bot",
    "id_suffix": "from_orb_bot",
    "category": "CC_ELECTRONIC",
    "subcategory": "CSC_ELECTRONIC_OTHER",
    "skill_used": "electronics",
    "skills_required": [ [ "fabrication", 3 ], [ "computer", 2 ] ],
    "difficulty": 3,
    "time": 25000,
    "reversible": false,
    "autolearn": false,
    "book_learn": [ [ "textbook_robots", 4 ] ],
    "qualities": [
      { "id": "HAMMER", "level": 2, "amount": 1 },
      { "id": "SCREW", "level": 1, "amount": 1 },
      { "id": "WRENCH", "level": 1, "amount": 1 }
    ],
    "tools": [
      [ [ "eink_tablet_pc", 10 ], [ "electrohack", 10 ] ],
      [ [ "soldering_iron", 15 ], [ "toolset", 15 ] ],
      [ [ "goggles_welding", -1 ] ],
      [ [ "welder", 50 ], [ "welder_crude", 75 ], [ "toolset", 75 ], [ "oxy_torch", 10 ] ]
    ],
    "components": [
      [ [ "broken_orb_bot", 1 ] ],
      [ [ "amplifier", 5 ] ],
      [ [ "e_scrap", 4 ] ],
      [ [ "scrap", 4 ], [ "plastic_chunk", 6 ] ],
      [ [ "superglue", 1 ], [ "duct_tape", 50 ] ]
    ]
  },
  {
    "type": "recipe",
    "activity_level": "LIGHT_EXERCISE",
    "result": "bot_skaterbotmisc",
    "id_suffix": "from_skitter_bot",
    "category": "CC_ELECTRONIC",
    "subcategory": "CSC_ELECTRONIC_OTHER",
    "skill_used": "electronics",
    "skills_required": [ [ "mechanics", 3 ], [ "computer", 4 ] ],
    "difficulty": 7,
    "time": 120000,
    "reversible": false,
    "autolearn": false,
    "book_learn": [ [ "textbook_robots", 7 ] ],
    "qualities": [
      { "id": "HAMMER", "level": 3, "amount": 1 },
      { "id": "SCREW", "level": 1, "amount": 1 },
      { "id": "WRENCH", "level": 1, "amount": 1 }
    ],
    "tools": [
      [ [ "eink_tablet_pc", 10 ], [ "electrohack", 10 ] ],
      [ [ "soldering_iron", 15 ], [ "toolset", 15 ] ],
      [ [ "goggles_welding", -1 ] ],
      [ [ "welder", 50 ], [ "welder_crude", 75 ], [ "toolset", 75 ], [ "oxy_torch", 10 ] ]
    ],
    "components": [
      [ [ "broken_skitterbot", 1 ] ],
      [ [ "tazer", 1 ] ],
      [ [ "UPS_off", 1 ] ],
      [ [ "cable", 20 ] ],
      [ [ "plut_cell", 5 ] ],
      [ [ "circuit", 1 ] ],
      [ [ "processor", 2 ] ],
      [ [ "RAM", 2 ] ],
      [ [ "e_scrap", 8 ] ],
      [ [ "scrap", 4 ], [ "plastic_chunk", 6 ] ],
      [ [ "roller_blades", 1 ], [ "rollerskates", 1 ], [ "wheel_caster", 1 ] ]
    ]
  },
  {
    "type": "recipe",
    "activity_level": "LIGHT_EXERCISE",
    "result": "bot_skaterbotmisc",
    "id_suffix": "from_skater_bot",
    "category": "CC_ELECTRONIC",
    "subcategory": "CSC_ELECTRONIC_OTHER",
    "skill_used": "electronics",
    "skills_required": [ [ "mechanics", 2 ], [ "computer", 2 ] ],
    "difficulty": 6,
    "time": 30000,
    "reversible": false,
    "autolearn": false,
    "book_learn": [ [ "textbook_robots", 7 ] ],
    "qualities": [
      { "id": "HAMMER", "level": 3, "amount": 1 },
      { "id": "SCREW", "level": 1, "amount": 1 },
      { "id": "WRENCH", "level": 1, "amount": 1 }
    ],
    "tools": [
      [ [ "eink_tablet_pc", 10 ], [ "electrohack", 10 ] ],
      [ [ "soldering_iron", 15 ], [ "toolset", 15 ] ],
      [ [ "goggles_welding", -1 ] ],
      [ [ "welder", 50 ], [ "welder_crude", 75 ], [ "toolset", 75 ], [ "oxy_torch", 10 ] ]
    ],
    "components": [
      [ [ "broken_skaterbot", 1 ] ],
      [ [ "cable", 10 ] ],
      [ [ "e_scrap", 8 ] ],
      [ [ "amplifier", 8 ] ],
      [ [ "scrap", 4 ], [ "plastic_chunk", 6 ] ],
      [ [ "superglue", 1 ], [ "duct_tape", 50 ] ]
    ]
  },
  {
    "type": "recipe",
    "activity_level": "LIGHT_EXERCISE",
    "result": "bot_shockbot",
    "id_suffix": "from_cop_bot",
    "category": "CC_ELECTRONIC",
    "subcategory": "CSC_ELECTRONIC_OTHER",
    "skill_used": "electronics",
    "skills_required": [ [ "mechanics", 5 ], [ "computer", 4 ] ],
    "difficulty": 7,
    "time": 180000,
    "reversible": false,
    "autolearn": false,
    "book_learn": [ [ "textbook_robots", 7 ] ],
    "qualities": [
      { "id": "HAMMER", "level": 3, "amount": 1 },
      { "id": "SCREW", "level": 1, "amount": 1 },
      { "id": "WRENCH", "level": 1, "amount": 1 },
      { "id": "SAW_M", "level": 1, "amount": 1 }
    ],
    "tools": [
      [ [ "eink_tablet_pc", 10 ], [ "electrohack", 10 ] ],
      [ [ "soldering_iron", 15 ], [ "toolset", 15 ] ],
      [ [ "goggles_welding", -1 ] ],
      [ [ "welder", 100 ], [ "welder_crude", 150 ], [ "toolset", 150 ], [ "oxy_torch", 10 ] ]
    ],
    "components": [
      [ [ "broken_copbot", 1 ] ],
      [ [ "bio_chain_lightning", 1 ] ],
      [ [ "cable", 100 ] ],
      [ [ "wire_barbed", 10 ], [ "wire", 25 ] ],
      [ [ "storage_battery", 2 ] ],
      [ [ "plut_cell", 5 ] ],
      [ [ "circuit", 1 ] ],
      [ [ "processor", 2 ] ],
      [ [ "RAM", 2 ] ],
      [ [ "e_scrap", 8 ] ],
      [ [ "steel_chunk", 8 ], [ "steel_lump", 4 ] ]
    ]
  },
  {
    "type": "recipe",
    "activity_level": "LIGHT_EXERCISE",
    "result": "bot_shockbot",
    "id_suffix": "from_shockbot",
    "category": "CC_ELECTRONIC",
    "subcategory": "CSC_ELECTRONIC_OTHER",
    "skill_used": "electronics",
    "skills_required": [ [ "mechanics", 4 ], [ "computer", 3 ] ],
    "difficulty": 6,
    "time": 60000,
    "reversible": false,
    "autolearn": false,
    "book_learn": [ [ "textbook_robots", 7 ] ],
    "qualities": [
      { "id": "HAMMER", "level": 3, "amount": 1 },
      { "id": "SCREW", "level": 1, "amount": 1 },
      { "id": "WRENCH", "level": 1, "amount": 1 },
      { "id": "SAW_M", "level": 1, "amount": 1 }
    ],
    "tools": [
      [ [ "eink_tablet_pc", 10 ], [ "electrohack", 10 ] ],
      [ [ "soldering_iron", 15 ], [ "toolset", 15 ] ],
      [ [ "goggles_welding", -1 ] ],
      [ [ "welder", 50 ], [ "welder_crude", 75 ], [ "toolset", 75 ], [ "oxy_torch", 10 ] ]
    ],
    "components": [
      [ [ "broken_shockbot", 1 ] ],
      [ [ "cable", 10 ] ],
      [ [ "e_scrap", 4 ] ],
      [ [ "scrap", 8 ], [ "steel_chunk", 2 ] ],
      [ [ "superglue", 1 ], [ "duct_tape", 50 ] ]
    ]
  },
  {
    "type": "recipe",
    "activity_level": "LIGHT_EXERCISE",
    "result": "bot_solar_bot",
    "id_suffix": "from_riot_control_bot",
    "category": "CC_ELECTRONIC",
    "subcategory": "CSC_ELECTRONIC_OTHER",
    "skill_used": "electronics",
    "skills_required": [ [ "mechanics", 5 ], [ "computer", 4 ] ],
    "difficulty": 7,
    "time": 180000,
    "reversible": false,
    "autolearn": false,
    "book_learn": [ [ "textbook_robots", 7 ] ],
    "qualities": [
      { "id": "HAMMER", "level": 3, "amount": 1 },
      { "id": "SCREW", "level": 1, "amount": 1 },
      { "id": "WRENCH", "level": 1, "amount": 1 },
      { "id": "SAW_M", "level": 1, "amount": 1 }
    ],
    "tools": [
      [ [ "eink_tablet_pc", 10 ], [ "electrohack", 10 ] ],
      [ [ "soldering_iron", 15 ], [ "toolset", 15 ] ],
      [ [ "goggles_welding", -1 ] ],
      [ [ "welder", 100 ], [ "welder_crude", 150 ], [ "toolset", 150 ], [ "oxy_torch", 10 ] ]
    ],
    "components": [
      [ [ "broken_riotbot", 1 ] ],
      [ [ "bot_laserturret", 1 ], [ "laser_cannon", 1 ] ],
      [ [ "mirror", 2 ], [ "lens", 2 ] ],
      [ [ "floodlight", 1 ], [ "flashlight", 4 ] ],
      [ [ "cable", 100 ] ],
      [ [ "solar_cell", 20 ] ],
      [ [ "UPS_off", 1 ] ],
      [ [ "circuit", 1 ] ],
      [ [ "processor", 2 ] ],
      [ [ "RAM", 2 ] ],
      [ [ "e_scrap", 8 ] ],
      [ [ "steel_chunk", 8 ], [ "steel_lump", 4 ] ]
    ]
  },
  {
    "type": "recipe",
    "activity_level": "LIGHT_EXERCISE",
    "result": "bot_solar_bot",
    "id_suffix": "from_solar_bot",
    "category": "CC_ELECTRONIC",
    "subcategory": "CSC_ELECTRONIC_OTHER",
    "skill_used": "electronics",
    "skills_required": [ [ "mechanics", 4 ], [ "computer", 3 ] ],
    "difficulty": 6,
    "time": 60000,
    "reversible": false,
    "autolearn": false,
    "book_learn": [ [ "textbook_robots", 7 ] ],
    "qualities": [
      { "id": "HAMMER", "level": 3, "amount": 1 },
      { "id": "SCREW", "level": 1, "amount": 1 },
      { "id": "WRENCH", "level": 1, "amount": 1 },
      { "id": "SAW_M", "level": 1, "amount": 1 }
    ],
    "tools": [
      [ [ "eink_tablet_pc", 10 ], [ "electrohack", 10 ] ],
      [ [ "soldering_iron", 15 ], [ "toolset", 15 ] ],
      [ [ "goggles_welding", -1 ] ],
      [ [ "welder", 50 ], [ "welder_crude", 75 ], [ "toolset", 75 ], [ "oxy_torch", 10 ] ]
    ],
    "components": [
      [ [ "broken_solar_bot", 1 ] ],
      [ [ "mirror", 2 ], [ "lens", 2 ] ],
      [ [ "floodlight", 1 ], [ "flashlight", 4 ] ],
      [ [ "solar_cell", 4 ] ],
      [ [ "power_supply", 2 ] ],
      [ [ "e_scrap", 4 ] ],
      [ [ "scrap", 4 ], [ "steel_chunk", 4 ] ],
      [ [ "superglue", 1 ], [ "duct_tape", 50 ] ]
    ]
  },
  {
    "type": "recipe",
    "activity_level": "LIGHT_EXERCISE",
    "result": "bot_killbot",
    "id_suffix": "from_secubot",
    "category": "CC_ELECTRONIC",
    "subcategory": "CSC_ELECTRONIC_OTHER",
    "skill_used": "electronics",
    "skills_required": [ [ "mechanics", 7 ], [ "computer", 4 ], [ "gun", 3 ] ],
    "difficulty": 8,
    "time": 240000,
    "reversible": false,
    "autolearn": false,
    "book_learn": [ [ "textbook_robots", 8 ] ],
    "qualities": [
      { "id": "HAMMER", "level": 3, "amount": 1 },
      { "id": "SCREW", "level": 1, "amount": 1 },
      { "id": "WRENCH", "level": 1, "amount": 1 },
      { "id": "SAW_M", "level": 1, "amount": 1 }
    ],
    "tools": [
      [ [ "eink_tablet_pc", 10 ], [ "electrohack", 10 ] ],
      [ [ "soldering_iron", 15 ], [ "toolset", 15 ] ],
      [ [ "goggles_welding", -1 ] ],
      [ [ "welder", 100 ], [ "welder_crude", 150 ], [ "toolset", 150 ], [ "oxy_torch", 10 ] ]
    ],
    "components": [
      [ [ "broken_secubot", 1 ] ],
      [ [ "r_paint", 10 ] ],
      [ [ "elec_chainsaw_off", 2 ] ],
      [ [ "cable", 100 ] ],
      [ [ "plut_cell", 10 ] ],
      [ [ "circuit", 1 ] ],
      [ [ "processor", 2 ] ],
      [ [ "RAM", 2 ] ],
      [ [ "e_scrap", 8 ] ],
      [ [ "sheet_metal", 6 ], [ "steel_plate", 3 ] ],
      [ [ "wheel_bicycle", 3 ], [ "wheel_metal", 3 ], [ "wheel_small", 3 ] ],
      [ [ "steel_chunk", 8 ], [ "steel_lump", 4 ] ]
    ]
  },
  {
    "type": "recipe",
    "activity_level": "LIGHT_EXERCISE",
    "result": "bot_killbot",
    "id_suffix": "from_killbot",
    "category": "CC_ELECTRONIC",
    "subcategory": "CSC_ELECTRONIC_OTHER",
    "skill_used": "electronics",
    "skills_required": [ [ "mechanics", 6 ], [ "computer", 2 ], [ "gun", 3 ] ],
    "difficulty": 7,
    "time": 120000,
    "reversible": false,
    "autolearn": false,
    "book_learn": [ [ "textbook_robots", 7 ] ],
    "qualities": [
      { "id": "HAMMER", "level": 3, "amount": 1 },
      { "id": "SCREW", "level": 1, "amount": 1 },
      { "id": "WRENCH", "level": 1, "amount": 1 },
      { "id": "SAW_M", "level": 1, "amount": 1 }
    ],
    "tools": [
      [ [ "eink_tablet_pc", 10 ], [ "electrohack", 10 ] ],
      [ [ "soldering_iron", 15 ], [ "toolset", 15 ] ],
      [ [ "goggles_welding", -1 ] ],
      [ [ "welder", 100 ], [ "welder_crude", 150 ], [ "toolset", 150 ], [ "oxy_torch", 10 ] ]
    ],
    "components": [
      [ [ "broken_killbot", 1 ] ],
      [ [ "cable", 10 ] ],
      [ [ "plut_cell", 5 ] ],
      [ [ "amplifier", 4 ] ],
      [ [ "e_scrap", 4 ] ],
      [ [ "steel_chunk", 8 ], [ "steel_lump", 4 ] ]
    ]
  },
  {
    "type": "recipe",
    "activity_level": "LIGHT_EXERCISE",
    "result": "bot_murder_bot",
    "id_suffix": "from_chickenbot",
    "category": "CC_ELECTRONIC",
    "subcategory": "CSC_ELECTRONIC_OTHER",
    "skill_used": "electronics",
    "skills_required": [ [ "mechanics", 7 ], [ "computer", 4 ], [ "gun", 3 ] ],
    "difficulty": 8,
    "time": 240000,
    "reversible": false,
    "autolearn": false,
    "book_learn": [ [ "textbook_robots", 8 ] ],
    "qualities": [
      { "id": "HAMMER", "level": 3, "amount": 1 },
      { "id": "SCREW", "level": 1, "amount": 1 },
      { "id": "WRENCH", "level": 1, "amount": 1 },
      { "id": "SAW_M", "level": 1, "amount": 1 }
    ],
    "tools": [
      [ [ "eink_tablet_pc", 10 ], [ "electrohack", 10 ] ],
      [ [ "soldering_iron", 15 ], [ "toolset", 15 ] ],
      [ [ "goggles_welding", -1 ] ],
      [ [ "welder", 100 ], [ "welder_crude", 150 ], [ "toolset", 150 ], [ "oxy_torch", 10 ] ]
    ],
    "components": [
      [ [ "broken_chickenbot", 1 ] ],
      [ [ "cable", 100 ] ],
      [ [ "plut_cell", 10 ] ],
      [ [ "circuit", 1 ] ],
      [ [ "processor", 2 ] ],
      [ [ "RAM", 2 ] ],
      [ [ "e_scrap", 8 ] ],
      [ [ "scrap", 8 ], [ "steel_chunk", 4 ] ],
      [ [ "rebar", 10 ], [ "frame", 1 ] ],
      [ [ "motor", 1 ], [ "motor_enhanced", 1 ] ],
      [ [ "spike", 6 ], [ "blade", 4 ], [ "spiked_plate", 3 ] ],
      [ [ "light_emergency_red", 4 ], [ "armor_acidchitin", 4 ], [ "talking_doll", 6 ], [ "etched_skull", 3 ] ]
    ]
  },
  {
    "type": "recipe",
    "activity_level": "LIGHT_EXERCISE",
    "result": "bot_murder_bot",
    "id_suffix": "from_murder_bot",
    "category": "CC_ELECTRONIC",
    "subcategory": "CSC_ELECTRONIC_OTHER",
    "skill_used": "electronics",
    "skills_required": [ [ "mechanics", 6 ], [ "computer", 2 ], [ "gun", 3 ] ],
    "difficulty": 7,
    "time": 120000,
    "reversible": false,
    "autolearn": false,
    "book_learn": [ [ "textbook_robots", 8 ] ],
    "qualities": [
      { "id": "HAMMER", "level": 3, "amount": 1 },
      { "id": "SCREW", "level": 1, "amount": 1 },
      { "id": "WRENCH", "level": 1, "amount": 1 },
      { "id": "SAW_M", "level": 1, "amount": 1 }
    ],
    "tools": [
      [ [ "eink_tablet_pc", 10 ], [ "electrohack", 10 ] ],
      [ [ "soldering_iron", 15 ], [ "toolset", 15 ] ],
      [ [ "goggles_welding", -1 ] ],
      [ [ "welder", 100 ], [ "welder_crude", 150 ], [ "toolset", 150 ], [ "oxy_torch", 10 ] ]
    ],
    "components": [
      [ [ "broken_murder_bot", 1 ] ],
      [ [ "plut_cell", 5 ] ],
      [ [ "cable", 10 ] ],
      [ [ "amplifier", 4 ] ],
      [ [ "e_scrap", 8 ] ],
      [ [ "steel_chunk", 8 ], [ "steel_lump", 4 ] ],
      [ [ "superglue", 1 ], [ "duct_tape", 50 ] ]
    ]
  },
  {
    "type": "recipe",
    "activity_level": "LIGHT_EXERCISE",
    "result": "bot_droidnaught",
    "id_suffix": "from_tankbot",
    "category": "CC_ELECTRONIC",
    "subcategory": "CSC_ELECTRONIC_OTHER",
    "skill_used": "electronics",
    "skills_required": [ [ "mechanics", 7 ], [ "computer", 4 ] ],
    "difficulty": 9,
    "time": 360000,
    "reversible": false,
    "autolearn": false,
    "book_learn": [ [ "textbook_robots", 9 ] ],
    "qualities": [
      { "id": "HAMMER", "level": 3, "amount": 1 },
      { "id": "SCREW", "level": 1, "amount": 1 },
      { "id": "WRENCH", "level": 1, "amount": 1 },
      { "id": "SAW_M", "level": 1, "amount": 1 }
    ],
    "tools": [
      [ [ "eink_tablet_pc", 10 ], [ "electrohack", 10 ] ],
      [ [ "soldering_iron", 15 ], [ "toolset", 15 ] ],
      [ [ "goggles_welding", -1 ] ],
      [ [ "welder", 200 ], [ "welder_crude", 300 ], [ "toolset", 300 ], [ "oxy_torch", 30 ] ]
    ],
    "components": [
      [ [ "broken_tankbot", 1 ] ],
      [ [ "elec_jackhammer", 1 ] ],
      [ [ "robot_controls", 1 ] ],
      [ [ "cable", 400 ], [ "jumper_cable", 4 ] ],
      [ [ "plut_cell", 10 ] ],
      [ [ "storage_battery", 1 ] ],
      [ [ "circuit", 1 ] ],
      [ [ "processor", 2 ] ],
      [ [ "RAM", 3 ] ],
      [ [ "e_scrap", 10 ] ],
      [ [ "steel_lump", 4 ], [ "steel_chunk", 8 ] ],
      [ [ "hdframe", 2 ], [ "frame", 4 ] ],
      [ [ "motor_large", 1 ], [ "motor_enhanced", 2 ] ],
      [ [ "manhole_cover", 6 ], [ "hard_plate", 4 ], [ "steel_plate", 10 ] ]
    ]
  },
  {
    "type": "recipe",
    "activity_level": "LIGHT_EXERCISE",
    "result": "bot_droidnaught",
    "id_suffix": "from_droidnaught",
    "category": "CC_ELECTRONIC",
    "subcategory": "CSC_ELECTRONIC_OTHER",
    "skill_used": "electronics",
    "skills_required": [ [ "mechanics", 6 ], [ "computer", 2 ] ],
    "difficulty": 8,
    "time": 180000,
    "reversible": false,
    "autolearn": false,
    "book_learn": [ [ "textbook_robots", 9 ] ],
    "qualities": [
      { "id": "HAMMER", "level": 3, "amount": 1 },
      { "id": "SCREW", "level": 1, "amount": 1 },
      { "id": "WRENCH", "level": 1, "amount": 1 },
      { "id": "SAW_M", "level": 1, "amount": 1 }
    ],
    "tools": [
      [ [ "eink_tablet_pc", 10 ], [ "electrohack", 10 ] ],
      [ [ "soldering_iron", 15 ], [ "toolset", 15 ] ],
      [ [ "goggles_welding", -1 ] ],
      [ [ "welder", 100 ], [ "welder_crude", 150 ], [ "toolset", 150 ], [ "oxy_torch", 20 ] ]
    ],
    "components": [
      [ [ "broken_tankbot", 1 ] ],
      [ [ "cable", 10 ] ],
      [ [ "plut_cell", 5 ] ],
      [ [ "e_scrap", 5 ] ],
      [ [ "steel_lump", 2 ], [ "steel_chunk", 4 ] ],
      [ [ "frame", 1 ] ],
      [ [ "amplifier", 3 ] ],
      [ [ "power_supply", 2 ] ],
      [ [ "steel_plate", 2 ] ],
      [ [ "superglue", 1 ], [ "duct_tape", 50 ] ]
    ]
  },
  {
    "type": "recipe",
    "activity_level": "LIGHT_EXERCISE",
    "result": "bot_cleaner_bot",
    "id_suffix": "from_hazmat_bot",
    "category": "CC_ELECTRONIC",
    "subcategory": "CSC_ELECTRONIC_OTHER",
    "skill_used": "electronics",
    "skills_required": [ [ "fabrication", 5 ], [ "computer", 3 ], [ "cooking", 5 ] ],
    "difficulty": 6,
    "time": 120000,
    "reversible": false,
    "autolearn": false,
    "book_learn": [ [ "textbook_robots", 6 ] ],
    "qualities": [
      { "id": "HAMMER", "level": 3, "amount": 1 },
      { "id": "SCREW", "level": 1, "amount": 1 },
      { "id": "WRENCH", "level": 1, "amount": 1 }
    ],
    "tools": [
      [ [ "eink_tablet_pc", 10 ], [ "electrohack", 50 ] ],
      [ [ "soldering_iron", 15 ], [ "toolset", 15 ] ],
      [ [ "goggles_welding", -1 ] ],
      [ [ "welder", 50 ], [ "welder_crude", 75 ], [ "toolset", 75 ], [ "oxy_torch", 10 ] ]
    ],
    "components": [
      [ [ "broken_hazmatbot", 1 ] ],
      [ [ "still", 1 ] ],
      [ [ "cu_pipe", 10 ], [ "hose", 5 ] ],
      [ [ "plut_cell", 5 ] ],
      [ [ "cable", 50 ] ],
      [ [ "circuit", 1 ] ],
      [ [ "processor", 2 ] ],
      [ [ "RAM", 2 ] ],
      [ [ "e_scrap", 8 ] ],
      [ [ "scrap", 4 ], [ "plastic_chunk", 6 ], [ "nomex", 6 ] ],
      [ [ "slime_scrap", 100 ], [ "chem_sulphuric_acid", 10 ] ],
      [ [ "hotplate", 2 ], [ "chemistry_set", 1 ], [ "element", 8 ] ]
    ]
  },
  {
    "type": "recipe",
    "activity_level": "LIGHT_EXERCISE",
    "result": "bot_cleaner_bot",
    "id_suffix": "from_cleaner_bot",
    "category": "CC_ELECTRONIC",
    "subcategory": "CSC_ELECTRONIC_OTHER",
    "skill_used": "electronics",
    "skills_required": [ [ "fabrication", 4 ], [ "computer", 2 ], [ "cooking", 5 ] ],
    "difficulty": 5,
    "time": 25000,
    "reversible": false,
    "autolearn": false,
    "book_learn": [ [ "textbook_robots", 6 ] ],
    "qualities": [
      { "id": "HAMMER", "level": 3, "amount": 1 },
      { "id": "SCREW", "level": 1, "amount": 1 },
      { "id": "WRENCH", "level": 1, "amount": 1 }
    ],
    "tools": [
      [ [ "eink_tablet_pc", 10 ], [ "electrohack", 10 ] ],
      [ [ "soldering_iron", 15 ], [ "toolset", 15 ] ],
      [ [ "goggles_welding", -1 ] ],
      [ [ "welder", 50 ], [ "welder_crude", 75 ], [ "toolset", 75 ], [ "oxy_torch", 10 ] ]
    ],
    "components": [
      [ [ "broken_hazmatbot", 1 ] ],
      [ [ "cu_pipe", 5 ] ],
      [ [ "plut_cell", 5 ] ],
      [ [ "e_scrap", 4 ] ],
      [ [ "scrap", 4 ], [ "plastic_chunk", 4 ], [ "nomex", 4 ] ],
      [ [ "slime_scrap", 50 ], [ "chem_sulphuric_acid", 10 ] ]
    ]
  }
]
