[
  {
    "type": "MONSTER",
    "id": "mon_pursuer_bot",
    "name": { "str": "pursuer drone" },
    "species": "ROBOT",
    "default_faction": "military",
    "symbol": "P",
    "color": "white_green",
    "material": [ "steel" ],
    "diff": 15,
    "aggression": 100,
    "morale": 100,
    "speed": 100,
    "melee_skill": 5,
    "melee_dice": 3,
    "melee_dice_sides": 6,
    "melee_cut": 6,
    "dodge": 2,
    "armor_bash": 10,
    "armor_cut": 12,
    "armor_bullet": 9,
    "vision_day": 50,
    "vision_night": 5,
    "special_attacks": [ [ "GRENADIER", 20 ] ],
    "starting_ammo": { "bot_manhack": 10 },
    "hp": 80,
    "death_function": { "corpse_type": "BROKEN" },
    "death_drops": { "groups": [ [ "robots", 4 ] ] },
    "description": "A wheeled drone designed to pursue and exterminate enemy combatants. It's capable of dispensing onboard manhacks to harry and weaken its prey.",
    "flags": [ "SEES", "FLIES", "ELECTRONIC", "NO_BREATHE", "NOHEAD", "HIT_AND_RUN" ]
  },
  {
    "type": "MONSTER",
    "id": "mon_seeker_bot",
    "name": { "str": "seeker drone" },
    "species": "ROBOT",
    "default_faction": "military",
    "symbol": "s",
    "color": "white_green",
    "material": [ "steel" ],
    "diff": 15,
    "aggression": 100,
    "morale": 100,
    "speed": 130,
    "melee_skill": 5,
    "melee_dice": 3,
    "melee_dice_sides": 6,
    "melee_cut": 6,
    "dodge": 2,
    "armor_bash": 10,
    "armor_cut": 12,
    "armor_bullet": 9,
    "vision_day": 50,
    "vision_night": 5,
    "revert_to_itype": "bot_seeker",
    "starting_ammo": { "9mm": 100 },
    "special_attacks": [
      {
        "type": "gun",
        "cooldown": 6,
        "move_cost": 150,
        "gun_type": "hk_mp5",
        "ammo_type": "9mm",
        "fake_skills": [ [ "gun", 5 ], [ "smg", 5 ] ],
        "fake_dex": 12,
        "ranges": [ [ 0, 14, "DEFAULT" ] ],
        "require_targeting_npc": true,
        "require_targeting_monster": true,
        "laser_lock": false,
        "targeting_cost": 400,
        "targeting_timeout_extend": -10,
        "targeting_sound": "\"Hostile detected.\"",
        "targeting_volume": 20,
        "no_ammo_sound": "a chk!"
      }
    ],
    "death_drops": { "groups": [ [ "robots", 4 ] ] },
    "hp": 20,
    "death_function": { "corpse_type": "BROKEN" },
    "description": "An autonomous hoverdrone designed to seek and exterminate enemy combatants. It's capable of delivering a single burst of 9mm rounds before closing in to finish off its prey.",
    "flags": [ "SEES", "FLIES", "ELECTRONIC", "NO_BREATHE", "NOHEAD", "HIT_AND_RUN" ]
  },
  {
    "type": "MONSTER",
    "id": "mon_hunter_bot",
    "name": { "str": "hunter drone" },
    "species": "ROBOT",
    "default_faction": "military",
    "symbol": "h",
    "color": "white_green",
    "material": [ "steel" ],
    "diff": 15,
    "aggression": 100,
    "morale": 100,
    "speed": 110,
    "melee_skill": 5,
    "melee_dice": 3,
    "melee_dice_sides": 6,
    "melee_cut": 6,
    "dodge": 2,
    "armor_bash": 10,
    "armor_cut": 20,
    "armor_bullet": 16,
    "vision_day": 50,
    "vision_night": 5,
    "death_drops": { "groups": [ [ "robots", 4 ] ] },
    "hp": 60,
    "death_function": { "corpse_type": "BROKEN" },
    "revert_to_itype": "bot_hunter",
    "special_attacks": [ [ "GRAB", 4 ] ],
    "description": "A dog-sized military drone designed to hunt down and exterminate enemy combatants. With a pair of barbed mandibles, it can prevent its prey from escaping.",
    "flags": [ "SEES", "HEARS", "BASHES", "ATTACKMON", "ELECTRONIC", "NO_BREATHE" ]
  },
  {
    "type": "MONSTER",
    "id": "mon_chaser_bot",
    "name": { "str": "chaser drone" },
    "species": "ROBOT",
    "default_faction": "military",
    "symbol": "c",
    "color": "red_green",
    "material": [ "steel" ],
    "diff": 20,
    "aggression": 100,
    "morale": 100,
    "speed": 130,
    "melee_skill": 5,
    "melee_dice": 3,
    "melee_dice_sides": 6,
    "melee_cut": 6,
    "dodge": 2,
    "armor_bash": 10,
    "armor_cut": 12,
    "armor_bullet": 9,
    "vision_day": 50,
    "vision_night": 5,
    "revert_to_itype": "bot_chaser",
    "death_drops": { "groups": [ [ "robots", 4 ] ] },
    "hp": 30,
    "death_function": { "corpse_type": "BROKEN" },
    "starting_ammo": { "50bmg": 9 },
    "special_attacks": [
      {
        "type": "gun",
        "cooldown": 3,
        "move_cost": 150,
        "gun_type": "m2browning",
        "ammo_type": "50bmg",
        "fake_skills": [ [ "gun", 8 ], [ "rifle", 8 ] ],
        "fake_dex": 12,
        "ranges": [ [ 0, 40, "AUTO" ], [ 41, 110, "DEFAULT" ] ],
        "require_targeting_npc": true,
        "require_targeting_monster": true,
        "laser_lock": false,
        "targeting_cost": 200,
        "targeting_timeout_extend": -10,
        "targeting_sound": "\"Hostile detected.\"",
        "targeting_volume": 50,
        "no_ammo_sound": "a chk!"
      }
    ],
    "description": "A relentless hoverdrone designed to chase down and exterminate enemy robots. It's capable of firing nine .50bmg rounds before closing in to finish off its prey.",
    "flags": [ "FLIES", "SEES", "HEARS", "BASHES", "NO_BREATHE", "ELECTRONIC", "HIT_AND_RUN" ]
  }
]
