[
  {
    "type": "MONSTER",
    "id": "mon_secubot",
    "name": { "str": "security bot" },
    "species": "ROBOT",
    "default_faction": "defense_bot",
    "symbol": "R",
    "color": "dark_gray",
    "material": [ "steel" ],
    "diff": 19,
    "aggression": 100,
    "morale": 100,
    "speed": 70,
    "melee_skill": 0,
    "melee_dice": 0,
    "melee_dice_sides": 0,
    "melee_cut": 0,
    "dodge": 0,
    "armor_bash": 14,
    "armor_cut": 14,
    "armor_bullet": 10,
    "vision_day": 50,
    "death_drops": { "groups": [ [ "robots", 4 ] ] },
    "hp": 80,
    "death_function": { "corpse_type": "BROKEN" },
    "starting_ammo": { "9mm": 100 },
    "special_attacks": [
      {
        "type": "gun",
        "cooldown": 3,
        "move_cost": 150,
        "gun_type": "hk_mp5",
        "ammo_type": "9mm",
        "fake_skills": [ [ "gun", 5 ], [ "smg", 5 ] ],
        "fake_dex": 12,
        "ranges": [ [ 0, 14, "DEFAULT" ] ],
        "require_targeting_npc": true,
        "require_targeting_monster": true,
        "laser_lock": false,
        "targeting_cost": 400,
        "targeting_timeout_extend": -10,
        "targeting_sound": "\"Hostile detected.\"",
        "targeting_volume": 20,
        "no_ammo_sound": "a chk!"
      }
    ],
    "description": "The Northrop Watchman X-1 is a production series of armored combat robots.  Initially designed for military patrol and escort service, it rolls on a set of hydraulic treads and is armed with twins SMGs.",
    "flags": [ "SEES", "HEARS", "BASHES", "ATTACKMON", "ELECTRONIC", "NO_BREATHE" ]
  },
  {
    "type": "MONSTER",
    "id": "mon_hazmatbot",
    "name": { "str": "HAZMAT bot" },
    "species": "ROBOT",
    "default_faction": "utility_bot",
    "symbol": "R",
    "color": "green",
    "material": [ "steel" ],
    "diff": 2,
    "aggression": 0,
    "morale": 100,
    "speed": 70,
    "melee_skill": 2,
    "melee_dice": 0,
    "melee_dice_sides": 0,
    "melee_cut": 0,
    "dodge": 0,
    "armor_bash": 10,
    "armor_cut": 12,
    "armor_bullet": 9,
    "vision_day": 50,
    "hp": 120,
    "death_function": { "corpse_type": "BROKEN" },
    "description": "The Ford Sanitron, a utility robot designed for cleaning up waste material in hazardous conditions.",
    "flags": [ "SEES", "HEARS", "BASHES", "ELECTRONIC", "NO_BREATHE" ]
  },
  {
    "type": "MONSTER",
    "id": "mon_chickenbot",
    "name": { "str": "chicken walker" },
    "species": "ROBOT",
    "default_faction": "military",
    "symbol": "R",
    "color": "red",
    "material": [ "steel" ],
    "diff": 32,
    "aggression": 100,
    "morale": 100,
    "speed": 115,
    "melee_skill": 3,
    "melee_dice": 3,
    "melee_dice_sides": 3,
    "melee_cut": 0,
    "dodge": 0,
    "armor_bash": 18,
    "armor_cut": 14,
    "armor_bullet": 10,
    "vision_day": 50,
    "death_drops": { "groups": [ [ "robots", 4 ] ] },
    "hp": 90,
    "death_function": { "corpse_type": "BROKEN" },
    "special_attacks": [ [ "CHICKENBOT", 4 ] ],
    "starting_ammo": { "556": 1000, "40x46mm_m433": 100 },
    "description": "The Northrup ATSV, a massive, heavily-armed and armored robot walking on a pair of reverse-jointed legs.  Armed with a 40mm anti-vehicle grenade launcher, 5.56 anti-personnel gun, and the ability to electrify itself against attackers, it is an effective automated sentry, though production was limited due to a legal dispute.",
    "flags": [ "SEES", "HEARS", "BASHES", "NO_BREATHE", "ELECTRONIC" ]
  }
]
