[
  {
    "id": "caveyot_plump_harv",
    "type": "harvest",
    "entries": [ { "drop": "caveyot_helmet_plump", "base_num": [ 1, 3 ] }, { "drop": "withered", "base_num": [ 0, 1 ] } ]
  },
  {
    "id": "caveyot_pod_harv",
    "type": "harvest",
    "entries": [ { "drop": "caveyot_pod_sweet", "base_num": [ 2, 5 ] }, { "drop": "withered", "base_num": [ 1, 3 ] } ]
  },
  {
    "id": "caveyot_wheat_harv",
    "type": "harvest",
    "entries": [ { "drop": "caveyot_wheat_cave", "base_num": [ 2, 5 ] }, { "drop": "straw_pile", "base_num": [ 1, 3 ] } ]
  },
  {
    "id": "caveyot_tails_harv",
    "type": "harvest",
    "entries": [ { "drop": "caveyot_tails_pig", "base_num": [ 2, 5 ] }, { "drop": "plant_fibre", "base_num": [ 1, 4 ] } ]
  },
  {
    "id": "caveyot_bush_harv",
    "type": "harvest",
    "entries": [
      { "drop": "caveyot_bush_quarry", "base_num": [ 2, 5 ] },
      { "drop": "stick", "base_num": [ 2, 3 ] },
      { "drop": "stick_long", "base_num": [ 1, 2 ] },
      { "drop": "log", "base_num": [ 0, 2 ] }
    ]
  }
]
