[
  {
    "type": "COMESTIBLE",
    "id": "caveyot_helmet_plump",
    "name": "dark truffle",
    "weight": "120 g",
    "color": "magenta",
    "spoils_in": 6480,
    "comestible_type": "FOOD",
    "symbol": "%",
    "quench": -4,
    "healthy": -1,
    "calories": 125,
    "description": "A mushroom vaguely resembling a black truffle, with a noticable purple coloration instead.  It seems to be edible raw, albeit bittersweet, and might be tastier cooked.",
    "price": 100,
    "material": "mushroom",
    "volume": "250 ml",
    "flags": [ "EATEN_HOT", "EDIBLE_FROZEN" ],
    "fun": -1
  },
  {
    "type": "COMESTIBLE",
    "id": "caveyot_helmet_plump_cooked",
    "name": "cooked dark truffle",
    "weight": "120 g",
    "color": "magenta",
    "spoils_in": 4320,
    "comestible_type": "FOOD",
    "symbol": "%",
    "quench": 2,
    "healthy": -1,
    "calories": 200,
    "description": "A mushroom vaguely resembling a black truffle, with a noticable purple coloration instead.  Much better now that it's been cooked.",
    "price": 200,
    "material": "mushroom",
    "volume": "250 ml",
    "flags": [ "EDIBLE_FROZEN" ],
    "fun": -1
  },
  {
    "type": "COMESTIBLE",
    "id": "caveyot_pod_sweet",
    "name": "vibrant bulb",
    "weight": 115,
    "color": "red",
    "spoils_in": 8640,
    "comestible_type": "FOOD",
    "symbol": "%",
    "description": "A bright red bulb resembling an onion, far more scarlet than the purple of any earthly red onion.  Though it gives off a sweet aroma, its layers are tough and difficult to peel, making it inedible as-is.",
    "price": 150,
    "material": [ "mushroom", "wood" ],
    "volume": 1
  },
  {
    "type": "COMESTIBLE",
    "id": "caveyot_wheat_cave",
    "name": { "str": "cloudy brush", "str_pl": "cloudy brushes" },
    "weight": 120,
    "color": "white",
    "comestible_type": "FOOD",
    "symbol": ",",
    "description": "A long stalk covered with fluffy clumps of powdery growth, vaguely resembling cotton bolls.  The resemblence is merely visual, as it simply crumbles into powder if pulled apart.",
    "price": 300,
    "material": [ "mushroom", "powder" ],
    "volume": 1
  },
  {
    "type": "COMESTIBLE",
    "id": "caveyot_tails_pig",
    "name": "spiral stalk",
    "weight": 120,
    "color": "light_gray",
    "comestible_type": "FOOD",
    "symbol": ",",
    "description": "A stalk of plantlike growth that naturally curls in on itself in a spiral, covered with short, thin leaves.  Every part of the \"plant\" is tough and stringy.",
    "price": 400,
    "material": [ "mushroom", "powder" ],
    "volume": 1
  },
  {
    "type": "COMESTIBLE",
    "id": "caveyot_bush_quarry",
    "name": { "str": "hardened bramble branch", "str_pl": "hardened bramble branches" },
    "weight": 200,
    "color": "brown",
    "comestible_type": "FOOD",
    "symbol": "/",
    "description": "A woody, tangled branch covered in pods resembling overgrown pecans.  Some of the growths are smaller, softer, and greener in color, but the whole thing seems inedible and useless as-is.",
    "price": 200,
    "material": "wood",
    "volume": 1
  },
  {
    "type": "COMESTIBLE",
    "id": "caveyot_bush_quarry_cooked",
    "name": "handful of roasted hardened bramble nuts",
    "looks_like": "hickory_nut_roasted",
    "weight": "120 g",
    "color": "brown",
    "spoils_in": 6480,
    "comestible_type": "FOOD",
    "symbol": "%",
    "quench": -4,
    "calories": 200,
    "description": "A handful of pods stripped from a strange branch, roasted in their shells due to how rock-hard they were.  Doing so softened and split open the shells, leaving nuts that seem to have been fried in the pod's own oil.",
    "price": 150,
    "material": [ "mushroom", "nut" ],
    "volume": "250 ml",
    "charges": 2,
    "flags": [ "EATEN_HOT", "EDIBLE_FROZEN" ],
    "fun": 2
  }
]
