[
  {
    "type": "item_group",
    "subtype": "collection",
    "id": "caveyot_miners",
    "entries": [
      { "item": "corpse", "damage": 3 },
      { "group": "clothing_work_set", "damage-min": 1, "damage-max": 4 },
      {
        "distribution": [
          { "item": "backpack", "damage-min": 1, "damage-max": 4, "prob": 40 },
          { "item": "slingpack", "damage-min": 1, "damage-max": 4, "prob": 15 },
          { "item": "briefcase", "damage-min": 1, "damage-max": 4, "prob": 5 },
          { "item": "backpack_leather", "damage-min": 1, "damage-max": 4, "prob": 20 }
        ]
      },
      { "group": "caveyot_mine_tools", "prob": 50, "count": [ 1, 2 ] }
    ]
  },
  {
    "type": "item_group",
    "subtype": "collection",
    "id": "caveyot_survivors",
    "entries": [
      { "item": "corpse", "damage": 3 },
      { "group": "mon_zombie_survivor_death_drops" },
      { "group": "caveyot_mine_tools", "prob": 50 }
    ]
  },
  {
    "type": "item_group",
    "id": "caveyot_mine_tools",
    "items": [
      [ "water_clean", 90 ],
      { "group": "full_1st_aid", "prob": 35 },
      [ "rope_30", 35 ],
      [ "chain", 20 ],
      [ "battery", 50 ],
      [ "flashlight", 40 ],
      [ "heavy_flashlight", 10 ],
      [ "pickaxe", 1 ],
      [ "jackhammer", 2 ],
      [ "elec_jackhammer", 1 ],
      [ "dynamite", 5 ],
      [ "UPS_off", 5 ],
      [ "bio_tools", 10 ],
      [ "bio_flashlight", 10 ],
      [ "bio_lighter", 10 ],
      [ "bio_magnet", 10 ],
      [ "bio_resonator", 10 ],
      [ "bio_hydraulics", 10 ],
      [ "bio_weight", 12 ],
      [ "jerrycan", 10 ],
      [ "jerrycan_big", 10 ],
      [ "gasoline_lantern", 5 ],
      [ "electric_lantern", 8 ],
      [ "oil_lamp", 5 ],
      [ "lamp_oil", 5 ],
      [ "shovel", 10 ],
      [ "e_tool", 5 ],
      [ "bucket", 10 ],
      [ "grapnel", 1 ],
      { "group": "tools_toolbox", "prob": 1 },
      [ "tool_anfo_charge", 1 ],
      [ "remotevehcontrol", 10 ]
    ]
  },
  {
    "type": "item_group",
    "id": "cavern_ruins",
    "//": "Construction litter for non-anomalous ruins, no artifacts as getting a fix on tools and clothes for any given time period can be difficult.",
    "items": [
      { "item": "stick_long", "prob": 10, "count": [ 1, 2 ] },
      { "item": "stick", "prob": 10, "count": [ 1, 4 ] },
      { "item": "birchbark", "prob": 20, "count": [ 2, 8 ] },
      { "item": "straw_pile", "prob": 10, "count": [ 1, 10 ] },
      { "item": "leather", "prob": 5, "count": [ 1, 10 ] }
    ]
  },
  {
    "type": "item_group",
    "id": "cavern_cabin",
    "subtype": "collection",
    "magazine": 100,
    "ammo": 100,
    "entries": [
      { "item": "chem_black_powder", "prob": 33, "count": [ 20, 60 ] },
      { "item": "rope_30", "prob": 33, "count": [ 1, 4 ] },
      {
        "distribution": [
          { "item": "steel_lump", "prob": 1, "count": [ 1, 5 ] },
          { "item": "lead", "prob": 1, "count": [ 1, 5 ] },
          { "item": "silver_small", "prob": 1, "count": [ 1, 5 ] },
          { "item": "bismuth", "prob": 1, "count": [ 1, 5 ] }
        ],
        "prob": 50
      },
      {
        "distribution": [ { "item": "arrow_wood", "prob": 1, "count": [ 1, 3 ] }, { "item": "throwing_knife", "prob": 1, "count": [ 1, 3 ] } ],
        "prob": 50
      },
      { "group": "drugs_pharmacy", "prob": 67, "count": [ 1, 2 ] },
      { "item": "torch", "prob": 10, "count": [ 2, 5 ] }
    ]
  },
  {
    "type": "item_group",
    "subtype": "collection",
    "id": "cavern_shrine",
    "entries": [
      { "item": "bone_human", "count": [ 4, 9 ] },
      {
        "distribution": [
          {
            "collection": [
              {
                "distribution": [
                  { "item": "longshirt", "damage-min": 1, "damage-max": 4, "prob": 50 },
                  { "item": "tunic", "damage-min": 1, "damage-max": 4, "prob": 50 }
                ]
              },
              { "item": "breeches" }
            ],
            "prob": 50
          },
          { "item": "dress", "damage-min": 1, "damage-max": 4, "prob": 25 },
          { "item": "robe", "damage-min": 1, "damage-max": 4, "prob": 25 }
        ]
      },
      {
        "distribution": [
          { "item": "cloak_wool", "damage-min": 1, "damage-max": 4, "prob": 75 },
          { "item": "greatcoat", "damage-min": 1, "damage-max": 4, "prob": 25 }
        ],
        "prob": 50
      },
      {
        "distribution": [
          { "item": "armor_larmor", "damage-min": 1, "damage-max": 4, "prob": 25 },
          { "item": "chainmail_suit", "damage-min": 1, "damage-max": 4, "prob": 25 },
          { "item": "cuirass_lightplate", "damage-min": 1, "damage-max": 4, "prob": 50 }
        ],
        "prob": 50
      },
      {
        "distribution": [
          { "item": "helmet_larmor", "damage-min": 1, "damage-max": 4, "prob": 25 },
          { "item": "helmet_barbute", "damage-min": 1, "damage-max": 4, "prob": 75 }
        ],
        "prob": 80
      },
      {
        "distribution": [
          { "item": "pickaxe", "prob": 10 },
          { "item": "battleaxe", "prob": 15 },
          { "item": "warhammer", "prob": 15 },
          { "item": "arming_sword", "prob": 5 },
          { "item": "spear_steel", "prob": 25 },
          { "item": "mace", "prob": 5 },
          {
            "collection": [
              { "item": "crossbow" },
              { "item": "quiver", "damage-min": 1, "damage-max": 4 },
              { "item": "bolt_steel_bodkin", "count": [ 1, 3 ] }
            ],
            "prob": 25
          }
        ],
        "prob": 90
      }
    ]
  },
  {
    "type": "item_group",
    "id": "cavern_dungeon",
    "subtype": "collection",
    "entries": [ { "group": "cavern_dungeon_2", "count": [ 1, 3 ] }, { "group": "cavern_dungeon_1", "prob": 50, "count": [ 1, 4 ] } ]
  },
  {
    "type": "item_group",
    "id": "cavern_dungeon_1",
    "items": [
      { "item": "wheat", "prob": 40, "count": [ 3, 6 ] },
      { "item": "coal_lump", "prob": 15 },
      { "item": "copper", "prob": 15, "count": [ 1, 4 ] },
      { "item": "seed_sugar_beet", "prob": 10 },
      { "item": "seed_blackberries", "prob": 10 },
      { "item": "seed_pumpkin", "prob": 10 },
      { "item": "steel_lump", "prob": 10, "count": [ 1, 4 ] },
      { "item": "bucket", "prob": 10 },
      { "item": "gold_small", "prob": 5, "count": [ 1, 4 ] }
    ]
  },
  {
    "type": "item_group",
    "id": "cavern_dungeon_2",
    "items": [
      { "item": "bone", "prob": 10, "count": [ 1, 8 ] },
      { "item": "chem_black_powder", "prob": 10, "count": [ 1, 2 ] },
      { "item": "slime_scrap", "prob": 10, "count": [ 1, 4 ] },
      { "item": "string_36", "prob": 10, "count": [ 1, 8 ] }
    ]
  },
  {
    "type": "item_group",
    "subtype": "collection",
    "id": "caveyot_forge_tools",
    "entries": [
      { "item": "crucible_clay", "prob": 90 },
      { "item": "tongs", "prob": 80 },
      { "item": "hammer", "prob": 70 },
      { "item": "chisel", "prob": 60 },
      { "item": "swage", "prob": 50 }
    ]
  },
  {
    "type": "item_group",
    "id": "caveyot_minetown_general",
    "//": "Random mishmash of shit.",
    "subtype": "distribution",
    "items": [
      { "group": "museum_melee", "prob": 10 },
      { "group": "museum_armor", "prob": 10 },
      { "group": "cannedfood", "prob": 20 },
      { "group": "caveyot_minetown_tools", "prob": 8 },
      { "group": "drugs_pharmacy", "prob": 16 },
      [ "survnote", 16 ],
      { "group": "mansion_books", "prob": 4 },
      { "group": "homeguns", "prob": 4 },
      { "group": "jewelry_front", "prob": 12 }
    ]
  },
  {
    "type": "item_group",
    "id": "caveyot_minetown_tools",
    "//": "Real rough mimicry of tool selection in Nethack, excluding stufff with no obvious vanilla counterpart.",
    "items": [
      [ "blindfold", 50 ],
      [ "glasses_reading", 5 ],
      [ "towel", 50 ],
      [ "rope_6", 65 ],
      [ "minifreezer", 5 ],
      [ "waterskin", 5 ],
      [ "bag_canvas", 35 ],
      [ "trumpet", 4 ],
      [ "flute", 4 ],
      [ "cow_bell", 2 ],
      [ "dog_whistle", 100 ],
      [ "gasoline_lantern", 30 ],
      [ "atomic_lamp", 15 ],
      [ "oil_lamp", 45 ],
      [ "candle", 25 ],
      [ "cash_card", 15 ],
      [ "picklocks", 60 ],
      [ "grapnel", 20 ],
      [ "pickaxe", 5 ],
      [ "camera", 15 ],
      [ "permanent_marker", 15 ],
      [ "mirror", 45 ],
      [ "stethoscope", 25 ],
      [ "can_sealer", 15 ]
    ]
  },
  {
    "type": "item_group",
    "id": "caveyot_minetown_wands",
    "//": "Garbage-tier hack for Nethack wand shop, using guns in place of wands.",
    "subtype": "distribution",
    "magazine": 100,
    "ammo": 75,
    "items": [ { "group": "homeguns", "prob": 90 }, [ "gloves_leather", 5 ], [ "jedi_cloak", 5 ] ]
  },
  {
    "type": "item_group",
    "id": "caveyot_minetown_food",
    "//": "Mimics food spawns in Nethack delicatessens, except food spawns are more CDDA-flavored instead of Nethack-specific.",
    "subtype": "distribution",
    "items": [
      { "group": "cannedfood", "prob": 83 },
      { "item": "juice", "prob": 5, "charges": 2, "container-item": "can_drink" },
      [ "water_clean", 5 ],
      [ "beer", 4 ],
      [ "minifreezer", 3 ]
    ]
  },
  {
    "type": "item_group",
    "id": "caveyot_minetown_light",
    "//": "Mimics item spawns in Izchak's light shop, Nethack.",
    "items": [ [ "candle", 78 ], [ "oil_lamp", 9 ], [ "gasoline_lantern", 5 ], [ "lamp_oil", 5 ], [ "atomic_lamp", 3 ] ]
  }
]
