[
  {
    "type": "mapgen",
    "//": "Minetown, alley variant, from Nethack.  Slapped right in the middle of our perfectly normal cave system.",
    "om_terrain": [ [ "breach_finale_1", "breach_finale_2", "breach_finale_3" ] ],
    "method": "json",
    "weight": 100,
    "object": {
      "rows": [
        "###!!??..........................................................??!!###",
        "##!!??............................................................??!!##",
        "##!??..............................................................??!##",
        "##!??..............................................................??!##",
        "##!??...............|||||||||||||||||||||||||||||||||..............??!##",
        "##!??...............|_______________________________|..............??!##",
        "##!??...............|_||||____|||||_||||+||__|||||__|..............??!##",
        "##!??...............|_|__||||_|___|_|__|__|__|___|__|..............??!##",
        "##!??...............|_|__|__|_|_A_|_|__|__|__|___|__|..............??!##",
        "##!??...............|_|+||__|_|___|_||||||||_|___|__|..............??!##",
        "##!??...............|____|__|_|___|____|___|_|||||__|..............??!##",
        "##!??......<<.......+_{__||||_|||||____|___|________+..............??!##",
        "##!??......<<.......+__________|__||||_|||||__|||||_+..............??!##",
        "##!??...............|____||||__|__|__|________|___|_|..............??!##",
        "##!??...............|_||+|__|_|||||__|||||____|___|_|..............??!##",
        "##!??...............|_|__|__|_|___||||___||||_|||||_|..............??!##",
        "##!??...............|_|__||||_|___|__|___|__|_______|..............??!##",
        "##!??...............|_|__|____|___|__|___|__|_______|..............??!##",
        "##!??...............|_||||____|||||+|||||||||_____{_|..............??!##",
        "##!??...............|_______________________________|..............??!##",
        "##!??...............|||||||||||||||||||||||||||||||||..............??!##",
        "##!??..............................................................??!##",
        "##!!??............................................................??!!##",
        "###!!??..........................................................??!!###"
      ],
      "palettes": [ "breach" ],
      "terrain": { "|": "t_rock_smooth", "{": "t_water_pump", "+": "t_door_c", "A": "t_rock_floor" },
      "furniture": { "A": "f_slab" },
      "place_nested": [
        { "chunks": [ [ "null", 50 ], [ "breach_spawn_standard", 50 ] ], "x": [ 9, 10 ], "y": [ 9, 10 ] },
        { "chunks": [ [ "null", 75 ], [ "breach_chunk_1", 25 ] ], "x": [ 1, 15 ], "y": [ 0, 19 ], "repeat": 4 },
        { "chunks": [ [ "null", 50 ], [ "breach_spawn_standard", 50 ] ], "x": [ 58, 59 ], "y": [ 9, 10 ] },
        { "chunks": [ [ "null", 75 ], [ "breach_chunk_1", 25 ] ], "x": [ 53, 70 ], "y": [ 0, 19 ], "repeat": 4 },
        { "chunks": [ [ "breach_finale_1_door", 1 ] ], "x": [ 26, 27 ], "y": 11 },
        { "chunks": [ [ "breach_finale_1_door", 1 ] ], "x": [ 26, 27 ], "y": 13 },
        { "chunks": [ [ "breach_finale_1_door", 1 ] ], "x": 31, "y": [ 12, 13 ] },
        { "chunks": [ [ "breach_finale_1_door", 1 ] ], "x": 30, "y": [ 15, 17 ] },
        { "chunks": [ [ "breach_finale_1_door", 1 ] ], "x": 34, "y": [ 7, 10 ] },
        { "chunks": [ [ "breach_finale_1_door", 1 ] ], "x": 36, "y": [ 7, 8 ] },
        { "chunks": [ [ "breach_finale_1_door", 1 ] ], "x": [ 35, 36 ], "y": 12 },
        { "chunks": [ [ "breach_finale_1_door", 1 ] ], "x": 39, "y": [ 10, 11 ] },
        { "chunks": [ [ "breach_finale_1_door", 1 ] ], "x": [ 38, 40 ], "y": 14 },
        { "chunks": [ [ "breach_finale_1_door", 1 ] ], "x": [ 46, 47 ], "y": 10 },
        { "chunks": [ [ "breach_finale_1_door", 1 ] ], "x": 46, "y": [ 13, 14 ] },
        { "chunks": [ [ "breach_finale_1_door", 1 ] ], "x": 44, "y": [ 16, 17 ] }
      ],
      "place_loot": [
        { "group": "caveyot_minetown_general", "x": [ 31, 33 ], "y": [ 15, 17 ], "chance": 90, "repeat": 12 },
        { "group": "caveyot_minetown_tools", "x": [ 26, 27 ], "y": [ 8, 10 ], "chance": 90, "repeat": 8 },
        { "group": "caveyot_minetown_wands", "x": [ 40, 42 ], "y": [ 10, 11 ], "chance": 90, "repeat": 8 },
        { "group": "caveyot_minetown_food", "x": 47, "y": [ 13, 14 ], "chance": 90, "repeat": 5 },
        { "group": "caveyot_minetown_food", "x": [ 48, 49 ], "y": [ 13, 14 ], "chance": 90, "repeat": 3 },
        { "group": "caveyot_minetown_tools", "x": [ 38, 40 ], "y": [ 15, 17 ], "chance": 90, "repeat": 12 },
        { "group": "caveyot_minetown_light", "x": [ 46, 47 ], "y": [ 7, 9 ], "chance": 90, "repeat": 8 },
        { "group": "caveyot_minetown_light", "x": 48, "y": [ 7, 9 ], "chance": 90, "repeat": 4 }
      ],
      "place_monster": [
        { "monster": "mon_dementia", "x": [ 24, 47 ], "y": [ 5, 19 ], "repeat": [ 5, 10 ] },
        { "monster": "mon_zombie_soldier", "x": [ 24, 47 ], "y": [ 5, 19 ], "repeat": [ 2, 4 ] },
        { "monster": "mon_zombie_necro", "x": 32, "y": 7 },
        { "monster": "mon_zombie_bio_op", "x": 36, "y": 16 }
      ]
    }
  },
  {
    "type": "mapgen",
    "om_terrain": [ [ "breach_finale_4", "breach_finale_5" ] ],
    "method": "json",
    "weight": 100,
    "object": {
      "rows": [
        "################################################",
        "################################################",
        "#!!!?..............?!!!##!!!?..............?!!!#",
        "!???................???!!???................???!",
        "?......................??......................?",
        "................................................",
        "................................................",
        "................................................",
        "................................................",
        "................................................",
        ".................,,,,,,,,,,,,,,,,,,,,,,,,,,,,,,,",
        "...........<<....,ffffffffffffffffggggfffffffff,",
        "...........<<....,f,,,,,,,,,,,,,,,,,,,,,,,,,,,f,",
        ".................,f,,,,,,,,,,,,,,,,,,,,,,,,,,,f,",
        ",,,,,,,,,,,,,,,,,,f,,,,,,,,,,,,,,,,,,,,,,,,,,,f,",
        ",||||||||||||||||||WWW|,,,,,,,,,,,,,,,,,,,,,,,f,",
        ",|t__+__|BB__cc___|__dW,,,,,,,,,,,,,,,,,,,,,,,f,",
        ",|s__|_T|D__cee___+_cdW,,,,,,,,,||YXX|||,,,,,,f,",
        ",|s__||||BB_cee___|l6dW,,,,,,,,,|b____b|,,,,,,f,",
        ",|s__+__|D_______l|||||,,,,,,,,,|b____b|,,,,,,f,",
        ",|t__|_T|BB______l|[[[|,,,,,,,,,|b____b|,,,,,,f,",
        ",||+|||||||||=|||||___|,,,,,,,,,|______|,,,,,,f,",
        ",|____________________|,,,,,,,,,|u____u|,,,,,,f,",
        ",|____________________|||||||||||||++||||||WWW|,"
      ],
      "palettes": [ "breach", "breach_lab" ],
      "place_loot": [
        { "group": "swat_gear", "x": 19, "y": 18, "chance": 50, "repeat": 3 },
        { "group": "ammo_swat", "x": 17, "y": [ 19, 20 ], "chance": 50, "repeat": 4 },
        { "group": "snacks", "x": [ 13, 14 ], "y": [ 17, 18 ], "chance": 60 },
        { "group": "mansion_books", "x": [ 19, 21 ], "y": 20, "chance": 50, "repeat": 6 }
      ],
      "place_monster": [
        { "monster": "mon_turret", "x": 33, "y": 22 },
        { "monster": "mon_turret", "x": 38, "y": 22 },
        { "monster": "mon_mi_go", "x": [ 3, 4 ], "y": [ 16, 20 ] },
        { "monster": "mon_kreck", "x": [ 5, 18 ], "y": [ 22, 23 ], "repeat": [ 2, 3 ] },
        { "monster": "mon_hunting_horror", "x": [ 10, 16 ], "y": [ 17, 20 ] }
      ]
    }
  },
  {
    "type": "mapgen",
    "om_terrain": [ [ "breach_finale_6", "breach_finale_7" ] ],
    "method": "json",
    "weight": 100,
    "object": {
      "rows": [
        ",|____________________|_______________Wd6l|ddd|,",
        ",|____________________+_u___________u_Wdc_|_c6|,",
        ",|____________________|_______________Wd__|__l|,",
        ",||||||||||||||||++|||||||||||||||||||||+|||+||,",
        ",,,|333_____rrr|u__u|_________________|______l|,",
        "..,|4__________|____+_u____________du_=___u__l|,",
        "..,|4___GGG____+____|______________dc_|______l|,",
        "..,|____GGG____+____||+|||||||||||||||||WWWWW||,",
        "..,|6c_________|____|__t|v___________u|,,,,,,,f,",
        "..,|6_______rrr|____|s__|v_beeb__beeb_W,mmmmm,f,",
        "..,||||||+||||||____|s__C__beeb__beeb_W,mmmmm,f,",
        "..,|6________ll|____|n__C__beeb__beeb_W,mmmmm,f,",
        "..,|6c_^^C_____+____|n__C__beeb__beeb_W,mmmmm,f,",
        "..,|C__^^C_____+____|C__C___bb___beeb_W,mmmmm,f,",
        "..,|C________ll|____|C__C________beeb_W,mmmmm,f,",
        "..,||||||+||||||____|___|v_______beec_W,mmmmm,f,",
        "..,|C__________|____|FFF|V__tt_______u|,,,,,,,f,",
        "..,|C__________|____|||||||||||++|||||||WWWWW||,",
        "..,|C_1________+____|________________________[|,",
        "..,|C_2________+____+________________________[|,",
        "..,|C__________|u__u|________________________[|,",
        ",,,|C__________||++||||||+||||||||||+|||||+||||,",
        ",||||||||+||||||_____[|l____|_S|T_|__t|BB___BB|,",
        ",|___________________[|l_b__+__|__+__s|D_____D|,"
      ],
      "palettes": [ "breach", "breach_lab" ],
      "place_traps": [
        { "trap": "tr_dissector", "x": 7, "y": 17 },
        { "trap": "tr_dissector", "x": 7, "y": 20 },
        { "trap": "tr_dissector", "x": 11, "y": 17 },
        { "trap": "tr_dissector", "x": 11, "y": 20 }
      ],
      "place_fields": [ { "field": "fd_shock_vent", "x": 9, "y": 7 } ],
      "place_loot": [
        { "group": "swat_gear", "x": 41, "y": 0, "chance": 40, "repeat": 3 },
        { "group": "swat_gear", "x": 45, "y": 2, "chance": 40, "repeat": 3 },
        { "group": "guns_swat", "x": 35, "y": [ 5, 6 ], "chance": 40, "repeat": 3 },
        { "group": "ammo_swat", "x": 45, "y": [ 4, 6 ], "chance": 30, "repeat": 6 },
        { "group": "supplies_electronics", "x": [ 12, 14 ], "y": 4, "chance": 70, "repeat": 6 },
        { "group": "energy_weapon_armory", "x": [ 12, 14 ], "y": 9, "chance": 50, "repeat": 4 },
        { "group": "tools_medical", "x": [ 13, 14 ], "y": 11, "chance": 60, "repeat": 5 },
        { "group": "drugs_rare", "x": [ 13, 14 ], "y": 14, "chance": 50, "repeat": 5 },
        { "group": "chem_lab", "x": 4, "y": [ 13, 14 ], "chance": 50, "repeat": 6 },
        { "group": "dissection", "x": 4, "y": [ 16, 21 ], "chance": 40, "repeat": 10 },
        { "group": "fridge", "x": [ 21, 23 ], "y": 16, "chance": 50, "repeat": 8 },
        { "group": "kitchen", "x": 21, "y": [ 13, 14 ], "chance": 50, "repeat": 4 },
        { "group": "vending_food_items", "x": 25, "y": [ 8, 9 ], "chance": 50, "repeat": 8 },
        { "group": "vending_drink_items", "x": 25, "y": [ 15, 16 ], "chance": 50, "repeat": 8 },
        { "group": "lab_dorm", "x": 21, "y": [ 22, 23 ], "chance": 50, "repeat": 4 },
        { "group": "mansion_books", "x": 23, "y": [ 22, 23 ], "chance": 50, "repeat": 4 }
      ],
      "place_monster": [
        { "monster": "mon_mi_go", "x": [ 16, 19 ], "y": [ 4, 20 ], "repeat": [ 1, 2 ] },
        { "monster": "mon_mi_go", "x": [ 26, 32 ], "y": [ 22, 23 ] },
        { "monster": "mon_mi_go", "x": [ 24, 27 ], "y": [ 9, 15 ], "repeat": [ 1, 2 ] },
        { "monster": "mon_mi_go", "x": [ 41, 43 ], "y": [ 22, 23 ], "repeat": [ 1, 2 ] },
        { "monster": "mon_mi_go", "x": [ 10, 12 ], "y": [ 12, 15 ] },
        { "monster": "mon_kreck", "x": [ 22, 23 ], "y": [ 9, 15 ], "repeat": [ 2, 4 ] },
        { "monster": "mon_hunting_horror", "x": 40, "y": 1 },
        { "monster": "mon_hunting_horror", "x": 36, "y": 6 },
        { "monster": "mon_hunting_horror", "x": [ 16, 19 ], "y": [ 4, 20 ] },
        { "monster": "mon_darkman", "x": 36, "y": 16, "chance": 50 }
      ]
    }
  },
  {
    "type": "mapgen",
    "om_terrain": [ [ "breach_finale_8", "breach_finale_9" ] ],
    "method": "json",
    "weight": 100,
    "object": {
      "rows": [
        ",|_A__A______________[|l_b__|||||||__s|BB___BB|,",
        ",|_A__A______________[|l_b__|_S|T_|__s|D_____D|,",
        ",|___________________[|l____+__|__+__t|BB___BB|,",
        ",|||WWWWWWWWW||||==|||||||||||||||||||||||=||||,",
        ",,f,,,,,,,,,,,,|____Wd6l|_rrrrrrrr_|l6dW____|,,,",
        ".,f,mmmmmmmmmm,|____Wdc_+__________+_cdW____|,..",
        ".,f,mmmmmmmmmm,|____Wd__|__________|__dW____|,..",
        ".,f,mmmmmmmmmm,||++||WWW|||||==|||||WWW||++||,..",
        ".,f,,,,,,,,,,,,|C_________u______u_________C|,..",
        ".,fffffffffffff|C__________________________C|,..",
        ".,,,,,,,,,,,,,,||__________________________||,..",
        "..............,,|__44______WWwwWW______44__|,,..",
        "...............,|__44__c6__W____W__6c__44__|,...",
        "...............,||_____c6__W____W__6c_____||,...",
        "...............,,|_33__c6__W____W__6c__33_|,,...",
        "................,|u________WWWWWW________u|,....",
        "................,|||||||||________|||||||||,....",
        "................,,,,,,,,,||||||||||,,,,,,,,,....",
        "........................,,,,,,,,,,,,............",
        "?......................??......................?",
        "!???................???!!???................???!",
        "#!!!?..............?!!!##!!!?..............?!!!#",
        "################################################",
        "################################################"
      ],
      "palettes": [ "breach", "breach_lab" ],
      "place_traps": [ { "trap": "tr_portal", "x": [ 28, 31 ], "y": [ 12, 14 ], "repeat": [ 1, 2 ] } ],
      "place_loot": [
        { "group": "gear_soldier_sidearm", "x": 23, "y": 4, "chance": 70, "repeat": 2 },
        { "group": "gear_soldier_sidearm", "x": 36, "y": 4, "chance": 70, "repeat": 2 },
        { "group": "military", "x": [ 26, 33 ], "y": 4, "chance": 40, "repeat": 8 },
        { "group": "teleport", "x": 16, "y": [ 8, 9 ], "chance": 50, "repeat": 6 },
        { "group": "spiral", "x": 43, "y": [ 8, 9 ], "chance": 75, "repeat": 4 },
        { "group": "lab_dorm", "x": 23, "y": [ 0, 2 ], "chance": 50, "repeat": 6 },
        { "group": "mansion_books", "x": 21, "y": [ 0, 2 ], "chance": 50, "repeat": 6 }
      ],
      "place_monster": [
        { "monster": "mon_mi_go", "x": [ 24, 35 ], "y": [ 8, 10 ], "repeat": [ 2, 4 ] },
        { "monster": "mon_hunting_horror", "x": 18, "y": 5 },
        { "monster": "mon_hunting_horror", "x": 40, "y": 9 },
        { "monster": "mon_hunting_horror", "x": 30, "y": 5 }
      ]
    }
  },
  {
    "type": "mapgen",
    "method": "json",
    "om_terrain": [ [ "breach_finale_10", "breach_finale_11" ] ],
    "weight": 100,
    "object": {
      "rows": [
        ",,,,,,,,,,,,,,,,,,,,,,,,,,,,,,,,,,,,,,,,,,,,,,,,",
        ",,,,,,,,,,,,,,,,,,,###,,,,###,,,,,,,,,,,,,,,,,,,",
        ",,,,,,,,,,,,,,,PPPP#^W,,,,W^#PPPP,,,,,,,,,,,,,,,",
        ",,,,,PPPPPPPPPPP,,,#W#,,,,#W#,,,PPPPPPPPPPP,,,,,",
        ",,,,PP,,,,,,,,,,,,,,,,,,,,,,,,,,,,,,,,,,,,PP,,,,",
        ",,,PP,,,,,,,,,,,,,,,,,,,,,,,,,,,,,,,,,,,,,,PP,,,",
        ",,,P,,,#####,,,,,,,,,,,,#####,,,,,,,,,,,,,,,P,,,",
        ",,,P,,,#K__##############_BB#,,,,,,,,,#W#,,,P,,,",
        ",,,P,,,#K___r#__W^^W__#D__BB#PPPPPPPPP#^W,,,P,,,",
        ",,,P,,,#K___r#__#WW#__#D___D#,,,,,,,,,###,,,P,,,",
        ",,,P,,,##r__r#________##___##,,,,,,,,,,P,,,,P,,,",
        ",,,P,,,,#r__##__cccc___##+##,,,,,|||||,P,,,,P,,,",
        ",,,P,,,,#C_____ceeeec______#,mmm,|ssd|,P,,,,P,,,",
        ",,,P,,,,#F_____ceeeec______#,mmm,+sss|,P,,,,P,,,",
        ",,,P,,,,#r______cccc_______#,mmm,|sbb|,P,,,,P,,,",
        ",,PP,,,,#r__##________##++##,,,,,|||||,P,,,,PP,,",
        ",,P,,,,##r__r#________#l___##,,,,,,,,,,P,,,,,P,,",
        ",,P,,,,#____r#________#l___C#,,,,,||||,P,,,,,P,,",
        ",,P,,,,#____r#________#l__cC#,mmm,|db|,P,,,,,P,,",
        ",,P,,,,#rrr######++######CCC#,mmm,|sb|,#W#,,,P,,",
        ",,P,,,,#####,,,,,,,,,,,,#####,,,,,|+||,W^W,,,P,,",
        ",,P,,,,,,P,,,,,,,,,,,,,,,,P,,,,,,,,,,,,#W#,,,P,,",
        ",,P,,,,,###,,,,,,,,,,,,,,,P,,,,,,,,,,,,,,,,,,P,,",
        ",,P,,,,,#^W,,,,,,,,,,,,,,,P,,,,,,,,,,,,,,,,,,P,,"
      ],
      "palettes": [ "breach", "breach_camp" ],
      "place_traps": [
        { "trap": "tr_landmine", "x": [ 6, 23 ], "y": [ 4, 5 ], "repeat": [ 1, 4 ] },
        { "trap": "tr_landmine", "x": [ 4, 6 ], "y": [ 6, 23 ], "repeat": [ 1, 4 ] },
        { "trap": "tr_landmine", "x": [ 24, 41 ], "y": [ 4, 5 ], "repeat": [ 1, 4 ] },
        { "trap": "tr_landmine", "x": [ 41, 43 ], "y": [ 6, 18 ], "repeat": [ 1, 4 ] }
      ],
      "place_loot": [
        { "group": "cannedfood", "x": 12, "y": [ 8, 10 ], "chance": 80, "repeat": 5 },
        { "group": "pasta", "x": 12, "y": [ 16, 18 ], "chance": 80, "repeat": 5 },
        { "group": "stash_food", "x": [ 8, 10 ], "y": 19, "chance": 80, "repeat": 5 },
        { "group": "tools_common", "x": 9, "y": [ 14, 16 ], "chance": 70, "repeat": 6 },
        { "group": "tools_tailor", "x": 9, "y": [ 10, 11 ], "chance": 70, "repeat": 4 },
        { "group": "ammo_reloaded", "x": 23, "y": [ 16, 18 ], "chance": 50, "repeat": 8 },
        { "group": "tools_gunsmith", "x": [ 25, 26 ], "y": 19, "chance": 60, "repeat": 6 },
        { "group": "ammo_parts", "x": 27, "y": [ 17, 19 ], "chance": 60, "repeat": 6 },
        { "group": "ammo_casings", "x": 27, "y": [ 17, 19 ], "chance": 50, "repeat": 4 }
      ],
      "place_npcs": [
        { "class": "bandit", "x": 15, "y": 13 },
        { "class": "bandit", "x": 20, "y": 12 },
        { "class": "thug", "x": 20, "y": 20 },
        { "class": "bandit", "x": 35, "y": 13 },
        { "class": "bandit", "x": 39, "y": 22 }
      ]
    }
  },
  {
    "type": "mapgen",
    "method": "json",
    "om_terrain": [ [ "breach_finale_12", "breach_finale_13" ] ],
    "weight": 100,
    "object": {
      "rows": [
        ",,P,,,,,#^W,,,,,,,,,,||||,P,,,,,,,,,,,,,,,,,,P,,",
        ",,P,,,,,###,|||||,,,,|bb|,P,,,,,,,,,,,,,,,,,,P,,",
        ",,P,,,,,,P,,|bbs|,,,,+sd|,PP,,,,,,,,,,,#W#,,,P,,",
        ",,P,,,,,,P,,|sss+,,,,||||,,P,,,,#####,,W^W,,,P,,",
        ",,P,,,,,,P,,|dss|,,,,,,,,,,P,,P##rrr##P#W#,,,P,,",
        ",,P,,,,,,P,,|||||,,,,|||||,,,,,#_____#,P,,,,,P,,",
        ",,P,,,,,,P,,,,,,,,,,,|bsd|,,,,,#__A__#,P,,,,,P,,",
        ",,P,,,,,,P,||||,,,,,,|bss|,,,,,#__f__#,P,,,,,P,,",
        ",,PP,,,,,P,|bb|,,,,,,|sss|,,,,,+____r#,P,,,,PP,,",
        ",,,P,,,,,P,|ds+,,,,,,||+||,,,,,+____r#,P,,,,P,,,",
        ",,,P,,,,,P,||||,,,,,,,,,,,,,,,,#__C__#,P,,,,P,,,",
        ",,,P,,,,,P,,,,,,,,,,,,,,,,,,,,,#__k__#,P,,,,P,,,",
        ",,,P,,,,,P,,||||,,,,,,,,,,,,,,,#_____#,P,,,,P,,,",
        ",,,P,,,,,P,,|ds+,,mmmmmmmmmmm,,##rrr##,P,,,,P,,,",
        ",,,P,,,,,P,,|bb|,,mmmmmmmmmmm,,,#####,,P,,,,P,,,",
        ",,,P,,,,,P,,||||,,,,,,,,,,,,,,,,,,,,,,,P,,,,P,,,",
        ",,,P,,,,###,,,,,,,,,,,#WW#,,,,,,,,,,,,###,,,P,,,",
        ",,,P,,,,W^#PPPPPPPPPPP#^^#PPPPPPPPPPPP#^W,,,P,,,",
        ",,,PP,,,#W#,,,,,,,,,,,####,,,,,,,,,,,,#W#,,PP,,,",
        ",,,,PP,,,,,,,,,,,,,,,,,,,,,,,,,,,,,,,,,,,,PP,,,,",
        ",,,,,PPPPPPPPPPP,,,,,,,,,,,,,,,,PPPPPPPPPPP,,,,,",
        ",,,,,,,,,,,,,,,PPPPPPPPPPPPPPPPPP,,,,,,,,,,,,,,,",
        ",,,,,,,,,,,,,,,,,,,,,,,,,,,,,,,,,,,,,,,,,,,,,,,,",
        ",,,,,,,,,,,,,,,,,,,,,,,,,,,,,,,,,,,,,,,,,,,,,,,,"
      ],
      "palettes": [ "breach", "breach_camp" ],
      "place_traps": [
        { "trap": "tr_landmine", "x": [ 4, 7 ], "y": [ 0, 17 ], "repeat": [ 1, 4 ] },
        { "trap": "tr_landmine", "x": [ 11, 21 ], "y": [ 18, 19 ], "repeat": [ 1, 4 ] },
        { "trap": "tr_landmine", "x": [ 40, 43 ], "y": [ 5, 17 ], "repeat": [ 1, 4 ] },
        { "trap": "tr_landmine", "x": [ 26, 37 ], "y": [ 18, 19 ], "repeat": [ 1, 4 ] }
      ],
      "place_loot": [
        { "group": "tools_mechanic", "x": [ 33, 35 ], "y": 4, "chance": 65, "repeat": 3 },
        { "group": "stash_wood", "x": 36, "y": [ 8, 9 ], "chance": 65, "repeat": 4 },
        { "group": "wreckage", "x": [ 33, 35 ], "y": 13, "chance": 65, "repeat": 5 },
        { "group": "tools_blacksmith", "x": 34, "y": 10, "chance": 65, "repeat": 3 }
      ],
      "place_npcs": [
        { "class": "bandit", "x": 15, "y": 4 },
        { "class": "bandit", "x": 16, "y": 8 },
        { "class": "bandit", "x": 14, "y": 14 },
        { "class": "thug", "x": 30, "y": 6 },
        { "class": "bandit", "x": 30, "y": 11 },
        { "class": "thug", "x": 39, "y": 1 }
      ]
    }
  },
  {
    "type": "mapgen",
    "//": "Layout is based off of Phobos Anomaly from Doom, with concessions to available space, and a slight DoomRL twist.",
    "om_terrain": [
      [ "breach_finale_14", "breach_finale_15", "breach_finale_16", "breach_finale_17" ],
      [ "breach_finale_18", "breach_finale_19", "breach_finale_20", "breach_finale_21" ],
      [ "breach_finale_22", "breach_finale_23", "breach_finale_24", "breach_finale_25" ]
    ],
    "method": "json",
    "weight": 100,
    "object": {
      "rows": [
        "###!!??................/......................./......................./.................??!!###",
        "##!!??...............??????????????????????????????????????????????????????...............??!!##",
        "##!??...............?!!!!!!!!!!!!!!!!!!!!!!!!!!!!!!!!!!!!!!!!!!!!!!!!!!!!!!?...............??!##",
        "##!??..............?!######################################################!?..............??!##",
        "##!??.............?!########################################################!?.............??!##",
        "##!??............?!##############MMMM########################################!?............??!##",
        "##!??...........?!##############MMmmMM-----------------------#################!?...........??!##",
        "##!??...........?!##############Mmmmmmtttttttttttttttttttttt--################!?...........??!##",
        "##!??...........?!##############Mmmmmmttttttttttttttttttttttt-################!?...........??!##",
        "##!??...........?!##############MMmmMM-T------------------ttt-################!?...........??!##",
        "##!??...........?!##############MM++MM-t-################--tt-################!?...........??!##",
        "##!??...........?!##############MmmmmM---################--tt--###############!?...........??!##",
        "##!??...........?!############MMMmmmmMMM################--tttt--#############!?,...........??!##",
        "##!??...........?!##MMMMMMMM##MummmmmmuM##MMMMMMMM#####--tttttt--###########!?,,,..........??!##",
        "##!??...........?!##M______M#MMmmmmmmmmMM#M______MMMMMM-ttt~~ttt------!!!!!!?,,,,..........??!##",
        "##!??...........?!##M______MMMmmmmmmmmmmMMM______MMEE6Mttt~~~~ttt-utt-??????,,,,,..........??!##",
        "##!??...........?!##M________+mmmmmmmmmm+________MMEEEmtt~~~~~~tt+tttt,,,,,,,,,,,..........??!##",
        "##!??...........?!##M________+mmmmmmmmmm+________MMEEEmtt~~~~~~tt+tttt,,,,,,,,,,,..........??!##",
        "##!??...........?!##M______MMMmmmmmmmmmmMMM______MMEEEMttt~~~~ttt-utt-??????,,,,,..........??!##",
        "##!??...........?!##M______M#MMmmmmmmmmMM#M______MMMMMM-ttt~~ttt------!!!!!!?,,,,..........??!##",
        "##!??...........?!##MMMMMMMM##MummmmmmuM##MMMMMMMM#####--tttttt--###########!?,,,..........??!##",
        "##!??...........?!############MMMmmmmMMM################--tttt--#############!?,...........??!##",
        "##!!??..........?!##############MMmmMM###################------###############!?..........??!!##",
        "###!!??.........?!#####/#########|__|##########/#######################/######!?.........??!!###",
        "###!?...........?!#####/########||__||#########/#######################/######!?.........??!!###",
        "##!?............?!#############||____||#######################################!?..........??!!##",
        "##!?............?!#############|______|#############||||||####################!?...........??!##",
        "##!?............?!#############|______|##########||||____||||#################!?...........??!##",
        "##?.............?!#############||____||########|||__________|||###############!?...........??!##",
        "##..............?!############||||__||#######|||u_____________|||#############!?...........??!##",
        "##..............?!############|__B__|#######||u||_______________||############!?...........??!##",
        "##..............?!############|__B__|######||___||_______________||###########!?...........??!##",
        "##..............?!############|__B__|#####||_____||_______________||##########!?...........??!##",
        "##..............?!############|__B__|#####|_______||_______________|##########!?...........??!##",
        "##..............?!############|__B__|####||________|_______________||#########!?...........??!##",
        "##.<<...........?!############|__B__|####|________|||B______________|#########!?...........??!##",
        "##.<<...........?!############||||__|###||____cccc|ccB______________||########!?...........??!##",
        "##..............?!##############|b__|###|___cccccc|ccB_______________|########!?...........??!##",
        "##..............?!##############||BB|###|_cccccccc|||B_______________|########!?...........??!##",
        "##..............?!##############MMmmMM#||ccccccccccccB_______________||#######!?...........??!##",
        "##..............?!##############MEEE6M||cccccccccccccB________________|----###!?...........??!##",
        "##..............?!##############MEEEEm+ccccccccccccccB________________,,,,-###!?...........??!##",
        "##..............?!##############MEEEEm+cccccccccccccb|________________,,,,-###!?...........??!##",
        "##?.............?!##############MEEEEM||cccccccccccccB________________|-,,-###!?...........??!##",
        "##!?............?!##############MMMMMM#||ccccccccccccB_______________||-,,-###!?...........??!##",
        "##!?............?!######################|_cccccccc|||B_______________|--,,-###!?...........??!##",
        "##!?............?!######################|___cccccc|ccB_______________|-,,,-###!?..........??!!##",
        "###!?...........?!#####/################||____cccc|ccB______________||-/,--###!?.........??!!###",
        "###!!??.........?!#####/#################|_____/__|||B______________|--/,-####!?.........??!!###",
        "##!!??..........?!#######################||________|_______________||-,,,-####!?..........??!!##",
        "##!??...........?!########################|_______||_______________|--,,--####!?...........??!##",
        "##!??...........?!########################||_____||_______________||-,,,-#####!?...........??!##",
        "##!??...........?!#########################||___||_______________||#-,,--#####!?...........??!##",
        "##!??...........?!##########################||u||_______________||##-,,-######!?...........??!##",
        "##!??...........?!###########################|||u_____________|||###MccM######!?...........??!##",
        "##!??...........?!#############################|||__________|||####MMccMM#####!?...........??!##",
        "##!??...........?!###############################||||____||||#####MMccccMM####!?...........??!##",
        "##!??...........?!##################################||||||########MccccccM####!?...........??!##",
        "##!??...........?!################################################MccccccM####!?...........??!##",
        "##!??...........?!################################################Mccmmc6M####!?...........??!##",
        "##!??...........?!################################################MMcmmcMM####!?...........??!##",
        "##!??...........?!#################################################MMuuMM#####!?...........??!##",
        "##!??...........?!##################################################MMMM######!?...........??!##",
        "##!??...........?!############################################################!?...........??!##",
        "##!??...........?!############################################################!?...........??!##",
        "##!??...........?!############################################################!?...........??!##",
        "##!??............?!##########################################################!?............??!##",
        "##!??.............?!########################################################!?.............??!##",
        "##!??..............?!######################################################!?..............??!##",
        "##!??...............?!!!!!!!!!!!!!!!!!!!!!!!!!!!!!!!!!!!!!!!!!!!!!!!!!!!!!!?...............??!##",
        "##!!??...............??????????????????????????????????????????????????????...............??!!##",
        "###!!??................/......................./......................./.................??!!###"
      ],
      "palettes": [ "breach" ],
      "terrain": {
        "|": "t_rock_smooth",
        "-": "t_strconc_wall",
        "~": "t_sewage",
        "+": "t_door_metal_c",
        "6": "t_console_broken",
        "B": "t_breach_stone_fake",
        "E": "t_elevator",
        "M": "t_wall_metal",
        "T": "t_breach_concrete_fake_c",
        "b": "t_breach_lever",
        "c": "t_thconc_floor",
        "m": "t_metal_floor",
        "t": "t_strconc_floor",
        "u": "t_utility_light",
        "/": "t_strconc_floor"
      },
      "place_nested": [
        { "chunks": [ [ "breach_finale_doot_rads", 1 ] ], "x": 58, "y": 15 },
        { "chunks": [ [ "breach_spawn_doot_multiple_demons", 1 ] ], "x": 57, "y": 14 },
        { "chunks": [ [ "breach_spawn_doot_single_demon", 1 ] ], "x": 25, "y": 19 },
        { "chunks": [ [ "breach_spawn_doot_single_demon", 1 ] ], "x": 44, "y": 19 },
        { "chunks": [ [ "breach_spawn_doot_pair_spectres", 1 ] ], "x": 45, "y": 31 },
        { "chunks": [ [ "breach_spawn_doot_pair_spectres", 1 ] ], "x": 45, "y": 51 },
        { "chunks": [ [ "breach_spawn_doot_pair_spectres", 1 ] ], "x": 45, "y": 31 },
        { "chunks": [ [ "breach_spawn_doot_pair_spectres", 1 ] ], "x": 45, "y": 51 },
        { "chunks": [ [ "breach_spawn_doot_pair_spectres", 1 ] ], "x": 54, "y": 53 },
        { "chunks": [ [ "breach_spawn_doot_pair_spectres", 1 ] ], "x": 67, "y": 40 },
        { "chunks": [ [ "breach_spawn_doot_pair_spectres", 1 ] ], "x": 54, "y": 30 },
        { "chunks": [ [ "breach_spawn_doot_baron", 1 ] ], "x": 51, "y": 36 },
        { "chunks": [ [ "breach_spawn_doot_baron", 1 ] ], "x": 51, "y": 46 },
        { "chunks": [ [ "breach_spawn_doot_imp_surprise", 1 ] ], "x": 31, "y": 30 },
        { "chunks": [ [ "breach_spawn_doot_imp_surprise", 1 ] ], "x": 31, "y": 34 }
      ],
      "place_traps": [ { "trap": "tr_portal", "x": [ 69, 70 ], "y": [ 59, 60 ] } ],
      "place_loot": [
        { "item": "royal_jelly", "x": 39, "y": 10 },
        { "item": "bandages", "x": [ 51, 52 ], "y": [ 15, 18 ], "chance": 50, "repeat": 8 },
        { "item": "9mmfmj", "x": 51, "y": 16 },
        { "item": "survivormap", "x": 51, "y": 17 },
        { "group": "full_1st_aid", "x": [ 34, 35 ], "y": [ 14, 15 ] },
        { "item": "ballistic_vest_esapi", "x": [ 34, 35 ], "y": [ 18, 19 ] },
        { "item": "mp5bigmag", "x": 22, "y": 16 },
        { "item": "hk_mp5", "x": 22, "y": 17 },
        { "item": "9mmfmj", "x": [ 24, 26 ], "y": [ 15, 18 ], "chance": 50, "repeat": 4 },
        { "item": "mossberg_500", "x": 47, "y": [ 16, 17 ] },
        { "item": "shot_00", "x": [ 43, 45 ], "y": [ 15, 18 ], "chance": 75, "repeat": 3 },
        { "item": "9mmfmj", "x": [ 42, 47 ], "y": [ 38, 47 ], "chance": 25, "repeat": 2 },
        { "item": "shot_00", "x": [ 42, 47 ], "y": [ 38, 47 ], "chance": 25 },
        { "item": "bandages", "x": [ 42, 47 ], "y": [ 38, 47 ], "chance": 25 },
        { "item": "9mmfmj", "x": [ 50, 59 ], "y": [ 51, 54 ], "chance": 50 },
        { "item": "optical_cloak", "x": [ 50, 59 ], "y": [ 51, 54 ] },
        { "item": "shot_00", "x": [ 65, 68 ], "y": [ 37, 46 ], "chance": 50 },
        { "group": "full_1st_aid", "x": [ 65, 68 ], "y": [ 37, 46 ], "chance": 50 },
        { "item": "9mmfmj", "x": [ 50, 59 ], "y": [ 28, 31 ], "chance": 50 },
        { "group": "full_1st_aid", "x": [ 50, 59 ], "y": [ 28, 31 ], "chance": 50 },
        { "item": "shot_hull", "x": [ 68, 71 ], "y": [ 56, 60 ], "chance": 80, "repeat": 8 }
      ],
      "place_fields": [ { "field": "fd_blood", "x": [ 68, 71 ], "y": [ 56, 60 ], "repeat": [ 8, 18 ] } ]
    }
  }
]
