[
  {
    "type": "palette",
    "id": "breach",
    "terrain": {
      "_": "t_rock_floor",
      ".": [
        [ "t_rock", 5 ],
        [ "t_rock_floor", 45 ],
        [ "t_cave_moss", 145 ],
        [ "t_shrub_helmet_plump", 1 ],
        [ "t_shrub_pod_sweet", 1 ],
        [ "t_shrub_wheat_cave", 1 ],
        [ "t_shrub_tails_pig", 1 ],
        [ "t_shrub_bush_quarry", 1 ]
      ],
      ",": [ "t_rock_floor", "t_cave_moss", "t_cave_moss" ],
      "%": "t_rock_floor",
      "#": "t_rock",
      ":": [ "t_rock_floor", "t_rock" ],
      ";": [ "t_rock_floor", "t_rock_floor", "t_rock_floor", "t_rock" ],
      "!": [ "t_rock_floor", "t_cave_moss", "t_rock", "t_rock" ],
      "?": [ "t_rock_floor", "t_cave_moss", "t_cave_moss", "t_rock" ],
      ">": "t_slope_down",
      "<": "t_slope_up",
      "o": [ [ "t_rock_floor", 2 ], [ "t_cave_moss", 1 ] ],
      "O": "t_rock_floor"
    },
    "furniture": {
      "%": "f_rubble_rock",
      "o": [ "f_null", "f_null", "f_boulder_small", "f_boulder_medium" ],
      "O": [ "f_boulder_medium", "f_boulder_large", "f_boulder_large" ]
    },
    "mapping": { "%": { "item": [ { "item": "rock", "count": [ 1, 3 ] } ] } }
  },
  {
    "type": "palette",
    "id": "breach_lab",
    "terrain": {
      "_": "t_thconc_floor",
      "|": "t_concrete_wall",
      "+": "t_door_metal_c",
      "=": "t_door_metal_pickable",
      "[": "t_thconc_floor",
      "^": "t_centrifuge",
      "1": "t_thconc_floor",
      "2": "t_thconc_floor",
      "3": "t_machinery_light",
      "4": "t_machinery_heavy",
      "6": "t_console_broken",
      "A": "t_vat",
      "B": "t_thconc_floor",
      "C": "t_thconc_floor",
      "D": "t_thconc_floor",
      "F": "t_thconc_floor",
      "G": "t_generator_broken",
      "S": "t_thconc_floor",
      "T": "t_thconc_floor",
      "V": "t_thconc_floor_olight",
      "W": "t_reinforced_glass",
      "X": "t_door_metal_locked",
      "Y": "t_card_science",
      "b": "t_thconc_floor",
      "c": "t_thconc_floor",
      "d": "t_thconc_floor",
      "e": "t_thconc_floor",
      "f": "t_chainfence",
      "g": "t_chaingate_l",
      "l": "t_thconc_floor",
      "m": [
        "t_cave_moss",
        "t_cave_moss",
        "t_shrub_helmet_plump",
        "t_shrub_pod_sweet",
        "t_shrub_wheat_cave",
        "t_shrub_tails_pig",
        "t_shrub_bush_quarry"
      ],
      "n": "t_thconc_floor",
      "r": "t_thconc_floor",
      "s": "t_thconc_floor",
      "t": "t_thconc_floor",
      "u": "t_thconc_floor_olight",
      "v": "t_thconc_floor",
      "w": "t_reinforced_door_glass_lab_c"
    },
    "furniture": {
      "[": "f_bookcase",
      "1": "f_autodoc",
      "2": "f_autodoc_couch",
      "B": "f_bed",
      "C": "f_counter",
      "D": "f_dresser",
      "F": "f_fridge",
      "S": "f_shower",
      "T": "f_toilet",
      "V": "f_vending_o",
      "b": "f_bench",
      "c": "f_chair",
      "d": "f_desk",
      "e": "f_table",
      "l": "f_locker",
      "n": "f_oven",
      "r": "f_rack",
      "s": "f_sink",
      "t": "f_trashcan",
      "v": "f_vending_o"
    },
    "toilets": { "T": {  } },
    "mapping": {
      "B": { "items": [ { "item": "bed", "chance": 80 } ] },
      "D": { "items": [ { "item": "dresser", "chance": 90 } ] },
      "t": { "items": [ { "item": "trash", "chance": 60 } ] },
      "n": { "items": [ { "item": "oven", "chance": 75 } ] },
      "A": { "items": [ { "item": "cloning_vat", "chance": 80 } ] }
    }
  },
  {
    "type": "palette",
    "id": "breach_camp",
    "terrain": {
      "|": "t_wall_log",
      "+": "t_door_c",
      "[": "t_rock_floor",
      "^": "t_utility_light",
      "A": "t_rock_floor",
      "B": "t_rock_floor",
      "C": "t_rock_floor",
      "D": "t_rock_floor",
      "F": "t_rock_floor",
      "K": "t_rock_floor",
      "P": "t_rock_wall",
      "W": "t_reinforced_glass",
      "b": "t_floor_primitive",
      "c": "t_rock_floor",
      "d": "t_floor_primitive",
      "e": "t_rock_floor",
      "f": "t_rock_floor",
      "k": "t_rock_floor",
      "l": "t_rock_floor",
      "m": [
        "t_cave_moss",
        "t_cave_moss",
        "t_shrub_helmet_plump",
        "t_shrub_pod_sweet",
        "t_shrub_wheat_cave",
        "t_shrub_tails_pig",
        "t_shrub_bush_quarry"
      ],
      "r": "t_rock_floor",
      "s": "t_floor_primitive"
    },
    "furniture": {
      "A": "f_anvil",
      "B": "f_bed",
      "C": "f_counter",
      "D": "f_dresser",
      "F": "f_fireplace",
      "K": "f_wood_keg",
      "b": "f_makeshift_bed",
      "c": "f_chair",
      "d": "f_dresser",
      "e": "f_table",
      "f": "f_forge",
      "k": "f_kiln_empty",
      "l": "f_locker",
      "r": "f_rack"
    },
    "mapping": {
      "B": { "items": [ { "item": "bed", "chance": 80 } ] },
      "D": { "items": [ { "item": "dresser", "chance": 90 } ] },
      "b": { "items": [ { "item": "bed", "chance": 80 } ] },
      "v": { "items": [ { "item": "dresser", "chance": 90 } ] }
    }
  },
  {
    "type": "mapgen",
    "method": "json",
    "nested_mapgen_id": "breach_chunk_wall_horizontal",
    "object": {
      "mapgensize": [ 24, 24 ],
      "set": [
        { "line": "terrain", "id": "t_rock", "x": 0, "x2": 23, "y": [ 0, 2 ], "y2": [ 0, 2 ], "repeat": 2 },
        { "point": "terrain", "id": "t_rock", "x": [ 0, 23 ], "y": [ 0, 2 ], "repeat": [ 12, 36 ] }
      ]
    }
  },
  {
    "type": "mapgen",
    "method": "json",
    "nested_mapgen_id": "breach_chunk_wall_vertical",
    "object": {
      "mapgensize": [ 24, 24 ],
      "set": [
        { "line": "terrain", "id": "t_rock", "x": [ 0, 2 ], "x2": [ 0, 2 ], "y": 0, "y2": 23, "repeat": 2 },
        { "point": "terrain", "id": "t_rock", "x": [ 0, 2 ], "y": [ 0, 23 ], "repeat": [ 12, 36 ] }
      ]
    }
  },
  {
    "type": "mapgen",
    "method": "json",
    "nested_mapgen_id": "breach_chunk_pillar",
    "object": {
      "mapgensize": [ 6, 6 ],
      "rotation": [ 0, 3 ],
      "rows": [
        "      ",
        "      ",
        "      ",
        "   !#!",
        "   ###",
        "   !#!"
      ],
      "palettes": [ "breach" ]
    }
  },
  {
    "type": "mapgen",
    "method": "json",
    "nested_mapgen_id": "breach_chunk_pillar",
    "object": {
      "mapgensize": [ 6, 6 ],
      "rotation": [ 0, 3 ],
      "rows": [
        "      ",
        "      ",
        "  ?!!?",
        "  !##!",
        "  !##!",
        "  ?!!?"
      ],
      "palettes": [ "breach" ]
    }
  },
  {
    "type": "mapgen",
    "method": "json",
    "nested_mapgen_id": "breach_chunk_pillar",
    "object": {
      "mapgensize": [ 6, 6 ],
      "rotation": [ 0, 3 ],
      "rows": [
        "      ",
        "  ?!? ",
        " ?!#!?",
        " !###!",
        " ?!#!?",
        "  ?!? "
      ],
      "palettes": [ "breach" ]
    }
  },
  {
    "type": "mapgen",
    "method": "json",
    "nested_mapgen_id": "breach_chunk_pillar",
    "object": {
      "mapgensize": [ 6, 6 ],
      "rotation": [ 0, 3 ],
      "rows": [
        "  ??  ",
        " ?!!? ",
        "?!##!?",
        "?!##!?",
        " ?!!? ",
        "  ??  "
      ],
      "palettes": [ "breach" ]
    }
  },
  {
    "type": "mapgen",
    "method": "json",
    "nested_mapgen_id": "breach_chunk_1",
    "object": {
      "mapgensize": [ 5, 5 ],
      "rotation": [ 0, 3 ],
      "rows": [
        "     ",
        "     ",
        "  oOo",
        "  OOO",
        "  oOo"
      ],
      "palettes": [ "breach" ]
    }
  },
  {
    "type": "mapgen",
    "method": "json",
    "nested_mapgen_id": "breach_chunk_1",
    "object": {
      "mapgensize": [ 5, 5 ],
      "rotation": [ 0, 3 ],
      "rows": [
        "     ",
        "  oo ",
        " oOOo",
        " oOOo",
        "  oo "
      ],
      "palettes": [ "breach" ]
    }
  },
  {
    "type": "mapgen",
    "method": "json",
    "nested_mapgen_id": "breach_chunk_1",
    "object": {
      "mapgensize": [ 5, 5 ],
      "rotation": [ 0, 3 ],
      "rows": [
        " ooo ",
        "oOOOo",
        "oOOOo",
        "oOOOo",
        " ooo "
      ],
      "palettes": [ "breach" ]
    }
  },
  {
    "type": "mapgen",
    "method": "json",
    "nested_mapgen_id": "breach_chunk_1",
    "object": {
      "mapgensize": [ 5, 5 ],
      "rotation": [ 0, 3 ],
      "rows": [
        "     ",
        "  % %",
        " %%% ",
        "  % %",
        " % % "
      ],
      "palettes": [ "breach" ]
    }
  },
  {
    "type": "mapgen",
    "method": "json",
    "nested_mapgen_id": "breach_chunk_1",
    "object": {
      "mapgensize": [ 5, 5 ],
      "rotation": [ 0, 3 ],
      "rows": [
        "  % %",
        "%% % ",
        "% %% ",
        " %%  ",
        "   % "
      ],
      "palettes": [ "breach" ]
    }
  },
  {
    "type": "mapgen",
    "method": "json",
    "nested_mapgen_id": "breach_chunk_1",
    "object": {
      "mapgensize": [ 5, 5 ],
      "rotation": [ 0, 3 ],
      "rows": [
        "% %  ",
        " % % ",
        "% % %",
        " %%% ",
        " %%  "
      ],
      "palettes": [ "breach" ]
    }
  },
  {
    "type": "mapgen",
    "method": "json",
    "nested_mapgen_id": "breach_chunk_1",
    "object": {
      "mapgensize": [ 5, 5 ],
      "rotation": [ 0, 3 ],
      "rows": [
        " %,% ",
        "% %%%",
        " %%% ",
        "%% %%",
        "%% % "
      ],
      "palettes": [ "breach" ]
    }
  },
  {
    "type": "mapgen",
    "method": "json",
    "nested_mapgen_id": "breach_chunk_1",
    "object": {
      "mapgensize": [ 5, 5 ],
      "rotation": [ 0, 3 ],
      "rows": [
        ",,_,,",
        ",___,",
        "_____",
        ",___,",
        ",,_,,"
      ],
      "palettes": [ "breach" ],
      "set": [ { "square": "radiation", "amount": [ 10, 20 ], "x": 1, "y": 1, "x2": 3, "y2": 3 } ]
    }
  },
  {
    "type": "mapgen",
    "method": "json",
    "nested_mapgen_id": "breach_chunk_1",
    "object": {
      "mapgensize": [ 5, 5 ],
      "rotation": [ 0, 3 ],
      "rows": [
        ",___,",
        "_____",
        "_____",
        "_____",
        ",___,"
      ],
      "palettes": [ "breach" ],
      "set": [ { "square": "radiation", "amount": [ 10, 20 ], "x": 0, "y": 0, "x2": 4, "y2": 4 } ]
    }
  },
  {
    "type": "mapgen",
    "method": "json",
    "nested_mapgen_id": "breach_chunk_pool",
    "object": {
      "mapgensize": [ 12, 12 ],
      "rotation": [ 0, 3 ],
      "rows": [
        "            ",
        "            ",
        "   ,~~~~~~, ",
        "  ,~------~,",
        "  ~---//---~",
        "  ~--/==/--~",
        "  ~-/====/-~",
        "  ~-/====/-~",
        "  ~--/==/--~",
        "  ~---//---~",
        "  ,~------~,",
        "   ,~~~~~~, "
      ],
      "palettes": [ "breach" ],
      "terrain": { "=": "t_water_dp", "/": [ "t_water_sh", "t_water_dp" ], "-": "t_water_sh", "~": [ "t_cave_moss", "t_water_sh" ] },
      "place_nested": [ { "chunks": [ [ "breach_spawn_water", 100 ] ], "x": 4, "y": 4 } ]
    }
  },
  {
    "type": "mapgen",
    "method": "json",
    "nested_mapgen_id": "breach_chunk_pool",
    "object": {
      "mapgensize": [ 12, 12 ],
      "rotation": [ 0, 3 ],
      "rows": [
        " ,~~~~~~~~, ",
        ",~--------~,",
        "~---////---~",
        "~--/====/--~",
        "~-/======/-~",
        "~-/======/-~",
        "~-/======/-~",
        "~-/======/-~",
        "~--/====/--~",
        "~---////---~",
        ",~--------~,",
        " ,~~~~~~~~, "
      ],
      "palettes": [ "breach" ],
      "terrain": { "=": "t_water_dp", "/": [ "t_water_sh", "t_water_dp" ], "-": "t_water_sh", "~": [ "t_rock_floor", "t_water_sh" ] },
      "place_nested": [ { "chunks": [ [ "null", 20 ], [ "breach_spawn_water", 80 ] ], "x": 4, "y": 4 } ]
    }
  },
  {
    "type": "mapgen",
    "method": "json",
    "nested_mapgen_id": "breach_chunk_pool",
    "object": {
      "mapgensize": [ 12, 12 ],
      "rotation": [ 0, 3 ],
      "rows": [
        "            ",
        "            ",
        "   ,~~~~~~, ",
        "  ,~------~,",
        "  ~---//---~",
        "  ~--/==/--~",
        "  ~-/====/-~",
        "  ~-/====/-~",
        "  ~--/==/--~",
        "  ~---//---~",
        "  ,~------~,",
        "   ,~~~~~~, "
      ],
      "palettes": [ "breach" ],
      "terrain": {
        "=": "t_swater_dp",
        "/": [ "t_swater_sh", "t_swater_dp" ],
        "-": "t_swater_sh",
        "~": [ "t_rock_floor", "t_swater_sh" ]
      },
      "place_nested": [ { "chunks": [ [ "breach_spawn_water", 100 ] ], "x": 5, "y": 5 } ]
    }
  },
  {
    "type": "mapgen",
    "method": "json",
    "nested_mapgen_id": "breach_chunk_pool",
    "object": {
      "mapgensize": [ 12, 12 ],
      "rotation": [ 0, 3 ],
      "rows": [
        " ,~~~~~~~~, ",
        ",~--------~,",
        "~---////---~",
        "~--/====/--~",
        "~-/======/-~",
        "~-/======/-~",
        "~-/======/-~",
        "~-/======/-~",
        "~--/====/--~",
        "~---////---~",
        ",~--------~,",
        " ,~~~~~~~~, "
      ],
      "palettes": [ "breach" ],
      "terrain": {
        "=": "t_swater_dp",
        "/": [ "t_swater_sh", "t_swater_dp" ],
        "-": "t_swater_sh",
        "~": [ "t_rock_floor", "t_swater_sh" ]
      },
      "place_nested": [ { "chunks": [ [ "breach_spawn_water", 100 ] ], "x": 5, "y": 5 } ]
    }
  },
  {
    "type": "mapgen",
    "method": "json",
    "nested_mapgen_id": "breach_chunk_pool",
    "object": {
      "mapgensize": [ 12, 12 ],
      "rotation": [ 0, 3 ],
      "rows": [
        "            ",
        "            ",
        "    _____   ",
        "   __~~~~__ ",
        "  __~----~__",
        "  _~------~_",
        "  _~------~_",
        "  _~------~_",
        "  _~------~_",
        "  __~----~__",
        "   __~~~~__ ",
        "    ______  "
      ],
      "palettes": [ "breach" ],
      "terrain": { "-": "t_lava", "~": [ "t_rock_floor", "t_lava" ] }
    }
  },
  {
    "type": "mapgen",
    "method": "json",
    "nested_mapgen_id": "breach_chunk_pool",
    "object": {
      "mapgensize": [ 12, 12 ],
      "rotation": [ 0, 3 ],
      "rows": [
        "   ______   ",
        "  __~~~~__  ",
        " __~----~__ ",
        "__~------~__",
        "_~--------~_",
        "_~--------~_",
        "_~--------~_",
        "_~--------~_",
        "__~------~__",
        " __~~~~~~__ ",
        "  __~~~~__  ",
        "   ______   "
      ],
      "palettes": [ "breach" ],
      "terrain": { "-": "t_lava", "~": [ "t_rock_floor", "t_lava" ] }
    }
  },
  {
    "type": "mapgen",
    "method": "json",
    "nested_mapgen_id": "breach_chunk_spood",
    "object": {
      "mapgensize": [ 12, 12 ],
      "rotation": [ 0, 3 ],
      "rows": [
        "  ,,,,,,,,  ",
        " ,,,,,,,,,, ",
        ",,,,,,,,,,,,",
        ",,,,,,,,,,,,",
        ",,,,,,,,,,,,",
        ",,,,,,,,,,,,",
        ",,,,,,,,,,,,",
        ",,,,,,,,,,,,",
        ",,,,,,,,,,,,",
        ",,,,,,,,,,,,",
        " ,,,,,,,,,, ",
        "  ,,,,,,,,  "
      ],
      "palettes": [ "breach" ],
      "furniture": { ",": [ "f_null", "f_null", "f_null", "f_null", "f_null", "f_null", "f_null", "f_null", "f_null", "f_egg_sackcs" ] },
      "place_fields": [
        { "field": "fd_web", "x": [ 4, 7 ], "y": [ 4, 7 ], "repeat": [ 10, 15 ] },
        { "field": "fd_web", "x": [ 0, 11 ], "y": [ 0, 11 ], "repeat": [ 25, 50 ] }
      ],
      "place_monster": [ { "monster": "mon_spider_cellar_giant", "x": [ 0, 11 ], "y": [ 0, 11 ], "repeat": [ 5, 10 ] } ]
    }
  },
  {
    "type": "mapgen",
    "method": "json",
    "nested_mapgen_id": "breach_chunk_goop",
    "object": {
      "mapgensize": [ 12, 12 ],
      "rotation": [ 0, 3 ],
      "rows": [
        "  ~~~~~~~~  ",
        " ~~~~~~~~~~ ",
        "~~~~----~~~~",
        "~~~------~~~",
        "~~---==---~~",
        "~~--====--~~",
        "~~--====--~~",
        "~~---==---~~",
        "~~~------~~~",
        "~~~~----~~~~",
        " ~~~~~~~~~~ ",
        "  ~~~~~~~~  "
      ],
      "palettes": [ "breach" ],
      "terrain": {
        "=": "t_slime",
        "-": [ "t_rock_floor", "t_slime" ],
        "~": [ "t_rock_floor", "t_rock_floor", "t_rock_floor", "t_slime" ]
      },
      "place_monster": [
        { "monster": "mon_blob_small", "x": [ 0, 11 ], "y": [ 0, 11 ], "repeat": [ 4, 8 ] },
        { "monster": "mon_blob", "x": [ 0, 11 ], "y": [ 0, 11 ], "repeat": [ 1, 3 ] }
      ]
    }
  },
  {
    "type": "mapgen",
    "method": "json",
    "nested_mapgen_id": "breach_chunk_spiral",
    "object": {
      "mapgensize": [ 12, 12 ],
      "rotation": [ 0, 3 ],
      "rows": [
        "  ,,,,,,,,  ",
        " ,,,,,,,,,, ",
        ",,,######,,,",
        ",,,,,,,,#,,,",
        ",,,,###,#,,,",
        ",,,,#,#,#,,,",
        ",,,,#,,,#,,,",
        ",,,,#####,,,",
        ",,,,,,,,,,,,",
        ",,,,,,,,,,,,",
        " ,,,,,,,,,, ",
        "  ,,,,,,,,  "
      ],
      "palettes": [ "breach" ],
      "place_nested": [ { "chunks": [ [ "breach_spawn_spiral", 100 ] ], "x": [ 3, 4 ], "y": [ 3, 4 ] } ],
      "place_loot": [ { "group": "spiral", "x": 4, "y": 5 } ]
    }
  },
  {
    "type": "mapgen",
    "method": "json",
    "nested_mapgen_id": "breach_chunk_camp",
    "object": {
      "mapgensize": [ 12, 12 ],
      "rotation": [ 0, 3 ],
      "rows": [
        "  ,,,,,,,,  ",
        " ,,,,,,,,,, ",
        ",,,,,,,,,,,,",
        ",,,,,,,,,,,,",
        ",,,,,,,,,,,,",
        ",,,,,,,,,,,,",
        ",,,,,,,,,,,,",
        ",,,,,,,,,,,,",
        ",,,,,,,,,,,,",
        ",,,,,,,,,,,,",
        " ,,,,,,,,,, ",
        "  ,,,,,,,,  "
      ],
      "palettes": [ "breach" ],
      "place_items": [ { "item": "caveyot_miners", "x": [ 7, 10 ], "y": [ 1, 10 ], "chance": 90, "repeat": 5 } ],
      "place_vehicles": [ { "vehicle": "caveyot_miners", "x": [ 3, 4 ], "y": [ 5, 6 ], "chance": 75, "rotation": 90 } ],
      "place_nested": [ { "chunks": [ [ "null", 50 ], [ "breach_spawn_standard", 50 ] ], "x": [ 5, 6 ], "y": [ 5, 6 ] } ]
    }
  },
  {
    "type": "mapgen",
    "method": "json",
    "nested_mapgen_id": "breach_chunk_camp",
    "object": {
      "mapgensize": [ 12, 12 ],
      "rotation": [ 0, 3 ],
      "rows": [
        "  ,,,,,,,,, ",
        " ,,,,,,,,,,,",
        ",,,,,,,,,,,,",
        ",,,,,,,,,,,,",
        ",,,,,,,,,,,,",
        ",,,,,,,_?!?,",
        ",,,,,,___#!,",
        ",,,,,,?_##!,",
        ",,,,,,!##!?,",
        ",,,,,,?!!?,,",
        " ,,,,,,,,,, ",
        "  ,,,,,,,,  "
      ],
      "palettes": [ "breach" ],
      "place_items": [
        { "item": "mine_storage", "x": [ 5, 7 ], "y": [ 4, 6 ], "chance": 50, "repeat": 5 },
        { "item": "caveyot_miners", "x": [ 7, 10 ], "y": [ 1, 4 ], "chance": 90, "repeat": 5 }
      ],
      "place_vehicles": [ { "vehicle": "caveyot_miners", "x": [ 2, 3 ], "y": [ 5, 6 ], "chance": 35, "rotation": 90 } ],
      "place_nested": [ { "chunks": [ [ "null", 60 ], [ "breach_spawn_standard", 40 ] ], "x": [ 2, 3 ], "y": [ 2, 3 ] } ]
    }
  },
  {
    "type": "mapgen",
    "method": "json",
    "nested_mapgen_id": "breach_chunk_camp",
    "object": {
      "mapgensize": [ 12, 12 ],
      "rotation": [ 0, 3 ],
      "rows": [
        "  ,,,,,,,,  ",
        " ---,,,,--- ",
        ",-~-,,,,-~-,",
        ",-+-,,,,-+-,",
        ",,,,,,,,,,,,",
        ",,,,,b,,,,,,",
        ",,,,,,,,,,,,",
        ",,,,,,,,,,,,",
        ",-+-,,,,-+-,",
        ",-~-,,,,-~-,",
        " ---,,,,--- ",
        "  ,,,,,,,,  "
      ],
      "palettes": [ "breach" ],
      "terrain": { "-": "t_cave_moss", "~": "t_cave_moss", "+": "t_cave_moss", "b": "t_rock_floor" },
      "furniture": { "-": "f_canvas_wall", "~": "f_groundsheet", "+": "f_canvas_door", "b": "f_brazier" },
      "place_items": [ { "item": "caveyot_survivors", "x": [ 4, 7 ], "y": [ 2, 9 ], "chance": 90, "repeat": 5 } ],
      "place_monster": [ { "monster": "mon_zombie_survivor", "x": [ 0, 11 ], "y": [ 0, 11 ], "repeat": [ 2, 5 ] } ]
    }
  },
  {
    "type": "mapgen",
    "method": "json",
    "nested_mapgen_id": "breach_chunk_ruins",
    "//": "Log walls and wooden doors, vanilla terrain doesn't offer anything more fitting for pre-contact construction methods.",
    "object": {
      "mapgensize": [ 12, 12 ],
      "rotation": [ 0, 3 ],
      "rows": [
        "    |/|++|/|",
        "    /,,,,,,/",
        "    /,,,,,,/",
        "    /,,,,,,/",
        "    /,,,,,,/",
        "    /,,^^,,/",
        "    /,,^^,,/",
        "    /,,,,,,/",
        "    /,,,,,,/",
        "    /,,,,,,/",
        "    /,,,,,,/",
        "    |/|++|/|"
      ],
      "palettes": [ "breach" ],
      "terrain": {
        "|": [ "t_wall_log", "t_wall_log_chipped" ],
        "/": [ "t_wall_log", "t_wall_log_chipped", "t_wall_log_broken", "t_cave_moss" ],
        "+": [ "t_door_frame", "t_door_b", "t_door_c" ],
        "^": "t_rock_floor"
      },
      "furniture": { "^": [ "f_null", "f_fireplace" ] },
      "place_items": [ { "item": "cavern_ruins", "x": [ 5, 10 ], "y": [ 1, 10 ], "chance": 50, "repeat": 20 } ],
      "place_nested": [ { "chunks": [ [ "null", 60 ], [ "breach_spawn_standard", 40 ] ], "x": [ 2, 3 ], "y": [ 2, 3 ] } ]
    }
  },
  {
    "type": "mapgen",
    "method": "json",
    "nested_mapgen_id": "breach_chunk_ruins",
    "object": {
      "mapgensize": [ 12, 12 ],
      "rotation": [ 0, 3 ],
      "rows": [
        "    |||++|||",
        "    |,,,,,,|",
        "    |,,,,,,|",
        "    |,,,,,,|",
        "    |,,,,,,|",
        "    |,,^^,,|",
        "    |,,^^,,|",
        "    |,,,,,,|",
        "    |,,,,,,|",
        "    |,,,,,,|",
        "    |,,,,,,|",
        "    |||++|||"
      ],
      "palettes": [ "breach" ],
      "terrain": { "|": "t_wall_log", "+": "t_door_c", "^": "t_rock_floor" },
      "furniture": { "^": "f_fireplace" }
    }
  },
  {
    "type": "mapgen",
    "method": "json",
    "nested_mapgen_id": "breach_chunk_ruins",
    "object": {
      "mapgensize": [ 12, 12 ],
      "rotation": [ 0, 3 ],
      "rows": [
        " |//|       ",
        "||,,||      ",
        "/,,,,+      ",
        "/,,,,+      ",
        "||,,||      ",
        " |//|       ",
        "       |//| ",
        "      ||,,||",
        "      +,,,,/",
        "      +,,,,/",
        "      ||,,||",
        "       |//| "
      ],
      "palettes": [ "breach" ],
      "terrain": {
        "|": [ "t_wall_log", "t_wall_log_chipped" ],
        "/": [ "t_wall_log", "t_wall_log_chipped", "t_wall_log_broken", "t_cave_moss" ],
        "+": [ "t_door_frame", "t_door_b", "t_door_c" ]
      },
      "place_items": [ { "item": "cavern_ruins", "x": [ 8, 9 ], "y": [ 7, 10 ], "chance": 50, "repeat": 10 } ],
      "place_nested": [ { "chunks": [ [ "null", 60 ], [ "breach_spawn_standard", 40 ] ], "x": [ 2, 3 ], "y": [ 2, 3 ] } ]
    }
  },
  {
    "type": "mapgen",
    "method": "json",
    "nested_mapgen_id": "breach_chunk_ruins",
    "object": {
      "mapgensize": [ 12, 12 ],
      "rotation": [ 0, 3 ],
      "rows": [
        "            ",
        "            ",
        "            ",
        "    |//|    ",
        "   ||,,||   ",
        "   +,,,,/   ",
        "   +,,,,/   ",
        "   ||,,||   ",
        "    |//|    ",
        "            ",
        "            ",
        "            "
      ],
      "palettes": [ "breach" ],
      "terrain": {
        "|": [ "t_wall_log", "t_wall_log_chipped" ],
        "/": [ "t_wall_log", "t_wall_log_chipped", "t_wall_log_broken", "t_cave_moss" ],
        "+": [ "t_door_frame", "t_door_b", "t_door_c" ]
      },
      "place_items": [ { "item": "cavern_ruins", "x": [ 5, 6 ], "y": [ 4, 7 ], "chance": 50, "repeat": 10 } ],
      "place_nested": [ { "chunks": [ [ "null", 60 ], [ "breach_spawn_standard", 40 ] ], "x": [ 2, 3 ], "y": [ 2, 3 ] } ]
    }
  },
  {
    "type": "mapgen",
    "method": "json",
    "nested_mapgen_id": "breach_chunk_ruins_strange",
    "object": {
      "mapgensize": [ 20, 20 ],
      "rotation": [ 0, 3 ],
      "rows": [
        "                    ",
        "                    ",
        "  |||||||++|||||||  ",
        "  |C_BBB|__|_ccc_|  ",
        "  |C____|__|_tttc|  ",
        "  |C_@_r|__+_tttc|  ",
        "  |C___r|__|_____|  ",
        "  |____r|__|CCCos|  ",
        "  |||+|||++|||+|||  ",
        "  |@________cc__@|  ",
        "  |_____________^|  ",
        "  |_____________^|  ",
        "  |@_____CC_cc__@|  ",
        "  ||||XX||||||||||  ",
        "  |_______@|s__TT|  ",
        "  |bb_____@X_____|  ",
        "  |bbdd___@|D___t|  ",
        "  ||||||||||||||||  ",
        "                    ",
        "                    "
      ],
      "palettes": [ "breach" ],
      "terrain": {
        "|": "t_wall_wood",
        "+": "t_door_c",
        "X": "t_rdoor_c",
        "b": "t_rock_floor",
        "c": "t_rock_floor",
        "d": "t_rock_floor",
        "o": "t_rock_floor",
        "r": "t_rock_floor",
        "s": "t_rock_floor",
        "t": "t_rock_floor",
        "B": "t_rock_floor",
        "C": "t_rock_floor",
        "D": "t_rock_floor",
        "T": "t_rock_floor",
        "^": "t_rock_floor",
        "@": "t_rock_floor"
      },
      "furniture": {
        "b": "f_bed",
        "c": "f_chair",
        "d": "f_dresser",
        "o": "f_oven",
        "r": "f_rack",
        "s": "f_sink",
        "t": "f_table",
        "B": "f_bookcase",
        "C": "f_counter",
        "D": "f_displaycase",
        "T": "f_bathtub",
        "^": "f_fireplace",
        "@": [ "f_null", "f_statue" ]
      },
      "set": [
        { "point": "trap", "id": "tr_caltrops", "x": [ 9, 10 ], "y": [ 3, 8 ], "repeat": [ 1, 2 ] },
        { "point": "trap", "id": "tr_crossbow", "x": [ 9, 10 ], "y": [ 3, 8 ], "repeat": [ 1, 2 ] },
        { "point": "trap", "id": "tr_caltrops", "x": [ 12, 16 ], "y": [ 3, 7 ], "repeat": [ 1, 2 ] },
        { "point": "trap", "id": "tr_crossbow", "x": [ 12, 16 ], "y": [ 3, 7 ], "repeat": [ 1, 2 ] },
        { "point": "trap", "id": "tr_glow", "x": [ 3, 7 ], "y": [ 3, 7 ], "repeat": [ 2, 5 ] }
      ],
      "place_fields": [
        { "field": "fd_web", "x": [ 9, 10 ], "y": [ 3, 8 ], "repeat": [ 5, 10 ] },
        { "field": "fd_web", "x": [ 3, 16 ], "y": [ 9, 12 ], "repeat": [ 10, 20 ] },
        { "field": "fd_web", "x": [ 3, 7 ], "y": [ 3, 7 ], "repeat": [ 5, 10 ] },
        { "field": "fd_web", "x": [ 12, 16 ], "y": [ 3, 7 ], "repeat": [ 5, 10 ] }
      ],
      "place_monster": [
        { "monster": "mon_spider_cellar_giant", "x": [ 3, 16 ], "y": [ 9, 12 ], "repeat": [ 5, 10 ] },
        { "monster": "mon_skeleton", "x": [ 3, 16 ], "y": [ 14, 16 ], "repeat": [ 1, 4 ] }
      ],
      "place_items": [ { "item": "cavern_cabin", "x": 12, "y": 16, "chance": 100 } ]
    }
  },
  {
    "type": "mapgen",
    "method": "json",
    "nested_mapgen_id": "breach_chunk_ruins_strange",
    "object": {
      "mapgensize": [ 20, 20 ],
      "rotation": [ 0, 3 ],
      "rows": [
        "~~~~~~~~~~~~~~~~~~~~",
        "~~~~~~~~~~~~~~~~~~~~",
        "~~~~~~~~~~~~~~~~~~~~",
        "~~~~~~~~~~~~~~~~~~~~",
        "~~~~~~~~~~~~~~~~~~~~",
        "~~~~~~~~~~~~~~~~~~~~",
        "~~~~~~~~~~~~~~~~~~~~",
        "~~~~~~~______~~~~~~~",
        "~~~~~~~______~~~~~~~",
        "~~~~~~~______~~~~~~~",
        "~~~~~~~______~~~~~~~",
        "~~~~~~~______~~~~~~~",
        "~~~~~~~______~~~~~~~",
        "~~~~~~~~~~~~~~~~~~~~",
        "~~~~~~~~~~~~~~~~~~~~",
        "~~~~~~~~~~~~~~~~~~~~",
        "~~~~~~~~~~~~~~~~~~~~",
        "~~~~~~~~~~~~~~~~~~~~",
        "~~~~~~~~~~~~~~~~~~~~",
        "~~~~~~~~~~~~~~~~~~~~"
      ],
      "palettes": [ "breach" ],
      "terrain": {
        "~": [
          "t_rock_floor",
          "t_rock_floor",
          "t_rock_floor",
          "t_rock_floor",
          "t_rock_floor",
          "t_rock_floor",
          "t_rock_floor",
          "t_cave_moss",
          "t_little_column",
          "t_column"
        ]
      },
      "place_monster": [ { "monster": "mon_jabberwock", "x": [ 9, 10 ], "y": [ 9, 10 ] } ],
      "place_items": [ { "item": "cavern_shrine", "x": [ 7, 12 ], "y": [ 7, 12 ], "chance": 50, "repeat": 5 } ]
    }
  },
  {
    "type": "mapgen",
    "method": "json",
    "nested_mapgen_id": "breach_chunk_ruins_strange",
    "object": {
      "mapgensize": [ 20, 20 ],
      "rotation": [ 0, 3 ],
      "rows": [
        "                    ",
        "                    ",
        "                    ",
        "                    ",
        "                    ",
        "                    ",
        "                    ",
        "                    ",
        "                    ",
        "                    ",
        "          ,|||||||/ ",
        "          |___D___| ",
        "          |_______| ",
        "          |_______| ",
        "          |___C___| ",
        "          |_______| ",
        "          |_______| ",
        "          |___D___| ",
        "          /|||||||| ",
        "                    "
      ],
      "palettes": [ "breach" ],
      "terrain": { "|": "t_rock_wall", "/": [ "t_rock_floor", "t_rock_wall" ], "C": "t_reb_cage", "D": "t_rock_floor" },
      "furniture": { "D": "f_displaycase" },
      "place_monster": [ { "monster": "mon_zombie", "x": [ 11, 17 ], "y": [ 11, 17 ], "repeat": [ 3, 6 ] } ],
      "place_items": [
        { "item": "cavern_dungeon", "x": 14, "y": 11, "chance": 100 },
        { "item": "cavern_dungeon", "x": 14, "y": 17, "chance": 100 }
      ]
    }
  },
  {
    "type": "mapgen",
    "method": "json",
    "nested_mapgen_id": "breach_chunk_forge",
    "object": {
      "mapgensize": [ 20, 20 ],
      "rotation": [ 0, 3 ],
      "rows": [
        "                    ",
        "                    ",
        "                    ",
        "                    ",
        "                    ",
        "                    ",
        "                    ",
        "                    ",
        "           _______  ",
        "          __~~~~~__ ",
        "         __~-----~__",
        "       ||_~-------~_",
        "     ___|_~-------~_",
        "     sbf|_~-------~_",
        "     _a_|_~-------~_",
        "       ||_~-------~_",
        "         __~-----~__",
        "          __~~~~~__ ",
        "           _______  ",
        "                    "
      ],
      "palettes": [ "breach" ],
      "terrain": {
        "-": "t_lava",
        "~": [ "t_rock_floor", "t_lava" ],
        "|": "t_rock_wall",
        "a": "t_rock_floor",
        "b": "t_rock_floor",
        "f": "t_rock_floor",
        "s": "t_rock_floor"
      },
      "furniture": { "a": "f_anvil", "b": "f_bench", "f": "f_forge_rock", "s": "f_slab" },
      "place_items": [
        { "item": "cavern_shrine", "x": 6, "y": 13, "chance": 100 },
        { "item": "caveyot_forge_tools", "x": 5, "y": 13, "chance": 100 }
      ]
    }
  },
  {
    "type": "mapgen",
    "method": "json",
    "nested_mapgen_id": "breach_chunk_dump",
    "object": {
      "mapgensize": [ 20, 20 ],
      "rotation": [ 0, 3 ],
      "rows": [
        "  ________________  ",
        " __________________ ",
        "____________________",
        "____________________",
        "____________________",
        "____________________",
        "____________________",
        "____________________",
        "____________________",
        "____________________",
        "____________________",
        "____________________",
        "____________________",
        "____________________",
        "____________________",
        "____________________",
        "____________________",
        "____________________",
        " __________________ ",
        "  ________________  "
      ],
      "palettes": [ "breach" ],
      "place_nested": [
        { "chunks": [ [ "null", 50 ], [ "breach_chunk_sewage", 50 ] ], "x": [ 0, 8 ], "y": [ 0, 8 ], "repeat": 3 },
        { "chunks": [ [ "breach_chunk_dumpshack", 100 ] ], "x": [ 5, 6 ], "y": [ 5, 6 ] }
      ]
    }
  },
  {
    "type": "mapgen",
    "method": "json",
    "nested_mapgen_id": "breach_chunk_sewage",
    "object": {
      "mapgensize": [ 12, 12 ],
      "rotation": [ 0, 3 ],
      "rows": [
        "            ",
        "            ",
        "     __     ",
        "    _~~_    ",
        "   _~--~_   ",
        "  _~----~_  ",
        "  _~----~_  ",
        "   _~--~_   ",
        "    _~~_    ",
        "     __     ",
        "            ",
        "            "
      ],
      "palettes": [ "breach" ],
      "terrain": { "-": "t_sewage", "~": [ "t_rock_floor", "t_sewage" ] },
      "set": [ { "square": "radiation", "amount": [ 10, 20 ], "x": 1, "y": 1, "x2": 11, "y2": 11 } ]
    }
  },
  {
    "type": "mapgen",
    "method": "json",
    "nested_mapgen_id": "breach_chunk_sewage",
    "object": {
      "mapgensize": [ 12, 12 ],
      "rotation": [ 0, 3 ],
      "rows": [
        "            ",
        "    ____    ",
        "   _~~~~_   ",
        "  _~----~_  ",
        " _~------~_ ",
        " _~------~_ ",
        " _~------~_ ",
        " _~------~_ ",
        "  _~----~_  ",
        "   _~~~~_   ",
        "    ____    ",
        "            "
      ],
      "palettes": [ "breach" ],
      "terrain": { "-": "t_sewage", "~": [ "t_rock_floor", "t_sewage" ] },
      "set": [ { "square": "radiation", "amount": [ 10, 20 ], "x": 1, "y": 1, "x2": 11, "y2": 11 } ]
    }
  },
  {
    "type": "mapgen",
    "method": "json",
    "nested_mapgen_id": "breach_chunk_sewage",
    "object": {
      "mapgensize": [ 12, 12 ],
      "rotation": [ 0, 3 ],
      "rows": [
        "   ______   ",
        "  _~~~~~~_  ",
        " _~------~_ ",
        "_~--------~_",
        "_~--------~_",
        "_~--------~_",
        "_~--------~_",
        "_~--------~_",
        "_~--------~_",
        " _~------~_ ",
        "  _~~~~~~_  ",
        "   ______   "
      ],
      "palettes": [ "breach" ],
      "terrain": { "-": "t_sewage", "~": [ "t_rock_floor", "t_sewage" ] },
      "set": [ { "square": "radiation", "amount": [ 10, 20 ], "x": 1, "y": 1, "x2": 11, "y2": 11 } ]
    }
  },
  {
    "type": "mapgen",
    "method": "json",
    "nested_mapgen_id": "breach_chunk_dumpshack",
    "object": {
      "mapgensize": [ 9, 9 ],
      "rotation": [ 0, 3 ],
      "rows": [
        "|||||||||",
        "|ccccccc|",
        "|'''''''|",
        "|'''''''|",
        "|'''''''|",
        "|'''''''|",
        "|'''''''|",
        "|'''''''|",
        "||||+||||"
      ],
      "palettes": [ "breach" ],
      "terrain": { "'": "t_floor", "c": "t_floor", "|": "t_wall", "+": "t_door_locked" },
      "furniture": { "c": "f_counter" },
      "place_loot": [
        { "group": "toxic_dump_equipment", "x": [ 1, 8 ], "y": 1, "chance": 80, "repeat": 3 },
        { "item": "id_military", "x": [ 3, 5 ], "y": [ 3, 5 ] }
      ]
    }
  },
  {
    "type": "mapgen",
    "method": "json",
    "nested_mapgen_id": "breach_chunk_embark",
    "object": {
      "mapgensize": [ 20, 20 ],
      "rotation": [ 0, 3 ],
      "rows": [
        "                    ",
        "                    ",
        "                    ",
        "                    ",
        "                    ",
        "                    ",
        "                    ",
        "                    ",
        "                    ",
        "                    ",
        "                    ",
        "                    ",
        "                    ",
        "                    ",
        "                    ",
        "                    ",
        "                    ",
        "                    ",
        "                    ",
        "                    "
      ],
      "palettes": [ "breach" ],
      "place_items": [ { "item": "cavern_shrine", "x": [ 0, 19 ], "y": [ 0, 19 ], "chance": 100, "repeat": 7 } ],
      "place_vehicles": [ { "vehicle": "embark_wagon", "x": 10, "y": 10, "rotation": 90 } ]
    }
  },
  {
    "type": "mapgen",
    "method": "json",
    "nested_mapgen_id": "breach_spawn_standard",
    "object": {
      "mapgensize": [ 5, 5 ],
      "place_nested": [
        {
          "chunks": [
            [ "breach_spawn_rats", 150 ],
            [ "breach_spawn_bats", 125 ],
            [ "breach_spawn_bears", 100 ],
            [ "breach_spawn_cougars", 25 ],
            [ "breach_spawn_mole", 25 ],
            [ "breach_spawn_chud", 100 ],
            [ "breach_spawn_eye", 50 ],
            [ "breach_spawn_crawler", 50 ],
            [ "breach_spawn_sludge", 25 ],
            [ "breach_spawn_snakes", 100 ],
            [ "breach_spawn_birbs", 25 ],
            [ "breach_spawn_gators", 50 ],
            [ "breach_spawn_wyrms", 50 ],
            [ "breach_spawn_drr_drr", 25 ]
          ],
          "x": 0,
          "y": 0
        }
      ]
    }
  },
  {
    "type": "mapgen",
    "method": "json",
    "nested_mapgen_id": "breach_spawn_water",
    "object": {
      "mapgensize": [ 5, 5 ],
      "place_nested": [
        {
          "chunks": [
            [ "breach_spawn_lobster", 500 ],
            [ "breach_spawn_blinky", 50 ],
            [ "breach_spawn_carp", 150 ],
            [ "breach_spawn_fish", 150 ],
            [ "breach_spawn_gators", 75 ],
            [ "breach_spawn_frogs", 50 ],
            [ "breach_spawn_sharks", 25 ]
          ],
          "x": 0,
          "y": 0
        }
      ]
    }
  },
  {
    "type": "mapgen",
    "method": "json",
    "nested_mapgen_id": "breach_spawn_spiral",
    "object": {
      "mapgensize": [ 5, 5 ],
      "place_nested": [
        {
          "chunks": [ [ "breach_spawn_shelly", 500 ], [ "breach_spawn_twisted", 300 ], [ "breach_spawn_vortices", 200 ] ],
          "x": 0,
          "y": 0
        }
      ]
    }
  },
  {
    "type": "mapgen",
    "method": "json",
    "nested_mapgen_id": "breach_spawn_rats",
    "object": {
      "mapgensize": [ 5, 5 ],
      "place_monster": [ { "monster": "mon_sewer_rat", "x": [ 0, 4 ], "y": [ 0, 4 ], "repeat": [ 1, 10 ] } ]
    }
  },
  {
    "type": "mapgen",
    "method": "json",
    "nested_mapgen_id": "breach_spawn_mole",
    "object": { "mapgensize": [ 5, 5 ], "place_monster": [ { "monster": "mon_nakedmolerat_giant", "x": [ 0, 4 ], "y": [ 0, 4 ] } ] }
  },
  {
    "type": "mapgen",
    "method": "json",
    "nested_mapgen_id": "breach_spawn_bats",
    "object": {
      "mapgensize": [ 5, 5 ],
      "place_monster": [ { "monster": "mon_bat", "x": [ 0, 4 ], "y": [ 0, 4 ], "repeat": [ 5, 15 ] } ]
    }
  },
  {
    "type": "mapgen",
    "method": "json",
    "nested_mapgen_id": "breach_spawn_cougars",
    "object": {
      "mapgensize": [ 5, 5 ],
      "place_monster": [ { "monster": "mon_cougar", "x": [ 0, 4 ], "y": [ 0, 4 ], "repeat": [ 1, 4 ] } ]
    }
  },
  {
    "type": "mapgen",
    "method": "json",
    "nested_mapgen_id": "breach_spawn_bears",
    "object": {
      "mapgensize": [ 5, 5 ],
      "place_monster": [ { "monster": "mon_bear", "x": [ 0, 4 ], "y": [ 0, 4 ], "repeat": [ 1, 3 ] } ]
    }
  },
  {
    "type": "mapgen",
    "method": "json",
    "nested_mapgen_id": "breach_spawn_snakes",
    "object": {
      "mapgensize": [ 5, 5 ],
      "place_monster": [ { "monster": "mon_sewer_snake", "x": [ 0, 4 ], "y": [ 0, 4 ], "repeat": [ 2, 6 ] } ]
    }
  },
  {
    "type": "mapgen",
    "method": "json",
    "nested_mapgen_id": "breach_spawn_birbs",
    "object": {
      "mapgensize": [ 5, 5 ],
      "place_monster": [ { "monster": "mon_albino_penguin", "x": [ 0, 4 ], "y": [ 0, 4 ], "repeat": [ 3, 9 ] } ]
    }
  },
  {
    "type": "mapgen",
    "method": "json",
    "nested_mapgen_id": "breach_spawn_gators",
    "object": {
      "mapgensize": [ 5, 5 ],
      "place_monster": [ { "monster": "mon_gator", "x": [ 0, 4 ], "y": [ 0, 4 ], "repeat": [ 1, 3 ] } ]
    }
  },
  {
    "type": "mapgen",
    "method": "json",
    "nested_mapgen_id": "breach_spawn_wyrms",
    "object": {
      "mapgensize": [ 5, 5 ],
      "place_monster": [ { "monster": "mon_dark_wyrm", "x": [ 0, 4 ], "y": [ 0, 4 ], "repeat": [ 1, 2 ] } ]
    }
  },
  {
    "type": "mapgen",
    "method": "json",
    "nested_mapgen_id": "breach_spawn_chud",
    "object": {
      "mapgensize": [ 5, 5 ],
      "place_monster": [ { "monster": "mon_chud", "x": [ 0, 4 ], "y": [ 0, 4 ], "repeat": [ 1, 4 ] } ]
    }
  },
  {
    "type": "mapgen",
    "method": "json",
    "nested_mapgen_id": "breach_spawn_eye",
    "object": {
      "mapgensize": [ 5, 5 ],
      "place_monster": [ { "monster": "mon_one_eye", "x": [ 0, 4 ], "y": [ 0, 4 ], "repeat": [ 1, 3 ] } ]
    }
  },
  {
    "type": "mapgen",
    "method": "json",
    "nested_mapgen_id": "breach_spawn_crawler",
    "object": {
      "mapgensize": [ 5, 5 ],
      "place_monster": [ { "monster": "mon_crawler", "x": [ 0, 4 ], "y": [ 0, 4 ], "repeat": [ 1, 2 ] } ]
    }
  },
  {
    "type": "mapgen",
    "method": "json",
    "nested_mapgen_id": "breach_spawn_sludge",
    "object": { "mapgensize": [ 5, 5 ], "place_monster": [ { "monster": "mon_sludge_crawler", "x": [ 0, 4 ], "y": [ 0, 4 ] } ] }
  },
  {
    "type": "mapgen",
    "method": "json",
    "nested_mapgen_id": "breach_spawn_drr_drr",
    "object": { "mapgensize": [ 5, 5 ], "place_monster": [ { "monster": "mon_amigara_horror", "x": [ 0, 4 ], "y": [ 0, 4 ] } ] }
  },
  {
    "type": "mapgen",
    "method": "json",
    "nested_mapgen_id": "breach_spawn_lobster",
    "object": {
      "mapgensize": [ 5, 5 ],
      "place_monster": [ { "monster": "mon_fish_lobster", "x": [ 0, 4 ], "y": [ 0, 4 ], "repeat": [ 1, 7 ] } ]
    }
  },
  {
    "type": "mapgen",
    "method": "json",
    "nested_mapgen_id": "breach_spawn_blinky",
    "object": {
      "mapgensize": [ 5, 5 ],
      "place_monster": [ { "monster": "mon_fish_blinky", "x": [ 0, 4 ], "y": [ 0, 4 ], "repeat": [ 1, 3 ] } ]
    }
  },
  {
    "type": "mapgen",
    "method": "json",
    "nested_mapgen_id": "breach_spawn_carp",
    "object": {
      "mapgensize": [ 5, 5 ],
      "place_monster": [
        { "monster": "mon_fish_carp", "x": [ 0, 4 ], "y": [ 0, 4 ], "repeat": [ 1, 4 ] },
        { "monster": "mon_mutant_carp", "x": [ 0, 4 ], "y": [ 0, 4 ], "chance": 25, "repeat": [ 1, 2 ] }
      ]
    }
  },
  {
    "type": "mapgen",
    "method": "json",
    "nested_mapgen_id": "breach_spawn_fish",
    "object": {
      "mapgensize": [ 5, 5 ],
      "place_monster": [ { "monster": "mon_sewer_fish", "x": [ 0, 4 ], "y": [ 0, 4 ], "repeat": [ 4, 8 ] } ]
    }
  },
  {
    "type": "mapgen",
    "method": "json",
    "nested_mapgen_id": "breach_spawn_frogs",
    "object": {
      "mapgensize": [ 5, 5 ],
      "place_monster": [ { "monster": "mon_frog_giant", "x": [ 0, 4 ], "y": [ 0, 4 ], "repeat": [ 1, 3 ] } ]
    }
  },
  {
    "type": "mapgen",
    "method": "json",
    "nested_mapgen_id": "breach_spawn_sharks",
    "object": {
      "mapgensize": [ 5, 5 ],
      "place_monster": [ { "monster": "mon_zhark", "x": [ 0, 4 ], "y": [ 0, 4 ], "repeat": [ 1, 3 ] } ]
    }
  },
  {
    "type": "mapgen",
    "method": "json",
    "nested_mapgen_id": "breach_spawn_shelly",
    "object": {
      "mapgensize": [ 5, 5 ],
      "place_monster": [ { "monster": "mon_human_snail", "x": [ 0, 4 ], "y": [ 0, 4 ], "repeat": [ 1, 2 ] } ]
    }
  },
  {
    "type": "mapgen",
    "method": "json",
    "nested_mapgen_id": "breach_spawn_twisted",
    "object": {
      "mapgensize": [ 5, 5 ],
      "place_monster": [ { "monster": "mon_twisted_body", "x": [ 0, 4 ], "y": [ 0, 4 ], "repeat": [ 1, 4 ] } ]
    }
  },
  {
    "type": "mapgen",
    "method": "json",
    "nested_mapgen_id": "breach_spawn_vortices",
    "object": {
      "mapgensize": [ 5, 5 ],
      "place_monster": [ { "monster": "mon_vortex", "x": [ 0, 4 ], "y": [ 0, 4 ], "repeat": [ 1, 3 ] } ]
    }
  },
  {
    "type": "mapgen",
    "method": "json",
    "nested_mapgen_id": "breach_finale_1_door",
    "object": { "mapgensize": [ 1, 1 ], "rows": [ "+" ], "terrain": { "+": "t_door_c" } }
  },
  {
    "type": "mapgen",
    "method": "json",
    "nested_mapgen_id": "breach_finale_doot_rads",
    "object": { "mapgensize": [ 4, 4 ], "set": [ { "square": "radiation", "amount": [ 20, 40 ], "x": 0, "y": 0, "x2": 3, "y2": 3 } ] }
  },
  {
    "type": "mapgen",
    "method": "json",
    "nested_mapgen_id": "breach_spawn_doot_single_demon",
    "//": "Mi-go in vanilla, potentially replaced by demon if combined with PK.",
    "weight": 1,
    "object": { "mapgensize": [ 1, 1 ], "place_monster": [ { "monster": "mon_mi_go", "x": 0, "y": 0 } ] }
  },
  {
    "type": "mapgen",
    "method": "json",
    "nested_mapgen_id": "breach_spawn_doot_multiple_demons",
    "//": "Mi-gos in vanilla, potentially replaced by demons if combined with PK.",
    "weight": 1,
    "object": {
      "mapgensize": [ 5, 5 ],
      "place_monster": [ { "monster": "mon_mi_go", "x": [ 0, 4 ], "y": [ 0, 4 ], "repeat": [ 6, 12 ] } ]
    }
  },
  {
    "type": "mapgen",
    "method": "json",
    "nested_mapgen_id": "breach_spawn_doot_pair_spectres",
    "//": "Shady zombies in vanilla, potentially replaced by spectres if combined with PK.",
    "weight": 1,
    "object": {
      "mapgensize": [ 2, 2 ],
      "place_monster": [ { "monster": "mon_zombie_shady", "x": [ 0, 1 ], "y": [ 0, 1 ], "repeat": [ 2, 3 ] } ]
    }
  },
  {
    "type": "mapgen",
    "method": "json",
    "nested_mapgen_id": "breach_spawn_doot_baron",
    "//": "Shocker brute in vanilla, potentially replaced by baron of hell if combined with PK.",
    "weight": 1,
    "object": { "mapgensize": [ 1, 1 ], "place_monster": [ { "monster": "mon_zombie_brute_shocker", "x": 0, "y": 0 } ] }
  },
  {
    "type": "mapgen",
    "method": "json",
    "nested_mapgen_id": "breach_spawn_doot_imp_surprise",
    "//": "Krecks in vanilla, potentially replaced by imps if combined with PK.",
    "weight": 1,
    "object": {
      "mapgensize": [ 2, 2 ],
      "place_monster": [ { "monster": "mon_kreck", "x": [ 0, 1 ], "y": [ 0, 1 ], "repeat": [ 2, 3 ] } ]
    }
  }
]
