[
  {
    "type": "mod_tileset",
    "compatibility": [
      "Chibi_Ultica",
      "UltimateCataclysm",
      "MshockXottoplus",
      "UNDEAD_PEOPLE",
      "UNDEAD_PEOPLE_BASE",
      "UNDEAD_PEOPLE_LEGACY",
      "UlticaShell",
      "MshockXottoplus12",
      "MSX++DEAD_PEOPLE",
      "MXplus12_for_cosmetics",
      "MSXotto+"
    ],
    "tiles-new": [
      {
        "file": "Dorf_Life_normal.png",
        "tiles": [
          { "id": "bg_stone_floor", "fg": 1, "rotates": false },
          { "id": "bg_stone_floor_center", "fg": 2, "rotates": false },
          {
            "id": "t_breach_concrete_fake_c",
            "fg": 3,
            "rotates": false,
            "multitile": true,
            "additional_tiles": [
              { "id": "center", "fg": 4 },
              { "id": "corner", "fg": [ 5, 6, 7, 8 ] },
              { "id": "t_connection", "fg": [ 15, 16, 17, 18 ] },
              { "id": "edge", "fg": [ 9, 10 ] },
              { "id": "end_piece", "fg": [ 11, 12, 13, 14 ] },
              { "id": "unconnected", "fg": 19 }
            ]
          },
          { "id": "t_breach_concrete_fake_o", "fg": 20, "bg": 39, "rotates": false },
          { "id": "t_breach_lever", "fg": 21, "bg": 39, "rotates": false },
          {
            "id": "t_breach_stone_fake",
            "fg": 22,
            "rotates": false,
            "multitile": true,
            "additional_tiles": [
              { "id": "center", "fg": 23 },
              { "id": "corner", "fg": [ 24, 25, 26, 27 ] },
              { "id": "t_connection", "fg": [ 34, 35, 36, 37 ] },
              { "id": "edge", "fg": [ 28, 29 ] },
              { "id": "end_piece", "fg": [ 30, 31, 32, 33 ] },
              { "id": "unconnected", "fg": 38 }
            ]
          },
          { "id": "t_breach_stone_fake_lowered", "fg": 39, "rotates": false },
          {
            "id": "t_cave_moss",
            "fg": 40,
            "rotates": false,
            "multitile": true,
            "additional_tiles": [
              { "id": "center", "fg": 41, "bg": 2 },
              { "id": "corner", "fg": [ 42, 43, 44, 45 ], "bg": 1 },
              { "id": "t_connection", "fg": [ 52, 53, 54, 55 ], "bg": 1 },
              { "id": "edge", "fg": [ 46, 47 ], "bg": 1 },
              { "id": "end_piece", "fg": [ 48, 49, 50, 51 ], "bg": 1 },
              { "id": "unconnected", "fg": 56, "bg": 1 }
            ]
          },
          { "id": "t_shrub_bush_quarry", "fg": 57, "bg": 1, "rotates": false },
          { "id": "t_shrub_bush_quarry_season_autumn", "fg": 58, "bg": 1, "rotates": false },
          { "id": "t_shrub_bush_quarry_season_spring", "fg": 59, "bg": 1, "rotates": false },
          { "id": "t_shrub_bush_quarry_season_summer", "fg": 60, "bg": 1, "rotates": false },
          { "id": "t_shrub_bush_quarry_season_winter", "fg": 61, "bg": 1, "rotates": false },
          { "id": "t_shrub_bush_quarry_harvested", "fg": 62, "bg": 1, "rotates": false },
          { "id": "t_shrub_helmet_plump", "fg": 63, "bg": 1, "rotates": false },
          { "id": "t_shrub_helmet_plump_harvested", "fg": 64, "bg": 1, "rotates": false },
          { "id": "t_shrub_pod_sweet", "fg": 65, "bg": 1, "rotates": false },
          { "id": "t_shrub_pod_sweet_season_autumn", "fg": 66, "bg": 1, "rotates": false },
          { "id": "t_shrub_pod_sweet_season_spring", "fg": 67, "bg": 1, "rotates": false },
          { "id": "t_shrub_pod_sweet_season_summer", "fg": 68, "bg": 1, "rotates": false },
          { "id": "t_shrub_pod_sweet_season_winter", "fg": 69, "bg": 1, "rotates": false },
          { "id": "t_shrub_pod_sweet_harvested", "fg": 70, "bg": 1, "rotates": false },
          { "id": "t_shrub_tails_pig", "fg": 71, "bg": 1, "rotates": false },
          { "id": "t_shrub_tails_pig_season_autumn", "fg": 72, "bg": 1, "rotates": false },
          { "id": "t_shrub_tails_pig_season_spring", "fg": 73, "bg": 1, "rotates": false },
          { "id": "t_shrub_tails_pig_season_summer", "fg": 74, "bg": 1, "rotates": false },
          { "id": "t_shrub_tails_pig_season_winter", "fg": 75, "bg": 1, "rotates": false },
          { "id": "t_shrub_tails_pig_harvested", "fg": 76, "bg": 1, "rotates": false },
          { "id": "t_shrub_wheat_cave", "fg": 77, "bg": 1, "rotates": false },
          { "id": "t_shrub_wheat_cave_season_autumn", "fg": 78, "bg": 1, "rotates": false },
          { "id": "t_shrub_wheat_cave_season_spring", "fg": 79, "bg": 1, "rotates": false },
          { "id": "t_shrub_wheat_cave_season_summer", "fg": 80, "bg": 1, "rotates": false },
          { "id": "t_shrub_wheat_cave_season_winter", "fg": 81, "bg": 1, "rotates": false },
          { "id": "t_shrub_wheat_cave_harvested", "fg": 82, "bg": 1, "rotates": false },
          { "id": "caveyot_bush_quarry", "fg": 83, "rotates": false },
          { "id": "overlay_wielded_caveyot_bush_quarry", "fg": 83, "rotates": false },
          { "id": "caveyot_bush_quarry_cooked", "fg": 84, "rotates": false },
          { "id": "overlay_wielded_caveyot_bush_quarry_cooked", "fg": 84, "rotates": false },
          { "id": "caveyot_helmet_plump", "fg": 85, "rotates": false },
          { "id": "overlay_wielded_caveyot_helmet_plump", "fg": 85, "rotates": false },
          { "id": "caveyot_helmet_plump_cooked", "fg": 86, "rotates": false },
          { "id": "overlay_wielded_caveyot_helmet_plump_cooked", "fg": 86, "rotates": false },
          { "id": "caveyot_pod_sweet", "fg": 87, "rotates": false },
          { "id": "overlay_wielded_caveyot_pod_sweet", "fg": 87, "rotates": false },
          { "id": "caveyot_tails_pig", "fg": 88, "rotates": false },
          { "id": "overlay_wielded_caveyot_tails_pig", "fg": 88, "rotates": false },
          { "id": "caveyot_wheat_cave", "fg": 89, "rotates": false },
          { "id": "overlay_wielded_caveyot_wheat_cave", "fg": 89, "rotates": false }
        ],
        "//": "range 1 to 96",
        "sprite_width": 32,
        "sprite_height": 32,
        "sprite_offset_x": 0,
        "sprite_offset_y": 0
      }
    ]
  }
]
