[
  {
    "type": "overmap_special",
    "id": "Sewer Cave 3x3",
    "overmaps": [
      { "point": [ 0, 0, -1 ], "overmap": "breach_corner_north" },
      { "point": [ 1, 0, -1 ], "overmap": "breach_pocket_north" },
      { "point": [ 2, 0, -1 ], "overmap": "breach_corner_east" },
      { "point": [ 0, 1, -1 ], "overmap": "breach_edge_west" },
      { "point": [ 1, 1, -1 ], "overmap": "breach_center_north" },
      { "point": [ 2, 1, -1 ], "overmap": "breach_edge_east" },
      { "point": [ 0, 2, -1 ], "overmap": "breach_corner_west" },
      { "point": [ 1, 2, -1 ], "overmap": "breach_edge_south" },
      { "point": [ 2, 2, -1 ], "overmap": "breach_corner_south" }
    ],
    "connections": [ { "point": [ 1, -1, -1 ], "terrain": "sewer", "connection": "sewer_tunnel", "from": [ 1, 0, -1 ] } ],
    "locations": [ "land" ],
    "city_distance": [ -1, 4 ],
    "city_sizes": [ 4, 20 ],
    "occurrences": [ 0, 10 ],
    "flags": [ "CLASSIC", "URBAN" ]
  },
  {
    "type": "overmap_special",
    "id": "Sewer Cave 4x3",
    "overmaps": [
      { "point": [ 0, 0, -1 ], "overmap": "breach_corner_north" },
      { "point": [ 1, 0, -1 ], "overmap": "breach_pocket_north" },
      { "point": [ 2, 0, -1 ], "overmap": "breach_edge_north" },
      { "point": [ 3, 0, -1 ], "overmap": "breach_corner_east" },
      { "point": [ 0, 1, -1 ], "overmap": "breach_edge_west" },
      { "point": [ 1, 1, -1 ], "overmap": "breach_center_north" },
      { "point": [ 2, 1, -1 ], "overmap": "breach_center_north" },
      { "point": [ 3, 1, -1 ], "overmap": "breach_edge_east" },
      { "point": [ 0, 2, -1 ], "overmap": "breach_corner_west" },
      { "point": [ 1, 2, -1 ], "overmap": "breach_edge_south" },
      { "point": [ 2, 2, -1 ], "overmap": "breach_edge_south" },
      { "point": [ 3, 2, -1 ], "overmap": "breach_corner_south" }
    ],
    "connections": [ { "point": [ 1, -1, -1 ], "terrain": "sewer", "connection": "sewer_tunnel", "from": [ 1, 0, -1 ] } ],
    "locations": [ "land" ],
    "city_distance": [ -1, 4 ],
    "city_sizes": [ 4, 20 ],
    "occurrences": [ 0, 10 ],
    "flags": [ "CLASSIC", "URBAN" ]
  },
  {
    "type": "overmap_special",
    "id": "Sewer Cave 4x4",
    "overmaps": [
      { "point": [ 0, 0, -1 ], "overmap": "breach_corner_north" },
      { "point": [ 1, 0, -1 ], "overmap": "breach_pocket_north" },
      { "point": [ 2, 0, -1 ], "overmap": "breach_edge_north" },
      { "point": [ 3, 0, -1 ], "overmap": "breach_corner_east" },
      { "point": [ 0, 1, -1 ], "overmap": "breach_edge_west" },
      { "point": [ 1, 1, -1 ], "overmap": "breach_center_north" },
      { "point": [ 2, 1, -1 ], "overmap": "breach_center_north" },
      { "point": [ 3, 1, -1 ], "overmap": "breach_edge_east" },
      { "point": [ 0, 2, -1 ], "overmap": "breach_edge_west" },
      { "point": [ 1, 2, -1 ], "overmap": "breach_center_north" },
      { "point": [ 2, 2, -1 ], "overmap": "breach_center_north" },
      { "point": [ 3, 2, -1 ], "overmap": "breach_edge_east" },
      { "point": [ 0, 3, -1 ], "overmap": "breach_corner_west" },
      { "point": [ 1, 3, -1 ], "overmap": "breach_edge_south" },
      { "point": [ 2, 3, -1 ], "overmap": "breach_edge_south" },
      { "point": [ 3, 3, -1 ], "overmap": "breach_corner_south" }
    ],
    "connections": [ { "point": [ 1, -1, -1 ], "terrain": "sewer", "connection": "sewer_tunnel", "from": [ 1, 0, -1 ] } ],
    "locations": [ "land" ],
    "city_distance": [ -1, 4 ],
    "city_sizes": [ 4, 20 ],
    "occurrences": [ 0, 10 ],
    "flags": [ "CLASSIC", "URBAN" ]
  },
  {
    "type": "overmap_special",
    "id": "Underground Cave 3x3",
    "//": "NW uses north, NE uses east, SW uses west, SE uses south.",
    "overmaps": [
      { "point": [ 1, 0, -2 ], "overmap": "breach_entry_north" },
      { "point": [ 0, 0, -3 ], "overmap": "breach_corner_north" },
      { "point": [ 1, 0, -3 ], "overmap": "breach_up_north" },
      { "point": [ 2, 0, -3 ], "overmap": "breach_corner_east" },
      { "point": [ 0, 1, -3 ], "overmap": "breach_edge_west" },
      { "point": [ 1, 1, -3 ], "overmap": "breach_center_north" },
      { "point": [ 2, 1, -3 ], "overmap": "breach_down_east" },
      { "point": [ 0, 2, -3 ], "overmap": "breach_corner_west" },
      { "point": [ 1, 2, -3 ], "overmap": "breach_edge_south" },
      { "point": [ 2, 2, -3 ], "overmap": "breach_corner_south" },
      { "point": [ 0, 0, -4 ], "overmap": "breach_corner_north" },
      { "point": [ 1, 0, -4 ], "overmap": "breach_edge_north" },
      { "point": [ 2, 0, -4 ], "overmap": "breach_corner_east" },
      { "point": [ 0, 1, -4 ], "overmap": "breach_edge_west" },
      { "point": [ 1, 1, -4 ], "overmap": "breach_center_north" },
      { "point": [ 2, 1, -4 ], "overmap": "breach_up_east" },
      { "point": [ 0, 2, -4 ], "overmap": "breach_corner_west" },
      { "point": [ 1, 2, -4 ], "overmap": "breach_down_south" },
      { "point": [ 2, 2, -4 ], "overmap": "breach_corner_south" },
      { "point": [ 0, 0, -5 ], "overmap": "breach_corner_north" },
      { "point": [ 1, 0, -5 ], "overmap": "breach_edge_north" },
      { "point": [ 2, 0, -5 ], "overmap": "breach_corner_east" },
      { "point": [ 0, 1, -5 ], "overmap": "breach_down_west" },
      { "point": [ 1, 1, -5 ], "overmap": "breach_center_north" },
      { "point": [ 2, 1, -5 ], "overmap": "breach_edge_east" },
      { "point": [ 0, 2, -5 ], "overmap": "breach_corner_west" },
      { "point": [ 1, 2, -5 ], "overmap": "breach_up_south" },
      { "point": [ 2, 2, -5 ], "overmap": "breach_corner_south" },
      { "point": [ 0, 0, -6 ], "overmap": "breach_corner_north" },
      { "point": [ 1, 0, -6 ], "overmap": "breach_down_north" },
      { "point": [ 2, 0, -6 ], "overmap": "breach_corner_east" },
      { "point": [ 0, 1, -6 ], "overmap": "breach_up_west" },
      { "point": [ 1, 1, -6 ], "overmap": "breach_center_north" },
      { "point": [ 2, 1, -6 ], "overmap": "breach_edge_east" },
      { "point": [ 0, 2, -6 ], "overmap": "breach_corner_west" },
      { "point": [ 1, 2, -6 ], "overmap": "breach_edge_south" },
      { "point": [ 2, 2, -6 ], "overmap": "breach_corner_south" },
      { "point": [ 0, 0, -7 ], "overmap": "breach_corner_north" },
      { "point": [ 1, 0, -7 ], "overmap": "breach_finale_1_east" },
      { "point": [ 2, 0, -7 ], "overmap": "breach_corner_east" },
      { "point": [ 0, 1, -7 ], "overmap": "breach_edge_west" },
      { "point": [ 1, 1, -7 ], "overmap": "breach_finale_2_east" },
      { "point": [ 2, 1, -7 ], "overmap": "breach_edge_east" },
      { "point": [ 0, 2, -7 ], "overmap": "breach_corner_west" },
      { "point": [ 1, 2, -7 ], "overmap": "breach_finale_3_east" },
      { "point": [ 2, 2, -7 ], "overmap": "breach_corner_south" }
    ],
    "connections": [
      { "point": [ 0, 1, -2 ], "terrain": "subway" },
      { "point": [ 1, 1, -2 ], "terrain": "subway" },
      { "point": [ 2, 1, -2 ], "terrain": "subway" }
    ],
    "locations": [ "land" ],
    "city_distance": [ -1, 4 ],
    "city_sizes": [ 6, 20 ],
    "occurrences": [ 0, 10 ],
    "flags": [ "CLASSIC", "URBAN" ]
  },
  {
    "type": "overmap_special",
    "id": "Underground Cave 4x3",
    "//": "NW uses north, NE uses east, SW uses west, SE uses south.",
    "overmaps": [
      { "point": [ 1, 0, -2 ], "overmap": "breach_entry_north" },
      { "point": [ 0, 0, -3 ], "overmap": "breach_corner_north" },
      { "point": [ 1, 0, -3 ], "overmap": "breach_up_north" },
      { "point": [ 2, 0, -3 ], "overmap": "breach_edge_north" },
      { "point": [ 3, 0, -3 ], "overmap": "breach_corner_east" },
      { "point": [ 0, 1, -3 ], "overmap": "breach_down_west" },
      { "point": [ 1, 1, -3 ], "overmap": "breach_center_north" },
      { "point": [ 2, 1, -3 ], "overmap": "breach_center_north" },
      { "point": [ 3, 1, -3 ], "overmap": "breach_edge_east" },
      { "point": [ 0, 2, -3 ], "overmap": "breach_corner_west" },
      { "point": [ 1, 2, -3 ], "overmap": "breach_edge_south" },
      { "point": [ 2, 2, -3 ], "overmap": "breach_edge_south" },
      { "point": [ 3, 2, -3 ], "overmap": "breach_corner_south" },
      { "point": [ 0, 0, -4 ], "overmap": "breach_corner_north" },
      { "point": [ 1, 0, -4 ], "overmap": "breach_edge_north" },
      { "point": [ 2, 0, -4 ], "overmap": "breach_edge_north" },
      { "point": [ 3, 0, -4 ], "overmap": "breach_corner_east" },
      { "point": [ 0, 1, -4 ], "overmap": "breach_up_west" },
      { "point": [ 1, 1, -4 ], "overmap": "breach_center_north" },
      { "point": [ 2, 1, -4 ], "overmap": "breach_center_north" },
      { "point": [ 3, 1, -4 ], "overmap": "breach_edge_east" },
      { "point": [ 0, 2, -4 ], "overmap": "breach_corner_west" },
      { "point": [ 1, 2, -4 ], "overmap": "breach_edge_south" },
      { "point": [ 2, 2, -4 ], "overmap": "breach_down_south" },
      { "point": [ 3, 2, -4 ], "overmap": "breach_corner_south" },
      { "point": [ 0, 0, -5 ], "overmap": "breach_corner_north" },
      { "point": [ 1, 0, -5 ], "overmap": "breach_edge_north" },
      { "point": [ 2, 0, -5 ], "overmap": "breach_edge_north" },
      { "point": [ 3, 0, -5 ], "overmap": "breach_corner_east" },
      { "point": [ 0, 1, -5 ], "overmap": "breach_edge_west" },
      { "point": [ 1, 1, -5 ], "overmap": "breach_center_north" },
      { "point": [ 2, 1, -5 ], "overmap": "breach_center_north" },
      { "point": [ 3, 1, -5 ], "overmap": "breach_down_east" },
      { "point": [ 0, 2, -5 ], "overmap": "breach_corner_west" },
      { "point": [ 1, 2, -5 ], "overmap": "breach_edge_south" },
      { "point": [ 2, 2, -5 ], "overmap": "breach_up_south" },
      { "point": [ 3, 2, -5 ], "overmap": "breach_corner_south" },
      { "point": [ 0, 0, -6 ], "overmap": "breach_corner_north" },
      { "point": [ 1, 0, -6 ], "overmap": "breach_down_north" },
      { "point": [ 2, 0, -6 ], "overmap": "breach_edge_north" },
      { "point": [ 3, 0, -6 ], "overmap": "breach_corner_east" },
      { "point": [ 0, 1, -6 ], "overmap": "breach_edge_west" },
      { "point": [ 1, 1, -6 ], "overmap": "breach_center_north" },
      { "point": [ 2, 1, -6 ], "overmap": "breach_center_north" },
      { "point": [ 3, 1, -6 ], "overmap": "breach_up_east" },
      { "point": [ 0, 2, -6 ], "overmap": "breach_corner_west" },
      { "point": [ 1, 2, -6 ], "overmap": "breach_edge_south" },
      { "point": [ 2, 2, -6 ], "overmap": "breach_edge_south" },
      { "point": [ 3, 2, -6 ], "overmap": "breach_corner_south" },
      { "point": [ 0, 0, -7 ], "overmap": "breach_corner_north" },
      { "point": [ 1, 0, -7 ], "overmap": "breach_finale_4_north" },
      { "point": [ 2, 0, -7 ], "overmap": "breach_finale_5_north" },
      { "point": [ 3, 0, -7 ], "overmap": "breach_corner_east" },
      { "point": [ 0, 1, -7 ], "overmap": "breach_edge_west" },
      { "point": [ 1, 1, -7 ], "overmap": "breach_finale_6_north" },
      { "point": [ 2, 1, -7 ], "overmap": "breach_finale_7_north" },
      { "point": [ 3, 1, -7 ], "overmap": "breach_edge_east" },
      { "point": [ 0, 2, -7 ], "overmap": "breach_corner_west" },
      { "point": [ 1, 2, -7 ], "overmap": "breach_finale_8_north" },
      { "point": [ 2, 2, -7 ], "overmap": "breach_finale_9_north" },
      { "point": [ 3, 2, -7 ], "overmap": "breach_corner_south" }
    ],
    "connections": [
      { "point": [ 0, 1, -2 ], "terrain": "subway" },
      { "point": [ 1, 1, -2 ], "terrain": "subway" },
      { "point": [ 2, 1, -2 ], "terrain": "subway" }
    ],
    "locations": [ "land" ],
    "city_distance": [ -1, 4 ],
    "city_sizes": [ 6, 20 ],
    "occurrences": [ 0, 10 ],
    "flags": [ "CLASSIC", "URBAN" ]
  },
  {
    "type": "overmap_special",
    "id": "Underground Cave 4x4",
    "//": "NW uses north, NE uses east, SW uses west, SE uses south.",
    "overmaps": [
      { "point": [ 1, 0, -2 ], "overmap": "breach_entry_north" },
      { "point": [ 0, 0, -3 ], "overmap": "breach_corner_north" },
      { "point": [ 1, 0, -3 ], "overmap": "breach_up_north" },
      { "point": [ 2, 0, -3 ], "overmap": "breach_edge_north" },
      { "point": [ 3, 0, -3 ], "overmap": "breach_corner_east" },
      { "point": [ 0, 1, -3 ], "overmap": "breach_edge_west" },
      { "point": [ 1, 1, -3 ], "overmap": "breach_center_north" },
      { "point": [ 2, 1, -3 ], "overmap": "breach_center_north" },
      { "point": [ 3, 1, -3 ], "overmap": "breach_edge_east" },
      { "point": [ 0, 2, -3 ], "overmap": "breach_edge_west" },
      { "point": [ 1, 2, -3 ], "overmap": "breach_center_north" },
      { "point": [ 2, 2, -3 ], "overmap": "breach_center_north" },
      { "point": [ 3, 2, -3 ], "overmap": "breach_down_east" },
      { "point": [ 0, 3, -3 ], "overmap": "breach_corner_west" },
      { "point": [ 1, 3, -3 ], "overmap": "breach_edge_south" },
      { "point": [ 2, 3, -3 ], "overmap": "breach_edge_south" },
      { "point": [ 3, 3, -3 ], "overmap": "breach_corner_south" },
      { "point": [ 0, 0, -4 ], "overmap": "breach_corner_north" },
      { "point": [ 1, 0, -4 ], "overmap": "breach_edge_north" },
      { "point": [ 2, 0, -4 ], "overmap": "breach_edge_north" },
      { "point": [ 3, 0, -4 ], "overmap": "breach_corner_east" },
      { "point": [ 0, 1, -4 ], "overmap": "breach_edge_west" },
      { "point": [ 1, 1, -4 ], "overmap": "breach_center_north" },
      { "point": [ 2, 1, -4 ], "overmap": "breach_center_north" },
      { "point": [ 3, 1, -4 ], "overmap": "breach_edge_east" },
      { "point": [ 0, 2, -4 ], "overmap": "breach_edge_west" },
      { "point": [ 1, 2, -4 ], "overmap": "breach_center_north" },
      { "point": [ 2, 2, -4 ], "overmap": "breach_center_north" },
      { "point": [ 3, 2, -4 ], "overmap": "breach_up_east" },
      { "point": [ 0, 3, -4 ], "overmap": "breach_corner_west" },
      { "point": [ 1, 3, -4 ], "overmap": "breach_down_south" },
      { "point": [ 2, 3, -4 ], "overmap": "breach_edge_south" },
      { "point": [ 3, 3, -4 ], "overmap": "breach_corner_south" },
      { "point": [ 0, 0, -5 ], "overmap": "breach_corner_north" },
      { "point": [ 1, 0, -5 ], "overmap": "breach_edge_north" },
      { "point": [ 2, 0, -5 ], "overmap": "breach_edge_north" },
      { "point": [ 3, 0, -5 ], "overmap": "breach_corner_east" },
      { "point": [ 0, 1, -5 ], "overmap": "breach_edge_west" },
      { "point": [ 1, 1, -5 ], "overmap": "breach_center_north" },
      { "point": [ 2, 1, -5 ], "overmap": "breach_center_north" },
      { "point": [ 3, 1, -5 ], "overmap": "breach_edge_east" },
      { "point": [ 0, 2, -5 ], "overmap": "breach_down_west" },
      { "point": [ 1, 2, -5 ], "overmap": "breach_center_north" },
      { "point": [ 2, 2, -5 ], "overmap": "breach_center_north" },
      { "point": [ 3, 2, -5 ], "overmap": "breach_edge_east" },
      { "point": [ 0, 3, -5 ], "overmap": "breach_corner_west" },
      { "point": [ 1, 3, -5 ], "overmap": "breach_up_south" },
      { "point": [ 2, 3, -5 ], "overmap": "breach_edge_south" },
      { "point": [ 3, 3, -5 ], "overmap": "breach_corner_south" },
      { "point": [ 0, 0, -6 ], "overmap": "breach_corner_north" },
      { "point": [ 1, 0, -6 ], "overmap": "breach_edge_north" },
      { "point": [ 2, 0, -6 ], "overmap": "breach_down_north" },
      { "point": [ 3, 0, -6 ], "overmap": "breach_corner_east" },
      { "point": [ 0, 1, -6 ], "overmap": "breach_edge_west" },
      { "point": [ 1, 1, -6 ], "overmap": "breach_center_north" },
      { "point": [ 2, 1, -6 ], "overmap": "breach_center_north" },
      { "point": [ 3, 1, -6 ], "overmap": "breach_edge_east" },
      { "point": [ 0, 2, -6 ], "overmap": "breach_up_west" },
      { "point": [ 1, 2, -6 ], "overmap": "breach_center_north" },
      { "point": [ 2, 2, -6 ], "overmap": "breach_center_north" },
      { "point": [ 3, 2, -6 ], "overmap": "breach_edge_east" },
      { "point": [ 0, 3, -6 ], "overmap": "breach_corner_west" },
      { "point": [ 1, 3, -6 ], "overmap": "breach_edge_south" },
      { "point": [ 2, 3, -6 ], "overmap": "breach_edge_south" },
      { "point": [ 3, 3, -6 ], "overmap": "breach_corner_south" },
      { "point": [ 0, 0, -7 ], "overmap": "breach_corner_north" },
      { "point": [ 1, 0, -7 ], "overmap": "breach_edge_north" },
      { "point": [ 2, 0, -7 ], "overmap": "breach_up_north" },
      { "point": [ 3, 0, -7 ], "overmap": "breach_corner_east" },
      { "point": [ 0, 1, -7 ], "overmap": "breach_edge_west" },
      { "point": [ 1, 1, -7 ], "overmap": "breach_finale_10_north" },
      { "point": [ 2, 1, -7 ], "overmap": "breach_finale_11_north" },
      { "point": [ 3, 1, -7 ], "overmap": "breach_edge_east" },
      { "point": [ 0, 2, -7 ], "overmap": "breach_edge_west" },
      { "point": [ 1, 2, -7 ], "overmap": "breach_finale_12_north" },
      { "point": [ 2, 2, -7 ], "overmap": "breach_finale_13_north" },
      { "point": [ 3, 2, -7 ], "overmap": "breach_edge_east" },
      { "point": [ 0, 3, -7 ], "overmap": "breach_corner_west" },
      { "point": [ 1, 3, -7 ], "overmap": "breach_edge_south" },
      { "point": [ 2, 3, -7 ], "overmap": "breach_edge_south" },
      { "point": [ 3, 3, -7 ], "overmap": "breach_corner_south" }
    ],
    "connections": [
      { "point": [ 0, 1, -2 ], "terrain": "subway" },
      { "point": [ 1, 1, -2 ], "terrain": "subway" },
      { "point": [ 2, 1, -2 ], "terrain": "subway" }
    ],
    "locations": [ "land" ],
    "city_distance": [ -1, 4 ],
    "city_sizes": [ 6, 20 ],
    "occurrences": [ 0, 10 ],
    "flags": [ "CLASSIC", "URBAN" ]
  },
  {
    "type": "overmap_special",
    "id": "Underground Cave 5x4",
    "//": "NW uses north, NE uses east, SW uses west, SE uses south.",
    "overmaps": [
      { "point": [ 2, 0, -2 ], "overmap": "breach_entry_north" },
      { "point": [ 0, 0, -3 ], "overmap": "breach_corner_north" },
      { "point": [ 1, 0, -3 ], "overmap": "breach_edge_north" },
      { "point": [ 2, 0, -3 ], "overmap": "breach_up_north" },
      { "point": [ 3, 0, -3 ], "overmap": "breach_edge_north" },
      { "point": [ 4, 0, -3 ], "overmap": "breach_corner_east" },
      { "point": [ 0, 1, -3 ], "overmap": "breach_down_west" },
      { "point": [ 1, 1, -3 ], "overmap": "breach_center_north" },
      { "point": [ 2, 1, -3 ], "overmap": "breach_center_north" },
      { "point": [ 3, 1, -3 ], "overmap": "breach_center_north" },
      { "point": [ 4, 1, -3 ], "overmap": "breach_edge_east" },
      { "point": [ 0, 2, -3 ], "overmap": "breach_edge_west" },
      { "point": [ 1, 2, -3 ], "overmap": "breach_center_south" },
      { "point": [ 2, 2, -3 ], "overmap": "breach_center_south" },
      { "point": [ 3, 2, -3 ], "overmap": "breach_center_south" },
      { "point": [ 4, 2, -3 ], "overmap": "breach_edge_east" },
      { "point": [ 0, 3, -3 ], "overmap": "breach_corner_west" },
      { "point": [ 1, 3, -3 ], "overmap": "breach_edge_south" },
      { "point": [ 2, 3, -3 ], "overmap": "breach_edge_south" },
      { "point": [ 3, 3, -3 ], "overmap": "breach_edge_south" },
      { "point": [ 4, 3, -3 ], "overmap": "breach_corner_south" },
      { "point": [ 0, 0, -4 ], "overmap": "breach_corner_north" },
      { "point": [ 1, 0, -4 ], "overmap": "breach_edge_north" },
      { "point": [ 2, 0, -4 ], "overmap": "breach_edge_north" },
      { "point": [ 3, 0, -4 ], "overmap": "breach_edge_north" },
      { "point": [ 4, 0, -4 ], "overmap": "breach_corner_east" },
      { "point": [ 0, 1, -4 ], "overmap": "breach_up_west" },
      { "point": [ 1, 1, -4 ], "overmap": "breach_center_north" },
      { "point": [ 2, 1, -4 ], "overmap": "breach_center_north" },
      { "point": [ 3, 1, -4 ], "overmap": "breach_center_north" },
      { "point": [ 4, 1, -4 ], "overmap": "breach_edge_east" },
      { "point": [ 0, 2, -4 ], "overmap": "breach_edge_west" },
      { "point": [ 1, 2, -4 ], "overmap": "breach_center_south" },
      { "point": [ 2, 2, -4 ], "overmap": "breach_center_south" },
      { "point": [ 3, 2, -4 ], "overmap": "breach_center_south" },
      { "point": [ 4, 2, -4 ], "overmap": "breach_edge_east" },
      { "point": [ 0, 3, -4 ], "overmap": "breach_corner_west" },
      { "point": [ 1, 3, -4 ], "overmap": "breach_edge_south" },
      { "point": [ 2, 3, -4 ], "overmap": "breach_down_south" },
      { "point": [ 3, 3, -4 ], "overmap": "breach_edge_south" },
      { "point": [ 4, 3, -4 ], "overmap": "breach_corner_south" },
      { "point": [ 0, 0, -5 ], "overmap": "breach_corner_north" },
      { "point": [ 1, 0, -5 ], "overmap": "breach_edge_north" },
      { "point": [ 2, 0, -5 ], "overmap": "breach_edge_north" },
      { "point": [ 3, 0, -5 ], "overmap": "breach_edge_north" },
      { "point": [ 4, 0, -5 ], "overmap": "breach_corner_east" },
      { "point": [ 0, 1, -5 ], "overmap": "breach_edge_west" },
      { "point": [ 1, 1, -5 ], "overmap": "breach_center_north" },
      { "point": [ 2, 1, -5 ], "overmap": "breach_center_north" },
      { "point": [ 3, 1, -5 ], "overmap": "breach_center_north" },
      { "point": [ 4, 1, -5 ], "overmap": "breach_down_east" },
      { "point": [ 0, 2, -5 ], "overmap": "breach_edge_west" },
      { "point": [ 1, 2, -5 ], "overmap": "breach_center_south" },
      { "point": [ 2, 2, -5 ], "overmap": "breach_center_south" },
      { "point": [ 3, 2, -5 ], "overmap": "breach_center_south" },
      { "point": [ 4, 2, -5 ], "overmap": "breach_edge_east" },
      { "point": [ 0, 3, -5 ], "overmap": "breach_corner_west" },
      { "point": [ 1, 3, -5 ], "overmap": "breach_edge_south" },
      { "point": [ 2, 3, -5 ], "overmap": "breach_up_south" },
      { "point": [ 3, 3, -5 ], "overmap": "breach_edge_south" },
      { "point": [ 4, 3, -5 ], "overmap": "breach_corner_south" },
      { "point": [ 0, 0, -6 ], "overmap": "breach_corner_north" },
      { "point": [ 1, 0, -6 ], "overmap": "breach_edge_north" },
      { "point": [ 2, 0, -6 ], "overmap": "breach_down_north" },
      { "point": [ 3, 0, -6 ], "overmap": "breach_edge_north" },
      { "point": [ 4, 0, -6 ], "overmap": "breach_corner_east" },
      { "point": [ 0, 1, -6 ], "overmap": "breach_edge_west" },
      { "point": [ 1, 1, -6 ], "overmap": "breach_center_north" },
      { "point": [ 2, 1, -6 ], "overmap": "breach_center_north" },
      { "point": [ 3, 1, -6 ], "overmap": "breach_center_north" },
      { "point": [ 4, 1, -6 ], "overmap": "breach_up_east" },
      { "point": [ 0, 2, -6 ], "overmap": "breach_edge_west" },
      { "point": [ 1, 2, -6 ], "overmap": "breach_center_south" },
      { "point": [ 2, 2, -6 ], "overmap": "breach_center_south" },
      { "point": [ 3, 2, -6 ], "overmap": "breach_center_south" },
      { "point": [ 4, 2, -6 ], "overmap": "breach_edge_east" },
      { "point": [ 0, 3, -6 ], "overmap": "breach_corner_west" },
      { "point": [ 1, 3, -6 ], "overmap": "breach_edge_south" },
      { "point": [ 2, 3, -6 ], "overmap": "breach_edge_south" },
      { "point": [ 3, 3, -6 ], "overmap": "breach_edge_south" },
      { "point": [ 4, 3, -6 ], "overmap": "breach_corner_south" },
      { "point": [ 0, 0, -7 ], "overmap": "breach_corner_north" },
      { "point": [ 1, 0, -7 ], "overmap": "breach_finale_22_east" },
      { "point": [ 2, 0, -7 ], "overmap": "breach_finale_18_east" },
      { "point": [ 3, 0, -7 ], "overmap": "breach_finale_14_east" },
      { "point": [ 4, 0, -7 ], "overmap": "breach_corner_east" },
      { "point": [ 0, 1, -7 ], "overmap": "breach_edge_west" },
      { "point": [ 1, 1, -7 ], "overmap": "breach_finale_23_east" },
      { "point": [ 2, 1, -7 ], "overmap": "breach_finale_19_east" },
      { "point": [ 3, 1, -7 ], "overmap": "breach_finale_15_east" },
      { "point": [ 4, 1, -7 ], "overmap": "breach_edge_east" },
      { "point": [ 0, 2, -7 ], "overmap": "breach_edge_west" },
      { "point": [ 1, 2, -7 ], "overmap": "breach_finale_24_east" },
      { "point": [ 2, 2, -7 ], "overmap": "breach_finale_20_east" },
      { "point": [ 3, 2, -7 ], "overmap": "breach_finale_16_east" },
      { "point": [ 4, 2, -7 ], "overmap": "breach_edge_east" },
      { "point": [ 0, 3, -7 ], "overmap": "breach_corner_west" },
      { "point": [ 1, 3, -7 ], "overmap": "breach_finale_25_east" },
      { "point": [ 2, 3, -7 ], "overmap": "breach_finale_21_east" },
      { "point": [ 3, 3, -7 ], "overmap": "breach_finale_17_east" },
      { "point": [ 4, 3, -7 ], "overmap": "breach_corner_south" }
    ],
    "connections": [
      { "point": [ 1, 1, -2 ], "terrain": "subway" },
      { "point": [ 2, 1, -2 ], "terrain": "subway" },
      { "point": [ 3, 1, -2 ], "terrain": "subway" }
    ],
    "locations": [ "land" ],
    "city_distance": [ -1, 4 ],
    "city_sizes": [ 6, 20 ],
    "occurrences": [ 0, 10 ],
    "flags": [ "CLASSIC", "URBAN" ]
  },
  {
    "type": "overmap_special",
    "id": "Underground Cave 5x5",
    "//": "NW uses north, NE uses east, SW uses west, SE uses south.",
    "overmaps": [
      { "point": [ 2, 0, -2 ], "overmap": "breach_entry_north" },
      { "point": [ 0, 0, -3 ], "overmap": "breach_corner_north" },
      { "point": [ 1, 0, -3 ], "overmap": "breach_edge_north" },
      { "point": [ 2, 0, -3 ], "overmap": "breach_up_north" },
      { "point": [ 3, 0, -3 ], "overmap": "breach_edge_north" },
      { "point": [ 4, 0, -3 ], "overmap": "breach_corner_east" },
      { "point": [ 0, 1, -3 ], "overmap": "breach_edge_west" },
      { "point": [ 1, 1, -3 ], "overmap": "breach_center_north" },
      { "point": [ 2, 1, -3 ], "overmap": "breach_center_north" },
      { "point": [ 3, 1, -3 ], "overmap": "breach_center_north" },
      { "point": [ 4, 1, -3 ], "overmap": "breach_edge_east" },
      { "point": [ 0, 2, -3 ], "overmap": "breach_edge_west" },
      { "point": [ 1, 2, -3 ], "overmap": "breach_center_west" },
      { "point": [ 2, 2, -3 ], "overmap": "breach_center_north" },
      { "point": [ 3, 2, -3 ], "overmap": "breach_center_east" },
      { "point": [ 4, 2, -3 ], "overmap": "breach_down_east" },
      { "point": [ 0, 3, -3 ], "overmap": "breach_edge_west" },
      { "point": [ 1, 3, -3 ], "overmap": "breach_center_south" },
      { "point": [ 2, 3, -3 ], "overmap": "breach_center_south" },
      { "point": [ 3, 3, -3 ], "overmap": "breach_center_south" },
      { "point": [ 4, 3, -3 ], "overmap": "breach_edge_east" },
      { "point": [ 0, 4, -3 ], "overmap": "breach_corner_west" },
      { "point": [ 1, 4, -3 ], "overmap": "breach_edge_south" },
      { "point": [ 2, 4, -3 ], "overmap": "breach_edge_south" },
      { "point": [ 3, 4, -3 ], "overmap": "breach_edge_south" },
      { "point": [ 4, 4, -3 ], "overmap": "breach_corner_south" },
      { "point": [ 0, 0, -4 ], "overmap": "breach_corner_north" },
      { "point": [ 1, 0, -4 ], "overmap": "breach_edge_north" },
      { "point": [ 2, 0, -4 ], "overmap": "breach_edge_north" },
      { "point": [ 3, 0, -4 ], "overmap": "breach_edge_north" },
      { "point": [ 4, 0, -4 ], "overmap": "breach_corner_east" },
      { "point": [ 0, 1, -4 ], "overmap": "breach_edge_west" },
      { "point": [ 1, 1, -4 ], "overmap": "breach_center_north" },
      { "point": [ 2, 1, -4 ], "overmap": "breach_center_north" },
      { "point": [ 3, 1, -4 ], "overmap": "breach_center_north" },
      { "point": [ 4, 1, -4 ], "overmap": "breach_edge_east" },
      { "point": [ 0, 2, -4 ], "overmap": "breach_edge_west" },
      { "point": [ 1, 2, -4 ], "overmap": "breach_center_west" },
      { "point": [ 2, 2, -4 ], "overmap": "breach_center_north" },
      { "point": [ 3, 2, -4 ], "overmap": "breach_center_east" },
      { "point": [ 4, 2, -4 ], "overmap": "breach_up_east" },
      { "point": [ 0, 3, -4 ], "overmap": "breach_edge_west" },
      { "point": [ 1, 3, -4 ], "overmap": "breach_center_south" },
      { "point": [ 2, 3, -4 ], "overmap": "breach_center_south" },
      { "point": [ 3, 3, -4 ], "overmap": "breach_center_south" },
      { "point": [ 4, 3, -4 ], "overmap": "breach_edge_east" },
      { "point": [ 0, 4, -4 ], "overmap": "breach_corner_west" },
      { "point": [ 1, 4, -4 ], "overmap": "breach_edge_south" },
      { "point": [ 2, 4, -4 ], "overmap": "breach_down_south" },
      { "point": [ 3, 4, -4 ], "overmap": "breach_edge_south" },
      { "point": [ 4, 4, -4 ], "overmap": "breach_corner_south" },
      { "point": [ 0, 0, -5 ], "overmap": "breach_corner_north" },
      { "point": [ 1, 0, -5 ], "overmap": "breach_edge_north" },
      { "point": [ 2, 0, -5 ], "overmap": "breach_edge_north" },
      { "point": [ 3, 0, -5 ], "overmap": "breach_edge_north" },
      { "point": [ 4, 0, -5 ], "overmap": "breach_corner_east" },
      { "point": [ 0, 1, -5 ], "overmap": "breach_edge_west" },
      { "point": [ 1, 1, -5 ], "overmap": "breach_center_north" },
      { "point": [ 2, 1, -5 ], "overmap": "breach_center_north" },
      { "point": [ 3, 1, -5 ], "overmap": "breach_center_north" },
      { "point": [ 4, 1, -5 ], "overmap": "breach_edge_east" },
      { "point": [ 0, 2, -5 ], "overmap": "breach_down_west" },
      { "point": [ 1, 2, -5 ], "overmap": "breach_center_west" },
      { "point": [ 2, 2, -5 ], "overmap": "breach_center_north" },
      { "point": [ 3, 2, -5 ], "overmap": "breach_center_east" },
      { "point": [ 4, 2, -5 ], "overmap": "breach_edge_east" },
      { "point": [ 0, 3, -5 ], "overmap": "breach_edge_west" },
      { "point": [ 1, 3, -5 ], "overmap": "breach_center_south" },
      { "point": [ 2, 3, -5 ], "overmap": "breach_center_south" },
      { "point": [ 3, 3, -5 ], "overmap": "breach_center_south" },
      { "point": [ 4, 3, -5 ], "overmap": "breach_edge_east" },
      { "point": [ 0, 4, -5 ], "overmap": "breach_corner_west" },
      { "point": [ 1, 4, -5 ], "overmap": "breach_edge_south" },
      { "point": [ 2, 4, -5 ], "overmap": "breach_up_south" },
      { "point": [ 3, 4, -5 ], "overmap": "breach_edge_south" },
      { "point": [ 4, 4, -5 ], "overmap": "breach_corner_south" },
      { "point": [ 0, 0, -6 ], "overmap": "breach_corner_north" },
      { "point": [ 1, 0, -6 ], "overmap": "breach_edge_north" },
      { "point": [ 2, 0, -6 ], "overmap": "breach_down_north" },
      { "point": [ 3, 0, -6 ], "overmap": "breach_edge_north" },
      { "point": [ 4, 0, -6 ], "overmap": "breach_corner_east" },
      { "point": [ 0, 1, -6 ], "overmap": "breach_edge_west" },
      { "point": [ 1, 1, -6 ], "overmap": "breach_center_north" },
      { "point": [ 2, 1, -6 ], "overmap": "breach_center_north" },
      { "point": [ 3, 1, -6 ], "overmap": "breach_center_north" },
      { "point": [ 4, 1, -6 ], "overmap": "breach_edge_east" },
      { "point": [ 0, 2, -6 ], "overmap": "breach_up_west" },
      { "point": [ 1, 2, -6 ], "overmap": "breach_center_west" },
      { "point": [ 2, 2, -6 ], "overmap": "breach_center_north" },
      { "point": [ 3, 2, -6 ], "overmap": "breach_center_east" },
      { "point": [ 4, 2, -6 ], "overmap": "breach_edge_east" },
      { "point": [ 0, 3, -6 ], "overmap": "breach_edge_west" },
      { "point": [ 1, 3, -6 ], "overmap": "breach_center_south" },
      { "point": [ 2, 3, -6 ], "overmap": "breach_center_south" },
      { "point": [ 3, 3, -6 ], "overmap": "breach_center_south" },
      { "point": [ 4, 3, -6 ], "overmap": "breach_edge_east" },
      { "point": [ 0, 4, -6 ], "overmap": "breach_corner_west" },
      { "point": [ 1, 4, -6 ], "overmap": "breach_edge_south" },
      { "point": [ 2, 4, -6 ], "overmap": "breach_edge_south" },
      { "point": [ 3, 4, -6 ], "overmap": "breach_edge_south" },
      { "point": [ 4, 4, -6 ], "overmap": "breach_corner_south" },
      { "point": [ 0, 0, -7 ], "overmap": "breach_corner_north" },
      { "point": [ 1, 0, -7 ], "overmap": "breach_edge_north" },
      { "point": [ 2, 0, -7 ], "overmap": "breach_up_north" },
      { "point": [ 3, 0, -7 ], "overmap": "breach_edge_north" },
      { "point": [ 4, 0, -7 ], "overmap": "breach_corner_east" },
      { "point": [ 0, 1, -7 ], "overmap": "breach_edge_west" },
      { "point": [ 1, 1, -7 ], "overmap": "breach_center_north" },
      { "point": [ 2, 1, -7 ], "overmap": "breach_center_north" },
      { "point": [ 3, 1, -7 ], "overmap": "breach_center_north" },
      { "point": [ 4, 1, -7 ], "overmap": "breach_edge_east" },
      { "point": [ 0, 2, -7 ], "overmap": "breach_edge_west" },
      { "point": [ 1, 2, -7 ], "overmap": "breach_center_west" },
      { "point": [ 2, 2, -7 ], "overmap": "breach_center_north" },
      { "point": [ 3, 2, -7 ], "overmap": "breach_center_east" },
      { "point": [ 4, 2, -7 ], "overmap": "breach_edge_east" },
      { "point": [ 0, 3, -7 ], "overmap": "breach_edge_west" },
      { "point": [ 1, 3, -7 ], "overmap": "breach_center_south" },
      { "point": [ 2, 3, -7 ], "overmap": "breach_center_south" },
      { "point": [ 3, 3, -7 ], "overmap": "breach_center_south" },
      { "point": [ 4, 3, -7 ], "overmap": "breach_edge_east" },
      { "point": [ 0, 4, -7 ], "overmap": "breach_corner_west" },
      { "point": [ 1, 4, -7 ], "overmap": "breach_edge_south" },
      { "point": [ 2, 4, -7 ], "overmap": "breach_edge_south" },
      { "point": [ 3, 4, -7 ], "overmap": "breach_edge_south" },
      { "point": [ 4, 4, -7 ], "overmap": "breach_corner_south" }
    ],
    "connections": [
      { "point": [ 1, 1, -2 ], "terrain": "subway" },
      { "point": [ 2, 1, -2 ], "terrain": "subway" },
      { "point": [ 3, 1, -2 ], "terrain": "subway" }
    ],
    "locations": [ "land" ],
    "city_distance": [ -1, 4 ],
    "city_sizes": [ 6, 20 ],
    "occurrences": [ 0, 10 ],
    "flags": [ "CLASSIC", "URBAN" ]
  }
]
