[
  {
    "type": "mapgen",
    "om_terrain": [ "breach_pocket" ],
    "method": "json",
    "weight": 50,
    "object": {
      "rows": [
        "###########--###########",
        "#########!----!#########",
        "#!!!!!!!!~~--~~!!!!!!!!#",
        "!!???????~~~~~~???????!!",
        "!???????~~~~~~~~???????!",
        "??.......~~~~~~.......??",
        "?......................?",
        "........................",
        "........................",
        "........................",
        "........................",
        "........................",
        "........................",
        "........................",
        "........................",
        "........................",
        "........................",
        "........................",
        "........................",
        "........................",
        "........................",
        "........................",
        "........................",
        "........................"
      ],
      "palettes": [ "breach" ],
      "terrain": { "-": "t_sewage", "~": [ "t_rock_floor", "t_sewage" ] },
      "place_nested": [
        { "chunks": [ [ "null", 50 ], [ "breach_spawn_standard", 50 ] ], "x": [ 9, 10 ], "y": [ 9, 10 ] },
        { "chunks": [ [ "null", 40 ], [ "breach_chunk_pillar", 60 ] ], "x": [ 0, 2 ], "y": [ 16, 18 ] },
        { "chunks": [ [ "null", 40 ], [ "breach_chunk_pillar", 60 ] ], "x": [ 16, 18 ], "y": [ 16, 18 ] },
        { "chunks": [ [ "null", 75 ], [ "breach_chunk_1", 25 ] ], "x": [ 0, 19 ], "y": [ 1, 19 ], "repeat": 4 }
      ]
    }
  },
  {
    "type": "mapgen",
    "om_terrain": [ "breach_entry" ],
    "method": "json",
    "weight": 100,
    "object": {
      "rows": [
        "########################",
        "##::::::::::::::::::::##",
        "#::::::::::::::::::::::#",
        "#:::;;;;;;;;;;;;;;;;:::#",
        "#::;;;;;;;;;;;;;;;;;;::#",
        "#::;;;____________;;;::#",
        "#::;;______________;;::#",
        "#::;;______________;;::#",
        "#::;;______________;;::#",
        "#::;;______________;;::#",
        "#::;;______________;;::#",
        "#::;;______>>______;;::#",
        "#::;;______>>______;;::#",
        "#::;;______________;;::#",
        "#::;;______________;;::#",
        "#::;;______________;;::#",
        "#::;;______________;;::#",
        "#::;;______________;;::#",
        "#::;;______________;;::#",
        "#::;;______________;;::#",
        "#::;;______________;;::#",
        "#::;;______________;;::#",
        "##::;;____________;;::##",
        "###::;;__________;;::###"
      ],
      "palettes": [ "breach" ],
      "place_nested": [ { "chunks": [ [ "null", 50 ], [ "breach_spawn_standard", 50 ] ], "x": [ 9, 10 ], "y": [ 9, 10 ] } ]
    }
  },
  {
    "type": "mapgen",
    "om_terrain": [ "breach_entry" ],
    "method": "json",
    "weight": 100,
    "object": {
      "rows": [
        "########################",
        "##::::::::::::::::::::##",
        "#::::::::::::::::::::::#",
        "#:::;;;;;;;;;;;;;;;;:::#",
        "#::;;;;;;;;;;;;;;;;;;::#",
        "#::;;;____________;;;::#",
        "#::;;_____...._____;;::#",
        "#::;;____......____;;::#",
        "#::;;___........___;;::#",
        "#::;;__..........__;;::#",
        "#::;;_............_;;::#",
        "#::;;_.....>>....._;;::#",
        "#::;;_.....>>....._;;::#",
        "#::;;_............_;;::#",
        "#::;;__..........__;;::#",
        "#::;;___........___;;::#",
        "#::;;____......____;;::#",
        "#::;;_____...._____;;::#",
        "#::;;______________;;::#",
        "#::;;______________;;::#",
        "#::;;______________;;::#",
        "#::;;______________;;::#",
        "##::;;____________;;::##",
        "###::;;__________;;::###"
      ],
      "palettes": [ "breach" ],
      "place_nested": [ { "chunks": [ [ "null", 50 ], [ "breach_spawn_standard", 50 ] ], "x": [ 9, 10 ], "y": [ 9, 10 ] } ]
    }
  },
  {
    "type": "mapgen",
    "om_terrain": [ "breach_entry" ],
    "method": "json",
    "weight": 100,
    "object": {
      "rows": [
        "########################",
        "##::::::::::::::::::::##",
        "#::::::::::::::::::::::#",
        "#:::;;;;;;;;;;;;;;;;:::#",
        "#::;;;;;;;;;;;;;;;;;;::#",
        "#::;;;____________;;;::#",
        "#::;;__________%___;;::#",
        "#::;;_______%______;;::#",
        "#::;;___%%____%____;;::#",
        "#::;;____%_%%_%%___;;::#",
        "#::;;_%___%%%%_____;;::#",
        "#::;;____%%>>%%____;;::#",
        "#::;;___%_%>>%_%_%_;;::#",
        "#::;;%__%%__%_%____;;::#",
        "#::;;_______%__%___;;::#",
        "#::;;___%_%_____%__;;::#",
        "#::;;___%_____%%___;;::#",
        "#::;;____%___%_____;;::#",
        "#::;;______________;;::#",
        "#::;;______________;;::#",
        "#::;;______________;;::#",
        "#::;;______________;;::#",
        "##::;;____________;;::##",
        "###::;;__________;;::###"
      ],
      "palettes": [ "breach" ],
      "place_nested": [ { "chunks": [ [ "null", 50 ], [ "breach_spawn_standard", 50 ] ], "x": [ 9, 10 ], "y": [ 9, 10 ] } ]
    }
  },
  {
    "type": "mapgen",
    "om_terrain": [ "breach_entry" ],
    "method": "json",
    "weight": 100,
    "object": {
      "rows": [
        "########################",
        "########################",
        "###:;______________;:###",
        "##:;______....______;:##",
        "##;______......______;##",
        "##______........______##",
        "##_____.........._____##",
        "##____............____##",
        "##___..............___##",
        "##__................__##",
        "##_.................._##",
        "##_........>>........_##",
        "##_........>>........_##",
        "##_.................._##",
        "##__................__##",
        "##___..............___##",
        "##____............____##",
        "##_____.........._____##",
        "##______........______##",
        "##_______......_______##",
        "##________....________##",
        "##;__________________;##",
        "##:;________________;:##",
        "###:;______________;:###"
      ],
      "palettes": [ "breach" ],
      "place_nested": [ { "chunks": [ [ "null", 50 ], [ "breach_spawn_standard", 50 ] ], "x": [ 9, 10 ], "y": [ 9, 10 ] } ]
    }
  },
  {
    "type": "mapgen",
    "om_terrain": [ "breach_entry" ],
    "method": "json",
    "weight": 100,
    "object": {
      "rows": [
        "########################",
        "########################",
        "###:;______________;:###",
        "##:;________________;:##",
        "##;__________________;##",
        "##____________________##",
        "##____________________##",
        "##____________________##",
        "##____________________##",
        "##____________________##",
        "##____________________##",
        "##_________>>_________##",
        "##_________>>_________##",
        "##____________________##",
        "##____________________##",
        "##____________________##",
        "##____________________##",
        "##____________________##",
        "##____________________##",
        "##____________________##",
        "##____________________##",
        "##;__________________;##",
        "##:;________________;:##",
        "###:;______________;:###"
      ],
      "palettes": [ "breach" ],
      "place_nested": [ { "chunks": [ [ "null", 50 ], [ "breach_spawn_standard", 50 ] ], "x": [ 9, 10 ], "y": [ 9, 10 ] } ]
    }
  },
  {
    "type": "mapgen",
    "om_terrain": [ "breach_entry" ],
    "method": "json",
    "//": "Yo dawg I heard you like caves, so we put a cave in your cave, so you can spelunk while you spelunk.",
    "weight": 100,
    "object": {
      "rows": [
        "########################",
        "########################",
        "###:;______________;:###",
        "##:;________________;:##",
        "##;__________________;##",
        "##____________________##",
        "##____________________##",
        "##_____;:####:;_______##",
        "##_____:####:;__;_____##",
        "##_____####:;__;:_____##",
        "##_____####:__;:#_____##",
        "##_____####>>::##_____##",
        "##_____####>>####_____##",
        "##_____##########_____##",
        "##_____##########_____##",
        "##_____:########:_____##",
        "##_____;:######:;_____##",
        "##____________________##",
        "##____________________##",
        "##____________________##",
        "##____________________##",
        "##;__________________;##",
        "##:;________________;:##",
        "###:;______________;:###"
      ],
      "palettes": [ "breach" ],
      "place_nested": [ { "chunks": [ [ "null", 50 ], [ "breach_spawn_standard", 50 ] ], "x": [ 9, 10 ], "y": 2 } ]
    }
  },
  {
    "type": "mapgen",
    "om_terrain": [ "breach_up" ],
    "method": "json",
    "weight": 100,
    "object": {
      "rows": [
        "########################",
        "##!!!!!!!!!!!!!!!!!!!!##",
        "#!!!!!!!!!!!!!!!!!!!!!!#",
        "!!????????????????????!!",
        "!??????????????????????!",
        "???..................???",
        "??....................??",
        "?......................?",
        "........................",
        "........................",
        "........................",
        "...........<<...........",
        "...........<<...........",
        "........................",
        "........................",
        "........................",
        "........................",
        "........................",
        "........................",
        "........................",
        "........................",
        "........................",
        "........................",
        "........................"
      ],
      "palettes": [ "breach" ],
      "place_nested": [
        { "chunks": [ [ "null", 60 ], [ "breach_chunk_wall_vertical", 40 ] ], "x": 21, "y": 0 },
        { "chunks": [ [ "null", 60 ], [ "breach_chunk_wall_horizontal", 40 ] ], "x": 0, "y": 21 },
        { "chunks": [ [ "null", 50 ], [ "breach_spawn_standard", 50 ] ], "x": [ 9, 10 ], "y": [ 9, 10 ] },
        { "chunks": [ [ "null", 40 ], [ "breach_chunk_pillar", 60 ] ], "x": [ 0, 2 ], "y": [ 16, 18 ] },
        { "chunks": [ [ "null", 40 ], [ "breach_chunk_pillar", 60 ] ], "x": [ 16, 18 ], "y": [ 16, 18 ] }
      ]
    }
  },
  {
    "type": "mapgen",
    "om_terrain": [ "breach_up" ],
    "method": "json",
    "weight": 50,
    "object": {
      "rows": [
        "########################",
        "##!!!!!!!!!!!!!!!!!!!!##",
        "#!!!!!!!!!!!!!!!!!!!!!!#",
        "!!????????????????????!!",
        "!??????????????????????!",
        "??....................??",
        "?......................?",
        "............%...%.......",
        "........%.%...%%........",
        ".....%..%%.%..%...%.....",
        "........%......%........",
        ".....%.%.%%<<.%%.%......",
        "....%...%%%<<%.%........",
        "......%...%%%%%..%%.....",
        ".....%%..%..%%.%..%%....",
        "........%.%..%..%.%.....",
        "..........%...%.........",
        "........................",
        "........................",
        "........................",
        "........................",
        "........................",
        "........................",
        "........................"
      ],
      "palettes": [ "breach" ],
      "place_nested": [
        { "chunks": [ [ "null", 60 ], [ "breach_chunk_wall_vertical", 40 ] ], "x": 21, "y": 0 },
        { "chunks": [ [ "null", 60 ], [ "breach_chunk_wall_horizontal", 40 ] ], "x": 0, "y": 21 },
        { "chunks": [ [ "null", 50 ], [ "breach_spawn_standard", 50 ] ], "x": [ 9, 10 ], "y": [ 9, 10 ] },
        { "chunks": [ [ "null", 40 ], [ "breach_chunk_pillar", 60 ] ], "x": [ 0, 2 ], "y": [ 16, 18 ] },
        { "chunks": [ [ "null", 40 ], [ "breach_chunk_pillar", 60 ] ], "x": [ 16, 18 ], "y": [ 16, 18 ] }
      ]
    }
  },
  {
    "type": "mapgen",
    "om_terrain": [ "breach_up" ],
    "method": "json",
    "weight": 100,
    "object": {
      "rows": [
        "########################",
        "########################",
        "#!!!?..............?!!!#",
        "!???................???!",
        "?......................?",
        "........................",
        "........................",
        "........................",
        "........................",
        "........................",
        "........................",
        "...........<<...........",
        "...........<<...........",
        "........................",
        "........................",
        "........................",
        "........................",
        "........................",
        "........................",
        "........................",
        "........................",
        "........................",
        "........................",
        "........................"
      ],
      "palettes": [ "breach" ],
      "place_nested": [
        { "chunks": [ [ "null", 60 ], [ "breach_chunk_wall_vertical", 40 ] ], "x": 21, "y": 0 },
        { "chunks": [ [ "null", 60 ], [ "breach_chunk_wall_horizontal", 40 ] ], "x": 0, "y": 21 },
        { "chunks": [ [ "null", 50 ], [ "breach_spawn_standard", 50 ] ], "x": [ 9, 10 ], "y": [ 9, 10 ] },
        { "chunks": [ [ "null", 40 ], [ "breach_chunk_pillar", 60 ] ], "x": [ 0, 2 ], "y": [ 16, 18 ] },
        { "chunks": [ [ "null", 40 ], [ "breach_chunk_pillar", 60 ] ], "x": [ 16, 18 ], "y": [ 16, 18 ] }
      ]
    }
  },
  {
    "type": "mapgen",
    "om_terrain": [ "breach_up" ],
    "method": "json",
    "weight": 50,
    "object": {
      "rows": [
        "########################",
        "########################",
        "#!?..................?!#",
        "!?....................?!",
        "?....,,,,,,,,,,,,,,,...?",
        "....,,##########,,,,,...",
        "....,##,,,,,,,,##,,?,...",
        "....,#,,,,,,,,,,#,,#,...",
        "....,#,,#######,#,,#,...",
        "....,#,,#,,,,,#,#,,#,...",
        "....,#,,#,###,#,#,,#,...",
        "....,#,,#,#<<,#,#,,#,...",
        "....,#,,#,#<<,#,#,,#,...",
        "....,#,,#,#####,#,,#,...",
        "....,#,,#,,,,,,,#,,#,...",
        "....,#,,#########,,#,...",
        "....,#,,,,,,,,,,,,,#,...",
        "....,##,,,,,,,,,,,##,...",
        "....,,#############,,...",
        ".....,,,,,,,,,,,,,,,....",
        "........................",
        "........................",
        "........................",
        "........................"
      ],
      "palettes": [ "breach" ],
      "place_nested": [
        { "chunks": [ [ "null", 60 ], [ "breach_chunk_wall_vertical", 40 ] ], "x": 21, "y": 0 },
        { "chunks": [ [ "null", 60 ], [ "breach_chunk_wall_horizontal", 40 ] ], "x": 0, "y": 21 },
        { "chunks": [ [ "breach_spawn_spiral", 100 ] ], "x": [ 9, 12 ], "y": 19 }
      ],
      "place_loot": [ { "group": "spiral", "x": [ 16, 20 ], "y": [ 2, 5 ] } ]
    }
  },
  {
    "type": "mapgen",
    "om_terrain": [ "breach_edge" ],
    "method": "json",
    "weight": 50,
    "object": {
      "rows": [
        "########################",
        "########################",
        "#!!!!!!!!!!!!!!!!!!!!!!#",
        "!!????????????????????!!",
        "!??????????????????????!",
        "??....................??",
        "?......................?",
        "........................",
        "........................",
        "........................",
        "........................",
        "........................",
        "........................",
        "........................",
        "........................",
        "........................",
        "........................",
        "........................",
        "........................",
        "........................",
        "........................",
        "........................",
        "........................",
        "........................"
      ],
      "palettes": [ "breach" ],
      "place_nested": [
        { "chunks": [ [ "null", 60 ], [ "breach_chunk_wall_vertical", 40 ] ], "x": 21, "y": 0 },
        { "chunks": [ [ "null", 60 ], [ "breach_chunk_wall_horizontal", 40 ] ], "x": 0, "y": 21 },
        { "chunks": [ [ "null", 50 ], [ "breach_spawn_standard", 50 ] ], "x": [ 9, 10 ], "y": [ 9, 10 ] },
        { "chunks": [ [ "null", 40 ], [ "breach_chunk_pillar", 60 ] ], "x": [ 0, 2 ], "y": [ 16, 18 ] },
        { "chunks": [ [ "null", 40 ], [ "breach_chunk_pillar", 60 ] ], "x": [ 16, 18 ], "y": [ 16, 18 ] },
        { "chunks": [ [ "null", 75 ], [ "breach_chunk_1", 25 ] ], "x": [ 0, 19 ], "y": [ 1, 19 ], "repeat": 4 }
      ]
    }
  },
  {
    "type": "mapgen",
    "om_terrain": [ "breach_edge" ],
    "method": "json",
    "weight": 25,
    "object": {
      "rows": [
        "########################",
        "########################",
        "#!!!?..............?!!!#",
        "!???................???!",
        "?......................?",
        "........................",
        "........................",
        "........................",
        "........................",
        "........................",
        "........................",
        "........................",
        "........................",
        "........................",
        "........................",
        "........................",
        "........................",
        "........................",
        "........................",
        "........................",
        "........................",
        "........................",
        "........................",
        "........................"
      ],
      "palettes": [ "breach" ],
      "place_nested": [
        { "chunks": [ [ "null", 60 ], [ "breach_chunk_wall_vertical", 40 ] ], "x": 21, "y": 0 },
        { "chunks": [ [ "null", 60 ], [ "breach_chunk_wall_horizontal", 40 ] ], "x": 0, "y": 21 },
        { "chunks": [ [ "null", 50 ], [ "breach_spawn_standard", 50 ] ], "x": [ 9, 10 ], "y": [ 9, 10 ] },
        { "chunks": [ [ "null", 40 ], [ "breach_chunk_pillar", 60 ] ], "x": [ 0, 2 ], "y": [ 16, 18 ] },
        { "chunks": [ [ "null", 40 ], [ "breach_chunk_pillar", 60 ] ], "x": [ 16, 18 ], "y": [ 16, 18 ] },
        { "chunks": [ [ "null", 75 ], [ "breach_chunk_1", 25 ] ], "x": [ 0, 19 ], "y": [ 1, 19 ], "repeat": 4 }
      ]
    }
  },
  {
    "type": "mapgen",
    "om_terrain": [ "breach_edge" ],
    "method": "json",
    "weight": 25,
    "object": {
      "rows": [
        "########################",
        "########################",
        "#!!!!!!!!!!!!!!!!!!!!!!#",
        "!!????????????????????!!",
        "!??????????????????????!",
        "??....................??",
        "?......................?",
        "........................",
        "........................",
        "........................",
        "........................",
        "........................",
        "........................",
        "........................",
        "........................",
        "........................",
        "........................",
        "........................",
        "........................",
        "........................",
        "........................",
        "........................",
        "........................",
        "........................"
      ],
      "palettes": [ "breach" ],
      "place_nested": [
        { "chunks": [ [ "null", 60 ], [ "breach_chunk_wall_vertical", 40 ] ], "x": 21, "y": 0 },
        { "chunks": [ [ "null", 60 ], [ "breach_chunk_wall_horizontal", 40 ] ], "x": 0, "y": 21 },
        { "chunks": [ [ "null", 40 ], [ "breach_chunk_pillar", 60 ] ], "x": [ 0, 2 ], "y": [ 16, 18 ] },
        { "chunks": [ [ "null", 40 ], [ "breach_chunk_pillar", 60 ] ], "x": [ 16, 18 ], "y": [ 16, 18 ] },
        {
          "chunks": [
            [ "breach_chunk_pool", 40 ],
            [ "breach_chunk_ruins", 15 ],
            [ "breach_chunk_spood", 10 ],
            [ "breach_chunk_goop", 10 ],
            [ "breach_chunk_camp", 10 ],
            [ "breach_chunk_spiral", 10 ]
          ],
          "x": [ 5, 7 ],
          "y": [ 5, 7 ]
        }
      ]
    }
  },
  {
    "type": "mapgen",
    "om_terrain": [ "breach_edge" ],
    "method": "json",
    "weight": 20,
    "object": {
      "rows": [
        "########################",
        "########################",
        "#!!!?..............?!!!#",
        "!???................???!",
        "?......................?",
        "........................",
        "........................",
        "........................",
        "........................",
        "........................",
        "........................",
        "........................",
        "........................",
        "........................",
        "........................",
        "........................",
        "........................",
        "........................",
        "........................",
        "........................",
        "........................",
        "........................",
        "........................",
        "........................"
      ],
      "palettes": [ "breach" ],
      "place_nested": [
        { "chunks": [ [ "null", 60 ], [ "breach_chunk_wall_vertical", 40 ] ], "x": 21, "y": 0 },
        { "chunks": [ [ "null", 60 ], [ "breach_chunk_wall_horizontal", 40 ] ], "x": 0, "y": 21 },
        { "chunks": [ [ "null", 40 ], [ "breach_chunk_pillar", 60 ] ], "x": [ 0, 2 ], "y": [ 16, 18 ] },
        { "chunks": [ [ "null", 40 ], [ "breach_chunk_pillar", 60 ] ], "x": [ 16, 18 ], "y": [ 16, 18 ] },
        {
          "chunks": [
            [ "breach_chunk_pool", 40 ],
            [ "breach_chunk_ruins", 15 ],
            [ "breach_chunk_spood", 10 ],
            [ "breach_chunk_goop", 10 ],
            [ "breach_chunk_camp", 10 ],
            [ "breach_chunk_spiral", 10 ]
          ],
          "x": [ 5, 7 ],
          "y": [ 5, 7 ]
        }
      ]
    }
  },
  {
    "type": "mapgen",
    "om_terrain": [ "breach_edge" ],
    "method": "json",
    "weight": 3,
    "object": {
      "rows": [
        "########################",
        "########################",
        "#!!!!!!!!!!!!!!!!!!!!!!#",
        "!!????????????????????!!",
        "!??????????????????????!",
        "??....................??",
        "?......................?",
        "........................",
        "........................",
        "........................",
        "........................",
        "........................",
        "........................",
        "........................",
        "........................",
        "........................",
        "........................",
        "........................",
        "........................",
        "........................",
        "........................",
        "........................",
        "........................",
        "........................"
      ],
      "palettes": [ "breach" ],
      "place_nested": [
        { "chunks": [ [ "null", 60 ], [ "breach_chunk_wall_vertical", 40 ] ], "x": 21, "y": 0 },
        { "chunks": [ [ "null", 60 ], [ "breach_chunk_wall_horizontal", 40 ] ], "x": 0, "y": 21 },
        {
          "chunks": [
            [ "breach_chunk_ruins_strange", 50 ],
            [ "breach_chunk_forge", 25 ],
            [ "breach_chunk_dump", 15 ],
            [ "breach_chunk_embark", 10 ]
          ],
          "x": 4,
          "y": 4
        }
      ]
    }
  },
  {
    "type": "mapgen",
    "om_terrain": [ "breach_edge" ],
    "method": "json",
    "weight": 2,
    "object": {
      "rows": [
        "########################",
        "########################",
        "#!!!?..............?!!!#",
        "!???................???!",
        "?......................?",
        "........................",
        "........................",
        "........................",
        "........................",
        "........................",
        "........................",
        "........................",
        "........................",
        "........................",
        "........................",
        "........................",
        "........................",
        "........................",
        "........................",
        "........................",
        "........................",
        "........................",
        "........................",
        "........................"
      ],
      "palettes": [ "breach" ],
      "place_nested": [
        { "chunks": [ [ "null", 60 ], [ "breach_chunk_wall_vertical", 40 ] ], "x": 21, "y": 0 },
        { "chunks": [ [ "null", 60 ], [ "breach_chunk_wall_horizontal", 40 ] ], "x": 0, "y": 21 },
        {
          "chunks": [
            [ "breach_chunk_ruins_strange", 50 ],
            [ "breach_chunk_forge", 25 ],
            [ "breach_chunk_dump", 15 ],
            [ "breach_chunk_embark", 10 ]
          ],
          "x": [ 2, 4 ],
          "y": [ 2, 4 ]
        }
      ]
    }
  },
  {
    "type": "mapgen",
    "om_terrain": [ "breach_down" ],
    "method": "json",
    "weight": 100,
    "object": {
      "rows": [
        "########################",
        "########################",
        "#!!!!!!!!!!!!!!!!!!!!!!#",
        "!!????????????????????!!",
        "!??????????????????????!",
        "??....................??",
        "?......................?",
        "........................",
        "........................",
        "........................",
        "........................",
        "...........>>...........",
        "...........>>...........",
        "........................",
        "........................",
        "........................",
        "........................",
        "........................",
        "........................",
        "........................",
        "........................",
        "........................",
        "........................",
        "........................"
      ],
      "palettes": [ "breach" ],
      "place_nested": [
        { "chunks": [ [ "null", 60 ], [ "breach_chunk_wall_vertical", 40 ] ], "x": 21, "y": 0 },
        { "chunks": [ [ "null", 60 ], [ "breach_chunk_wall_horizontal", 40 ] ], "x": 0, "y": 21 },
        { "chunks": [ [ "null", 50 ], [ "breach_spawn_standard", 50 ] ], "x": [ 9, 10 ], "y": [ 9, 10 ] },
        { "chunks": [ [ "null", 40 ], [ "breach_chunk_pillar", 60 ] ], "x": [ 0, 2 ], "y": [ 16, 18 ] },
        { "chunks": [ [ "null", 40 ], [ "breach_chunk_pillar", 60 ] ], "x": [ 16, 18 ], "y": [ 16, 18 ] },
        { "chunks": [ [ "null", 75 ], [ "breach_chunk_1", 25 ] ], "x": [ 0, 19 ], "y": [ 1, 19 ], "repeat": 4 }
      ]
    }
  },
  {
    "type": "mapgen",
    "om_terrain": [ "breach_down" ],
    "method": "json",
    "weight": 100,
    "object": {
      "rows": [
        "########################",
        "########################",
        "#!!!?..............?!!!#",
        "!???................???!",
        "?......................?",
        "........................",
        "........................",
        "........................",
        "........................",
        "........................",
        "........................",
        "...........>>...........",
        "...........>>...........",
        "........................",
        "........................",
        "........................",
        "........................",
        "........................",
        "........................",
        "........................",
        "........................",
        "........................",
        "........................",
        "........................"
      ],
      "palettes": [ "breach" ],
      "place_nested": [
        { "chunks": [ [ "null", 60 ], [ "breach_chunk_wall_vertical", 40 ] ], "x": 21, "y": 0 },
        { "chunks": [ [ "null", 60 ], [ "breach_chunk_wall_horizontal", 40 ] ], "x": 0, "y": 21 },
        { "chunks": [ [ "null", 50 ], [ "breach_spawn_standard", 50 ] ], "x": [ 9, 10 ], "y": [ 9, 10 ] },
        { "chunks": [ [ "null", 40 ], [ "breach_chunk_pillar", 60 ] ], "x": [ 0, 2 ], "y": [ 16, 18 ] },
        { "chunks": [ [ "null", 40 ], [ "breach_chunk_pillar", 60 ] ], "x": [ 16, 18 ], "y": [ 16, 18 ] },
        { "chunks": [ [ "null", 75 ], [ "breach_chunk_1", 25 ] ], "x": [ 0, 19 ], "y": [ 1, 19 ], "repeat": 4 }
      ]
    }
  },
  {
    "type": "mapgen",
    "om_terrain": [ "breach_corner" ],
    "method": "json",
    "weight": 15,
    "object": {
      "rows": [
        "########################",
        "####!!!!!!!!!!!!!!!!!!##",
        "###!!!!!!!!!!!!!!!!!!!!#",
        "##!!??????????????????!!",
        "#!!????????????????????!",
        "#!!???.................?",
        "#!!??..................?",
        "#!!??...................",
        "#!!??...................",
        "#!!??...................",
        "#!!??...................",
        "#!!??...................",
        "#!!??...................",
        "#!!??...................",
        "#!!??...................",
        "#!!??...................",
        "#!!??...................",
        "#!!??...................",
        "#!!??...................",
        "#!!??...................",
        "#!!??...................",
        "#!!??...................",
        "##!!??..................",
        "###!!??................."
      ],
      "palettes": [ "breach" ],
      "place_nested": [
        { "chunks": [ [ "null", 60 ], [ "breach_chunk_wall_vertical", 40 ] ], "x": 21, "y": 0 },
        { "chunks": [ [ "null", 60 ], [ "breach_chunk_wall_horizontal", 40 ] ], "x": 0, "y": 21 },
        { "chunks": [ [ "null", 50 ], [ "breach_spawn_standard", 50 ] ], "x": [ 9, 10 ], "y": [ 9, 10 ] },
        { "chunks": [ [ "null", 40 ], [ "breach_chunk_pillar", 60 ] ], "x": [ 16, 18 ], "y": [ 16, 18 ] },
        { "chunks": [ [ "null", 75 ], [ "breach_chunk_1", 25 ] ], "x": [ 1, 19 ], "y": [ 1, 19 ], "repeat": 4 }
      ]
    }
  },
  {
    "type": "mapgen",
    "om_terrain": [ "breach_corner" ],
    "method": "json",
    "weight": 15,
    "object": {
      "rows": [
        "########################",
        "########################",
        "###!!!!?...........?!!!#",
        "##!????.............???!",
        "##!?...................?",
        "##!?....................",
        "##!?....................",
        "##?.....................",
        "##......................",
        "##......................",
        "##......................",
        "##......................",
        "##......................",
        "##......................",
        "##......................",
        "##......................",
        "##......................",
        "##......................",
        "##......................",
        "##?.....................",
        "##!?....................",
        "##!?....................",
        "##!?....................",
        "###!?..................."
      ],
      "palettes": [ "breach" ],
      "place_nested": [
        { "chunks": [ [ "null", 60 ], [ "breach_chunk_wall_vertical", 40 ] ], "x": 21, "y": 0 },
        { "chunks": [ [ "null", 60 ], [ "breach_chunk_wall_horizontal", 40 ] ], "x": 0, "y": 21 },
        { "chunks": [ [ "null", 50 ], [ "breach_spawn_standard", 50 ] ], "x": [ 9, 10 ], "y": [ 9, 10 ] },
        { "chunks": [ [ "null", 40 ], [ "breach_chunk_pillar", 60 ] ], "x": [ 16, 18 ], "y": [ 16, 18 ] },
        { "chunks": [ [ "null", 75 ], [ "breach_chunk_1", 25 ] ], "x": [ 1, 19 ], "y": [ 1, 19 ], "repeat": 4 }
      ]
    }
  },
  {
    "type": "mapgen",
    "om_terrain": [ "breach_corner" ],
    "method": "json",
    "weight": 10,
    "object": {
      "rows": [
        "########################",
        "####!!!!!!!!!!!!!!!!!!##",
        "###!!!!!!!!!!!!!!!!!!!!#",
        "##!!??????????????????!!",
        "#!!????????????????????!",
        "#!!???.................?",
        "#!!??..................?",
        "#!!??...................",
        "#!!??...................",
        "#!!??...................",
        "#!!??...................",
        "#!!??...................",
        "#!!??...................",
        "#!!??...................",
        "#!!??...................",
        "#!!??...................",
        "#!!??...................",
        "#!!??...................",
        "#!!??...................",
        "#!!??...................",
        "#!!??...................",
        "#!!??...................",
        "##!!??..................",
        "###!!??................."
      ],
      "palettes": [ "breach" ],
      "place_nested": [
        { "chunks": [ [ "null", 75 ], [ "breach_chunk_wall_vertical", 25 ] ], "x": 21, "y": 0 },
        { "chunks": [ [ "null", 75 ], [ "breach_chunk_wall_horizontal", 25 ] ], "x": 0, "y": 21 },
        { "chunks": [ [ "null", 40 ], [ "breach_chunk_pillar", 60 ] ], "x": [ 16, 18 ], "y": [ 16, 18 ] },
        {
          "chunks": [
            [ "breach_chunk_pool", 40 ],
            [ "breach_chunk_ruins", 15 ],
            [ "breach_chunk_spood", 10 ],
            [ "breach_chunk_goop", 10 ],
            [ "breach_chunk_camp", 10 ],
            [ "breach_chunk_spiral", 10 ]
          ],
          "x": [ 5, 7 ],
          "y": [ 5, 7 ]
        }
      ]
    }
  },
  {
    "type": "mapgen",
    "om_terrain": [ "breach_corner" ],
    "method": "json",
    "weight": 10,
    "object": {
      "rows": [
        "########################",
        "########################",
        "###!!!!?...........?!!!#",
        "##!????.............???!",
        "##!?...................?",
        "##!?....................",
        "##!?....................",
        "##?.....................",
        "##......................",
        "##......................",
        "##......................",
        "##......................",
        "##......................",
        "##......................",
        "##......................",
        "##......................",
        "##......................",
        "##......................",
        "##......................",
        "##?.....................",
        "##!?....................",
        "##!?....................",
        "##!?....................",
        "###!?..................."
      ],
      "palettes": [ "breach" ],
      "place_nested": [
        { "chunks": [ [ "null", 75 ], [ "breach_chunk_wall_vertical", 25 ] ], "x": 21, "y": 0 },
        { "chunks": [ [ "null", 75 ], [ "breach_chunk_wall_horizontal", 25 ] ], "x": 0, "y": 21 },
        { "chunks": [ [ "null", 40 ], [ "breach_chunk_pillar", 60 ] ], "x": [ 16, 18 ], "y": [ 16, 18 ] },
        {
          "chunks": [
            [ "breach_chunk_pool", 40 ],
            [ "breach_chunk_ruins", 15 ],
            [ "breach_chunk_spood", 10 ],
            [ "breach_chunk_goop", 10 ],
            [ "breach_chunk_camp", 10 ],
            [ "breach_chunk_spiral", 10 ]
          ],
          "x": [ 5, 7 ],
          "y": [ 5, 7 ]
        }
      ]
    }
  },
  {
    "type": "mapgen",
    "om_terrain": [ "breach_corner" ],
    "method": "json",
    "weight": 25,
    "object": {
      "rows": [
        "########################",
        "########################",
        "########################",
        "#######################!",
        "#######################!",
        "######################!?",
        "######################!?",
        "######################!?",
        "#####################!?.",
        "#####################!?.",
        "#####################!?.",
        "#####################!?.",
        "#####################!?.",
        "#####################!?.",
        "#####################!?.",
        "#####################!?.",
        "####################!?..",
        "###################!?...",
        "##################!?....",
        "#################!?.....",
        "################!?......",
        "########!!!!!!!!?.......",
        "#####!!!????????........",
        "###!!???................"
      ],
      "palettes": [ "breach" ],
      "place_nested": [
        { "chunks": [ [ "null", 75 ], [ "breach_chunk_wall_vertical", 25 ] ], "x": 21, "y": 0 },
        { "chunks": [ [ "null", 75 ], [ "breach_chunk_wall_horizontal", 25 ] ], "x": 0, "y": 21 },
        { "chunks": [ [ "null", 40 ], [ "breach_chunk_pillar", 60 ] ], "x": [ 16, 18 ], "y": [ 16, 18 ] }
      ]
    }
  },
  {
    "type": "mapgen",
    "om_terrain": [ "breach_corner" ],
    "method": "json",
    "weight": 25,
    "object": {
      "rows": [
        "########################",
        "########################",
        "########################",
        "#######################!",
        "#######################!",
        "#######################!",
        "######################!?",
        "######################?.",
        "######################..",
        "######################..",
        "######################..",
        "#####################...",
        "#####################...",
        "#####################...",
        "####################....",
        "####################....",
        "###################.....",
        "###################.....",
        "##################......",
        "################........",
        "##############..........",
        "###########.............",
        "######!?................",
        "###!!!?................."
      ],
      "palettes": [ "breach" ],
      "place_nested": [
        { "chunks": [ [ "null", 75 ], [ "breach_chunk_wall_vertical", 75 ] ], "x": 21, "y": 0 },
        { "chunks": [ [ "null", 75 ], [ "breach_chunk_wall_horizontal", 75 ] ], "x": 0, "y": 21 },
        { "chunks": [ [ "null", 40 ], [ "breach_chunk_pillar", 60 ] ], "x": [ 16, 18 ], "y": [ 16, 18 ] }
      ]
    }
  },
  {
    "type": "mapgen",
    "om_terrain": [ "breach_center" ],
    "method": "json",
    "weight": 45,
    "object": {
      "rows": [
        "........................",
        "........................",
        "........................",
        "........................",
        "........................",
        "........................",
        "........................",
        "........................",
        "........................",
        "........................",
        "........................",
        "........................",
        "........................",
        "........................",
        "........................",
        "........................",
        "........................",
        "........................",
        "........................",
        "........................",
        "........................",
        "........................",
        "........................",
        "........................"
      ],
      "palettes": [ "breach" ],
      "place_nested": [
        { "chunks": [ [ "null", 50 ], [ "breach_chunk_wall_vertical", 50 ] ], "x": 21, "y": 0 },
        { "chunks": [ [ "null", 50 ], [ "breach_chunk_wall_horizontal", 50 ] ], "x": 0, "y": 21 },
        { "chunks": [ [ "null", 50 ], [ "breach_spawn_standard", 50 ] ], "x": [ 9, 10 ], "y": [ 9, 10 ] },
        { "chunks": [ [ "null", 40 ], [ "breach_chunk_pillar", 60 ] ], "x": [ 0, 2 ], "y": [ 16, 18 ] },
        { "chunks": [ [ "null", 40 ], [ "breach_chunk_pillar", 60 ] ], "x": [ 16, 18 ], "y": [ 16, 18 ] },
        { "chunks": [ [ "null", 75 ], [ "breach_chunk_1", 25 ] ], "x": [ 0, 19 ], "y": [ 1, 19 ], "repeat": 5 }
      ]
    }
  },
  {
    "type": "mapgen",
    "om_terrain": [ "breach_center" ],
    "method": "json",
    "weight": 45,
    "object": {
      "rows": [
        "........................",
        "........................",
        "........................",
        "........................",
        "........................",
        "........................",
        "........................",
        "........................",
        "........................",
        "........................",
        "........................",
        "........................",
        "........................",
        "........................",
        "........................",
        "........................",
        "........................",
        "........................",
        "........................",
        "........................",
        "........................",
        "........................",
        "........................",
        "........................"
      ],
      "palettes": [ "breach" ],
      "place_nested": [
        { "chunks": [ [ "null", 50 ], [ "breach_chunk_wall_vertical", 50 ] ], "x": 21, "y": 0 },
        { "chunks": [ [ "null", 50 ], [ "breach_chunk_wall_horizontal", 50 ] ], "x": 0, "y": 21 },
        { "chunks": [ [ "null", 40 ], [ "breach_chunk_pillar", 60 ] ], "x": [ 0, 2 ], "y": [ 16, 18 ] },
        { "chunks": [ [ "null", 40 ], [ "breach_chunk_pillar", 60 ] ], "x": [ 16, 18 ], "y": [ 16, 18 ] },
        {
          "chunks": [
            [ "breach_chunk_pool", 40 ],
            [ "breach_chunk_ruins", 15 ],
            [ "breach_chunk_spood", 10 ],
            [ "breach_chunk_goop", 10 ],
            [ "breach_chunk_camp", 10 ],
            [ "breach_chunk_spiral", 10 ]
          ],
          "x": [ 5, 7 ],
          "y": [ 5, 7 ]
        }
      ]
    }
  }
]
