[
  {
    "type": "recipe",
    "result": "caveyot_helmet_plump_cooked",
    "activity_level": "LIGHT_EXERCISE",
    "category": "CC_FOOD",
    "subcategory": "CSC_FOOD_VEGGI",
    "skill_used": "cooking",
    "difficulty": 1,
    "time": "15 m",
    "autolearn": true,
    "batch_time_factors": [ 67, 5 ],
    "qualities": [ { "id": "COOK", "level": 1 } ],
    "tools": [ [ [ "surface_heat", 7, "LIST" ] ] ],
    "components": [ [ [ "caveyot_helmet_plump", 1 ] ] ]
  },
  {
    "type": "recipe",
    "result": "caveyot_bush_quarry_cooked",
    "activity_level": "LIGHT_EXERCISE",
    "category": "CC_FOOD",
    "subcategory": "CSC_FOOD_VEGGI",
    "skill_used": "cooking",
    "skills_required": [ "survival", 1 ],
    "difficulty": 1,
    "time": "24 m",
    "autolearn": true,
    "qualities": [ { "id": "COOK", "level": 2 } ],
    "tools": [ [ [ "surface_heat", 5, "LIST" ] ] ],
    "components": [ [ [ "caveyot_bush_quarry", 1 ] ] ]
  },
  {
    "result": "yeast",
    "type": "recipe",
    "activity_level": "LIGHT_EXERCISE",
    "id_suffix": "dorf",
    "category": "CC_FOOD",
    "subcategory": "CSC_FOOD_SEEDS",
    "skill_used": "survival",
    "difficulty": 2,
    "time": "5 m",
    "autolearn": true,
    "qualities": [ { "id": "CUT", "level": 1 } ],
    "components": [
      [
        [ "caveyot_helmet_plump", 1 ],
        [ "caveyot_pod_sweet", 1 ],
        [ "caveyot_wheat_cave", 1 ],
        [ "caveyot_tails_pig", 1 ],
        [ "caveyot_bush_quarry", 1 ]
      ]
    ]
  },
  {
    "type": "recipe",
    "result": "brew_rum",
    "activity_level": "LIGHT_EXERCISE",
    "id_suffix": "dorf",
    "result_mult": 3,
    "category": "CC_FOOD",
    "subcategory": "CSC_FOOD_BREW",
    "skill_used": "cooking",
    "difficulty": 6,
    "time": "15 m",
    "batch_time_factors": [ 50, 4 ],
    "autolearn": true,
    "book_learn": [ [ "brewing_cookbook", 5 ] ],
    "qualities": [ { "id": "COOK", "level": 2 } ],
    "tools": [ [ [ "surface_heat", 6, "LIST" ] ] ],
    "components": [ [ [ "water", 3 ], [ "water_clean", 3 ] ], [ [ "caveyot_pod_sweet", 1 ] ] ]
  },
  {
    "type": "recipe",
    "result": "brew_fruit_wine",
    "activity_level": "LIGHT_EXERCISE",
    "id_suffix": "dorf",
    "result_mult": 3,
    "category": "CC_FOOD",
    "subcategory": "CSC_FOOD_BREW",
    "skill_used": "cooking",
    "difficulty": 4,
    "time": "40 m",
    "batch_time_factors": [ 50, 4 ],
    "autolearn": true,
    "book_learn": [ [ "brewing_cookbook", 2 ], [ "family_cookbook", 3 ] ],
    "qualities": [ { "id": "COOK", "level": 2 } ],
    "tools": [ [ [ "surface_heat", 6, "LIST" ] ] ],
    "components": [ [ [ "water", 3 ], [ "water_clean", 3 ] ], [ [ "caveyot_helmet_plump", 2 ] ] ]
  },
  {
    "type": "recipe",
    "result": "brew_hb_beer",
    "activity_level": "LIGHT_EXERCISE",
    "id_suffix": "dorf",
    "result_mult": 15,
    "category": "CC_FOOD",
    "subcategory": "CSC_FOOD_BREW",
    "skill_used": "cooking",
    "difficulty": 5,
    "time": "80 m",
    "batch_time_factors": [ 50, 4 ],
    "autolearn": true,
    "book_learn": [ [ "brewing_cookbook", 4 ] ],
    "qualities": [ { "id": "COOK", "level": 2 } ],
    "tools": [ [ [ "surface_heat", 6, "LIST" ] ] ],
    "components": [ [ [ "water", 15 ], [ "water_clean", 15 ] ], [ [ "caveyot_wheat_cave", 3 ], [ "caveyot_tails_pig", 3 ] ] ]
  },
  {
    "type": "recipe",
    "result": "molasses",
    "activity_level": "LIGHT_EXERCISE",
    "id_suffix": "dorf",
    "category": "CC_FOOD",
    "subcategory": "CSC_FOOD_DRINKS",
    "skill_used": "cooking",
    "difficulty": 5,
    "time": "80 m",
    "autolearn": true,
    "batch_time_factors": [ 60, 3 ],
    "qualities": [ { "id": "CUT", "level": 1 }, { "id": "BOIL", "level": 1 }, { "id": "CONTAIN", "level": 1 } ],
    "tools": [ [ [ "surface_heat", 12, "LIST" ] ] ],
    "components": [ [ [ "caveyot_pod_sweet", 1 ] ] ]
  },
  {
    "type": "recipe",
    "result": "flour",
    "activity_level": "LIGHT_EXERCISE",
    "id_suffix": "dorf",
    "category": "CC_FOOD",
    "subcategory": "CSC_FOOD_OTHER",
    "skill_used": "cooking",
    "difficulty": 3,
    "//": "It doesn't matter which process you use, the limiting factor is removing the powder from the stalk, which is easily ground up afterward.",
    "time": "20 m",
    "autolearn": true,
    "batch_time_factors": [ 83, 3 ],
    "flags": [ "BLIND_EASY" ],
    "qualities": [ { "id": "CUT", "level": 1 }, { "id": "CONTAIN", "level": 1 } ],
    "tools": [ [ [ "rock_quern", -1 ], [ "clay_quern", -1 ], [ "mortar_pestle", -1 ], [ "food_processor", 10 ] ] ],
    "components": [ [ [ "caveyot_wheat_cave", 2 ] ] ]
  },
  {
    "type": "recipe",
    "result": "plant_fibre",
    "activity_level": "MODERATE_EXERCISE",
    "result_mult": 10,
    "id_suffix": "dorf",
    "category": "CC_OTHER",
    "subcategory": "CSC_OTHER_MATERIALS",
    "skill_used": "survival",
    "difficulty": 2,
    "time": "12 m",
    "autolearn": true,
    "qualities": [ { "id": "CUT", "level": 1 }, { "id": "HAMMER", "level": 1 } ],
    "components": [ [ [ "caveyot_tails_pig", 1 ] ] ]
  },
  {
    "type": "recipe",
    "result": "paper",
    "activity_level": "MODERATE_EXERCISE",
    "id_suffix": "dorf",
    "category": "CC_OTHER",
    "subcategory": "CSC_OTHER_MATERIALS",
    "skill_used": "fabrication",
    "skills_required": [ "survival", 5 ],
    "difficulty": 6,
    "time": "120 m",
    "autolearn": true,
    "qualities": [ { "id": "HAMMER", "level": 1 }, { "id": "CONTAIN", "level": 1 }, { "id": "CUT", "level": 1 } ],
    "tools": [ [ [ "sheet_metal", -1 ] ] ],
    "components": [ [ [ "caveyot_tails_pig", 4 ] ], [ [ "water", 4 ], [ "water_clean", 4 ] ] ]
  },
  {
    "type": "recipe",
    "result": "cooking_oil",
    "activity_level": "LIGHT_EXERCISE",
    "id_suffix": "dorf",
    "category": "CC_FOOD",
    "subcategory": "CSC_FOOD_OTHER",
    "skill_used": "cooking",
    "difficulty": 5,
    "time": "10 m",
    "autolearn": true,
    "qualities": [ { "id": "HAMMER", "level": 1 }, { "id": "COOK", "level": 2 } ],
    "tools": [
      [ [ "rock_quern", -1 ], [ "clay_quern", -1 ], [ "mortar_pestle", -1 ], [ "food_processor", 10 ] ],
      [ [ "surface_heat", 10, "LIST" ] ],
      [ [ "rag", -1 ] ]
    ],
    "components": [ [ [ "caveyot_bush_quarry", 1 ] ] ]
  }
]
