[
  {
    "id": "embark_wagon",
    "type": "vehicle",
    "name": "Wagon",
    "blueprint": [
      [ "o---o " ],
      [ "====|-" ],
      [ "....# " ],
      [ "====|-" ],
      [ "o---o " ]
    ],
    "parts": [
      { "x": -4, "y": -2, "parts": [ "frame_wood_horizontal_2", "woodboard_vertical", "roof_cloth", "wheel_wood" ] },
      { "x": -4, "y": -1, "parts": [ "frame_wood_horizontal_2", "travois", "roof_cloth" ] },
      { "x": -4, "y": 0, "parts": [ "frame_wood_horizontal_2", "wooden_aisle_vertical", "roof_cloth" ] },
      { "x": -4, "y": 1, "parts": [ "frame_wood_horizontal_2", "travois", "roof_cloth" ] },
      { "x": -4, "y": 2, "parts": [ "frame_wood_horizontal_2", "woodboard_vertical", "roof_cloth", "wheel_wood" ] },
      { "x": -3, "y": -2, "parts": [ "frame_wood_vertical", "woodboard_vertical", "roof_cloth" ] },
      { "x": -3, "y": -1, "parts": [ "frame_wood_vertical", "travois", "roof_cloth" ] },
      { "x": -3, "y": 0, "parts": [ "frame_wood_vertical", "wooden_aisle_vertical", "roof_cloth" ] },
      { "x": -3, "y": 1, "parts": [ "frame_wood_vertical", "travois", "roof_cloth" ] },
      { "x": -3, "y": 2, "parts": [ "frame_wood_vertical", "woodboard_vertical", "roof_cloth" ] },
      { "x": -2, "y": -2, "parts": [ "frame_wood_vertical", "woodboard_vertical", "roof_cloth" ] },
      { "x": -2, "y": -1, "parts": [ "frame_wood_vertical", "travois", "roof_cloth" ] },
      { "x": -2, "y": 0, "parts": [ "frame_wood_vertical", "wooden_aisle_vertical", "roof_cloth" ] },
      { "x": -2, "y": 1, "parts": [ "frame_wood_vertical", "travois", "roof_cloth" ] },
      { "x": -2, "y": 2, "parts": [ "frame_wood_vertical", "woodboard_vertical", "roof_cloth" ] },
      { "x": -1, "y": -2, "parts": [ "frame_wood_vertical", "woodboard_vertical", "roof_cloth" ] },
      { "x": -1, "y": -1, "parts": [ "frame_wood_vertical", "travois", "roof_cloth" ] },
      { "x": -1, "y": 0, "parts": [ "frame_wood_vertical", "wooden_aisle_vertical", "roof_cloth" ] },
      { "x": -1, "y": 1, "parts": [ "frame_wood_vertical", "travois", "roof_cloth" ] },
      { "x": -1, "y": 2, "parts": [ "frame_wood_vertical", "woodboard_vertical", "roof_cloth" ] },
      { "x": 0, "y": -2, "parts": [ "frame_wood_horizontal_2", "woodboard_nw", "roof_cloth", "wheel_wood" ] },
      { "x": 0, "y": -1, "parts": [ "frame_wood_horizontal_2", "woodboard_horizontal", "roof_cloth" ] },
      { "x": 0, "y": 0, "parts": [ "frame_wood_horizontal_2", "seat_wood", "roof_cloth" ] },
      { "x": 0, "y": 1, "parts": [ "frame_wood_horizontal_2", "woodboard_horizontal", "roof_cloth" ] },
      { "x": 0, "y": 2, "parts": [ "frame_wood_horizontal_2", "woodboard_ne", "roof_cloth", "wheel_wood" ] },
      { "x": 1, "y": -1, "parts": [ "frame_wood_handle" ] },
      { "x": 1, "y": 1, "parts": [ "frame_wood_handle" ] }
    ]
  }
]
