[
  {
    "type": "monster_attack",
    "attack_type": "melee",
    "id": "zap_hit_light",
    "cooldown": 10,
    "move_cost": 50,
    "damage_max_instance": [ { "damage_type": "stab", "amount": 5, "armor_penetration": 20 } ],
    "body_parts": [ [ "torso", 1 ] ],
    "effects": [ { "id": "stunned", "duration": 2, "chance": 75 }, { "id": "bleed", "duration": 5, "bp": "torso", "chance": 40 } ],
    "hit_dmg_u": "The %1$s delivers a shocking jab to your torso!",
    "hit_dmg_npc": "The %1$s delivers a shocking jab to <npcname>'s torso!",
    "no_dmg_msg_u": "The %1$s tries jab your torso, but the blow reflects off armor.",
    "no_dmg_msg_npc": "The %1$s tries to jab <npcname>'s torso, but the blow reflects off armor."
  }
]
