[
  {
    "type": "item_group",
    "subtype": "collection",
    "id": "mon_zombie_scientist_death_drops",
    "entries": [
      { "group": "BioCo_Software_Basic", "prob": 10 },
      { "group": "BioCo_Components", "prob": 10 },
      { "group": "BioCo_Software_Advanced", "prob": 1 }
    ]
  },
  {
    "id": "mon_zombie_technician_death_drops",
    "type": "item_group",
    "subtype": "collection",
    "entries": [ { "group": "BioCo_Software_Basic", "prob": 8 } ]
  },
  {
    "id": "mon_BioCo_ScavBot_death_drops",
    "type": "item_group",
    "subtype": "collection",
    "entries": [
      { "group": "BioCo_Software_Basic", "prob": 20 },
      { "group": "BioCo_Software_Advanced", "prob": 10 },
      { "group": "BioCo_Components", "prob": 50 },
      { "group": "science", "prob": 100 }
    ]
  }
]
