[
  {
    "id": "mon_BioCo_ScavBot",
    "type": "MONSTER",
    "name": { "str": "BioCo ScavBot" },
    "description": "This knee height spider-robot skitters around on multiple legs, and has the BioCo emblem displayed on its top.",
    "default_faction": "BioCo",
    "species": [ "ROBOT" ],
    "diff": 20,
    "volume": "92500 ml",
    "weight": "120000 g",
    "hp": 60,
    "speed": 110,
    "material": [ "steel" ],
    "symbol": "S",
    "color": "dark_gray",
    "aggression": 0,
    "morale": 100,
    "melee_skill": 8,
    "melee_dice": 5,
    "melee_dice_sides": 2,
    "melee_cut": 10,
    "dodge": 1,
    "armor_bash": 25,
    "armor_cut": 35,
    "armor_bullet": 28,
    "vision_day": 50,
    "vision_night": 10,
    "death_drops": "mon_BioCo_ScavBot_death_drops",
    "anger_triggers": [ "HURT", "FRIEND_ATTACKED", "FRIEND_DIED" ],
    "special_attacks": [ [ "PARROT", 80 ], [ "zap_hit_light", 80 ] ],
    "death_function": { "corpse_type": "BROKEN" },
    "flags": [ "SEES", "HEARS", "ATTACKMON", "ELECTRONIC", "NO_BREATHE" ]
  }
]
