[
  {
    "id": "oil_coating",
    "type": "ARMOR",
    "category": "armor",
    "name": { "str": "oil coating" },
    "description": "Oil floats on acid\n Step 1: Wait for it to acid\n Acid rain was removed...\n Step 2: Kill an acid zombie\n Step 3: Cover youself in oil\n Step 4: Step into the acid\n ᓭℸ ̣ ᒷ!¡ 5: ᓭᓵ∷ᒷᔑᒲ ╎リ !¡ᔑ╎リ ᔑᓭ ℸ ̣ ⍑ᒷ ᔑᓵ╎↸ ᓵ𝙹リᓭ⚍ᒲᒷᓭ ||𝙹⚍",
    "weight": "1 mg",
    "volume": "1 ml",
    "price": 0,
    "price_postapoc": 0,
    "to_hit": 1,
    "bashing": 1,
    "material": [ "oil_coating" ],
    "symbol": "0",
    "color": "yellow",
    "environmental_protection" : 10,
    "material_thickness" : 0.1,
    "armor": [ { "encumbrance": 5, "coverage": 100, "covers": [ "torso", "arm_l", "arm_r", "hand_l", "hand_r", "leg_l", "leg_r", "foot_l", "foot_r", "head", "eyes" ] } ],
    "flags": [ "WATERPROOF", "AURA", "WATER_FRIENDLY", "RAINPROOF", "ONLY_ONE", "SEMITANGIBLE", "FIT", "NO_TAKEOFF", "TRADER_AVOID", "OVERSIZE", "NONCONDUCTIVE"]
  },
  {
    "type": "COMESTIBLE",
    "id": "pine_nut_oil",
    "name": { "str_sp": "pine nut oil" },
    "weight": "15 g",
    "color": "yellow",
    "container": "jug_plastic",
    "sealed": false,
    "comestible_type": "DRINK",
    "symbol": "~",
    "description": "Thin yellow pine nut oil used for cooking.",
    "price": 40,
    "price_postapoc": 500,
    "material": [ "oil", "nut" ],
    "volume": "250 ml",
    "charges": 16,
    "phase": "liquid",
    "freezing_point": 14,
	"flags": [ "NUTRIENT_OVERRIDE","NO_INGEST" ],
	"use_action": { "type": "cast_spell", "spell_id": "covering_oil", "no_fail": true, "level": 0, "need_wielding": false }
  },
  {
    "type": "COMESTIBLE",
    "id": "cooking_oil",
    "name": { "str_sp": "vegetable cooking oil" },
    "weight": "15 g",
    "color": "yellow",
    "container": "jug_plastic",
    "sealed": false,
    "comestible_type": "DRINK",
    "symbol": "~",
    "quench": -1,
    "calories": 127,
    "description": "Thin yellow vegetable oil used for cooking.",
    "price": 40,
    "price_postapoc": 500,
    "material": [ "oil", "veggy" ],
    "volume": "250 ml",
    "charges": 16,
    "phase": "liquid",
    "fun": -25,
    "flags": [ "NUTRIENT_OVERRIDE", "NO_INGEST" ],
    "vitamins": [  ],
    "freezing_point": 14,
    "use_action": { "type": "cast_spell", "spell_id": "covering_oil", "no_fail": true, "level": 0, "need_wielding": false }
  },
  {
    "type": "COMESTIBLE",
    "id": "cooking_oil2",
    "name": { "str_sp": "animal cooking oil" },
    "copy-from": "cooking_oil",
    "description": "Thin yellow animal oil used for cooking.",
    "material": [ "flesh", "oil" ],
    "flags": [ "NO_INGEST" ]
  },
  {
    "id": "lamp_oil",
    "type": "AMMO",
    "name": { "str_sp": "lamp oil" },
    "description": "A thin and clean-burning oil made for use in oil lamps.",
    "category": "fuel",
    "weight": "1 g",
    "volume": "200ml",
    "price": 20,
    "price_postapoc": 200,
    "count": 250,
    "stack_size": 200,
    "phase": "liquid",
    "container": "bottle_plastic",
    "sealed": false,
    "symbol": "=",
    "color": "yellow",
    "material": [ "lamp_oil" ],
    "ammo_type": "lamp_oil",
    "range": 6,
    "damage": { "damage_type": "heat", "amount": 2, "armor_penetration": 2 },
    "effects": [ "FLAME", "STREAM" ],
    "use_action": { "type": "cast_spell", "spell_id": "covering_oil", "no_fail": true, "level": 0, "need_wielding": false }
  }
]
