[
  {
    "type": "recipe",
    "activity_level": "LIGHT_EXERCISE",
	"result": "pine_nut_oil",
    "id_suffix": "cooking_oil_pine_nut",
    "category": "CC_FOOD",
    "subcategory": "CSC_FOOD_OTHER",
    "skill_used": "cooking",
    "difficulty": 4,
    "charges": 1,
    "time": "10 m",
    "autolearn": true,
    "qualities": [ { "id": "CUT", "level": 1 }, { "id": "COOK", "level": 2 } ],
    "tools": [ [ [ "surface_heat", 10, "LIST" ] ] ],
    "components": [
      [
        [ "pine_nuts", 6 ]
      ]
    ]
  },
  {
    "type": "recipe",
    "activity_level": "LIGHT_EXERCISE",
	"result": "cooking_oil",
    "id_suffix": "convert_oil_from_pine",
    "category": "CC_FOOD",
    "subcategory": "CSC_FOOD_OTHER",
    "skill_used": "cooking",
    "difficulty": 4,
    "charges": 1,
    "time": "5 s",
    "autolearn": true,
    "components": [
      [
        [ "pine_nut_oil", 1 ]
      ]
    ]
  }
]
