[
  {
    "type": "furniture",
    "id": "f_food_irradiator",
    "name": "Food Irradiator",
    "symbol": "%",
    "description": "The Rivtech Atomic Autoclave, a scientific apparatus for sterilizing tools and biological samples.  It bathes the objects in a mild stream of ionizing radiation, deadly to any germs or micro-organisms of Terrestrial origin.  It can also be used to irradiate food, extending the shelf life of common vegetables.",
    "color": "light_green",
    "looks_like": "t_cvdmachine",
    "move_cost_mod": -1,
    "required_str": -1,
    "crafting_pseudo_item": "food_irradiator",
    "flags": [ "NOITEM", "TRANSPARENT" ],
    "deconstruct": {
      "items": [
        { "item": "processor", "count": 1 },
        { "item": "RAM", "count": 1 },
        { "item": "plut_cell", "charges": [ 20, 30 ] },
        { "item": "cable", "charges": [ 4, 6 ] },
        { "item": "small_lcd_screen", "count": 1 },
        { "item": "e_scrap", "count": [ 2, 4 ] },
        { "item": "circuit", "count": [ 4, 6 ] },
        { "item": "power_supply", "count": [ 1, 2 ] },
        { "item": "amplifier", "count": [ 2, 4 ] },
        { "item": "plastic_chunk", "count": [ 10, 12 ] },
        { "item": "scrap", "count": [ 6, 8 ] }
      ]
    },
    "bash": {
      "str_min": 10,
      "str_max": 150,
      "sound": "crunch!",
      "sound_fail": "whack!",
      "items": [
        { "item": "plut_cell", "charges": [ 5, 10 ], "damage": 2 },
        { "item": "processor", "count": 1, "prob": 50 },
        { "item": "RAM", "count": 1, "prob": 50 },
        { "item": "cable", "charges": [ 4, 6 ], "prob": 50 },
        { "item": "small_lcd_screen", "count": 1, "prob": 50 },
        { "item": "e_scrap", "count": [ 2, 4 ], "prob": 50 },
        { "item": "circuit", "count": [ 4, 6 ], "prob": 50 },
        { "item": "power_supply", "count": [ 1, 2 ], "prob": 50 },
        { "item": "amplifier", "count": [ 2, 4 ], "prob": 50 },
        { "item": "plastic_chunk", "count": [ 10, 12 ], "prob": 50 },
        { "item": "scrap", "count": [ 6, 8 ], "prob": 50 }
      ]
    }
  },
  {
    "type": "furniture",
    "id": "f_food_irradiator_casing",
    "name": "Food Irradiator outer casing",
    "symbol": "&",
    "description": "The Rivtech Atomic Autoclave, a scientific apparatus for sterilizing tools and biological samples.  It bathes the objects in a mild stream of ionizing radiation, deadly to any germs or micro-organisms of Terrestrial origin.  It can also be used to irradiate food, extending the shelf life of common vegetables.",
    "color": "light_green",
    "looks_like": "t_cvdbody",
    "move_cost_mod": -1,
    "required_str": -1,
    "flags": [ "NOITEM" ],
    "deconstruct": {
      "items": [
        { "item": "frame", "count": 1 },
        { "item": "cable", "charges": [ 4, 6 ] },
        { "item": "steel_lump", "count": [ 2, 6 ] },
        { "item": "scrap", "count": [ 2, 6 ] },
        { "item": "lead", "charges": [ 2000, 4000 ] }
      ]
    },
    "bash": {
      "str_min": 18,
      "str_max": 60,
      "sound": "metal screeching!",
      "sound_fail": "clang!",
      "items": [
        { "item": "frame", "count": 1, "prob": 50 },
        { "item": "cable", "charges": [ 4, 6 ] },
        { "item": "steel_lump", "count": [ 1, 3 ] },
        { "item": "scrap", "count": [ 10, 20 ] },
        { "item": "lead", "charges": [ 2000, 4000 ] }
      ]
    }
  }
]
