[
  {
    "type": "COMESTIBLE",
    "id": "irradiated_rose_hips",
    "copy-from": "irradiated_rose_hips",
    "name": { "str": "irradiated rose hips", "str_pl": "irradiated rose hips" },
    "description": "An irradiated rose hips will remain edible up to three months.  Sterilized using radiation, so it's safe to eat.",
    "proportional": { "price": 2 },
    "spoils_in": "90 days"
  },
  {
    "type": "COMESTIBLE",
    "id": "irradiated_elderberries",
    "copy-from": "irradiated_elderberries",
    "name": { "str": "irradiated elderberry", "str_pl": "irradiated elderberries" },
    "description": "An irradiated elderberry will remain edible up to three months.  Sterilized using radiation, so it's safe to eat.",
    "spoils_in": "90 days"
  },
  {
    "type": "COMESTIBLE",
    "id": "irradiated_mulberries",
    "copy-from": "irradiated_mulberries",
    "name": { "str": "irradiated mulberry", "str_pl": "irradiated mulberries" },
    "description": "An irradiated mulberry will remain edible up to three months.  Sterilized using radiation, so it's safe to eat.",
    "spoils_in": "90 days"
  },
  {
    "type": "COMESTIBLE",
    "id": "irradiated_huckleberries",
    "copy-from": "irradiated_huckleberries",
    "name": { "str": "irradiated huckleberry", "str_pl": "irradiated huckleberries" },
    "description": "An irradiated huckleberry will remain edible up to three months.  Sterilized using radiation, so it's safe to eat.",
    "spoils_in": "90 days"
  },
  {
    "type": "COMESTIBLE",
    "id": "irradiated_raspberries",
    "copy-from": "irradiated_raspberries",
    "name": { "str": "irradiated raspberry", "str_pl": "irradiated raspberries" },
    "description": "An irradiated raspberry will remain edible up to three months.  Sterilized using radiation, so it's safe to eat.",
    "spoils_in": "90 days"
  },
  {
    "type": "COMESTIBLE",
    "id": "irradiate_raspberries",
    "copy-from": "irradiated_raspberries",
    "name": { "str": "irradiated raspberry", "str_pl": "irradiated raspberries" },
    "description": "An irradiated raspberry will remain edible up to three months.  Sterilized using radiation, so it's safe to eat.",
    "spoils_in": "90 days"
  },
  {
    "type": "COMESTIBLE",
    "id": "irradiated_cranberries",
    "copy-from": "irradiated_cranberries",
    "name": { "str": "irradiated cranberry", "str_pl": "irradiated cranberries" },
    "description": "An irradiated cranberry will remain edible up to three months.  Sterilized using radiation, so it's safe to eat.",
    "spoils_in": "90 days"
  },
  {
    "type": "COMESTIBLE",
    "id": "irradiated_strawberries",
    "copy-from": "irradiated_strawberries",
    "name": { "str": "irradiated strawberry", "str_pl": "irradiated strawberries" },
    "description": "An irradiated strawberry will remain edible up to three months.  Sterilized using radiation, so it's safe to eat.",
    "spoils_in": "90 days"
  },
  {
    "type": "COMESTIBLE",
    "id": "irradiated_blueberries",
    "copy-from": "irradiated_blueberries",
    "name": { "str": "irradiated blueberry", "str_pl": "irradiated blueberries" },
    "description": "An irradiated blueberry will remain edible up to three months.  Sterilized using radiation, so it's safe to eat.",
    "spoils_in": "90 days"
  },
  {
    "type": "COMESTIBLE",
    "id": "irradiated_apple",
    "copy-from": "irradiated_apple",
    "name": { "str": "irradiated apple" },
    "description": "Mmm, irradiated.  Will remain edible up to three months.  Sterilized using radiation, so it's safe to eat.",
    "spoils_in": "90 days"
  },
  {
    "type": "COMESTIBLE",
    "id": "irradiated_banana",
    "copy-from": "irradiated_banana",
    "name": { "str": "irradiated banana" },
    "description": "An irradiated banana will remain edible up to three months.  Sterilized using radiation, so it's safe to eat.",
    "spoils_in": "90 days"
  },
  {
    "type": "COMESTIBLE",
    "id": "irradiated_orange",
    "copy-from": "irradiated_orange",
    "name": { "str": "irradiated orange" },
    "description": "An irradiated orange will remain edible up to three months.  Sterilized using radiation, so it's safe to eat.",
    "spoils_in": "90 days"
  },
  {
    "type": "COMESTIBLE",
    "id": "irradiated_lemon",
    "copy-from": "irradiated_lemon",
    "name": { "str": "irradiated lemon" },
    "description": "An irradiated lemon will remain edible up to three months.  Sterilized using radiation, so it's safe to eat.",
    "spoils_in": "90 days"
  },
  {
    "type": "COMESTIBLE",
    "id": "irradiated_grapefruit",
    "copy-from": "irradiated_grapefruit",
    "name": { "str": "irradiated grapefruit" },
    "description": "An irradiated grapefruit will remain edible up to three months.  Sterilized using radiation, so it's safe to eat.",
    "spoils_in": "90 days"
  },
  {
    "type": "COMESTIBLE",
    "id": "irradiated_pear",
    "copy-from": "irradiated_pear",
    "name": { "str": "irradiated pear" },
    "description": "An irradiated pear will remain edible up to three months.  Sterilized using radiation, so it's safe to eat.",
    "spoils_in": "90 days"
  },
  {
    "type": "COMESTIBLE",
    "id": "irradiated_cherries",
    "copy-from": "irradiated_cherries",
    "name": { "str": "irradiated cherry", "str_pl": "irradiated cherries" },
    "description": "An irradiated cherry will remain edible up to three months.  Sterilized using radiation, so it's safe to eat.",
    "spoils_in": "90 days"
  },
  {
    "type": "COMESTIBLE",
    "id": "irradiated_plums",
    "copy-from": "irradiated_plums",
    "name": { "str": "irradiated plum" },
    "description": "A group of irradiated plums will remain edible up to three months.  Sterilized using radiation, so it's safe to eat.",
    "spoils_in": "90 days"
  },
  {
    "type": "COMESTIBLE",
    "id": "irradiated_grapes",
    "copy-from": "irradiated_grapes",
    "name": { "str": "irradiated grape", "str_pl": "irradiated grapes" },
    "description": "An irradiated grape will remain edible up to three months.  Sterilized using radiation, so it's safe to eat.",
    "spoils_in": "90 days"
  },
  {
    "type": "COMESTIBLE",
    "id": "irradiated_pineapple",
    "copy-from": "irradiated_pineapple",
    "name": { "str": "irradiated pineapple" },
    "description": "An irradiated pineapple will remain edible up to three months.  Sterilized using radiation, so it's safe to eat.",
    "spoils_in": "90 days"
  },
  {
    "type": "COMESTIBLE",
    "id": "irradiated_peach",
    "copy-from": "irradiated_peach",
    "name": { "str": "irradiated peach", "str_pl": "irradiated peaches" },
    "description": "An irradiated peach will remain edible up to three months.  Sterilized using radiation, so it's safe to eat.",
    "spoils_in": "90 days"
  },
  {
    "type": "COMESTIBLE",
    "id": "irradiated_watermelon",
    "copy-from": "irradiated_watermelon",
    "name": { "str": "irradiated watermelon" },
    "description": "An irradiated watermelon will remain edible up to three months.  Sterilized using radiation, so it's safe to eat.",
    "flags": [ "EATEN_COLD", "FREEZERBURN" ],
    "spoils_in": "90 days"
  },
  {
    "type": "COMESTIBLE",
    "id": "irradiated_melon",
    "copy-from": "irradiated_melon",
    "name": { "str": "irradiated melon" },
    "description": "An irradiated melon will remain edible up to three months.  Sterilized using radiation, so it's safe to eat.",
    "flags": [ "EATEN_COLD", "FREEZERBURN" ],
    "spoils_in": "90 days"
  },
  {
    "type": "COMESTIBLE",
    "id": "irradiated_blackberries",
    "copy-from": "irradiated_blackberries",
    "name": { "str": "irradiated blackberry", "str_pl": "irradiated blackberries" },
    "description": "An irradiated blackberry will remain edible up to three months.  Sterilized using radiation, so it's safe to eat.",
    "spoils_in": "90 days"
  },
  {
    "type": "COMESTIBLE",
    "id": "irradiated_mango",
    "copy-from": "irradiated_mango",
    "name": { "str": "irradiated mango" },
    "description": "An irradiated mango will remain edible up to three months.  Sterilized using radiation, so it's safe to eat.",
    "spoils_in": "90 days"
  },
  {
    "type": "COMESTIBLE",
    "id": "irradiated_pomegranate",
    "copy-from": "irradiated_pomegranate",
    "name": { "str": "irradiated pomegranate" },
    "description": "An irradiated pomegranate will remain edible up to three months.  Sterilized using radiation, so it's safe to eat.",
    "spoils_in": "90 days"
  },
  {
    "type": "COMESTIBLE",
    "id": "irradiated_papaya",
    "copy-from": "irradiated_papaya",
    "name": { "str": "irradiated papaya" },
    "description": "An irradiated papaya will remain edible up to three months.  Sterilized using radiation, so it's safe to eat.",
    "spoils_in": "90 days"
  },
  {
    "type": "COMESTIBLE",
    "id": "irradiated_kiwi",
    "copy-from": "irradiated_kiwi",
    "name": { "str": "irradiated kiwi" },
    "description": "An irradiated kiwi will remain edible up to three months.  Sterilized using radiation, so it's safe to eat.",
    "spoils_in": "90 days"
  },
  {
    "type": "COMESTIBLE",
    "id": "irradiated_apricot",
    "copy-from": "irradiated_apricot",
    "name": { "str": "irradiated apricot" },
    "description": "An irradiated apricot will remain edible up to three months.  Sterilized using radiation, so it's safe to eat.",
    "spoils_in": "90 days"
  }
]
