[
  {
    "type": "COMESTIBLE",
    "id": "irradiated_lettuce",
    "copy-from": "irradiated_lettuce",
    "name": { "str": "irradiated lettuce" },
    "description": "An irradiated head of lettuce will remain edible up to three months.  Sterilized using radiation, so it's safe to eat.",
    "spoils_in": "90 days"
  },
  {
    "type": "COMESTIBLE",
    "id": "irradiated_cabbage",
    "copy-from": "irradiated_cabbage",
    "name": { "str": "irradiated cabbage" },
    "description": "An irradiated head of cabbage will remain edible up to three months.  Sterilized using radiation, so it's safe to eat.",
    "spoils_in": "90 days"
  },
  {
    "type": "COMESTIBLE",
    "id": "irradiated_tomato",
    "copy-from": "irradiated_tomato",
    "name": { "str": "irradiated tomato", "str_pl": "irradiated tomatoes" },
    "description": "An irradiated tomato will remain edible up to three months.  Sterilized using radiation, so it's safe to eat.",
    "spoils_in": "90 days"
  },
  {
    "type": "COMESTIBLE",
    "id": "irradiated_broccoli",
    "copy-from": "irradiated_broccoli",
    "name": { "str": "irradiated broccoli", "str_pl": "irradiated broccoli" },
    "description": "An irradiated cluster of broccoli will remain edible up to three months.  Sterilized using radiation, so it's safe to eat.",
    "spoils_in": "90 days"
  },
  {
    "type": "COMESTIBLE",
    "id": "irradiated_zucchini",
    "copy-from": "irradiated_zucchini",
    "name": { "str": "irradiated zucchini" },
    "description": "An irradiated zucchini will remain edible up to three months.  Sterilized using radiation, so it's safe to eat.",
    "spoils_in": "90 days"
  },
  {
    "type": "COMESTIBLE",
    "id": "irradiated_onion",
    "copy-from": "irradiated_onion",
    "name": { "str": "irradiated onion" },
    "description": "An irradiated onion will remain edible up to three months.  Sterilized using radiation, so it's safe to eat.",
    "spoils_in": "90 days",
    "flags": [ "FREEZERBURN" ]
  },
  {
    "type": "COMESTIBLE",
    "id": "irradiated_carrot",
    "copy-from": "irradiated_carrot",
    "name": { "str": "irradiated carrot" },
    "description": "An irradiated bundle of carrots will remain edible up to three months.  Sterilized using radiation, so it's safe to eat.",
    "spoils_in": "90 days"
  },
  {
    "type": "COMESTIBLE",
    "id": "irradiated_corn",
    "copy-from": "irradiated_corn",
    "name": { "str": "irradiated corn", "str_pl": "irradiated corn" },
    "description": "An irradiated ear of corn will remain edible up to three months.  Sterilized using radiation, so it's safe to eat.",
    "spoils_in": "90 days"
  },
  {
    "type": "COMESTIBLE",
    "id": "irradiated_pumpkin",
    "copy-from": "irradiated_pumpkin",
    "name": { "str": "irradiated pumpkin" },
    "description": "An irradiated pumpkin will remain edible up to three months.  Sterilized using radiation, so it's safe to eat.",
    "spoils_in": "90 days"
  },
  {
    "type": "COMESTIBLE",
    "id": "irradiated_celery",
    "copy-from": "irradiated_celery",
    "name": { "str": "irradiated celery" },
    "description": "An irradiated celery will remain edible up to three months.  Sterilized using radiation, so it's safe to eat.",
    "spoils_in": "90 days"
  },
  {
    "type": "COMESTIBLE",
    "id": "irradiated_cucumber",
    "copy-from": "irradiated_cucumber",
    "name": { "str": "irradiated cucumber" },
    "description": "An irradiated cucumber will remain edible up to three months.  Sterilized using radiation, so it's safe to eat.",
    "spoils_in": "90 days"
  },
  {
    "type": "COMESTIBLE",
    "id": "irradiated_rhubarb",
    "copy-from": "irradiated_rhubarb",
    "name": { "str": "irradiated rhubarb" },
    "description": "An irradiated rhubarb will remain edible up to three months.  Sterilized using radiation, so it's safe to eat.",
    "spoils_in": "90 days"
  }
]
