[
  {
    "id": "food_irradiator",
    "type": "TOOL",
    "name": { "str": "food irradiator" },
    "description": "This is a portable version of the food irradiator, used to sterilize fruits and vegetables.  It has a set of plutonium rods emitting a steady stream of ionizing radiation, and requires no additional power source.",
    "weight": "12000 g",
    "volume": "7500 ml",
    "price": "5000 USD",
    "to_hit": -3,
    "bashing": 12,
    "material": [ "steel" ],
    "symbol": ";",
    "color": "red",
    "flags": [ "LEAK_DAM", "RADIOACTIVE" ]
  },
  {
    "id": "recipe_food_irradiator",
    "type": "BOOK",
    "name": { "str": "Irradiator Instruction Manual" },
    "description": "A small instruction manual for working the Rivtech Atomic Autoclave.  You could use this to figure out how to irradiate vegetables.",
    "weight": "1 g",
    "volume": "3 ml",
    "price": "40 USD",
    "material": [ "paper" ],
    "symbol": "?",
    "color": "light_green",
    "skill": "electronics",
    "required_level": 2,
    "max_level": 3,
    "intelligence": 8,
    "time": 10,
    "fun": -1
  }
]
