[
  {
    "//": "7x7 irraditor",
    "type": "mapgen",
    "method": "json",
    "nested_mapgen_id": "lab_room_7x7_rare",
    "object": {
      "mapgensize": [ 7, 7 ],
      "rotation": [ 0, 3 ],
      "rows": [
        "S....rr",
        ".......",
        "..IiI..",
        "..III..",
        "..IiI..",
        "c......",
        "cc....h"
      ],
      "palettes": [ "lab_palette", "lab_loot_research" ],
      "furniture": { "i": "f_food_irradiator", "I": "f_food_irradiator_casing" },
      "item": { "C": { "item": "recipe_food_irradiator", "chance": 100 } }
    }
  },
  {
    "//": "9x9 irradiator",
    "type": "mapgen",
    "method": "json",
    "nested_mapgen_id": "lab_room_9x9_rare",
    "object": {
      "mapgensize": [ 9, 9 ],
      "rotation": [ 0, 3 ],
      "rows": [
        ".........",
        ".X......h",
        "........h",
        "...IiI...",
        "...III...",
        "...IiI...",
        ".........",
        "........c",
        "......Scc"
      ],
      "palettes": [ "lab_palette", "lab_loot_research" ],
      "furniture": { "i": "f_food_irradiator", "I": "f_food_irradiator_casing" },
      "item": { "C": { "item": "recipe_food_irradiator", "chance": 100 } }
    }
  }
]
