[
  {
    "type": "recipe",
    "activity_level": "LIGHT_EXERCISE",
    "result": "food_irradiator",
    "category": "CC_ELECTRONIC",
    "subcategory": "CSC_ELECTRONIC_TOOLS",
    "skill_used": "electronics",
    "difficulty": 5,
    "time": 240000,
    "reversible": true,
    "decomp_learn": 4,
    "book_learn": [ [ "recipe_food_irradiator", 5 ] ],
    "using": [ [ "soldering_standard", 24 ] ],
    "qualities": [ { "id": "SCREW", "level": 1 }, { "id": "HAMMER", "level": 2 }, { "id": "SAW_M", "level": 2 } ],
    "components": [
      [ [ "plut_cell", 30 ] ],
      [ [ "frame", 1 ] ],
      [ [ "lead", 1000 ] ],
      [ [ "scrap", 6 ] ],
      [ [ "cable", 10 ] ],
      [ [ "amplifier", 4 ] ]
    ]
  }
]
