[
  {
    "type": "recipe",
    "activity_level": "NO_EXERCISE",
    "result": "irradiated_rose_hips",
    "category": "CC_FOOD",
    "subcategory": "CSC_FOOD_VEGGI",
    "skill_used": "electronics",
    "time": 60000,
    "autolearn": false,
    "book_learn": [ [ "recipe_food_irradiator", 1 ] ],
    "batch_time_factors": [ 100, 2 ],
    "flags": [ "BLIND_EASY" ],
    "tools": [ [ [ "food_irradiator", -1 ] ] ],
    "components": [ [ [ "rose_hips", 1 ] ] ]
  },
  {
    "type": "recipe",
    "activity_level": "NO_EXERCISE",
    "result": "irradiated_elderberries",
    "category": "CC_FOOD",
    "subcategory": "CSC_FOOD_VEGGI",
    "skill_used": "electronics",
    "time": 60000,
    "autolearn": false,
    "book_learn": [ [ "recipe_food_irradiator", 1 ] ],
    "batch_time_factors": [ 100, 2 ],
    "flags": [ "BLIND_EASY" ],
    "tools": [ [ [ "food_irradiator", -1 ] ] ],
    "components": [ [ [ "elderberries", 1 ] ] ]
  },
  {
    "type": "recipe",
    "activity_level": "NO_EXERCISE",
    "result": "irradiated_mulberries",
    "category": "CC_FOOD",
    "subcategory": "CSC_FOOD_VEGGI",
    "skill_used": "electronics",
    "time": 60000,
    "autolearn": false,
    "book_learn": [ [ "recipe_food_irradiator", 1 ] ],
    "batch_time_factors": [ 100, 2 ],
    "flags": [ "BLIND_EASY" ],
    "tools": [ [ [ "food_irradiator", -1 ] ] ],
    "components": [ [ [ "mulberries", 1 ] ] ]
  },
  {
    "type": "recipe",
    "activity_level": "NO_EXERCISE",
    "result": "irradiated_huckleberries",
    "category": "CC_FOOD",
    "subcategory": "CSC_FOOD_VEGGI",
    "skill_used": "electronics",
    "time": 60000,
    "autolearn": false,
    "book_learn": [ [ "recipe_food_irradiator", 1 ] ],
    "batch_time_factors": [ 100, 2 ],
    "flags": [ "BLIND_EASY" ],
    "tools": [ [ [ "food_irradiator", -1 ] ] ],
    "components": [ [ [ "huckleberries", 1 ] ] ]
  },
  {
    "type": "recipe",
    "activity_level": "NO_EXERCISE",
    "result": "irradiated_raspberries",
    "category": "CC_FOOD",
    "subcategory": "CSC_FOOD_VEGGI",
    "skill_used": "electronics",
    "time": 60000,
    "autolearn": false,
    "book_learn": [ [ "recipe_food_irradiator", 1 ] ],
    "batch_time_factors": [ 100, 2 ],
    "flags": [ "BLIND_EASY" ],
    "tools": [ [ [ "food_irradiator", -1 ] ] ],
    "components": [ [ [ "raspberries", 1 ] ] ]
  },
  {
    "type": "recipe",
    "activity_level": "NO_EXERCISE",
    "result": "irradiated_cranberries",
    "category": "CC_FOOD",
    "subcategory": "CSC_FOOD_VEGGI",
    "skill_used": "electronics",
    "time": 60000,
    "autolearn": false,
    "book_learn": [ [ "recipe_food_irradiator", 1 ] ],
    "batch_time_factors": [ 100, 2 ],
    "flags": [ "BLIND_EASY" ],
    "tools": [ [ [ "food_irradiator", -1 ] ] ],
    "components": [ [ [ "cranberries", 3 ] ] ]
  },
  {
    "type": "recipe",
    "activity_level": "NO_EXERCISE",
    "result": "irradiated_strawberries",
    "category": "CC_FOOD",
    "subcategory": "CSC_FOOD_VEGGI",
    "skill_used": "electronics",
    "time": 60000,
    "autolearn": false,
    "book_learn": [ [ "recipe_food_irradiator", 1 ] ],
    "batch_time_factors": [ 100, 2 ],
    "flags": [ "BLIND_EASY" ],
    "tools": [ [ [ "food_irradiator", -1 ] ] ],
    "components": [ [ [ "strawberries", 1 ] ] ]
  },
  {
    "type": "recipe",
    "activity_level": "NO_EXERCISE",
    "result": "irradiated_blueberries",
    "category": "CC_FOOD",
    "subcategory": "CSC_FOOD_VEGGI",
    "skill_used": "electronics",
    "time": 60000,
    "autolearn": false,
    "book_learn": [ [ "recipe_food_irradiator", 1 ] ],
    "batch_time_factors": [ 100, 2 ],
    "flags": [ "BLIND_EASY" ],
    "tools": [ [ [ "food_irradiator", -1 ] ] ],
    "components": [ [ [ "blueberries", 1 ] ] ]
  },
  {
    "type": "recipe",
    "activity_level": "NO_EXERCISE",
    "result": "irradiated_apple",
    "category": "CC_FOOD",
    "subcategory": "CSC_FOOD_VEGGI",
    "skill_used": "electronics",
    "time": 60000,
    "autolearn": false,
    "book_learn": [ [ "recipe_food_irradiator", 1 ] ],
    "batch_time_factors": [ 100, 2 ],
    "flags": [ "BLIND_EASY" ],
    "tools": [ [ [ "food_irradiator", -1 ] ] ],
    "components": [ [ [ "apple", 1 ] ] ]
  },
  {
    "type": "recipe",
    "activity_level": "NO_EXERCISE",
    "result": "irradiated_banana",
    "category": "CC_FOOD",
    "subcategory": "CSC_FOOD_VEGGI",
    "skill_used": "electronics",
    "time": 60000,
    "autolearn": false,
    "book_learn": [ [ "recipe_food_irradiator", 1 ] ],
    "batch_time_factors": [ 100, 2 ],
    "flags": [ "BLIND_EASY" ],
    "tools": [ [ [ "food_irradiator", -1 ] ] ],
    "components": [ [ [ "banana", 1 ] ] ]
  },
  {
    "type": "recipe",
    "activity_level": "NO_EXERCISE",
    "result": "irradiated_orange",
    "category": "CC_FOOD",
    "subcategory": "CSC_FOOD_VEGGI",
    "skill_used": "electronics",
    "time": 60000,
    "autolearn": false,
    "book_learn": [ [ "recipe_food_irradiator", 1 ] ],
    "batch_time_factors": [ 100, 2 ],
    "flags": [ "BLIND_EASY" ],
    "tools": [ [ [ "food_irradiator", -1 ] ] ],
    "components": [ [ [ "orange", 1 ] ] ]
  },
  {
    "type": "recipe",
    "activity_level": "NO_EXERCISE",
    "result": "irradiated_lemon",
    "category": "CC_FOOD",
    "subcategory": "CSC_FOOD_VEGGI",
    "skill_used": "electronics",
    "time": 60000,
    "autolearn": false,
    "book_learn": [ [ "recipe_food_irradiator", 1 ] ],
    "batch_time_factors": [ 100, 2 ],
    "flags": [ "BLIND_EASY" ],
    "tools": [ [ [ "food_irradiator", -1 ] ] ],
    "components": [ [ [ "lemon", 1 ] ] ]
  },
  {
    "type": "recipe",
    "activity_level": "NO_EXERCISE",
    "result": "irradiated_grapefruit",
    "category": "CC_FOOD",
    "subcategory": "CSC_FOOD_VEGGI",
    "skill_used": "electronics",
    "time": 60000,
    "autolearn": false,
    "book_learn": [ [ "recipe_food_irradiator", 1 ] ],
    "batch_time_factors": [ 100, 2 ],
    "flags": [ "BLIND_EASY" ],
    "tools": [ [ [ "food_irradiator", -1 ] ] ],
    "components": [ [ [ "grapefruit", 1 ] ] ]
  },
  {
    "type": "recipe",
    "activity_level": "NO_EXERCISE",
    "result": "irradiated_pear",
    "category": "CC_FOOD",
    "subcategory": "CSC_FOOD_VEGGI",
    "skill_used": "electronics",
    "time": 60000,
    "autolearn": false,
    "book_learn": [ [ "recipe_food_irradiator", 1 ] ],
    "flags": [ "BLIND_EASY" ],
    "batch_time_factors": [ 100, 2 ],
    "tools": [ [ [ "food_irradiator", -1 ] ] ],
    "components": [ [ [ "pear", 1 ] ] ]
  },
  {
    "type": "recipe",
    "activity_level": "NO_EXERCISE",
    "result": "irradiated_cherries",
    "category": "CC_FOOD",
    "subcategory": "CSC_FOOD_VEGGI",
    "skill_used": "electronics",
    "time": 60000,
    "autolearn": false,
    "book_learn": [ [ "recipe_food_irradiator", 1 ] ],
    "batch_time_factors": [ 100, 2 ],
    "flags": [ "BLIND_EASY" ],
    "tools": [ [ [ "food_irradiator", -1 ] ] ],
    "components": [ [ [ "cherries", 1 ] ] ]
  },
  {
    "type": "recipe",
    "activity_level": "NO_EXERCISE",
    "result": "irradiated_plums",
    "category": "CC_FOOD",
    "subcategory": "CSC_FOOD_VEGGI",
    "skill_used": "electronics",
    "time": 60000,
    "autolearn": false,
    "book_learn": [ [ "recipe_food_irradiator", 1 ] ],
    "batch_time_factors": [ 100, 2 ],
    "flags": [ "BLIND_EASY" ],
    "tools": [ [ [ "food_irradiator", -1 ] ] ],
    "components": [ [ [ "plums", 1 ] ] ]
  },
  {
    "type": "recipe",
    "activity_level": "NO_EXERCISE",
    "result": "irradiated_grapes",
    "category": "CC_FOOD",
    "subcategory": "CSC_FOOD_VEGGI",
    "skill_used": "electronics",
    "time": 60000,
    "autolearn": false,
    "book_learn": [ [ "recipe_food_irradiator", 1 ] ],
    "batch_time_factors": [ 100, 2 ],
    "flags": [ "BLIND_EASY" ],
    "tools": [ [ [ "food_irradiator", -1 ] ] ],
    "components": [ [ [ "grapes", 1 ] ] ]
  },
  {
    "type": "recipe",
    "activity_level": "NO_EXERCISE",
    "result": "irradiated_pineapple",
    "category": "CC_FOOD",
    "subcategory": "CSC_FOOD_VEGGI",
    "skill_used": "electronics",
    "time": 60000,
    "autolearn": false,
    "book_learn": [ [ "recipe_food_irradiator", 1 ] ],
    "batch_time_factors": [ 100, 2 ],
    "flags": [ "BLIND_EASY" ],
    "tools": [ [ [ "food_irradiator", -1 ] ] ],
    "components": [ [ [ "pineapple", 5 ] ] ]
  },
  {
    "type": "recipe",
    "activity_level": "NO_EXERCISE",
    "result": "irradiated_peach",
    "category": "CC_FOOD",
    "subcategory": "CSC_FOOD_VEGGI",
    "skill_used": "electronics",
    "time": 60000,
    "autolearn": false,
    "book_learn": [ [ "recipe_food_irradiator", 1 ] ],
    "batch_time_factors": [ 100, 2 ],
    "flags": [ "BLIND_EASY" ],
    "tools": [ [ [ "food_irradiator", -1 ] ] ],
    "components": [ [ [ "peach", 1 ] ] ]
  },
  {
    "type": "recipe",
    "activity_level": "NO_EXERCISE",
    "result": "irradiated_watermelon",
    "category": "CC_FOOD",
    "subcategory": "CSC_FOOD_VEGGI",
    "skill_used": "electronics",
    "time": 60000,
    "autolearn": false,
    "book_learn": [ [ "recipe_food_irradiator", 1 ] ],
    "batch_time_factors": [ 100, 2 ],
    "flags": [ "BLIND_EASY" ],
    "tools": [ [ [ "food_irradiator", -1 ] ] ],
    "components": [ [ [ "watermelon", 20 ] ] ]
  },
  {
    "type": "recipe",
    "activity_level": "NO_EXERCISE",
    "result": "irradiated_melon",
    "category": "CC_FOOD",
    "subcategory": "CSC_FOOD_VEGGI",
    "skill_used": "electronics",
    "time": 60000,
    "autolearn": false,
    "book_learn": [ [ "recipe_food_irradiator", 1 ] ],
    "batch_time_factors": [ 100, 2 ],
    "flags": [ "BLIND_EASY" ],
    "tools": [ [ [ "food_irradiator", -1 ] ] ],
    "components": [ [ [ "melon", 5 ] ] ]
  },
  {
    "type": "recipe",
    "activity_level": "NO_EXERCISE",
    "result": "irradiated_blackberries",
    "category": "CC_FOOD",
    "subcategory": "CSC_FOOD_VEGGI",
    "skill_used": "electronics",
    "time": 60000,
    "autolearn": false,
    "book_learn": [ [ "recipe_food_irradiator", 1 ] ],
    "batch_time_factors": [ 100, 2 ],
    "flags": [ "BLIND_EASY" ],
    "tools": [ [ [ "food_irradiator", -1 ] ] ],
    "components": [ [ [ "blackberries", 1 ] ] ]
  },
  {
    "type": "recipe",
    "activity_level": "NO_EXERCISE",
    "result": "irradiated_mango",
    "category": "CC_FOOD",
    "subcategory": "CSC_FOOD_VEGGI",
    "skill_used": "electronics",
    "time": 60000,
    "autolearn": false,
    "book_learn": [ [ "recipe_food_irradiator", 1 ] ],
    "batch_time_factors": [ 100, 2 ],
    "flags": [ "BLIND_EASY" ],
    "tools": [ [ [ "food_irradiator", -1 ] ] ],
    "components": [ [ [ "mango", 2 ] ] ]
  },
  {
    "type": "recipe",
    "activity_level": "NO_EXERCISE",
    "result": "irradiated_pomegranate",
    "category": "CC_FOOD",
    "subcategory": "CSC_FOOD_VEGGI",
    "skill_used": "electronics",
    "time": 60000,
    "autolearn": false,
    "book_learn": [ [ "recipe_food_irradiator", 1 ] ],
    "batch_time_factors": [ 100, 2 ],
    "flags": [ "BLIND_EASY" ],
    "tools": [ [ [ "food_irradiator", -1 ] ] ],
    "components": [ [ [ "pomegranate", 2 ] ] ]
  },
  {
    "type": "recipe",
    "activity_level": "NO_EXERCISE",
    "result": "irradiated_papaya",
    "category": "CC_FOOD",
    "subcategory": "CSC_FOOD_VEGGI",
    "skill_used": "electronics",
    "time": 60000,
    "autolearn": false,
    "book_learn": [ [ "recipe_food_irradiator", 1 ] ],
    "batch_time_factors": [ 100, 2 ],
    "flags": [ "BLIND_EASY" ],
    "tools": [ [ [ "food_irradiator", -1 ] ] ],
    "components": [ [ [ "papaya", 3 ] ] ]
  },
  {
    "type": "recipe",
    "activity_level": "NO_EXERCISE",
    "result": "irradiated_kiwi",
    "category": "CC_FOOD",
    "subcategory": "CSC_FOOD_VEGGI",
    "skill_used": "electronics",
    "time": 60000,
    "autolearn": false,
    "book_learn": [ [ "recipe_food_irradiator", 1 ] ],
    "batch_time_factors": [ 100, 2 ],
    "flags": [ "BLIND_EASY" ],
    "tools": [ [ [ "food_irradiator", -1 ] ] ],
    "components": [ [ [ "kiwi", 1 ] ] ]
  },
  {
    "type": "recipe",
    "activity_level": "NO_EXERCISE",
    "result": "irradiated_apricot",
    "category": "CC_FOOD",
    "subcategory": "CSC_FOOD_VEGGI",
    "skill_used": "electronics",
    "time": 60000,
    "autolearn": false,
    "book_learn": [ [ "recipe_food_irradiator", 1 ] ],
    "batch_time_factors": [ 100, 2 ],
    "flags": [ "BLIND_EASY" ],
    "tools": [ [ [ "food_irradiator", -1 ] ] ],
    "components": [ [ [ "apricot", 1 ] ] ]
  }
]
