[
  {
    "type": "recipe",
    "activity_level": "NO_EXERCISE",
    "result": "irradiated_lettuce",
    "category": "CC_FOOD",
    "subcategory": "CSC_FOOD_VEGGI",
    "skill_used": "electronics",
    "time": 60000,
    "autolearn": false,
    "book_learn": [ [ "recipe_food_irradiator", 1 ] ],
    "batch_time_factors": [ 100, 2 ],
    "flags": [ "BLIND_EASY" ],
    "tools": [ [ [ "food_irradiator", -1 ] ] ],
    "components": [ [ [ "lettuce", 10 ] ] ]
  },
  {
    "type": "recipe",
    "activity_level": "NO_EXERCISE",
    "result": "irradiated_cabbage",
    "category": "CC_FOOD",
    "subcategory": "CSC_FOOD_VEGGI",
    "skill_used": "electronics",
    "time": 60000,
    "autolearn": false,
    "book_learn": [ [ "recipe_food_irradiator", 1 ] ],
    "batch_time_factors": [ 100, 2 ],
    "flags": [ "BLIND_EASY" ],
    "tools": [ [ [ "food_irradiator", -1 ] ] ],
    "components": [ [ [ "cabbage", 9 ] ] ]
  },
  {
    "type": "recipe",
    "activity_level": "NO_EXERCISE",
    "result": "irradiated_tomato",
    "category": "CC_FOOD",
    "subcategory": "CSC_FOOD_VEGGI",
    "skill_used": "electronics",
    "time": 60000,
    "autolearn": false,
    "book_learn": [ [ "recipe_food_irradiator", 1 ] ],
    "batch_time_factors": [ 100, 2 ],
    "flags": [ "BLIND_EASY" ],
    "tools": [ [ [ "food_irradiator", -1 ] ] ],
    "components": [ [ [ "tomato", 1 ] ] ]
  },
  {
    "type": "recipe",
    "activity_level": "NO_EXERCISE",
    "result": "irradiated_broccoli",
    "category": "CC_FOOD",
    "subcategory": "CSC_FOOD_VEGGI",
    "skill_used": "electronics",
    "time": 60000,
    "autolearn": false,
    "book_learn": [ [ "recipe_food_irradiator", 1 ] ],
    "batch_time_factors": [ 100, 2 ],
    "flags": [ "BLIND_EASY" ],
    "tools": [ [ [ "food_irradiator", -1 ] ] ],
    "components": [ [ [ "broccoli", 1 ] ] ]
  },
  {
    "type": "recipe",
    "activity_level": "NO_EXERCISE",
    "result": "irradiated_zucchini",
    "category": "CC_FOOD",
    "subcategory": "CSC_FOOD_VEGGI",
    "skill_used": "electronics",
    "time": 60000,
    "autolearn": false,
    "book_learn": [ [ "recipe_food_irradiator", 1 ] ],
    "batch_time_factors": [ 100, 2 ],
    "flags": [ "BLIND_EASY" ],
    "tools": [ [ [ "food_irradiator", -1 ] ] ],
    "components": [ [ [ "zucchini", 1 ] ] ]
  },
  {
    "type": "recipe",
    "activity_level": "NO_EXERCISE",
    "result": "irradiated_onion",
    "category": "CC_FOOD",
    "subcategory": "CSC_FOOD_VEGGI",
    "skill_used": "electronics",
    "time": 60000,
    "autolearn": false,
    "book_learn": [ [ "recipe_food_irradiator", 1 ] ],
    "batch_time_factors": [ 100, 2 ],
    "flags": [ "BLIND_EASY" ],
    "tools": [ [ [ "food_irradiator", -1 ] ] ],
    "components": [ [ [ "onion", 1 ] ] ]
  },
  {
    "type": "recipe",
    "activity_level": "NO_EXERCISE",
    "result": "irradiated_carrot",
    "category": "CC_FOOD",
    "subcategory": "CSC_FOOD_VEGGI",
    "skill_used": "electronics",
    "time": 60000,
    "autolearn": false,
    "book_learn": [ [ "recipe_food_irradiator", 1 ] ],
    "batch_time_factors": [ 100, 2 ],
    "flags": [ "BLIND_EASY" ],
    "tools": [ [ [ "food_irradiator", -1 ] ] ],
    "components": [ [ [ "carrot", 6 ] ] ]
  },
  {
    "type": "recipe",
    "activity_level": "NO_EXERCISE",
    "result": "irradiated_corn",
    "category": "CC_FOOD",
    "subcategory": "CSC_FOOD_VEGGI",
    "skill_used": "electronics",
    "time": 60000,
    "autolearn": false,
    "book_learn": [ [ "recipe_food_irradiator", 1 ] ],
    "batch_time_factors": [ 100, 2 ],
    "flags": [ "BLIND_EASY" ],
    "tools": [ [ [ "food_irradiator", -1 ] ] ],
    "components": [ [ [ "corn", 1 ] ] ]
  },
  {
    "type": "recipe",
    "activity_level": "NO_EXERCISE",
    "result": "irradiated_pumpkin",
    "category": "CC_FOOD",
    "subcategory": "CSC_FOOD_VEGGI",
    "skill_used": "electronics",
    "time": 60000,
    "autolearn": false,
    "book_learn": [ [ "recipe_food_irradiator", 1 ] ],
    "batch_time_factors": [ 100, 2 ],
    "flags": [ "BLIND_EASY" ],
    "tools": [ [ [ "food_irradiator", -1 ] ] ],
    "components": [ [ [ "pumpkin", 12 ] ] ]
  },
  {
    "type": "recipe",
    "activity_level": "NO_EXERCISE",
    "result": "irradiated_potato",
    "category": "CC_FOOD",
    "subcategory": "CSC_FOOD_VEGGI",
    "skill_used": "electronics",
    "time": 60000,
    "autolearn": false,
    "book_learn": [ [ "recipe_food_irradiator", 1 ] ],
    "batch_time_factors": [ 100, 2 ],
    "flags": [ "BLIND_EASY" ],
    "tools": [ [ [ "food_irradiator", -1 ] ] ],
    "components": [ [ [ "potato", 1 ] ] ]
  },
  {
    "type": "recipe",
    "activity_level": "NO_EXERCISE",
    "result": "irradiated_cucumber",
    "category": "CC_FOOD",
    "subcategory": "CSC_FOOD_VEGGI",
    "skill_used": "electronics",
    "time": 60000,
    "autolearn": false,
    "book_learn": [ [ "recipe_food_irradiator", 1 ] ],
    "batch_time_factors": [ 100, 2 ],
    "flags": [ "BLIND_EASY" ],
    "tools": [ [ [ "food_irradiator", -1 ] ] ],
    "components": [ [ [ "cucumber", 1 ] ] ]
  },
  {
    "type": "recipe",
    "activity_level": "NO_EXERCISE",
    "result": "irradiated_celery",
    "category": "CC_FOOD",
    "subcategory": "CSC_FOOD_VEGGI",
    "skill_used": "electronics",
    "time": 60000,
    "autolearn": false,
    "book_learn": [ [ "recipe_food_irradiator", 1 ] ],
    "batch_time_factors": [ 100, 2 ],
    "flags": [ "BLIND_EASY" ],
    "tools": [ [ [ "food_irradiator", -1 ] ] ],
    "components": [ [ [ "celery", 1 ] ] ]
  },
  {
    "type": "recipe",
    "activity_level": "NO_EXERCISE",
    "result": "irradiated_rhubarb",
    "category": "CC_FOOD",
    "subcategory": "CSC_FOOD_VEGGI",
    "skill_used": "electronics",
    "time": 60000,
    "autolearn": false,
    "book_learn": [ [ "recipe_food_irradiator", 1 ] ],
    "batch_time_factors": [ 100, 2 ],
    "flags": [ "BLIND_EASY" ],
    "tools": [ [ [ "food_irradiator", -1 ] ] ],
    "components": [ [ [ "rhubarb", 1 ] ] ]
  }
]
