[
  {
    "id": "ocg_chainsword_off",
    "type": "TOOL",
    "copy-from": "carver_off",
    "name": { "str_sp": "OmniCorp Chainsword (off)" },
    "description": "The Chainsword is a \"combat-ready\" electric carver powered by UPS. It was the result of a crowdfund campaign by die-hard fans of a tactical board game with miniatures set in a grimdark medieval space opera with marines among others wielding chainsaws, swords and even axes. With a perfectly balanced pommel for parrying and extremely sharp diamond serrated blades, it is surprisingly effective but very few were made due to high production costs and low demand.",
    "weight": "1612 g",
    "volume": "1910 ml",
    "longest_side": "92 cm",
    "price": "400 USD",
    "price_postapoc": "250 USD",
    "bashing": 1,
    "cutting": 11,
    "to_hit": { "grip": "weapon", "length": "long", "surface": "line", "balance": "good" },
    "material": [ "steel", "diamond", "plastic" ],
    "symbol": "/",
    "color": "light_gray",
    "ammo": "battery",
    "pocket_data": [ { "pocket_type": "MAGAZINE", "rigid": true, "ammo_restriction": { "battery": 500 } } ],
    "techniques": [ "WBLOCK_2", "SWEEP" ],
    "use_action": {
      "target_id": "ocg_chainsword_on",
      "success_message": "The chainsword serrated blades start buzzing!",
      "lacks_fuel_message": "You pull the trigger, but nothing happens.",
      "type": "fireweapon_off",
      "noise": 15
    },
    "looks_like": "carver_off",
    "flags": [ "DURABLE_MELEE", "NONCONDUCTIVE", "NO_CVD", "SHEATH_SWORD", "USE_UPS", "NO_UNLOAD", "NO_RELOAD" ]
  },
  {
    "id": "ocg_chainsword_on",
    "type": "TOOL",
    "copy-from": "carver_on",
    "name": { "str_sp": "OmniCorp Chainsword (on)" },
    "description": "The Chainsword is on. While arguably nothing more than a glorified and very expensive electric carver, holding it may make you feel like a space marine. Holding it while wearing power armor will definitively make you feel like a space marine. Use it to turn it off.",
    "weight": "1612 g",
    "volume": "1910 ml",
    "longest_side": "92 cm",
    "price": "400 USD",
    "price_postapoc": "250 USD",
    "bashing": 1,
    "cutting": 49,
    "to_hit": { "grip": "weapon", "length": "long", "surface": "line", "balance": "good" },
    "material": [ "steel", "diamond", "plastic" ],
    "symbol": "/",
    "color": "light_gray",
    "ammo": "battery",
    "pocket_data": [ { "pocket_type": "MAGAZINE", "rigid": true, "ammo_restriction": { "battery": 500 } } ],
    "turns_per_charge": 1,
    "techniques": [ "WBLOCK_2", "SWEEP" ],
    "use_action": {
      "type": "fireweapon_on",
      "voluntary_extinguish_message": "The chainsword serrated blades stop buzzing!",
      "charges_extinguish_message": "The chainsword ran out of power.",
      "water_extinguish_message": "The chainsword shuts down to prevent short-circuiting.",
      "noise_chance": 1,
      "noise_message": "Chainsword blades buzz.",
      "noise": 15
    },
    "revert_to": "ocg_chainsword_off",
    "revert_msg": "The chainsword ran out of power.",
    "looks_like": "carver_on",
    "flags": [ "MESSY", "DURABLE_MELEE", "TRADER_AVOID", "NONCONDUCTIVE", "NO_CVD", "USE_UPS", "NO_UNLOAD", "NO_RELOAD" ]
  }
]