[
  {
    "id": "nuclear_grenade",
    "type": "TOOL",
    "category": "weapons",
    "name": { "str": "nuclear grenade" },
    "description": "Perhaps OmniCorp achieved the high water mark in WMD miniaturization. 10 grams of uranium-233 encased by depleted uranium and a very tiny deuterium-tritium fusion core deeper inside as booster. Highly experimental, it was never found out if the average soldier could throw it far enough to avoid the blast. Activate if you dare. If you don't want to risk dying in an atomic blaze of glory, you might prefer to set it up over the world's most dangerous RC car instead.",
    "//": "It's almost impossible to throw this far enough to use it as a grenade without YASD. As already mentioned in the desc, there is always the RC car.",
    "weight": "800 g",
    "volume": "385 ml",
    "longest_side": "125 mm",
    "price": "2000 USD",
    "price_postapoc": "100 USD",
    "to_hit": -1,
    "bashing": 6,
    "material": [ "uranium", "plastic" ],
    "symbol": "*",
    "color": "green",
    "use_action": {
      "target": "nuclear_grenade_act",
      "msg": "You pull the pin. You are become Death, the destroyer of worlds, and of yourself if you don't throw this very, very far.",
      "target_charges": 5,
      "active": true,
      "menu_text": "Pull pin",
      "type": "transform"
    },
    "flags": [ "LEAK_DAM", "RADIOACTIVE", "RADIO_MODABLE", "RADIO_INVOKE_PROC", "BOMB", "GRENADE" ]
  },
  {
    "id": "nuclear_grenade_act",
    "type": "TOOL",
    "category": "weapons",
    "name": { "str": "active nuclear grenade" },
    "description": "This is an active nuclear grenade. Better throw it far, far away!",
    "weight": "800 g",
    "volume": "385 ml",
    "longest_side": "125 mm",
    "price": "0 USD",
    "price_postapoc": "0 USD",
    "to_hit": -1,
    "bashing": 6,
    "material": [ "uranium", "plastic" ],
    "symbol": "*",
    "color": "green",
    "initial_charges": 5,
    "max_charges": 5,
    "turns_per_charge": 1,
    "//": "If the mininuke is based upon the Davy Crockett, then it's not fusion-boosted like this. Equivalent to 94.8 tons of TNT. While max noise was nerfed, it's wise to wear ear protection and of course use a RC car to detonate this.",
    "use_action": {
      "type": "explosion",
      "sound_volume": 0,
      "sound_msg": "Tick.",
      "fields_type": "fd_nuke_gas",
      "fields_radius": 20,
      "fields_min_intensity": 3,
      "fields_max_intensity": 3,
      "no_deactivate_msg": "You've already pulled the %s's pin; throw it as far as you can instead.",
      "explosion": {
        "power": 94800000,
        "max_noise": 1000
      }
    },
    "flags": [ "LEAK_DAM", "RADIOACTIVE", "TRADER_AVOID" ]
  }
]