[
  {
    "id": "nanoturretgun",
    "type": "GUN",
    "name": { "str": "nanotech turret gun" },
    "description": "You shouldn't see this. nanoturretgun",
    "symbol": "(",
    "color": "light_gray",
    "volume": "250 ml",
    "weight": "200 g",
    "price": "5000 USD",
    "price_postapoc": "100 USD",
    "material": [ "nanite" ],
    "skill": "pistol",
    "ammo": [ "metal_nanopowder" ],
    "flags": [ "NEVER_JAMS", "UNBREAKABLE_MELEE", "NONCONDUCTIVE", "TRADER_AVOID", "WATERPROOF_GUN", "MOUNTED_GUN" ],
    "bashing": 0,
    "cutting": 0,
    "to_hit": 0,
    "durability": 10,
    "clip_size": 100,
    "pocket_data": [ { "pocket_type": "MAGAZINE", "rigid": true, "watertight": true, "ammo_restriction": { "metal_nanopowder": 100 } } ],
    "reload": 0
  },
  {
    "id": "nanoturret",
    "type": "TOOL",
    "name": { "str": "nanotech turret" },
    "description": "You shouldn't see this. nanoturret",
    "symbol": "(",
    "color": "light_gray",
    "price": "5000 USD",
    "price_postapoc": "100 USD",
    "material": [ "nanite" ],
    "flags": [ "NEVER_JAMS", "UNBREAKABLE_MELEE", "NONCONDUCTIVE", "TRADER_AVOID" ],
    "volume": "250 ml",
    "weight": "200 g",
    "bashing": 0,
    "cutting": 0,
    "to_hit": 0
  },
  {
    "id": "nanoturret_shredder",
    "copy-from": "nanoturret",
    "type": "TOOL",
    "name": { "str": "nanotech shredder turret (i)" },
    "description": "Nanotech shotgun turret, blasts out large clouds of monomolecular darts.  Each shot is 10x the projectiles as the unmounted version, leading to ability to hit at a longer distance and a bit more damage.  It feeds in powdered metal using a system similar to liquid transfer through the vehicle, then compresses it into ammo as needed.",
    "looks_like": "nano_turret_shredder",
    "weight": "4375 g",
    "volume": "2000 ml",
    "use_action": [
      {
        "type": "place_monster",
        "monster_id": "mon_nano_turret_pistol",
        "difficulty": 0,
        "moves": 100,
        "skills": [ "computer" ]
      },
      {
        "type": "transform",
        "target": "nano_turret_pistol",
        "active": false,
        "menu_text": "Switch to vehicle mode",
        "msg": "Turret state switched."
      }
    ]
  },
  {
    "id": "nanoturret_pistol",
    "copy-from": "nanoturret",
    "type": "TOOL",
    "name": { "str": "nanotech pistol turret (i)" },
    "description": "Nanotech pistol turret, fires bursts of of monomolecular darts.  Each shot is 10x the projectiles as the unmounted version, leading to ability to hit at a longer distance and a bit more damage.  It feeds in powdered metal using a system similar to liquid transfer through the vehicle, then compresses it into ammo as needed.",
    "looks_like": "nano_turret_pistol",
    "weight": "3627 g",
    "volume": "1000 ml",
    "use_action": [
      {
        "type": "place_monster",
        "monster_id": "mon_nano_turret_pistol",
        "difficulty": 0,
        "moves": 100,
        "skills": [ "computer" ]
      },
      {
        "type": "transform",
        "target": "nano_turret_pistol",
        "active": false,
        "menu_text": "Switch to vehicle mode",
        "msg": "Turret state switched."
      }
    ]
  },
  {
    "id": "nanoturret_rifle",
    "copy-from": "nanoturret",
    "type": "TOOL",
    "name": { "str": "nanotech rifle turret (i)" },
    "description": "Nanotech rifle turret, fires large bursts of monomolecular darts.  Each shot is 10x the projectiles as the unmounted version, leading to ability to hit at a longer distance and a bit more damage.  It feeds in powdered metal using a system similar to liquid transfer through the vehicle, then compresses it into ammo as needed.",
    "looks_like": "nano_turret_rifle",
    "weight": "4375 g",
    "volume": "2000 ml",
    "use_action": [
      {
        "type": "place_monster",
        "monster_id": "mon_nano_turret_rifle",
        "difficulty": 0,
        "moves": 100,
        "skills": [ "computer" ]
      },
      {
        "type": "transform",
        "target": "nano_turret_rifle",
        "active": false,
        "menu_text": "Switch to vehicle mode",
        "msg": "Turret state switched."
      }
    ]
  },
  {
    "id": "nanoturret_smg",
    "copy-from": "nanoturret",
    "type": "TOOL",
    "name": { "str": "nanotech smg turret (i)" },
    "description": "Nanotech smg turret, fires a storm of monomolecular darts.  Each shot is 10x the projectiles as the unmounted version, leading to ability to hit at a longer distance and a bit more damage.  It feeds in powdered metal using a system similar to liquid transfer through the vehicle, then compresses it into ammo as needed.",
    "looks_like": "nano_turret_smg",
    "weight": "4523 g",
    "volume": "1500 ml",
    "price": "3750 USD",
    "price_postapoc": "100 USD",
    "use_action": [
      {
        "type": "place_monster",
        "monster_id": "mon_nano_turret_smg",
        "difficulty": 0,
        "moves": 100,
        "skills": [ "computer" ]
      },
      {
        "type": "transform",
        "target": "nano_turret_smg",
        "active": false,
        "menu_text": "Switch to vehicle mode",
        "msg": "Turret state switched."
      }
    ]
  },
  {
    "id": "nano_turret_shredder",
    "type": "GUN",
    "name": { "str": "nanotech shredder turret (v)" },
    "copy-from": "nanoturretgun",
    "description": "Nanotech shotgun turret, blasts out large clouds of monomolecular darts.  Each shot is 10x the projectiles as the unmounted version, leading to ability to hit at a longer distance and a bit more damage.  It feeds in powdered metal using a system similar to liquid transfer through the vehicle, then compresses it into ammo as needed.",
    "looks_like": "rm614_lmg",
    "weight": "4375 g",
    "skill": "shotgun",
    "volume": "250 ml",
    "ranged_damage": { "damage_type": "bullet", "amount": 18 },
    "range": 4,
    "dispersion": 400,
    "sight_dispersion": 80,
    "recoil": 900,
    "modes": [ [ "DEFAULT", "blast", 5, "SIMULTANEOUS" ], [ "BURST", "auto", 20 ] ],
    "use_action": {
      "type": "transform",
      "target": "nanoturret_shredder",
      "active": false,
      "menu_text": "Switch to independent mode",
      "msg": "Turret state switched."
    }
  },
  {
    "id": "nano_turret_pistol",
    "type": "GUN",
    "name": { "str": "nanotech pistol turret (v)" },
    "copy-from": "nanoturretgun",
    "description": "Nanotech pistol turret, fires bursts of of monomolecular darts.  Each shot is 10x the projectiles as the unmounted version, leading to ability to hit at a longer distance and a bit more damage.  It feeds in powdered metal using a system similar to liquid transfer through the vehicle, then compresses it into ammo as needed.",
    "looks_like": "needlepistol",
    "weight": "3627 g",
    "price": "2500 USD",
    "price_postapoc": "100 USD",
    "skill": "pistol",
    "volume": "1000 ml",
    "ranged_damage": { "damage_type": "bullet", "amount": 2 },
    "range": 8,
    "dispersion": 60,
    "sight_dispersion": 20,
    "recoil": 100,
    "modes": [ [ "DEFAULT", "semi-auto", 1 ], [ "BURST", "burst", 5, "SIMULTANEOUS" ], [ "AUTO", "auto", 15 ] ],
    "use_action": {
      "type": "transform",
      "target": "nanoturret_pistol",
      "active": false,
      "menu_text": "Switch to independent mode",
      "msg": "Turret state switched."
    }
  },
  {
    "id": "nano_turret_rifle",
    "type": "GUN",
    "name": { "str": "nanotech rifle turret (v)" },
    "copy-from": "nanoturretgun",
    "description": "Nanotech rifle turret, fires large bursts of monomolecular darts.  Each shot is 10x the projectiles as the unmounted version, leading to ability to hit at a longer distance and a bit more damage.  It feeds in powdered metal using a system similar to liquid transfer through the vehicle, then compresses it into ammo as needed.",
    "looks_like": "rm11b_sniper_rifle",
    "weight": "4375 g",
    "skill": "rifle",
    "volume": "2000 ml",
    "ranged_damage": { "damage_type": "bullet", "amount": 2 },
    "range": 24,
    "dispersion": 0,
    "sight_dispersion": 0,
    "recoil": 100,
    "modes": [ [ "DEFAULT", "semi-auto", 1 ], [ "BURST", "burst", 10, "SIMULTANEOUS" ], [ "AUTO", "auto", 25 ] ],
    "use_action": {
      "type": "transform",
      "target": "nanoturret_rifle",
      "active": false,
      "menu_text": "Switch to independent mode",
      "msg": "Turret state switched."
    }
  },
  {
    "id": "nano_turret_smg",
    "type": "GUN",
    "name": { "str": "nanotech smg turret (v)" },
    "copy-from": "nanoturretgun",
    "description": "Nanotech smg turret, fires a storm of monomolecular darts.  Each shot is 10x the projectiles as the unmounted version, leading to ability to hit at a longer distance and a bit more damage.  It feeds in powdered metal using a system similar to liquid transfer through the vehicle, then compresses it into ammo as needed.",
    "looks_like": "american_180",
    "weight": "4523 g",
    "price": "3750 USD",
    "skill": "smg",
    "volume": "1500 ml",
    "ranged_damage": { "damage_type": "bullet", "amount": 8 },
    "range": 4,
    "dispersion": 200,
    "sight_dispersion": 20,
    "recoil": 400,
    "modes": [ [ "DEFAULT", "burst", 5, "SIMULTANEOUS" ], [ "BURST", "auto", 25 ], [ "FULL", "maximum", 50 ] ],
    "use_action": {
      "type": "transform",
      "target": "nanoturret_smg",
      "active": false,
      "menu_text": "Switch to independent mode",
      "msg": "Turret state switched."
    }
  },
  {
    "type": "GENERIC",
    "id": "xl_nanite_cluster",
    "name": { "str": "xl nanite cluster" },
    "description": "A very large blob of nanites that can be easily programmed into multiple different forms.",
    "looks_like": "slime_scrap",
    "weight": "1200 g",
    "to_hit": -2,
    "color": "light_cyan",
    "symbol": ":",
    "material": [ "nanite" ],
    "volume": "2000 ml",
    "bashing": 1,
    "cutting": 0,
    "category": "veh_parts",
    "flags": [ "UNBREAKABLE_MELEE", "NONCONDUCTIVE", "TRADER_AVOID" ],
    "price": 600000
  },
  {
    "type": "GENERIC",
    "id": "xl_nanite_ai",
    "name": { "str": "xl nanite cluster(ai)" },
    "description": "A very large blob of nanites that can be easily programmed into multiple different complex forms due to the included AI.",
    "looks_like": "slime_scrap",
    "weight": "1469 g",
    "to_hit": -2,
    "color": "light_cyan",
    "symbol": ":",
    "material": [ "nanite" ],
    "volume": "2000 ml",
    "bashing": 1,
    "cutting": 0,
    "category": "veh_parts",
    "flags": [ "UNBREAKABLE_MELEE", "NONCONDUCTIVE", "TRADER_AVOID" ],
    "price": 600000
  },
  {
    "type": "GENERIC",
    "id": "nanotech_generator",
    "category": "veh_parts",
    "name": { "str": "nanotech generator" },
    "description": "A mass of nanites and power cells optimized for generating power.",
    "weight": "36000 g",
    "volume": "10 L",
    "price": "20000 USD",
    "price_postapoc": "2400 USD",
    "to_hit": -2,
    "color": "light_cyan",
    "symbol": ":",
    "material": [ "nanite" ],
    "flags": [ "UNBREAKABLE_MELEE", "NONCONDUCTIVE", "TRADER_AVOID" ],
    "bashing": 1,
    "cutting": 0
  },
  {
    "id": "nanotech_battery",
    "type": "MAGAZINE",
    "category": "veh_parts",
    "name": { "str": "nanotech storage array", "str_pl": "nanotech storage arrays" },
    "description": "A mass of nanites programmed to store vast amounts of power.",
    "weight": "3600 g",
    "volume": "15090 ml",
    "price": "6000 USD",
    "material": [ "nanite" ],
    "symbol": ":",
    "color": "light_cyan",
    "ammo_type": "battery",
    "capacity": 1000000,
    "pocket_data": [ { "pocket_type": "MAGAZINE", "rigid": true, "ammo_restriction": { "battery": 1000000 } } ],
    "flags": [ "NO_SALVAGE", "NO_UNLOAD", "NO_RELOAD", "RECHARGE", "UNBREAKABLE_MELEE", "NONCONDUCTIVE", "TRADER_AVOID" ]
  },
  {
    "id": "nano_crawler",
    "type": "WHEEL",
    "category": "veh_parts",
    "name": { "str": "nanotech crawler" },
    "description": "A mass of nanites optimized for travel across any land-based surface while lifting a larger object.",
    "weight": "1469 g",
    "volume": "6250 ml",
    "price": "755 USD",
    "to_hit": -3,
    "bashing": 30,
    "material": [ "nanite" ],
    "flags": [ "UNBREAKABLE_MELEE", "NONCONDUCTIVE", "TRADER_AVOID" ],
    "qualities": [ [ "SELF_JACK", 40 ] ],
    "symbol": "]",
    "color": "white",
    "diameter": 60,
    "width": 30
  }
]
