[
  {
    "result": "fungi_nuke",
    "type": "recipe",
    "activity_level": "LIGHT_EXERCISE",
    "category": "CC_WEAPON",
    "subcategory": "CSC_WEAPON_EXPLOSIVE",
    "skill_used": "chemistry",
    "skills_required": [ "mechanics", 1 ],
    "difficulty": 3,
    "time": "20 m",
    "autolearn": true,
    "qualities": [ { "id": "SCREW", "level": 1 } ],
    "components": [
      [ [ "fungicide", 1000 ], [ "salt", 15000 ], [ "bleach", 2500 ], [ "chem_acetic_acid", 1500 ], [ "chem_muriatic_acid", 1000 ], [ "chem_nitric_acid", 1500 ], [ "chem_sulphuric_acid", 1500 ], [ "vinegar", 10000 ] ],
      [ [ "canister_empty", 1 ], [ "can_food", 1 ], [ "can_drink", 1 ] ],
      [ [ "superglue", 1 ] ]
    ]
  }
]
