[
  {
    "id": "afs_translocation",
    "type": "SPELL",
    "name": "Translocation",
    "description": "Translocates the user to an encoded buoy.",
    "valid_targets": [ "self" ],
    "effect": "translocate",
    "shape": "blast",
    "difficulty": 10,
    "max_level": 25,
    "base_casting_time": 200,
    "base_energy_cost": 500,
    "energy_source": "BIONIC",
    "spell_class": "NONE"
  },
  {
    "id": "afs_translocation_slow",
    "type": "SPELL",
    "name": "Translocation",
    "description": "Slowly translocates the user to an encoded buoy.",
    "valid_targets": [ "self" ],
    "effect": "translocate",
    "shape": "blast",
    "difficulty": 10,
    "max_level": 25,
    "base_casting_time": 2400,
    "base_energy_cost": 500,
    "energy_source": "BIONIC",
    "spell_class": "NONE"
  }
]
