[
  {
    "type": "uncraft",
    "activity_level": "LIGHT_EXERCISE",
    "result": "nanofactory_exp",
    "skill_used": "fabrication",
    "difficulty": 8,
    "time": 600000,
    "qualities": [ { "id": "SCREW", "level": 1 }, { "id": "WRENCH", "level": 1 }, { "id": "SAW_M", "level": 1 } ],
    "using": [ [ "welding_standard", 30 ] ],
    "components": [
      [ [ "ai_core", 1 ] ],
      [ [ "ai_core_blank", 2 ] ],
      [ [ "nanite_cluster", 50 ] ],
      [ [ "nanite_power_cell", 40 ] ],
      [ [ "steel_chunk", 25 ] ]
    ]
  },
  {
    "type": "uncraft",
    "activity_level": "NO_EXERCISE",
    "result": "nanite_multitool_small",
    "skill_used": "fabrication",
    "difficulty": 0,
    "time": 500,
    "qualities": [ { "id": "NANO_PRO", "level": 1, "amount": 1 } ],
    "components": [ [ [ "nanite_cluster", 200 ] ], [ [ "nanite_power_cell", 20 ] ] ]
  },
  {
    "type": "uncraft",
    "activity_level": "NO_EXERCISE",
    "result": "nanite_multitool_large",
    "skill_used": "fabrication",
    "difficulty": 0,
    "time": 500,
    "qualities": [ { "id": "NANO_PRO", "level": 1, "amount": 1 } ],
    "components": [ [ [ "nanite_cluster", 200 ] ], [ [ "nanite_power_cell", 20 ] ] ]
  },
  {
    "type": "uncraft",
    "activity_level": "NO_EXERCISE",
    "result": "nanite_multitool_weld",
    "skill_used": "fabrication",
    "difficulty": 0,
    "time": 500,
    "qualities": [ { "id": "NANO_PRO", "level": 1, "amount": 1 } ],
    "components": [ [ [ "nanite_cluster", 200 ] ], [ [ "nanite_power_cell", 20 ] ] ]
  },
  {
    "type": "uncraft",
    "activity_level": "NO_EXERCISE",
    "result": "ai_core",
    "skill_used": "electronics",
    "difficulty": 0,
    "time": 10,
    "tools": [ [ [ "laptop", -1 ] ] ],
    "components": [ [ [ "ai_core", 1 ] ] ]
  },
  {
    "type": "uncraft",
    "activity_level": "NO_EXERCISE",
    "result": "nanite_core_1",
    "skill_used": "electronics",
    "difficulty": 0,
    "time": 10,
    "tools": [ [ [ "laptop", -1 ] ] ],
    "components": [ [ [ "nanite_core_1", 1 ] ] ]
  },
  {
    "type": "uncraft",
    "activity_level": "NO_EXERCISE",
    "result": "nanite_core_2",
    "skill_used": "electronics",
    "difficulty": 0,
    "time": 10,
    "tools": [ [ [ "laptop", -1 ] ] ],
    "components": [ [ [ "nanite_core_2", 1 ] ] ]
  },
  {
    "type": "uncraft",
    "activity_level": "NO_EXERCISE",
    "result": "nanite_core_3",
    "skill_used": "electronics",
    "difficulty": 0,
    "time": 10,
    "tools": [ [ [ "laptop", -1 ] ] ],
    "components": [ [ [ "nanite_core_3", 1 ] ] ]
  },
  {
    "type": "uncraft",
    "activity_level": "NO_EXERCISE",
    "result": "nanite_core_4",
    "skill_used": "electronics",
    "difficulty": 0,
    "time": 10,
    "tools": [ [ [ "laptop", -1 ] ] ],
    "components": [ [ [ "nanite_core_4", 1 ] ] ]
  }
]
