[
  {
    "type": "recipe",
    "activity_level": "LIGHT_EXERCISE",
    "result": "programming_laptop",
    "category": "CC_ELECTRONIC",
    "subcategory": "CSC_ELECTRONIC_TOOLS",
    "skill_used": "electronics",
    "skills_required": [ "computer", 2 ],
    "difficulty": 2,
    "time": 25000,
    "book_learn": [ [ "mag_computer", 2 ], [ "manual_computer", 2 ] ],
    "using": [ [ "soldering_standard", 14 ] ],
    "qualities": [ { "id": "SCREW", "level": 1 } ],
    "components": [
      [ [ "laptop", 1 ] ],
      [ [ "receiver", 1 ] ],
      [ [ "transponder", 1 ] ],
      [ [ "power_supply", 1 ] ],
      [ [ "e_scrap", 2 ] ]
    ]
  },
  {
    "type": "recipe",
    "activity_level": "NO_EXERCISE",
    "result": "3d_resin",
    "category": "CC_NANO",
    "subcategory": "CSC_NANO_OTHER",
    "skill_used": "fabrication",
    "difficulty": 0,
    "time": 10000,
    "book_learn": [ [ "ai_core", 1 ], [ "nanite_core_1", 1 ], [ "nanite_core_2", 1 ], [ "nanite_core_3", 1 ], [ "nanite_core_4", 1 ] ],
    "components": [ [ [ "plastic_chunk", 15 ], [ "bottle_plastic", 77 ], [ "bottle_plastic_small", 143 ], [ "jug_plastic", 6 ] ] ]
  },
  {
    "type": "recipe",
    "activity_level": "NO_EXERCISE",
    "result": "3d_resin_metal",
    "category": "CC_NANO",
    "subcategory": "CSC_NANO_OTHER",
    "skill_used": "fabrication",
    "difficulty": 0,
    "time": 10000,
    "book_learn": [ [ "ai_core", 1 ], [ "nanite_core_1", 1 ], [ "nanite_core_2", 1 ], [ "nanite_core_3", 1 ], [ "nanite_core_4", 1 ] ],
    "components": [ [ [ "scrap", 20 ], [ "steel_chunk", 4 ], [ "steel_lump", 1 ], [ "sheet_metal_small", 4 ], [ "pipe", 1 ] ] ]
  },
  {
    "type": "recipe",
    "activity_level": "NO_EXERCISE",
    "result": "3d_resin_electronic",
    "category": "CC_NANO",
    "subcategory": "CSC_NANO_OTHER",
    "skill_used": "fabrication",
    "difficulty": 0,
    "time": 10000,
    "book_learn": [ [ "ai_core", 1 ], [ "nanite_core_1", 1 ], [ "nanite_core_2", 1 ], [ "nanite_core_3", 1 ], [ "nanite_core_4", 1 ] ],
    "components": [
      [ [ "cable", 500 ], [ "scrap_copper", 5 ], [ "copper", 500 ], [ "e_scrap", 72 ], [ "cu_pipe", 3 ], [ "pot_copper", 1 ] ]
    ]
  },
  {
    "type": "recipe",
    "activity_level": "NO_EXERCISE",
    "result": "3d_resin",
    "id_suffix": "_nano_1",
    "category": "CC_NANO",
    "subcategory": "CSC_NANO_OTHER",
    "skill_used": "fabrication",
    "difficulty": 0,
    "time": 1000,
    "book_learn": [ [ "ai_core", 1 ], [ "nanite_core_1", 1 ], [ "nanite_core_2", 1 ], [ "nanite_core_3", 1 ], [ "nanite_core_4", 1 ] ],
    "flags": [ "BLIND_EASY" ],
    "qualities": [ { "id": "NANO_FAB", "level": 1, "amount": 1 } ],
    "components": [ [ [ "plastic_chunk", 15 ], [ "bottle_plastic", 77 ], [ "bottle_plastic_small", 143 ], [ "jug_plastic", 6 ] ] ]
  },
  {
    "type": "recipe",
    "activity_level": "NO_EXERCISE",
    "result": "3d_resin_metal",
    "id_suffix": "_nano_1",
    "category": "CC_NANO",
    "subcategory": "CSC_NANO_OTHER",
    "skill_used": "fabrication",
    "difficulty": 0,
    "time": 1000,
    "book_learn": [ [ "ai_core", 1 ], [ "nanite_core_1", 1 ], [ "nanite_core_2", 1 ], [ "nanite_core_3", 1 ], [ "nanite_core_4", 1 ] ],
    "flags": [ "BLIND_EASY" ],
    "qualities": [ { "id": "NANO_FAB", "level": 1, "amount": 1 } ],
    "components": [
      [
        [ "scrap", 20 ],
        [ "steel_chunk", 4 ],
        [ "steel_lump", 1 ],
        [ "sheet_metal_small", 4 ],
        [ "pipe", 1 ],
        [ "metal_nanopowder", 50 ]
      ]
    ]
  },
  {
    "type": "recipe",
    "activity_level": "NO_EXERCISE",
    "result": "metal_nanopowder",
    "id_suffix": "_nano_1",
    "category": "CC_NANO",
    "subcategory": "CSC_NANO_AMMO",
    "skill_used": "fabrication",
    "difficulty": 0,
    "time": 1000,
    "book_learn": [ [ "nanite_core_1", 1 ], [ "nanite_core_2", 1 ], [ "nanite_core_3", 1 ], [ "nanite_core_4", 1 ] ],
    "flags": [ "BLIND_EASY" ],
    "qualities": [ { "id": "NANO_FAB", "level": 1, "amount": 1 } ],
    "components": [
      [
        [ "scrap", 40 ],
        [ "steel_chunk", 8 ],
        [ "steel_lump", 2 ],
        [ "sheet_metal_small", 8 ],
        [ "pipe", 2 ],
        [ "3d_resin_metal", 200 ]
      ]
    ]
  },
  {
    "type": "recipe",
    "activity_level": "NO_EXERCISE",
    "result": "3d_resin_electronic",
    "id_suffix": "_nano_1",
    "category": "CC_NANO",
    "subcategory": "CSC_NANO_OTHER",
    "skill_used": "fabrication",
    "difficulty": 0,
    "time": 1000,
    "book_learn": [ [ "ai_core", 1 ], [ "nanite_core_1", 1 ], [ "nanite_core_2", 1 ], [ "nanite_core_3", 1 ], [ "nanite_core_4", 1 ] ],
    "flags": [ "BLIND_EASY" ],
    "qualities": [ { "id": "NANO_FAB", "level": 1, "amount": 1 } ],
    "components": [
      [ [ "cable", 500 ], [ "scrap_copper", 5 ], [ "copper", 500 ], [ "e_scrap", 72 ], [ "cu_pipe", 3 ], [ "pot_copper", 1 ] ]
    ]
  },
  {
    "type": "recipe",
    "activity_level": "LIGHT_EXERCISE",
    "result": "nanite_power_cell",
    "category": "CC_NANO",
    "subcategory": "CSC_NANO_OTHER",
    "skill_used": "fabrication",
    "difficulty": 3,
    "time": 6000,
    "flags": [ "BLIND_EASY" ],
    "book_learn": [ [ "ai_core", 1 ], [ "nanite_core_1", 1 ], [ "nanite_core_2", 1 ], [ "nanite_core_3", 1 ], [ "nanite_core_4", 1 ] ],
    "tools": [
      [
        [ "nanofactory_exp", -1 ],
        [ "nanofactory_1", -1 ],
        [ "nanofactory_2", -1 ],
        [ "nanofactory_3", -1 ],
        [ "nanofactory_4", -1 ]
      ]
    ],
    "components": [
      [ [ "plut_cell", 5 ] ],
      [ [ "canister_empty", 1 ], [ "3d_resin_metal", 16 ] ],
      [ [ "3d_resin_electronic", 60 ] ],
      [ [ "3d_resin", 80 ] ],
      [ [ "3d_resin_metal", 150 ] ]
    ]
  },
  {
    "type": "recipe",
    "activity_level": "NO_EXERCISE",
    "result": "nanofactory_1",
    "category": "CC_NANO",
    "subcategory": "CSC_NANO_TOOLS",
    "skill_used": "fabrication",
    "difficulty": 0,
    "time": 1000,
    "reversible": false,
    "book_learn": [ [ "nanite_core_1", 1 ], [ "nanite_core_2", 1 ], [ "nanite_core_3", 1 ], [ "nanite_core_4", 1 ] ],
    "qualities": [ { "id": "NANO_PRO", "level": 1, "amount": 1 }, { "id": "NANOTECH", "level": 1, "amount": 1 } ],
    "components": [
      [ [ "nanite_cluster", 800 ] ],
      [
        [ "plastic_chunk", 30 ],
        [ "bag_plastic", 980 ],
        [ "bottle_plastic", 154 ],
        [ "bottle_plastic_small", 284 ],
        [ "jug_plastic", 11 ]
      ],
      [ [ "scrap", 60 ], [ "steel_chunk", 12 ], [ "steel_lump", 3 ] ],
      [ [ "pipe", 6 ] ],
      [ [ "reinforced_glass_sheet", 8 ] ],
      [ [ "sheet_metal", 4 ] ],
      [ [ "nanite_power_cell", 500 ] ],
      [ [ "ai_core_blank", 1 ] ]
    ]
  },
  {
    "type": "recipe",
    "activity_level": "NO_EXERCISE",
    "result": "nano_ammo_fab",
    "category": "CC_NANO",
    "subcategory": "CSC_NANO_TOOLS",
    "skill_used": "electronics",
    "difficulty": 2,
    "time": 6000,
    "reversible": false,
    "book_learn": [ [ "nanite_core_1", 1 ], [ "nanite_core_2", 1 ], [ "nanite_core_3", 1 ], [ "nanite_core_4", 1 ] ],
    "qualities": [ { "id": "NANO_PRO", "level": 1, "amount": 1 }, { "id": "NANOTECH", "level": 1, "amount": 1 } ],
    "components": [ [ [ "nanite_cluster", 50 ] ], [ [ "3d_resin_metal", 300 ] ], [ [ "nanite_power_cell", 4 ] ] ]
  },
  {
    "type": "recipe",
    "activity_level": "NO_EXERCISE",
    "result": "nano_programmer_1",
    "category": "CC_NANO",
    "subcategory": "CSC_NANO_TOOLS",
    "skill_used": "electronics",
    "difficulty": 0,
    "time": 1000,
    "reversible": false,
    "book_learn": [ [ "nanite_core_1", 1 ], [ "nanite_core_2", 1 ], [ "nanite_core_3", 1 ], [ "nanite_core_4", 1 ] ],
    "qualities": [ { "id": "NANOTECH", "level": 1, "amount": 1 } ],
    "components": [
      [ [ "nanite_cluster", 100 ] ],
      [ [ "electrohack", 1 ] ],
      [ [ "bio_remote", 1 ], [ "transponder", 25 ] ],
      [ [ "bio_remote", 1 ], [ "receiver", 25 ] ],
      [ [ "antenna", 10 ] ],
      [ [ "processor", 50 ] ],
      [ [ "nanite_power_cell", 500 ] ],
      [ [ "ai_core_blank", 1 ] ]
    ]
  },
  {
    "type": "recipe",
    "activity_level": "NO_EXERCISE",
    "result": "nano_programmer_2",
    "category": "CC_NANO",
    "subcategory": "CSC_NANO_TOOLS",
    "skill_used": "electronics",
    "difficulty": 0,
    "time": 1000,
    "reversible": false,
    "book_learn": [ [ "nanite_core_1", 1 ], [ "nanite_core_2", 1 ], [ "nanite_core_3", 1 ], [ "nanite_core_4", 1 ] ],
    "flags": [ "BLIND_EASY" ],
    "qualities": [ { "id": "NANOTECH", "level": 1, "amount": 1 } ],
    "components": [ [ [ "nanite_cluster", 100 ] ], [ [ "nano_programmer_1", 1 ] ], [ [ "ai_core_blank", 2 ] ] ]
  },
  {
    "type": "recipe",
    "activity_level": "NO_EXERCISE",
    "result": "nanofactory_2",
    "category": "CC_NANO",
    "subcategory": "CSC_NANO_TOOLS",
    "skill_used": "fabrication",
    "difficulty": 0,
    "time": 1000,
    "reversible": false,
    "book_learn": [ [ "nanite_core_2", 1 ], [ "nanite_core_3", 1 ], [ "nanite_core_4", 1 ] ],
    "flags": [ "BLIND_EASY" ],
    "qualities": [ { "id": "NANO_PRO", "level": 1, "amount": 1 }, { "id": "NANOTECH", "level": 2, "amount": 1 } ],
    "components": [
      [ [ "nanofactory_1", 1 ] ],
      [ [ "gold_small", 300 ] ],
      [ [ "diamond", 4 ] ],
      [ [ "ai_core_blank", 2 ] ],
      [ [ "nanite_power_cell", 500 ] ]
    ]
  },
  {
    "type": "recipe",
    "activity_level": "NO_EXERCISE",
    "result": "nanofactory_3",
    "category": "CC_NANO",
    "subcategory": "CSC_NANO_TOOLS",
    "skill_used": "fabrication",
    "difficulty": 0,
    "time": 1000,
    "reversible": false,
    "book_learn": [ [ "nanite_core_3", 1 ], [ "nanite_core_4", 1 ] ],
    "flags": [ "BLIND_EASY" ],
    "qualities": [ { "id": "NANOTECH", "level": 3, "amount": 1 } ],
    "components": [ [ [ "nanofactory_2", 1 ] ], [ [ "nano_programmer_2", 1 ] ], [ [ "ai_core_blank", 2 ] ] ]
  },
  {
    "type": "recipe",
    "activity_level": "NO_EXERCISE",
    "result": "nanofactory_4",
    "category": "CC_NANO",
    "subcategory": "CSC_NANO_TOOLS",
    "skill_used": "fabrication",
    "difficulty": 0,
    "time": 1000,
    "reversible": false,
    "book_learn": [ [ "nanite_core_4", 1 ] ],
    "flags": [ "BLIND_EASY" ],
    "qualities": [ { "id": "NANOTECH", "level": 4, "amount": 1 } ],
    "components": [ [ [ "nanofactory_3", 1 ] ], [ [ "ai_core_blank", 4 ] ] ]
  }
]
