[
  {
    "type": "recipe",
    "activity_level": "NO_EXERCISE",
    "result": "cable",
    "id_suffix": "_nanoprint_1",
    "category": "CC_NANO",
    "subcategory": "CSC_NANO_MATERIALS",
    "skill_used": "fabrication",
    "difficulty": 0,
    "time": 400,
    "reversible": false,
    "book_learn": [ [ "nanite_guide", 1 ] ],
    "flags": [ "BLIND_EASY" ],
    "qualities": [ { "id": "NANO_FAB", "level": 1, "amount": 1 } ],
    "components": [ [ [ "3d_resin_electronic", 40 ] ] ]
  },
  {
    "type": "recipe",
    "activity_level": "NO_EXERCISE",
    "result": "copper",
    "id_suffix": "_nanoprint_1",
    "category": "CC_NANO",
    "subcategory": "CSC_NANO_MATERIALS",
    "skill_used": "fabrication",
    "difficulty": 0,
    "time": 400,
    "reversible": false,
    "book_learn": [ [ "nanite_guide", 1 ] ],
    "flags": [ "BLIND_EASY" ],
    "qualities": [ { "id": "NANO_FAB", "level": 1, "amount": 1 } ],
    "components": [ [ [ "3d_resin_electronic", 40 ] ] ]
  },
  {
    "type": "recipe",
    "activity_level": "NO_EXERCISE",
    "result": "scrap_copper",
    "id_suffix": "_nanoprint_1",
    "category": "CC_NANO",
    "subcategory": "CSC_NANO_MATERIALS",
    "skill_used": "fabrication",
    "difficulty": 0,
    "time": 200,
    "reversible": false,
    "book_learn": [ [ "nanite_guide", 1 ] ],
    "flags": [ "BLIND_EASY" ],
    "qualities": [ { "id": "NANO_FAB", "level": 1, "amount": 1 } ],
    "components": [ [ [ "3d_resin_electronic", 20 ] ] ]
  },
  {
    "type": "recipe",
    "activity_level": "NO_EXERCISE",
    "result": "e_scrap",
    "id_suffix": "_nanoprint_1",
    "category": "CC_NANO",
    "subcategory": "CSC_NANO_MATERIALS",
    "skill_used": "fabrication",
    "difficulty": 0,
    "time": 10,
    "reversible": false,
    "book_learn": [ [ "nanite_guide", 1 ] ],
    "flags": [ "BLIND_EASY" ],
    "qualities": [ { "id": "NANO_FAB", "level": 1, "amount": 1 }, { "id": "NANOTECH", "level": 1, "amount": 1 } ],
    "components": [ [ [ "3d_resin_electronic", 1 ] ] ]
  },
  {
    "type": "recipe",
    "activity_level": "NO_EXERCISE",
    "result": "antenna",
    "id_suffix": "_nanoprint_1",
    "category": "CC_NANO",
    "subcategory": "CSC_NANO_MATERIALS",
    "skill_used": "fabrication",
    "difficulty": 0,
    "time": 70,
    "reversible": false,
    "book_learn": [ [ "nanite_guide", 1 ] ],
    "flags": [ "BLIND_EASY" ],
    "qualities": [ { "id": "NANO_FAB", "level": 1, "amount": 1 }, { "id": "NANOTECH", "level": 1, "amount": 1 } ],
    "components": [ [ [ "3d_resin_metal", 70 ] ] ]
  },
  {
    "type": "recipe",
    "activity_level": "NO_EXERCISE",
    "result": "circuit",
    "id_suffix": "_nanoprint_1",
    "category": "CC_NANO",
    "subcategory": "CSC_NANO_MATERIALS",
    "skill_used": "fabrication",
    "difficulty": 0,
    "time": 30,
    "reversible": false,
    "book_learn": [ [ "nanite_guide", 1 ] ],
    "flags": [ "BLIND_EASY" ],
    "qualities": [ { "id": "NANO_FAB", "level": 2, "amount": 1 }, { "id": "NANOTECH", "level": 1, "amount": 1 } ],
    "components": [ [ [ "3d_resin_electronic", 1 ] ], [ [ "3d_resin", 2 ] ] ]
  },
  {
    "type": "recipe",
    "activity_level": "NO_EXERCISE",
    "result": "element",
    "id_suffix": "_nanoprint_1",
    "category": "CC_NANO",
    "subcategory": "CSC_NANO_MATERIALS",
    "skill_used": "fabrication",
    "difficulty": 0,
    "time": 230,
    "reversible": false,
    "book_learn": [ [ "nanite_guide", 1 ] ],
    "flags": [ "BLIND_EASY" ],
    "qualities": [ { "id": "NANO_FAB", "level": 1, "amount": 1 }, { "id": "NANOTECH", "level": 1, "amount": 1 } ],
    "components": [ [ [ "3d_resin_electronic", 8 ] ], [ [ "3d_resin_metal", 15 ] ] ]
  },
  {
    "type": "recipe",
    "activity_level": "NO_EXERCISE",
    "result": "power_supply",
    "id_suffix": "_nanoprint_1",
    "category": "CC_NANO",
    "subcategory": "CSC_NANO_MATERIALS",
    "skill_used": "fabrication",
    "difficulty": 0,
    "time": 110,
    "reversible": false,
    "book_learn": [ [ "nanite_guide", 1 ] ],
    "flags": [ "BLIND_EASY" ],
    "qualities": [ { "id": "NANO_FAB", "level": 1, "amount": 1 }, { "id": "NANOTECH", "level": 1, "amount": 1 } ],
    "components": [ [ [ "3d_resin_electronic", 4 ] ], [ [ "3d_resin_metal", 7 ] ] ]
  },
  {
    "type": "recipe",
    "activity_level": "NO_EXERCISE",
    "result": "amplifier",
    "id_suffix": "_nanoprint_1",
    "category": "CC_NANO",
    "subcategory": "CSC_NANO_MATERIALS",
    "skill_used": "fabrication",
    "difficulty": 0,
    "time": 110,
    "reversible": false,
    "book_learn": [ [ "nanite_guide", 1 ] ],
    "flags": [ "BLIND_EASY" ],
    "qualities": [ { "id": "NANO_FAB", "level": 2, "amount": 1 }, { "id": "NANOTECH", "level": 1, "amount": 1 } ],
    "components": [ [ [ "3d_resin_electronic", 3 ] ], [ [ "3d_resin_metal", 2 ] ], [ [ "3d_resin", 6 ] ] ]
  },
  {
    "type": "recipe",
    "activity_level": "NO_EXERCISE",
    "result": "receiver",
    "id_suffix": "_nanoprint_1",
    "category": "CC_NANO",
    "subcategory": "CSC_NANO_MATERIALS",
    "skill_used": "fabrication",
    "difficulty": 0,
    "time": 110,
    "reversible": false,
    "book_learn": [ [ "nanite_guide", 1 ] ],
    "flags": [ "BLIND_EASY" ],
    "qualities": [ { "id": "NANO_FAB", "level": 2, "amount": 1 }, { "id": "NANOTECH", "level": 1, "amount": 1 } ],
    "components": [ [ [ "3d_resin_electronic", 2 ] ], [ [ "3d_resin_metal", 6 ] ], [ [ "3d_resin", 3 ] ] ]
  },
  {
    "type": "recipe",
    "activity_level": "NO_EXERCISE",
    "result": "motor_micro",
    "id_suffix": "_nanoprint_1",
    "category": "CC_NANO",
    "subcategory": "CSC_NANO_MATERIALS",
    "skill_used": "fabrication",
    "difficulty": 0,
    "time": 70,
    "reversible": false,
    "book_learn": [ [ "nanite_guide", 1 ] ],
    "flags": [ "BLIND_EASY" ],
    "qualities": [ { "id": "NANO_FAB", "level": 1, "amount": 1 }, { "id": "NANOTECH", "level": 1, "amount": 1 } ],
    "components": [ [ [ "3d_resin_electronic", 4 ] ], [ [ "3d_resin", 3 ] ] ]
  },
  {
    "type": "recipe",
    "activity_level": "NO_EXERCISE",
    "result": "transponder",
    "id_suffix": "_nanoprint_1",
    "category": "CC_NANO",
    "subcategory": "CSC_NANO_MATERIALS",
    "skill_used": "fabrication",
    "difficulty": 0,
    "time": 480,
    "reversible": false,
    "book_learn": [ [ "nanite_guide", 1 ] ],
    "flags": [ "BLIND_EASY" ],
    "qualities": [ { "id": "NANO_FAB", "level": 2, "amount": 1 }, { "id": "NANOTECH", "level": 1, "amount": 1 } ],
    "components": [ [ [ "3d_resin_electronic", 16 ] ], [ [ "3d_resin_metal", 8 ] ], [ [ "3d_resin", 24 ] ] ]
  },
  {
    "type": "recipe",
    "activity_level": "NO_EXERCISE",
    "result": "directional_antenna",
    "id_suffix": "_nanoprint_1",
    "category": "CC_NANO",
    "subcategory": "CSC_NANO_MATERIALS",
    "skill_used": "fabrication",
    "difficulty": 0,
    "time": 450,
    "reversible": false,
    "book_learn": [ [ "nanite_guide", 1 ] ],
    "flags": [ "BLIND_EASY" ],
    "qualities": [ { "id": "NANO_FAB", "level": 2, "amount": 1 }, { "id": "NANOTECH", "level": 1, "amount": 1 } ],
    "components": [ [ [ "3d_resin_electronic", 7 ] ], [ [ "3d_resin_metal", 32 ] ], [ [ "3d_resin", 6 ] ] ]
  },
  {
    "type": "recipe",
    "activity_level": "LIGHT_EXERCISE",
    "result": "sheet_metal_lit",
    "id_suffix": "_nanoprint_1",
    "category": "CC_NANO",
    "subcategory": "CSC_NANO_MATERIALS",
    "skill_used": "fabrication",
    "difficulty": 0,
    "time": 6200,
    "reversible": false,
    "book_learn": [ [ "nanite_guide", 1 ] ],
    "flags": [ "BLIND_EASY" ],
    "qualities": [ { "id": "NANO_FAB", "level": 1, "amount": 1 }, { "id": "NANOTECH", "level": 1, "amount": 1 } ],
    "components": [ [ [ "3d_resin_electronic", 25 ] ], [ [ "3d_resin_metal", 525 ] ], [ [ "3d_resin", 70 ] ] ]
  },
  {
    "type": "recipe",
    "activity_level": "NO_EXERCISE",
    "result": "motor_tiny",
    "id_suffix": "_nanoprint_1",
    "category": "CC_NANO",
    "subcategory": "CSC_NANO_MATERIALS",
    "skill_used": "fabrication",
    "difficulty": 0,
    "time": 800,
    "reversible": false,
    "book_learn": [ [ "nanite_guide", 1 ] ],
    "flags": [ "BLIND_EASY" ],
    "qualities": [ { "id": "NANO_FAB", "level": 1, "amount": 1 }, { "id": "NANOTECH", "level": 1, "amount": 1 } ],
    "components": [ [ [ "3d_resin_electronic", 40 ] ], [ [ "3d_resin_metal", 30 ] ], [ [ "3d_resin", 10 ] ] ]
  },
  {
    "type": "recipe",
    "activity_level": "NO_EXERCISE",
    "result": "motor_small",
    "id_suffix": "_nanoprint_1",
    "category": "CC_NANO",
    "subcategory": "CSC_NANO_MATERIALS",
    "skill_used": "fabrication",
    "difficulty": 0,
    "time": 1500,
    "reversible": false,
    "book_learn": [ [ "nanite_guide", 1 ] ],
    "flags": [ "BLIND_EASY" ],
    "qualities": [ { "id": "NANO_FAB", "level": 1, "amount": 1 }, { "id": "NANOTECH", "level": 1, "amount": 1 } ],
    "components": [ [ [ "3d_resin_electronic", 60 ] ], [ [ "3d_resin_metal", 90 ] ] ]
  },
  {
    "type": "recipe",
    "activity_level": "NO_EXERCISE",
    "result": "solder_wire",
    "id_suffix": "_nanoprint_1",
    "category": "CC_NANO",
    "subcategory": "CSC_NANO_MATERIALS",
    "skill_used": "fabrication",
    "difficulty": 0,
    "time": 600,
    "reversible": false,
    "book_learn": [ [ "nanite_guide", 1 ] ],
    "flags": [ "BLIND_EASY" ],
    "qualities": [ { "id": "NANO_FAB", "level": 1, "amount": 1 }, { "id": "NANOTECH", "level": 1, "amount": 1 } ],
    "components": [ [ [ "3d_resin_electronic", 10 ] ], [ [ "3d_resin_metal", 50 ] ] ]
  },
  {
    "type": "recipe",
    "activity_level": "NO_EXERCISE",
    "result": "small_lcd_screen",
    "id_suffix": "_nanoprint_1",
    "category": "CC_NANO",
    "subcategory": "CSC_NANO_MATERIALS",
    "skill_used": "fabrication",
    "difficulty": 0,
    "time": 500,
    "reversible": false,
    "book_learn": [ [ "nanite_guide", 1 ] ],
    "flags": [ "BLIND_EASY" ],
    "qualities": [ { "id": "NANO_FAB", "level": 2, "amount": 1 }, { "id": "NANOTECH", "level": 1, "amount": 1 } ],
    "components": [ [ [ "3d_resin_electronic", 20 ] ], [ [ "3d_resin", 30 ] ] ]
  },
  {
    "type": "recipe",
    "activity_level": "NO_EXERCISE",
    "result": "processor",
    "id_suffix": "_nanoprint_1",
    "category": "CC_NANO",
    "subcategory": "CSC_NANO_MATERIALS",
    "skill_used": "fabrication",
    "difficulty": 0,
    "time": 60,
    "reversible": false,
    "book_learn": [ [ "nanite_guide", 1 ] ],
    "flags": [ "BLIND_EASY" ],
    "qualities": [ { "id": "NANO_FAB", "level": 2, "amount": 1 }, { "id": "NANOTECH", "level": 1, "amount": 1 } ],
    "components": [ [ [ "3d_resin_electronic", 3 ] ], [ [ "3d_resin", 3 ] ] ]
  },
  {
    "type": "recipe",
    "activity_level": "NO_EXERCISE",
    "result": "RAM",
    "id_suffix": "_nanoprint_1",
    "category": "CC_NANO",
    "subcategory": "CSC_NANO_MATERIALS",
    "skill_used": "fabrication",
    "difficulty": 0,
    "time": 30,
    "reversible": false,
    "book_learn": [ [ "nanite_guide", 1 ] ],
    "flags": [ "BLIND_EASY" ],
    "qualities": [ { "id": "NANO_FAB", "level": 2, "amount": 1 }, { "id": "NANOTECH", "level": 1, "amount": 1 } ],
    "components": [ [ [ "3d_resin_electronic", 2 ] ], [ [ "3d_resin", 1 ] ] ]
  }
]
