[
  {
    "type": "material",
    "copy-from": "plastic",
    "id": "polymer",
    "name": "Polymer",
    "//": "high-quality plastic compound",
    "density": 16,
    "bash_resist": 4,
    "cut_resist": 4,
    "acid_resist": 18,
    "fire_resist": 3,
    "bullet_resist": 0,
    "elec_resist": 5,
    "chip_resist": 11,
    "repaired_with": "chunk_polymer",
    "salvaged_into": "chunk_polymer"
  },
  {
    "type": "material",
    "id": "rubber",
    "name": "Rubber",
    "density": 12,
    "soft": false,
    "bash_resist": 5,
    "cut_resist": 1,
    "acid_resist": 8,
    "fire_resist": 1,
    "bullet_resist": 0,
    "elec_resist": 20,
    "chip_resist": 9,
    "repaired_with": "chunk_rubber",
    "salvaged_into": "chunk_rubber",
    "dmg_adj": [ "ripped", "torn", "shredded", "tattered" ],
    "bash_dmg_verb": "ripped",
    "cut_dmg_verb": "cut",
    "burn_data": [ { "fuel": 1, "smoke": 3, "burn": 1 }, { "fuel": 1, "smoke": 3, "burn": 2 }, { "fuel": 1, "smoke": 3, "burn": 3 } ]
  }
]
