[
  {
    "type": "tool_quality",
    "id": "COMPUTATION",
    "name": { "str": "computation" }
  },
  {
    "type": "tool_quality",
    "id": "NETWORKING",
    "name": { "str": "networking" }
  },
  {
    "type": "tool_quality",
    "id": "MOLECULAR_ASSEMBLY",
    "name": { "str": "molecular assembly" }
  },
  {
    "type": "tool_quality",
    "id": "POLYMER_PRINTING",
    "name": { "str": "polymer printing" }
  },
  {
    "type": "tool_quality",
    "id": "CERAMIC_PRINTING",
    "name": { "str": "ceramic printing" }
  },
  {
    "type": "tool_quality",
    "id": "BIOMEDICAL_PRINTING",
    "name": { "str": "biomedical printing" }
  },
  {
    "type": "tool_quality",
    "id": "METAL_PRINTING",
    "name": { "str": "metal printing" }
  },
  {
    "type": "tool_quality",
    "id": "CNC_MANUFACTURE",
    "name": { "str": "CNC manufacture" },
    "//": "compound temporary quality; to be replaced with a proper set of qualities later"
  }
]
