[
  {
    "id": "nanite_core_1",
    "type": "TOOL",
    "symbol": ";",
    "color": "light_cyan",
    "name": { "str": "nanite core MK I" },
    "description": "Contains data on how to work with nanites.",
    "looks_like": "bio_power_storage",
    "price": "80 USD",
    "price_postapoc": "20 USD",
    "material": [ "steel", "plastic" ],
    "weight": "269 g",
    "volume": "2 L",
    "bashing": 3,
    "cutting": 0,
    "to_hit": -1,
    "flags": [ "TRADER_AVOID" ],
    "book_data": { "max_level": 3, "intelligence": 14, "time": 60, "fun": -1, "skill": "computer", "required_level": 0 },
    "qualities": [ [ "NANOTECH", 1 ] ]
  },
  {
    "id": "nanite_guide",
    "type": "TOOL",
    "symbol": ";",
    "color": "light_cyan",
    "name": { "str": "nanite guide" },
    "description": "Contains data on producing standard items from a nanofactory.",
    "looks_like": "bio_power_storage",
    "price": "80 USD",
    "price_postapoc": "20 USD",
    "material": [ "steel", "plastic" ],
    "weight": "100 g",
    "volume": "2250 ml",
    "bashing": 3,
    "cutting": 0,
    "to_hit": -1,
    "flags": [ "TRADER_AVOID" ],
    "book_data": { "max_level": 3, "intelligence": 8, "time": 60, "fun": -1, "skill": "computer", "required_level": 0 }
  },
  {
    "id": "nanite_core_2",
    "type": "TOOL",
    "symbol": ";",
    "color": "light_blue",
    "name": { "str": "nanite core MK II" },
    "description": "Contains data on how to work with nanites.",
    "looks_like": "bio_power_storage",
    "price": "80 USD",
    "price_postapoc": "20 USD",
    "material": [ "steel", "plastic" ],
    "weight": "269 g",
    "volume": "2 L",
    "bashing": 3,
    "cutting": 0,
    "to_hit": -1,
    "flags": [ "TRADER_AVOID" ],
    "book_data": { "max_level": 5, "intelligence": 14, "time": 60, "fun": -1, "skill": "computer", "required_level": 0 },
    "qualities": [ [ "NANOTECH", 2 ] ]
  },
  {
    "id": "nanite_core_3",
    "type": "TOOL",
    "symbol": ";",
    "color": "cyan",
    "name": { "str": "nanite core MK III" },
    "description": "Contains data on how to work with nanites.",
    "looks_like": "bio_power_storage",
    "price": "80 USD",
    "price_postapoc": "20 USD",
    "material": [ "steel", "plastic" ],
    "weight": "269 g",
    "volume": "2 L",
    "bashing": 2,
    "cutting": 0,
    "to_hit": -1,
    "flags": [ "TRADER_AVOID" ],
    "book_data": { "max_level": 7, "intelligence": 14, "time": 60, "fun": -1, "skill": "computer", "required_level": 0 },
    "qualities": [ [ "NANOTECH", 3 ] ]
  },
  {
    "id": "nanite_core_4",
    "type": "TOOL",
    "symbol": ";",
    "color": "blue",
    "name": { "str": "nanite core MK IV" },
    "description": "Contains data on how to work with nanites.",
    "looks_like": "bio_power_storage",
    "price": "80 USD",
    "price_postapoc": "20 USD",
    "material": [ "steel", "plastic" ],
    "weight": "269 g",
    "volume": "2 L",
    "bashing": 0,
    "cutting": 0,
    "to_hit": -1,
    "flags": [ "TRADER_AVOID" ],
    "book_data": { "max_level": 9, "intelligence": 14, "time": 60, "fun": -1, "skill": "computer", "required_level": 0 },
    "qualities": [ [ "NANOTECH", 4 ] ]
  },
  {
    "id": "ai_core",
    "type": "TOOL",
    "symbol": ";",
    "color": "light_green",
    "name": { "str": "AI core (experimental)" },
    "description": "Experimental AI core, once used for high-end research tasks.",
    "looks_like": "bio_power_storage",
    "price": "120 USD",
    "price_postapoc": "40 USD",
    "material": [ "steel", "plastic" ],
    "weight": "269 g",
    "volume": "2 L",
    "bashing": 3,
    "cutting": 0,
    "to_hit": -1,
    "book_data": { "max_level": 3, "intelligence": 14, "time": 60, "fun": -1, "skill": "computer", "required_level": 0 },
    "flags": [ "TRADER_AVOID" ]
  },
  {
    "id": "ai_core_blank",
    "type": "TOOL",
    "symbol": ";",
    "color": "green",
    "name": { "str": "AI core (blank)" },
    "description": "AI core, currently blank.",
    "looks_like": "bio_power_storage",
    "price": "120 USD",
    "price_postapoc": "40 USD",
    "material": [ "steel", "plastic" ],
    "weight": "269 g",
    "volume": "2 L",
    "bashing": 3,
    "cutting": 0,
    "to_hit": -1,
    "flags": [ "TRADER_AVOID" ]
  }
]
