[
  {
    "id": "programming_laptop",
    "type": "TOOL",
    "name": { "str": "programming laptop" },
    "description": "A repaired laptop usable for programming.  Requires external power source to charge.",
    "weight": "2721 g",
    "volume": "1000 ml",
    "price": "100 USD",
    "price_postapoc": "25 USD",
    "material": [ "plastic", "aluminum" ],
    "symbol": ",",
    "color": "yellow",
    "ammo": [ "battery" ],
    "pocket_data": [ { "pocket_type": "MAGAZINE", "rigid": true, "ammo_restriction": { "battery": 1000 } } ],
    "flags": [ "WATCH", "ALARMCLOCK", "NO_UNLOAD", "NO_RELOAD", "RECHARGE" ]
  },
  {
    "type": "AMMO",
    "id": "3d_resin",
    "category": "ammo",
    "price": 50,
    "price_postapoc": 50,
    "name": { "str": "feedstock (plastic)" },
    "symbol": "=",
    "color": "light_blue",
    "description": "Coiled plastic feedstock for advanced fabrication.",
    "looks_like": "solder_wire",
    "volume": "50ml",
    "weight": "10 g",
    "phase": "solid",
    "bashing": 1,
    "cutting": 0,
    "to_hit": 0,
    "ammo_type": "3d_resin",
    "damage": { "damage_type": "bullet", "amount": 0, "armor_penetration": 0 },
    "range": 0,
    "dispersion": 0,
    "recoil": 0,
    "count": 100,
    "effects": [ "NEVER_MISFIRES" ]
  },
  {
    "type": "AMMO",
    "id": "3d_resin_metal",
    "category": "ammo",
    "price": 50,
    "price_postapoc": 50,
    "name": { "str": "feedstock (metal)" },
    "symbol": "=",
    "color": "light_blue",
    "description": "Coiled metal stock for advanced fabrication.",
    "looks_like": "solder_wire",
    "volume": "50ml",
    "weight": "10 g",
    "phase": "solid",
    "bashing": 1,
    "cutting": 0,
    "to_hit": 0,
    "ammo_type": "3d_resin",
    "damage": { "damage_type": "bullet", "amount": 0, "armor_penetration": 0 },
    "range": 0,
    "dispersion": 0,
    "recoil": 0,
    "count": 100,
    "effects": [ "NEVER_MISFIRES" ]
  },
  {
    "type": "AMMO",
    "id": "3d_resin_electronic",
    "category": "ammo",
    "price": 50,
    "price_postapoc": 50,
    "name": { "str": "feedstock (electronic)" },
    "symbol": "=",
    "color": "light_blue",
    "description": "Coiled high-conductivity metal for advanced fabrication.",
    "looks_like": "cable",
    "volume": "50ml",
    "weight": "10 g",
    "phase": "solid",
    "bashing": 1,
    "cutting": 0,
    "to_hit": 0,
    "ammo_type": "3d_resin",
    "damage": { "damage_type": "bullet", "amount": 0, "armor_penetration": 0 },
    "range": 0,
    "dispersion": 0,
    "recoil": 0,
    "count": 100,
    "effects": [ "NEVER_MISFIRES" ]
  },
  {
    "type": "ammunition_type",
    "id": "3d_resin",
    "name": "3D printer stock",
    "default": "3d_resin"
  },
  {
    "id": "nanofactory_1",
    "type": "TOOL",
    "symbol": ";",
    "color": "light_cyan",
    "name": { "str": "nanofactory (3D printer)" },
    "description": "Uses internal nanites to reassemble feedstock into products at high speed and efficiency.",
    "looks_like": "weldrig",
    "price": "2400 USD",
    "price_postapoc": "500 USD",
    "material": [ "nanite" ],
    "weight": "600000 g",
    "volume": "500 L",
    "bashing": 5,
    "cutting": 0,
    "to_hit": -1,
    "flags": [ "TRADER_AVOID" ],
    "qualities": [ [ "NANO_FAB", 1 ] ]
  },
  {
    "id": "nanofactory_exp",
    "type": "TOOL",
    "symbol": ";",
    "color": "light_cyan",
    "name": { "str": "experimental nanite assembler" },
    "description": "Low quality, bulky, slow, but highly secured nanite fabrication system.  Designed for safety, not quality, but with some hard work you may be able to salvage something of use, or maybe use it.",
    "looks_like": "weldrig",
    "price": "2400 USD",
    "price_postapoc": "500 USD",
    "material": [ "nanite" ],
    "weight": "600000 g",
    "volume": "500 L",
    "bashing": 5,
    "cutting": 0,
    "to_hit": -1,
    "flags": [ "TRADER_AVOID" ]
  },
  {
    "id": "nano_ammo_fab",
    "type": "TOOL",
    "symbol": ";",
    "color": "light_cyan",
    "name": { "str": "nanotech ammo processor" },
    "looks_like": "toolbox_empty",
    "description": "Uses internal nanites to pack feedstock into bricks in ammo cartridges, as well as program them for proper output.  Due to the highly limited products, it is more flexible and can take unprocessed raw materials as well.",
    "price": "240 USD",
    "price_postapoc": "100 USD",
    "material": [ "nanite" ],
    "weight": "3522 g",
    "volume": "2500 ml",
    "bashing": 5,
    "cutting": 0,
    "to_hit": -1,
    "flags": [ "TRADER_AVOID" ]
  },
  {
    "id": "nanite_power_cell",
    "type": "AMMO",
    "name": { "str": "nanotech power cell" },
    "description": "Plutonium processed into smaller chunks",
    "looks_like": "plut_cell",
    "weight": "174 g",
    "volume": "250 ml",
    "price": "300 USD",
    "price_postapoc": "15 USD",
    "count": 20,
    "stack_size": 20,
    "material": [ "steel" ],
    "symbol": ",",
    "color": "light_gray",
    "ammo_type": "components",
    "flags": [ "TRADER_AVOID" ]
  },
  {
    "id": "nano_programmer_1",
    "type": "TOOL",
    "symbol": ";",
    "color": "light_cyan",
    "name": { "str": "nanite programmer (basic)" },
    "description": "A small terminal that interfaces with nearby nanites to upload preconfigured programs to them.  It is also able to hack into robots using remote groups of nanites.",
    "looks_like": "laptop",
    "price": "2400 USD",
    "price_postapoc": "500 USD",
    "material": [ "nanite" ],
    "weight": "1000 g",
    "volume": "1000 ml",
    "bashing": 1,
    "cutting": 1,
    "to_hit": -1,
    "flags": [ "TRADER_AVOID" ],
    "qualities": [ [ "NANO_PRO", 1 ] ],
    "pocket_data": [ { "pocket_type": "MAGAZINE", "rigid": true, "ammo_restriction": { "nanite_ammo": 1 } } ],
    "charges_per_use": 0,
    "turns_per_charge": 0,
    "ammo": [ "nanite_ammo" ],
    "use_action": [
      "ROBOTCONTROL",
      {
        "type": "repair_item",
        "item_action_type": "repair_metal",
        "materials": [ "nanite" ],
        "skill": "mechanics",
        "cost_scaling": 1,
        "move_cost": 250
      }
    ]
  },
  {
    "id": "nanofactory_2",
    "type": "TOOL",
    "symbol": ";",
    "color": "light_blue",
    "name": { "str": "nanofactory" },
    "description": "Uses internal nanites to reassemble feedstock into products at high speed and efficiency.",
    "looks_like": "weldrig",
    "price": "4800 USD",
    "material": [ "nanite" ],
    "weight": "300000 g",
    "volume": "160 L",
    "bashing": 5,
    "cutting": 0,
    "to_hit": -1,
    "flags": [ "TRADER_AVOID" ],
    "qualities": [ [ "NANO_FAB", 2 ] ]
  },
  {
    "id": "nano_programmer_2",
    "type": "TOOL",
    "symbol": ";",
    "color": "light_blue",
    "name": { "str": "nanite programmer" },
    "description": "A small terminal that interfaces with nearby nanites to upload preconfigured programs to them.",
    "looks_like": "laptop",
    "price": "4800 USD",
    "material": [ "nanite" ],
    "weight": "100 g",
    "volume": "1 L",
    "bashing": 1,
    "cutting": 1,
    "to_hit": -1,
    "flags": [ "TRADER_AVOID" ],
    "pocket_data": [ { "pocket_type": "MAGAZINE", "rigid": true, "ammo_restriction": { "nanite_ammo": 1 } } ],
    "charges_per_use": 0,
    "turns_per_charge": 0,
    "ammo": [ "nanite_ammo" ],
    "qualities": [ [ "NANO_PRO", 2 ] ],
    "use_action": [
      "ROBOTCONTROL",
      {
        "type": "repair_item",
        "item_action_type": "repair_metal",
        "materials": [ "nanite" ],
        "skill": "mechanics",
        "cost_scaling": 0.75,
        "move_cost": 250
      }
    ]
  },
  {
    "id": "nanofactory_3",
    "type": "TOOL",
    "symbol": ";",
    "color": "cyan",
    "name": { "str": "nanite construction tool" },
    "description": "Controls nanites to reassemble feedstock into products at high speed and efficiency, contains a minor AI to assist with programming.",
    "looks_like": "laptop",
    "price": "9600 USD",
    "material": [ "nanite" ],
    "weight": "1000 g",
    "volume": "4 L",
    "bashing": 0,
    "cutting": 0,
    "to_hit": -1,
    "flags": [ "TRADER_AVOID" ],
    "pocket_data": [ { "pocket_type": "MAGAZINE", "rigid": true, "ammo_restriction": { "nanite_ammo": 1 } } ],
    "charges_per_use": 0,
    "turns_per_charge": 0,
    "ammo": [ "nanite_ammo" ],
    "qualities": [ [ "NANO_FAB", 3 ], [ "NANOTECH", 2 ], [ "NANO_PRO", 3 ] ],
    "use_action": [
      "ROBOTCONTROL",
      {
        "type": "repair_item",
        "item_action_type": "repair_metal",
        "materials": [ "nanite" ],
        "skill": "mechanics",
        "cost_scaling": 0.5,
        "move_cost": 250
      }
    ]
  },
  {
    "id": "nanofactory_4",
    "type": "TOOL",
    "symbol": ";",
    "color": "blue",
    "name": { "str": "advanced nanite controller" },
    "description": "Controls nanites to reassemble feedstock into products at high speed and efficiency, contains an advanced AI, and is capable of any nanofabrication currently developed.",
    "looks_like": "two_way_radio",
    "price": "19200 USD",
    "material": [ "nanite" ],
    "weight": "200 g",
    "volume": "1500 ml",
    "bashing": 0,
    "cutting": 0,
    "to_hit": -1,
    "flags": [ "TRADER_AVOID" ],
    "pocket_data": [ { "pocket_type": "MAGAZINE", "rigid": true, "ammo_restriction": { "nanite_ammo": 1 } } ],
    "charges_per_use": 0,
    "turns_per_charge": 0,
    "ammo": [ "nanite_ammo" ],
    "qualities": [ [ "NANO_FAB", 4 ], [ "NANOTECH", 4 ], [ "NANO_PRO", 4 ] ],
    "use_action": [
      "ROBOTCONTROL",
      {
        "type": "repair_item",
        "item_action_type": "repair_metal",
        "materials": [ "nanite" ],
        "skill": "mechanics",
        "cost_scaling": 0.25,
        "move_cost": 250
      }
    ]
  }
]
