[
  {
    "id": "mounted_TDI",
    "copy-from": "turret",
    "type": "vehicle_part",
    "name": { "str": "mounted TDI Vector" },
    "item": "TDI",
    "breaks_into": [ { "item": "TDI", "prob": 50 } ],
    "requirements": { "install": { "skills": [ [ "mechanics", 3 ] ] }, "removal": { "skills": [ [ "mechanics", 1 ] ] } }
  },
  {
    "id": "m4_carbine",
    "copy-from": "turret",
    "type": "vehicle_part",
    "name": { "str": "mounted M4 carbine" },
    "item": "m4_carbine",
    "breaks_into": [ { "item": "m4_carbine", "prob": 50 } ],
    "requirements": { "install": { "skills": [ [ "mechanics", 3 ] ] }, "removal": { "skills": [ [ "mechanics", 1 ] ] } }
  },
  {
    "id": "mounted_ak47",
    "copy-from": "turret",
    "type": "vehicle_part",
    "name": { "str": "mounted AK-47" },
    "item": "ak47",
    "breaks_into": [ { "item": "ak47", "prob": 50 } ],
    "requirements": { "install": { "skills": [ [ "mechanics", 3 ] ] }, "removal": { "skills": [ [ "mechanics", 1 ] ] } }
  },
  {
    "id": "mounted_ak74",
    "copy-from": "turret",
    "type": "vehicle_part",
    "name": { "str": "mounted AK-74" },
    "item": "ak74",
    "breaks_into": [ { "item": "ak74", "prob": 50 } ],
    "requirements": { "install": { "skills": [ [ "mechanics", 3 ] ] }, "removal": { "skills": [ [ "mechanics", 1 ] ] } }
  },
  {
    "id": "mounted_american_180",
    "copy-from": "turret",
    "type": "vehicle_part",
    "name": { "str": "mounted American-180" },
    "item": "american_180",
    "breaks_into": [ { "item": "american_180", "prob": 50 } ],
    "requirements": { "install": { "skills": [ [ "mechanics", 3 ] ] }, "removal": { "skills": [ [ "mechanics", 1 ] ] } }
  },
  {
    "id": "mounted_ar15",
    "copy-from": "turret",
    "type": "vehicle_part",
    "name": { "str": "mounted AR-15" },
    "item": "ar15",
    "breaks_into": [ { "item": "ar15", "prob": 50 } ],
    "requirements": { "install": { "skills": [ [ "mechanics", 3 ] ] }, "removal": { "skills": [ [ "mechanics", 1 ] ] } }
  },
  {
    "id": "mounted_blunderbuss",
    "copy-from": "turret",
    "type": "vehicle_part",
    "name": { "str": "mounted blunderbuss" },
    "item": "blunderbuss",
    "breaks_into": [ { "item": "blunderbuss", "prob": 50 } ],
    "requirements": { "install": { "skills": [ [ "mechanics", 5 ] ] }, "removal": { "skills": [ [ "mechanics", 3 ] ] } }
  },
  {
    "id": "mounted_browning_blr",
    "copy-from": "turret",
    "type": "vehicle_part",
    "name": { "str": "mounted Browning BLR" },
    "item": "browning_blr",
    "breaks_into": [ { "item": "browning_blr", "prob": 50 } ],
    "requirements": { "install": { "skills": [ [ "mechanics", 3 ] ] }, "removal": { "skills": [ [ "mechanics", 1 ] ] } }
  },
  {
    "id": "mounted_calico",
    "copy-from": "turret",
    "type": "vehicle_part",
    "name": { "str": "mounted Calico M960" },
    "item": "calico",
    "breaks_into": [ { "item": "calico", "prob": 50 } ],
    "requirements": { "install": { "skills": [ [ "mechanics", 3 ] ] }, "removal": { "skills": [ [ "mechanics", 1 ] ] } }
  },
  {
    "id": "mounted_carbine_flintlock",
    "copy-from": "turret",
    "type": "vehicle_part",
    "name": { "str": "mounted flintlock carbine" },
    "item": "carbine_flintlock",
    "symbol": "+",
    "broken_symbol": "x",
    "color": "dark_gray",
    "broken_color": "dark_gray",
    "durability": 240,
    "breaks_into": [ { "item": "carbine_flintlock", "prob": 50 } ],
    "requirements": { "install": { "skills": [ [ "mechanics", 4 ] ] }, "removal": { "skills": [ [ "mechanics", 2 ] ] } }
  },
  {
    "id": "mounted_cx4",
    "copy-from": "turret",
    "type": "vehicle_part",
    "name": { "str": "mounted Cx4 Storm" },
    "item": "cx4",
    "breaks_into": [ { "item": "cx4", "prob": 50 } ],
    "requirements": { "install": { "skills": [ [ "mechanics", 3 ] ] }, "removal": { "skills": [ [ "mechanics", 1 ] ] } }
  },
  {
    "id": "mounted_flamethrower",
    "copy-from": "turret",
    "type": "vehicle_part",
    "name": { "str": "mounted flamethrower" },
    "item": "flamethrower",
    "color": "red",
    "broken_color": "red",
    "breaks_into": [ { "item": "flamethrower", "prob": 50 } ],
    "requirements": { "install": { "skills": [ [ "mechanics", 4 ] ] }, "removal": { "skills": [ [ "mechanics", 2 ] ] } },
    "extend": { "flags": [ "USE_TANKS" ] }
  },
  {
    "id": "mounted_rm451_flamethrower",
    "copy-from": "turret",
    "type": "vehicle_part",
    "name": { "str": "mounted RM451 flamethrower" },
    "item": "rm451_flamethrower",
    "color": "red",
    "broken_color": "red",
    "breaks_into": [ { "item": "rm451_flamethrower", "prob": 50 } ],
    "requirements": { "install": { "skills": [ [ "mechanics", 4 ] ] }, "removal": { "skills": [ [ "mechanics", 2 ] ] } },
    "extend": { "flags": [ "USE_TANKS" ] }
  },
  {
    "id": "mounted_fn_fal",
    "copy-from": "turret",
    "type": "vehicle_part",
    "name": { "str": "mounted FN FAL" },
    "item": "fn_fal",
    "breaks_into": [ { "item": "fn_fal", "prob": 50 } ],
    "requirements": { "install": { "skills": [ [ "mechanics", 3 ] ] }, "removal": { "skills": [ [ "mechanics", 1 ] ] } }
  },
  {
    "id": "mounted_fn_p90",
    "copy-from": "turret",
    "type": "vehicle_part",
    "name": { "str": "mounted FN P90" },
    "item": "fn_p90",
    "breaks_into": [ { "item": "fn_p90", "prob": 50 } ],
    "requirements": { "install": { "skills": [ [ "mechanics", 3 ] ] }, "removal": { "skills": [ [ "mechanics", 1 ] ] } }
  },
  {
    "id": "mounted_hk_g3",
    "copy-from": "turret",
    "type": "vehicle_part",
    "name": { "str": "mounted H&K G3" },
    "item": "hk_g3",
    "breaks_into": [ { "item": "hk_g3", "prob": 50 } ],
    "requirements": { "install": { "skills": [ [ "mechanics", 3 ] ] }, "removal": { "skills": [ [ "mechanics", 1 ] ] } }
  },
  {
    "id": "mounted_hk_g36",
    "copy-from": "turret",
    "type": "vehicle_part",
    "name": { "str": "mounted H&K G36" },
    "item": "hk_g36",
    "breaks_into": [ { "item": "hk_g36", "prob": 50 } ],
    "requirements": { "install": { "skills": [ [ "mechanics", 3 ] ] }, "removal": { "skills": [ [ "mechanics", 1 ] ] } }
  },
  {
    "id": "mounted_hk_g80",
    "copy-from": "turret",
    "type": "vehicle_part",
    "name": { "str": "mounted H&K G80" },
    "item": "hk_g80",
    "breaks_into": [ { "item": "hk_g80", "prob": 50 } ],
    "requirements": { "install": { "skills": [ [ "mechanics", 5 ] ] }, "removal": { "skills": [ [ "mechanics", 3 ] ] } }
  },
  {
    "id": "mounted_hk_mp5",
    "copy-from": "turret",
    "type": "vehicle_part",
    "name": { "str": "mounted H&K MP5" },
    "item": "hk_mp5",
    "breaks_into": [ { "item": "hk_mp5", "prob": 50 } ],
    "requirements": { "install": { "skills": [ [ "mechanics", 3 ] ] }, "removal": { "skills": [ [ "mechanics", 1 ] ] } }
  },
  {
    "id": "mounted_hk_mp7",
    "copy-from": "turret",
    "type": "vehicle_part",
    "name": { "str": "mounted H&K MP7" },
    "item": "hk_mp7",
    "breaks_into": [ { "item": "hk_mp7", "prob": 50 } ],
    "requirements": { "install": { "skills": [ [ "mechanics", 3 ] ] }, "removal": { "skills": [ [ "mechanics", 1 ] ] } }
  },
  {
    "id": "mounted_hk_ump45",
    "copy-from": "turret",
    "type": "vehicle_part",
    "name": { "str": "mounted H&K UMP45" },
    "item": "hk_ump45",
    "breaks_into": [ { "item": "hk_ump45", "prob": 50 } ],
    "requirements": { "install": { "skills": [ [ "mechanics", 3 ] ] }, "removal": { "skills": [ [ "mechanics", 1 ] ] } }
  },
  {
    "id": "mounted_ksg",
    "copy-from": "turret",
    "type": "vehicle_part",
    "name": { "str": "mounted Kel-Tec KSG" },
    "item": "ksg",
    "breaks_into": [ { "item": "ksg", "prob": 50 } ],
    "requirements": { "install": { "skills": [ [ "mechanics", 4 ] ] }, "removal": { "skills": [ [ "mechanics", 2 ] ] } }
  },
  {
    "id": "mounted_tavor_12",
    "copy-from": "turret",
    "type": "vehicle_part",
    "name": { "str": "mounted Tavor TS12" },
    "item": "tavor_12",
    "breaks_into": [ { "item": "tavor_12", "prob": 50 } ],
    "requirements": { "install": { "skills": [ [ "mechanics", 3 ] ] }, "removal": { "skills": [ [ "mechanics", 1 ] ] } }
  },
  {
    "id": "mounted_launcher_simple",
    "copy-from": "turret",
    "type": "vehicle_part",
    "name": { "str": "mounted 40mm launcher" },
    "item": "launcher_simple",
    "breaks_into": [ { "item": "launcher_simple", "prob": 50 } ],
    "requirements": { "install": { "skills": [ [ "mechanics", 4 ] ] }, "removal": { "skills": [ [ "mechanics", 2 ] ] } }
  },
  {
    "id": "mounted_mossberg_930",
    "copy-from": "turret",
    "type": "vehicle_part",
    "name": { "str": "mounted Mossberg 930 shotgun" },
    "item": "mossberg_930",
    "breaks_into": [ { "item": "mossberg_930", "prob": 50 } ],
    "requirements": { "install": { "skills": [ [ "mechanics", 4 ] ] }, "removal": { "skills": [ [ "mechanics", 2 ] ] } }
  },
  {
    "id": "mounted_m107a1",
    "copy-from": "turret",
    "type": "vehicle_part",
    "name": { "str": "mounted Barrett M107A1" },
    "item": "m107a1",
    "breaks_into": [ { "item": "m107a1", "prob": 50 } ],
    "requirements": { "install": { "skills": [ [ "mechanics", 3 ] ] }, "removal": { "skills": [ [ "mechanics", 1 ] ] } }
  },
  {
    "id": "mounted_m14ebr",
    "copy-from": "turret",
    "type": "vehicle_part",
    "name": { "str": "mounted M14-EBR" },
    "item": "m14ebr",
    "breaks_into": [ { "item": "m14ebr", "prob": 50 } ],
    "requirements": { "install": { "skills": [ [ "mechanics", 3 ] ] }, "removal": { "skills": [ [ "mechanics", 1 ] ] } }
  },
  {
    "id": "mounted_m1a",
    "copy-from": "turret",
    "type": "vehicle_part",
    "name": { "str": "mounted M1A" },
    "item": "m1a",
    "breaks_into": [ { "item": "m1a", "prob": 50 } ],
    "requirements": { "install": { "skills": [ [ "mechanics", 3 ] ] }, "removal": { "skills": [ [ "mechanics", 1 ] ] } }
  },
  {
    "id": "mounted_m2010",
    "copy-from": "turret",
    "type": "vehicle_part",
    "name": { "str": "mounted M2010 ESR" },
    "item": "m2010",
    "breaks_into": [ { "item": "m2010", "prob": 50 } ],
    "requirements": { "install": { "skills": [ [ "mechanics", 3 ] ] }, "removal": { "skills": [ [ "mechanics", 1 ] ] } }
  },
  {
    "id": "mounted_m2browning_sawn",
    "copy-from": "turret",
    "type": "vehicle_part",
    "name": { "str": "mounted .50 caliber" },
    "item": "m2browning_sawn",
    "breaks_into": [ { "item": "m2browning_sawn", "prob": 50 } ],
    "requirements": { "install": { "skills": [ [ "mechanics", 3 ] ] }, "removal": { "skills": [ [ "mechanics", 1 ] ] } }
  },
  {
    "id": "mounted_m320",
    "copy-from": "turret",
    "type": "vehicle_part",
    "name": { "str": "mounted M320" },
    "item": "m320",
    "breaks_into": [ { "item": "m320", "prob": 50 } ],
    "requirements": { "install": { "skills": [ [ "mechanics", 4 ] ] }, "removal": { "skills": [ [ "mechanics", 2 ] ] } }
  },
  {
    "id": "mounted_m60",
    "copy-from": "turret",
    "type": "vehicle_part",
    "name": { "str": "mounted M60" },
    "item": "m60",
    "breaks_into": [ { "item": "m60", "prob": 50 } ],
    "requirements": { "install": { "skills": [ [ "mechanics", 3 ] ] }, "removal": { "skills": [ [ "mechanics", 1 ] ] } }
  },
  {
    "id": "mounted_m79",
    "copy-from": "turret",
    "type": "vehicle_part",
    "name": { "str": "mounted M79" },
    "item": "m79",
    "breaks_into": [ { "item": "m79", "prob": 50 } ],
    "requirements": { "install": { "skills": [ [ "mechanics", 3 ] ] }, "removal": { "skills": [ [ "mechanics", 1 ] ] } }
  },
  {
    "id": "mounted_mac_10",
    "copy-from": "turret",
    "type": "vehicle_part",
    "name": { "str": "mounted MAC-10" },
    "item": "mac_10",
    "breaks_into": [ { "item": "mac_10", "prob": 50 } ],
    "requirements": { "install": { "skills": [ [ "mechanics", 3 ] ] }, "removal": { "skills": [ [ "mechanics", 1 ] ] } }
  },
  {
    "id": "mounted_marlin_9a",
    "copy-from": "turret",
    "type": "vehicle_part",
    "name": { "str": "mounted Marlin 9A" },
    "item": "blaze_marlin_9a",
    "breaks_into": [ { "item": "blaze_marlin_9a", "prob": 50 } ],
    "requirements": { "install": { "skills": [ [ "mechanics", 3 ] ] }, "removal": { "skills": [ [ "mechanics", 1 ] ] } }
  },
  {
    "id": "mounted_mgl",
    "copy-from": "turret",
    "type": "vehicle_part",
    "name": { "str": "mounted Milkor MGL" },
    "item": "mgl",
    "breaks_into": [ { "item": "mgl", "prob": 50 } ],
    "requirements": { "install": { "skills": [ [ "mechanics", 4 ] ] }, "removal": { "skills": [ [ "mechanics", 2 ] ] } }
  },
  {
    "id": "mounted_mossberg_500",
    "copy-from": "turret",
    "type": "vehicle_part",
    "name": { "str": "mounted Mossberg 500" },
    "item": "mossberg_500",
    "breaks_into": [ { "item": "mossberg_500", "prob": 50 } ],
    "requirements": { "install": { "skills": [ [ "mechanics", 4 ] ] }, "removal": { "skills": [ [ "mechanics", 2 ] ] } }
  },
  {
    "id": "mounted_pipe_double_shotgun",
    "copy-from": "turret",
    "type": "vehicle_part",
    "name": { "str": "mounted double pipe shotgun" },
    "item": "pipe_double_shotgun",
    "breaks_into": [ { "item": "pipe_double_shotgun", "prob": 50 } ],
    "requirements": { "install": { "skills": [ [ "mechanics", 5 ] ] }, "removal": { "skills": [ [ "mechanics", 3 ] ] } }
  },
  {
    "id": "mounted_pipe_shotgun",
    "copy-from": "turret",
    "type": "vehicle_part",
    "name": { "str": "mounted pipe shotgun" },
    "item": "pipe_shotgun",
    "breaks_into": [ { "item": "pipe_shotgun", "prob": 50 } ],
    "requirements": { "install": { "skills": [ [ "mechanics", 5 ] ] }, "removal": { "skills": [ [ "mechanics", 3 ] ] } }
  },
  {
    "id": "mounted_remington_700",
    "copy-from": "turret",
    "type": "vehicle_part",
    "name": { "str": "mounted Remington 700" },
    "item": "remington_700",
    "breaks_into": [ { "item": "remington_700", "prob": 50 } ],
    "requirements": { "install": { "skills": [ [ "mechanics", 3 ] ] }, "removal": { "skills": [ [ "mechanics", 1 ] ] } }
  },
  {
    "id": "mounted_remington_870",
    "copy-from": "turret",
    "type": "vehicle_part",
    "name": { "str": "mounted Remington 870" },
    "item": "remington_870",
    "breaks_into": [ { "item": "remington_870", "prob": 50 } ],
    "requirements": { "install": { "skills": [ [ "mechanics", 4 ] ] }, "removal": { "skills": [ [ "mechanics", 2 ] ] } }
  },
  {
    "id": "mounted_repeatingcrossbow",
    "copy-from": "turret",
    "type": "vehicle_part",
    "name": { "str": "mounted repeating crossbow" },
    "item": "rep_crossbow",
    "color": "brown",
    "broken_color": "light_gray",
    "breaks_into": [ { "item": "rep_crossbow", "prob": 50 } ],
    "requirements": { "install": { "skills": [ [ "mechanics", 4 ] ] }, "removal": { "skills": [ [ "mechanics", 2 ] ] } }
  },
  {
    "id": "mounted_revolver_shotgun",
    "copy-from": "turret",
    "type": "vehicle_part",
    "name": { "str": "mounted revolver shotgun" },
    "item": "revolver_shotgun",
    "breaks_into": [ { "item": "revolver_shotgun", "prob": 50 } ],
    "requirements": { "install": { "skills": [ [ "mechanics", 5 ] ] }, "removal": { "skills": [ [ "mechanics", 3 ] ] } }
  },
  {
    "id": "mounted_rifle_22",
    "copy-from": "turret",
    "type": "vehicle_part",
    "name": { "str": "mounted .22 pipe rifle" },
    "item": "rifle_22",
    "breaks_into": [ { "item": "rifle_22", "prob": 50 } ],
    "requirements": { "install": { "skills": [ [ "mechanics", 4 ] ] }, "removal": { "skills": [ [ "mechanics", 2 ] ] } }
  },
  {
    "id": "mounted_rifle_9mm",
    "copy-from": "turret",
    "type": "vehicle_part",
    "name": { "str": "mounted 9x19mm pipe rifle" },
    "item": "rifle_9mm",
    "breaks_into": [ { "item": "rifle_9mm", "prob": 50 } ],
    "requirements": { "install": { "skills": [ [ "mechanics", 4 ] ] }, "removal": { "skills": [ [ "mechanics", 2 ] ] } }
  },
  {
    "id": "mounted_rifle_flintlock",
    "copy-from": "turret",
    "type": "vehicle_part",
    "name": { "str": "mounted flintlock rifle" },
    "item": "rifle_flintlock",
    "symbol": "+",
    "broken_symbol": "x",
    "durability": 240,
    "breaks_into": [ { "item": "rifle_flintlock", "prob": 50 } ],
    "requirements": { "install": { "skills": [ [ "mechanics", 4 ] ] }, "removal": { "skills": [ [ "mechanics", 2 ] ] } }
  },
  {
    "id": "mounted_rm11b_sniper_rifle",
    "copy-from": "turret",
    "type": "vehicle_part",
    "name": { "str": "mounted RM11B scout rifle" },
    "item": "rm11b_sniper_rifle",
    "breaks_into": [ { "item": "rm11b_sniper_rifle", "prob": 50 } ],
    "requirements": { "install": { "skills": [ [ "mechanics", 3 ] ] }, "removal": { "skills": [ [ "mechanics", 1 ] ] } }
  },
  {
    "id": "mounted_rm2000_smg",
    "copy-from": "turret",
    "type": "vehicle_part",
    "name": { "str": "mounted RM2000 SMG" },
    "item": "rm2000_smg",
    "breaks_into": [ { "item": "rm2000_smg", "prob": 50 } ],
    "requirements": { "install": { "skills": [ [ "mechanics", 3 ] ] }, "removal": { "skills": [ [ "mechanics", 1 ] ] } }
  },
  {
    "id": "mounted_rm51_assault_rifle",
    "copy-from": "turret",
    "type": "vehicle_part",
    "name": { "str": "mounted RM51 assault rifle" },
    "item": "rm51_assault_rifle",
    "breaks_into": [ { "item": "rm51_assault_rifle", "prob": 50 } ],
    "requirements": { "install": { "skills": [ [ "mechanics", 3 ] ] }, "removal": { "skills": [ [ "mechanics", 1 ] ] } }
  },
  {
    "id": "mounted_rm614_lmg",
    "copy-from": "turret",
    "type": "vehicle_part",
    "name": { "str": "mounted RM614 LMG" },
    "item": "rm614_lmg",
    "breaks_into": [ { "item": "rm614_lmg", "prob": 50 } ],
    "requirements": { "install": { "skills": [ [ "mechanics", 3 ] ] }, "removal": { "skills": [ [ "mechanics", 1 ] ] } }
  },
  {
    "id": "mounted_rm802",
    "copy-from": "turret",
    "type": "vehicle_part",
    "name": { "str": "mounted RM802" },
    "item": "rm802",
    "breaks_into": [ { "item": "rm802", "prob": 50 } ],
    "requirements": { "install": { "skills": [ [ "mechanics", 4 ] ] }, "removal": { "skills": [ [ "mechanics", 2 ] ] } }
  },
  {
    "id": "mounted_rm88_battle_rifle",
    "copy-from": "turret",
    "type": "vehicle_part",
    "name": { "str": "mounted RM88 battle rifle" },
    "item": "rm88_battle_rifle",
    "breaks_into": [ { "item": "rm88_battle_rifle", "prob": 50 } ],
    "requirements": { "install": { "skills": [ [ "mechanics", 3 ] ] }, "removal": { "skills": [ [ "mechanics", 1 ] ] } }
  },
  {
    "id": "mounted_ruger_1022",
    "copy-from": "turret",
    "type": "vehicle_part",
    "name": { "str": "mounted Ruger 10/22" },
    "item": "ruger_1022",
    "breaks_into": [ { "item": "ruger_1022", "prob": 50 } ],
    "requirements": { "install": { "skills": [ [ "mechanics", 3 ] ] }, "removal": { "skills": [ [ "mechanics", 1 ] ] } }
  },
  {
    "id": "mounted_ruger_mini",
    "copy-from": "turret",
    "type": "vehicle_part",
    "name": { "str": "mounted Ruger mini-14" },
    "item": "ruger_mini",
    "breaks_into": [ { "item": "ruger_mini", "prob": 50 } ],
    "requirements": { "install": { "skills": [ [ "mechanics", 3 ] ] }, "removal": { "skills": [ [ "mechanics", 1 ] ] } }
  },
  {
    "id": "mounted_saiga_12",
    "copy-from": "turret",
    "type": "vehicle_part",
    "name": { "str": "mounted Saiga 12" },
    "item": "saiga_12",
    "breaks_into": [ { "item": "saiga_12", "prob": 50 } ],
    "requirements": { "install": { "skills": [ [ "mechanics", 3 ] ] }, "removal": { "skills": [ [ "mechanics", 1 ] ] } }
  },
  {
    "id": "mounted_savage_111f",
    "copy-from": "turret",
    "type": "vehicle_part",
    "name": { "str": "mounted Savage 111F" },
    "item": "savage_111f",
    "breaks_into": [ { "item": "savage_111f", "prob": 50 } ],
    "requirements": { "install": { "skills": [ [ "mechanics", 3 ] ] }, "removal": { "skills": [ [ "mechanics", 1 ] ] } }
  },
  {
    "id": "mounted_scar_h",
    "copy-from": "turret",
    "type": "vehicle_part",
    "name": { "str": "mounted FN SCAR-H" },
    "item": "scar_h",
    "breaks_into": [ { "item": "scar_h", "prob": 50 } ],
    "requirements": { "install": { "skills": [ [ "mechanics", 3 ] ] }, "removal": { "skills": [ [ "mechanics", 1 ] ] } }
  },
  {
    "id": "mounted_shotgun_d",
    "copy-from": "turret",
    "type": "vehicle_part",
    "name": { "str": "mounted double shotgun" },
    "item": "shotgun_d",
    "breaks_into": [ { "item": "shotgun_d", "prob": 50 } ],
    "requirements": { "install": { "skills": [ [ "mechanics", 4 ] ] }, "removal": { "skills": [ [ "mechanics", 2 ] ] } }
  },
  {
    "id": "mounted_shotgun_s",
    "copy-from": "turret",
    "type": "vehicle_part",
    "name": { "str": "mounted single shotgun" },
    "item": "shotgun_s",
    "breaks_into": [ { "item": "shotgun_s", "prob": 50 } ],
    "requirements": { "install": { "skills": [ [ "mechanics", 4 ] ] }, "removal": { "skills": [ [ "mechanics", 2 ] ] } }
  },
  {
    "id": "mounted_sks",
    "copy-from": "turret",
    "type": "vehicle_part",
    "name": { "str": "mounted SKS" },
    "item": "blaze_sks",
    "breaks_into": [ { "item": "blaze_sks", "prob": 50 } ],
    "requirements": { "install": { "skills": [ [ "mechanics", 3 ] ] }, "removal": { "skills": [ [ "mechanics", 1 ] ] } }
  },
  {
    "id": "mounted_steyr_aug",
    "copy-from": "turret",
    "type": "vehicle_part",
    "name": { "str": "mounted Steyr AUG" },
    "item": "steyr_aug",
    "breaks_into": [ { "item": "steyr_aug", "prob": 50 } ],
    "requirements": { "install": { "skills": [ [ "mechanics", 3 ] ] }, "removal": { "skills": [ [ "mechanics", 1 ] ] } }
  },
  {
    "id": "mounted_tec9",
    "copy-from": "turret",
    "type": "vehicle_part",
    "name": { "str": "mounted TEC-9" },
    "item": "tec9",
    "breaks_into": [ { "item": "tec9", "prob": 50 } ],
    "requirements": { "install": { "skills": [ [ "mechanics", 3 ] ] }, "removal": { "skills": [ [ "mechanics", 1 ] ] } }
  },
  {
    "id": "mounted_uzi",
    "copy-from": "turret",
    "type": "vehicle_part",
    "name": { "str": "mounted Uzi" },
    "item": "uzi",
    "breaks_into": [ { "item": "uzi", "prob": 50 } ],
    "requirements": { "install": { "skills": [ [ "mechanics", 3 ] ] }, "removal": { "skills": [ [ "mechanics", 1 ] ] } }
  },
  {
    "id": "mounted_v29",
    "copy-from": "turret",
    "type": "vehicle_part",
    "name": { "str": "mounted V29 laser" },
    "item": "v29",
    "breaks_into": [ { "item": "v29", "prob": 50 } ],
    "requirements": { "install": { "skills": [ [ "mechanics", 6 ] ] }, "removal": { "skills": [ [ "mechanics", 4 ] ] } }
  }
]
