[
  {
    "id": "nanogear",
    "type": "ARMOR",
    "name": { "str": "nanotech gear" },
    "description": "You shouldn't see this - nanogear",
    "symbol": "[",
    "color": "light_gray",
    "volume": "250 ml",
    "weight": "1713 g",
    "price": "5000 USD",
    "price_postapoc": "100 USD",
    "material": [ "nanite" ],
    "flags": [ "ALLOWS_NATURAL_ATTACKS", "TRADER_AVOID", "OVERSIZE" ],
    "bashing": 0,
    "cutting": 0,
    "to_hit": 0,
    "warmth": 0,
    "armor": [
      { "encumbrance": 0, "coverage": 10, "material": [ "nanite" ], "material_thickness": 1, "environmental_protection": 0 }
    ]
  },
  {
    "id": "nano_shield",
    "type": "ARMOR",
    "name": { "str": "nanotech shield" },
    "category": "armor",
    "looks_like": "shield_scutum",
    "description": "A large shield composed of a cluster of nanites, currently in passive mode, you can block attacks with it.  When not in use, it compresses itself into the handle.",
    "weight": "569 g",
    "volume": "1000 ml",
    "price": "2500 USD",
    "price_postapoc": "100 USD",
    "to_hit": 0,
    "bashing": 10,
    "material": [ "nanite" ],
    "symbol": "[",
    "color": "light_gray",
    "techniques": [ "WBLOCK_3" ],
    "flags": [ "OVERSIZE", "BELTED", "RESTRICT_HANDS", "BLOCK_WHILE_WORN", "TRADER_AVOID" ],
    "use_action": { "type": "transform", "target": "nano_shield_active", "active": false, "msg": "Shield switched to active mode." },
    "armor": [
      {
        "encumbrance": 28,
        "coverage": 90,
        "covers": [ "arm_l", "arm_r", "hand_l", "hand_r" ],
        "material": [ "nanite" ],
        "material_thickness": 4
      }
    ]
  },
  {
    "id": "nano_shield_active",
    "type": "ARMOR",
    "name": { "str": "nanotech shield (active)" },
    "category": "armor",
    "looks_like": "shield_scutum",
    "description": "A large shield composed of a cluster of nanites, currently in active mode, it will automatically attempt to block attacks for you, allowing you to make use of your hand.  When not in use, it compresses itself into the handle.",
    "weight": "569 g",
    "volume": "1000 ml",
    "price": "2500 USD",
    "price_postapoc": "100 USD",
    "to_hit": 0,
    "bashing": 10,
    "material": [ "nanite" ],
    "symbol": "[",
    "color": "light_gray",
    "techniques": [ "WBLOCK_3" ],
    "flags": [ "OVERSIZE", "BELTED", "BLOCK_WHILE_WORN", "TRADER_AVOID" ],
    "use_action": { "type": "transform", "target": "nano_shield", "active": false, "msg": "Shield switched to passive mode." },
    "armor": [
      { "encumbrance": 15, "coverage": 60, "covers": [ "arm_l", "arm_r" ], "material": [ "nanite" ], "material_thickness": 4 }
    ]
  },
  {
    "type": "ARMOR",
    "id": "nano_storage",
    "name": { "str": "nanotech 'mini-shoggoth' storage" },
    "copy-from": "nanogear",
    "looks_like": "slime_scrap",
    "weight": "3157 g",
    "volume": "2000 ml",
    "description": "A large blob of nanites with an AI, it actively branches out pseudopods to grasp items held near it and supports them as optimally as possible, including reaching down and forming 'legs' to support itself if needed.",
    "pocket_data": [
      {
        "pocket_type": "CONTAINER",
        "moves": 1675,
        "max_contains_volume": "250 L",
        "max_contains_weight": "300 kg",
        "max_item_length": "2 meter",
        "spoil_multiplier": 0.2,
        "weight_multiplier": 0.65,
        "rigid": true
      }
    ],
    "extend": { "flags": [ "BELTED", "TARDIS" ] },
    "armor": [
      {
        "coverage": 30,
        "covers": [ "torso" ],
        "material": [ "nanite" ],
        "material_thickness": 1,
        "environmental_protection": 0
      }
    ]
  },
  {
    "type": "ARMOR",
    "id": "nano_holster",
    "name": { "str": "nanotech holster" },
    "copy-from": "nanogear",
    "looks_like": "holster",
    "description": "A small blob of nanites with an AI, it actively branches out pseudopods to grasp guns held nearby it, and put them into the user's hands automatically as needed.",
    "extend": { "flags": [ "BELTED" ] },
    "pocket_data": [
      {
        "pocket_type": "CONTAINER",
        "min_item_volume": "0 ml",
        "max_contains_volume": "4500 ml",
        "max_contains_weight": "5 kg",
        "moves": 3,
        "holster": true
      }
    ],
    "use_action": { "type": "holster", "holster_prompt": "Store weapon", "holster_msg": "You store your %s" },
    "armor": [ { "covers": [ "leg_l", "leg_r" ], "material": [ "nanite" ], "material_thickness": 1, "environmental_protection": 0 } ]
  },
  {
    "type": "ARMOR",
    "id": "nano_sheath",
    "name": { "str": "nanotech sheath" },
    "copy-from": "nanogear",
    "looks_like": "sheath",
    "description": "A small blob of nanites with an AI, it actively branches out pseudopods to grasp blades held nearby it, and put them into the user's hands automatically as needed.",
    "extend": { "flags": [ "BELTED" ] },
    "pocket_data": [
      {
        "pocket_type": "CONTAINER",
        "min_item_volume": "0 ml",
        "max_contains_volume": "4500 ml",
        "max_contains_weight": "5 kg",
        "moves": 10,
        "flag_restriction": [ "SHEATH_KNIFE", "SHEATH_SWORD", "SHEATH_SPEAR" ]
      }
    ],
    "use_action": { "type": "holster", "holster_prompt": "Store weapon?", "holster_msg": "You store your %s" },
    "armor": [ { "covers": [ "leg_l", "leg_r" ], "material": [ "nanite" ], "material_thickness": 1, "environmental_protection": 0 } ]
  },
  {
    "type": "ARMOR",
    "id": "nano_mag_holder",
    "name": { "str": "nanotech magazine holder" },
    "copy-from": "nanogear",
    "looks_like": "slime_scrap",
    "description": "A small blob of nanites with an AI, it stores magazines and assists in loading them as needed.",
    "extend": { "flags": [ "BELTED" ] },
    "pocket_data": [
      {
        "pocket_type": "CONTAINER",
        "min_item_volume": "0 ml",
        "max_contains_volume": "1500 ml",
        "max_contains_weight": "2 kg",
        "moves": 3,
        "flag_restriction": [ "MAG_COMPACT", "MAG_BULKY" ]
      }
    ],
    "use_action": { "type": "holster", "holster_prompt": "Store ammo", "holster_msg": "You store your %s." },
    "armor": [ { "covers": [ "arm_l", "arm_r" ], "material": [ "nanite" ], "material_thickness": 1, "environmental_protection": 0 } ]
  },
  {
    "type": "ARMOR",
    "id": "nanosuit",
    "name": { "str": "nanosuit" },
    "copy-from": "nanogear",
    "weight": "9836 g",
    "volume": "1500 ml",
    "description": "A cluster of carefully programmed nanites designed to fully cover the body and defend against external threats.  Can be activated to produce heat.",
    "looks_like": "rm13_armor_on",
    "relic_data": {
      "passive_effects": [
        {
          "has": "WORN",
          "condition": "ALWAYS",
          "values": [
            { "value": "STRENGTH", "add": 3 },
            { "value": "ATTACK_SPEED", "multiply": 0.015 },
            { "value": "METABOLISM", "multiply": 0.01 }
          ]
        }
      ]
    },
    "qualities": [ [ "GLARE", 1 ] ],
    "extend": {
      "flags": [
        "ALARMCLOCK",
        "BAROMETER",
        "CLIMATE_CONTROL",
        "ELECTRIC_IMMUNE",
        "FIX_FARSIGHT",
        "FIX_NEARSIGHT",
        "GAS_PROOF",
        "HOOD",
        "HYGROMETER",
        "POCKETS",
        "RAD_PROOF",
        "RAINPROOF",
        "REBREATHER",
        "SKINTIGHT",
        "STURDY",
        "SUN_GLASSES",
        "SUPER_FANCY",
        "SWIM_GOGGLES",
        "THERMOMETER",
        "VARSIZE",
        "WATCH",
        "WATER_FRIENDLY",
        "WATERPROOF"
      ]
    },
    "use_action": [
      {
        "type": "transform",
        "menu_text": "Cycle heating",
        "target": "nanosuit_heated",
        "active": false,
        "msg": "Enabling nanosuit's heating mode."
      }
    ],
    "armor": [
      {
        "coverage": 100,
        "covers": [ "head", "mouth", "eyes", "torso", "arm_l", "arm_r", "hand_l", "hand_r", "leg_l", "leg_r", "foot_l", "foot_r" ],
        "material_thickness": 3,
        "environmental_protection": 30,
        "material": [ "nanite" ]
      }
    ]
  },
  {
    "type": "ARMOR",
    "id": "nanosuit_heated",
    "name": { "str": "nanosuit (heat+)" },
    "copy-from": "nanosuit",
    "description": "A cluster of carefully programmed nanites designed to fully cover the body and defend against external threats.  Currently heating itself.",
    "warmth": 50,
    "use_action": [
      {
        "type": "transform",
        "menu_text": "Cycle heating",
        "target": "nanosuit_heated_2",
        "active": false,
        "msg": "Increasing nanosuit's heating mode."
      }
    ]
  },
  {
    "type": "ARMOR",
    "id": "nanosuit_heated_2",
    "copy-from": "nanosuit_heated",
    "name": { "str": "nanosuit (heat++)" },
    "warmth": 100,
    "use_action": [
      {
        "type": "transform",
        "menu_text": "Cycle heating",
        "target": "nanosuit_heated_3",
        "active": false,
        "msg": "Increasing nanosuit's heating mode."
      }
    ]
  },
  {
    "type": "ARMOR",
    "id": "nanosuit_heated_3",
    "copy-from": "nanosuit_heated",
    "name": { "str": "nanosuit (heat+++)" },
    "warmth": 150,
    "use_action": [
      {
        "type": "transform",
        "menu_text": "Cycle heating",
        "target": "nanosuit_heated_4",
        "active": false,
        "msg": "Increasing nanosuit's heating mode."
      }
    ]
  },
  {
    "type": "ARMOR",
    "id": "nanosuit_heated_4",
    "copy-from": "nanosuit_heated",
    "name": { "str": "nanosuit (heat++++)" },
    "warmth": 200,
    "use_action": [
      {
        "type": "transform",
        "menu_text": "Cycle heating",
        "target": "nanosuit_heated_5",
        "active": false,
        "msg": "Increasing nanosuit's heating mode."
      }
    ]
  },
  {
    "type": "ARMOR",
    "id": "nanosuit_heated_5",
    "copy-from": "nanosuit_heated",
    "name": { "str": "nanosuit (heat+++++)" },
    "warmth": 250,
    "use_action": [
      {
        "type": "transform",
        "menu_text": "Cycle heating",
        "target": "nanosuit",
        "active": false,
        "msg": "Disabled nanosuit's heating mode."
      }
    ]
  },
  {
    "id": "nano_container",
    "type": "GENERIC",
    "category": "container",
    "symbol": ")",
    "color": "light_gray",
    "pocket_data": [
      {
        "pocket_type": "CONTAINER",
        "watertight": true,
        "rigid": true,
        "max_contains_volume": "10000 ml",
        "max_contains_weight": "22 kg"
      }
    ],
    "name": { "str": "nanotech liquid compressor" },
    "description": "A heavily compressed liquid storage device, it is also capable of keeping its contents fresh and maintaining their temperature.",
    "price": "2400 USD",
    "price_postapoc": "100 USD",
    "weight": "2957 g",
    "volume": "4003 ml",
    "bashing": 0,
    "cutting": 0,
    "to_hit": 0,
    "material": [ "nanite" ],
    "armor_data": {
      "armor": [ { "encumbrance": 4, "coverage": 10, "covers": [ "torso" ], "material_thickness": 1, "material": [ "nanite" ] } ]
    },
    "flags": [ "NONCONDUCTIVE", "TRADER_AVOID", "TARDIS" ],
    "insulation": 50
  }
]
