[
  {
    "id": "nano_wire_mag",
    "type": "MAGAZINE",
    "name": { "str": "nanotech ammo core (wire)" },
    "description": "An automated ammo production unit designed to process feedstock into usable ammo as needed, complete with integrated power source.  Unfortunately, it needs to be manually reset when emptied, and cannot be refilled by hand.",
    "looks_like": "m107a1mag",
    "weight": "210 g",
    "volume": "250 ml",
    "price": "47 USD",
    "price_postapoc": 750,
    "material": [ "nanite" ],
    "symbol": "#",
    "color": "light_gray",
    "ammo_type": [ "nanite_ammo" ],
    "default_ammo": "nanite_wire",
    "capacity": 50,
    "count": 50,
    "reload_time": 0,
    "flags": [ "MAG_COMPACT", "NO_UNLOAD", "NO_RELOAD", "TRADER_AVOID" ],
    "pocket_data": [ { "pocket_type": "MAGAZINE", "rigid": true, "ammo_restriction": { "nanite_ammo": 50 } } ],
    "use_action": [
      {
        "type": "transform",
        "target": "nano_mag_empty",
        "active": false,
        "msg": "You clear and reset your ammo core.",
        "menu_text": "Reset and empty",
        "moves": 150
      }
    ]
  },
  {
    "id": "nano_dart_mag",
    "type": "MAGAZINE",
    "name": { "str": "nanotech ammo core (dart)" },
    "description": "An automated ammo production unit designed to process feedstock into usable ammo as needed, complete with integrated power source.  Unfortunately, it needs to be manually reset when emptied, and cannot be refilled by hand.",
    "looks_like": "m107a1mag",
    "weight": "210 g",
    "volume": "250 ml",
    "price": "47 USD",
    "price_postapoc": 750,
    "material": [ "nanite" ],
    "symbol": "#",
    "color": "light_gray",
    "ammo_type": [ "nanite_ammo" ],
    "default_ammo": "nanite_dart",
    "capacity": 1000,
    "count": 1000,
    "reload_time": 0,
    "flags": [ "MAG_COMPACT", "NO_UNLOAD", "NO_RELOAD", "TRADER_AVOID" ],
    "pocket_data": [ { "pocket_type": "MAGAZINE", "rigid": true, "ammo_restriction": { "nanite_ammo": 1000 } } ],
    "use_action": [
      {
        "type": "transform",
        "target": "nano_mag_empty",
        "active": false,
        "msg": "You clear and reset your ammo core.",
        "menu_text": "Reset and empty",
        "moves": 150
      }
    ]
  },
  {
    "id": "nano_blade_mag",
    "type": "MAGAZINE",
    "name": { "str": "nanotech ammo core (blade)" },
    "description": "An automated ammo production unit designed to process feedstock into usable ammo as needed, complete with integrated power source.  Unfortunately, it needs to be manually reset when emptied, and cannot be refilled by hand.",
    "looks_like": "m107a1mag",
    "weight": "210 g",
    "volume": "250 ml",
    "price": "47 USD",
    "price_postapoc": 750,
    "material": [ "nanite" ],
    "symbol": "#",
    "color": "light_gray",
    "ammo_type": [ "nanite_ammo" ],
    "default_ammo": "nanite_blade",
    "capacity": 250,
    "count": 250,
    "reload_time": 0,
    "flags": [ "MAG_COMPACT", "NO_UNLOAD", "NO_RELOAD", "TRADER_AVOID" ],
    "pocket_data": [ { "pocket_type": "MAGAZINE", "rigid": true, "ammo_restriction": { "nanite_ammo": 250 } } ],
    "use_action": [
      {
        "type": "transform",
        "target": "nano_mag_empty",
        "active": false,
        "msg": "You clear and reset your ammo core.",
        "menu_text": "Reset and empty",
        "moves": 150
      }
    ]
  },
  {
    "id": "nano_deathcloud_mag",
    "type": "MAGAZINE",
    "name": { "str": "nanotech ammo core (deathcloud)" },
    "description": "An automated ammo production unit designed to process feedstock into usable ammo as needed, complete with integrated power source.  Unfortunately, it needs to be manually reset when emptied, and cannot be refilled by hand.",
    "looks_like": "m107a1mag",
    "weight": "210 g",
    "volume": "250 ml",
    "price": "47 USD",
    "price_postapoc": 750,
    "material": [ "nanite" ],
    "symbol": "#",
    "color": "light_gray",
    "ammo_type": [ "nanite_deathcloud_ammo" ],
    "default_ammo": "nanite_deathcloud",
    "capacity": 5,
    "count": 5,
    "reload_time": 0,
    "flags": [ "MAG_COMPACT", "NO_UNLOAD", "NO_RELOAD", "TRADER_AVOID" ],
    "pocket_data": [ { "pocket_type": "MAGAZINE", "rigid": true, "ammo_restriction": { "nanite_deathcloud_ammo": 5 } } ],
    "use_action": [
      {
        "type": "transform",
        "target": "nano_mag_empty",
        "active": false,
        "msg": "You clear and reset your ammo core.",
        "menu_text": "Reset and empty",
        "moves": 150
      }
    ]
  },
  {
    "id": "nano_mag_empty",
    "type": "MAGAZINE",
    "name": { "str": "nanotech ammo core" },
    "description": "An automated ammo production unit designed to process feedstock into usable ammo as needed, complete with integrated power source.  Unfortunately, it needs to be manually reset when emptied, and cannot be refilled by hand.",
    "looks_like": "m107a1mag",
    "weight": "210 g",
    "volume": "90 ml",
    "price": "47 USD",
    "price_postapoc": 750,
    "material": [ "nanite" ],
    "symbol": "#",
    "color": "light_gray",
    "ammo_type": [ "nanite_ammo" ],
    "capacity": 5,
    "reload_time": 3,
    "flags": [ "MAG_COMPACT", "TRADER_AVOID" ],
    "pocket_data": [ { "pocket_type": "MAGAZINE", "rigid": true, "ammo_restriction": { "nanite_ammo": 5 } } ]
  }
]
