[
  {
    "type": "recipe",
    "result": "afs_foamcrete",
    "category": "CC_AMMO",
    "subcategory": "CSC_AMMO_OTHER",
    "skill_used": "chemistry",
    "difficulty": 3,
    "time": "45 m",
    "book_learn": [ [ "recipe_unusual_ammos", 3 ] ],
    "qualities": [ { "id": "CHEM", "level": 1 } ],
    "tools": [ [ [ "surface_heat", 20, "LIST" ] ] ],
    "components": [
      [ [ "oxy_powder", 20 ] ],
      [ [ "afs_biomaterial_1", 4 ] ],
      [ [ "water", 4 ], [ "water_clean", 4 ] ],
      [ [ "concrete", 10 ], [ "chitin_piece", 6 ] ]
    ]
  },
  {
    "type": "recipe",
    "result": "xray_laser_barrel",
    "category": "CC_AMMO",
    "subcategory": "CSC_AMMO_OTHER",
    "skill_used": "fabrication",
    "difficulty": 4,
    "time": "45 m",
    "book_learn": [ [ "recipe_unusual_ammos", 3 ], [ "recipe_lab_elec", 8 ] ],
    "qualities": [ { "id": "CHEM", "level": 1 }, { "id": "SAW_M_FINE", "level": 1 }, { "id": "HAMMER_FINE", "level": 1 } ],
    "using": [ [ "soldering_standard", 20 ], [ "surface_heat", 50 ] ],
    "components": [
      [ [ "oxy_powder", 20 ] ],
      [ [ "afs_material_2", 4 ] ],
      [ [ "afs_material_3", 1 ] ],
      [ [ "afs_energy_storage_2", 1 ] ]
    ]
  },
  {
    "type": "recipe",
    "result": "arrow_nano",
    "category": "CC_AMMO",
    "subcategory": "CSC_AMMO_OTHER",
    "skill_used": "fabrication",
    "difficulty": 4,
    "time": "45 m",
    "book_learn": [ [ "recipe_unusual_ammos", 3 ] ],
    "qualities": [ { "id": "CHEM", "level": 1 }, { "id": "NANO_FORGE", "level": 1 }, { "id": "HAMMER_FINE", "level": 1 } ],
    "using": [ [ "nanosmithing_standard", 5 ] ],
    "components": [ [ [ "afs_material_2", 4 ] ], [ [ "afs_material_3", 3 ] ] ]
  }
]
