[
  {
    "result": "afs_titanium_vest",
    "type": "recipe",
    "activity_level": "fake",
    "category": "CC_ARMOR",
    "subcategory": "CSC_ARMOR_TORSO",
    "skill_used": "tailor",
    "difficulty": 1,
    "time": 10000,
    "autolearn": true,
    "reversible": true,
    "using": [ [ "sewing_standard", 14 ] ],
    "components": [ [ [ "afs_scrap_titanium", 8 ] ], [ [ "cotton_patchwork", 6 ] ] ]
  },
  {
    "result": "afs_recall_rig",
    "type": "recipe",
    "activity_level": "fake",
    "category": "CC_ARMOR",
    "subcategory": "CSC_ARMOR_OTHER",
    "skill_used": "electronics",
    "difficulty": 7,
    "skills_required": [ "chemistry", 6 ],
    "autolearn": true,
    "time": "6 h",
    "qualities": [ { "id": "SCREW_FINE", "level": 1 } ],
    "using": [ [ "soldering_standard", 10 ], [ "strap_small", 1 ], [ "clasps", 3 ] ],
    "components": [ [ [ "afs_circuitry_3", 3 ] ], [ [ "afs_energy_storage_3", 1 ] ], [ [ "afs_cloth_4", 1 ] ] ]
  }
]
