[
  {
    "type": "recipe",
    "activity_level": "fake",
    "result": "bio_power_storage",
    "category": "CC_ELECTRONIC",
    "subcategory": "CSC_ELECTRONIC_CBMS",
    "skill_used": "electronics",
    "skills_required": [ "firstaid", 5 ],
    "difficulty": 6,
    "time": "4 h",
    "reversible": true,
    "decomp_learn": 5,
    "book_learn": [ [ "recipe_augs", 5 ], [ "recipe_lab_elec", 5 ] ],
    "using": [ [ "soldering_standard", 20 ] ],
    "qualities": [ { "id": "SCREW_FINE", "level": 1 }, { "id": "BIONIC_ASSEMBLY", "level": 2 } ],
    "components": [
      [ [ "afs_energy_storage_3", 2 ] ],
      [ [ "afs_material_1", 6 ] ],
      [ [ "plut_cell", 1 ] ],
      [ [ "burnt_out_bionic", 1 ] ]
    ]
  },
  {
    "type": "recipe",
    "activity_level": "fake",
    "result": "bio_power_storage_mkII",
    "category": "CC_ELECTRONIC",
    "subcategory": "CSC_ELECTRONIC_CBMS",
    "skill_used": "electronics",
    "skills_required": [ "firstaid", 5 ],
    "difficulty": 10,
    "time": "4 h",
    "reversible": true,
    "decomp_learn": 8,
    "book_learn": [ [ "recipe_lab_elec", 5 ], [ "recipe_augs", 5 ] ],
    "using": [ [ "soldering_standard", 20 ] ],
    "qualities": [ { "id": "SCREW_FINE", "level": 1 }, { "id": "BIONIC_ASSEMBLY", "level": 2 } ],
    "components": [
      [ [ "afs_energy_storage_4", 2 ] ],
      [ [ "afs_material_1", 6 ] ],
      [ [ "plut_cell", 2 ] ],
      [ [ "burnt_out_bionic", 1 ] ]
    ]
  },
  {
    "type": "recipe",
    "activity_level": "fake",
    "result": "bn_bio_solar",
    "category": "CC_ELECTRONIC",
    "subcategory": "CSC_ELECTRONIC_CBMS",
    "skill_used": "electronics",
    "skills_required": [ "firstaid", 5 ],
    "difficulty": 7,
    "time": "6 h",
    "reversible": true,
    "decomp_learn": 7,
    "book_learn": [ [ "recipe_lab_elec", 5 ], [ "recipe_augs", 5 ] ],
    "using": [ [ "soldering_standard", 40 ] ],
    "qualities": [ { "id": "SCREW_FINE", "level": 1 }, { "id": "BIONIC_ASSEMBLY", "level": 2 } ],
    "components": [
      [ [ "afs_energy_storage_1", 4 ] ],
      [ [ "afs_energy_storage_4", 2 ] ],
      [ [ "afs_material_2", 12 ] ],
      [ [ "afs_circuitry_2", 4 ] ],
      [ [ "burnt_out_bionic", 1 ] ]
    ]
  },
  {
    "type": "recipe",
    "activity_level": "fake",
    "result": "bio_batteries",
    "category": "CC_ELECTRONIC",
    "subcategory": "CSC_ELECTRONIC_CBMS",
    "skill_used": "electronics",
    "skills_required": [ "firstaid", 5 ],
    "difficulty": 7,
    "time": "4 h",
    "reversible": true,
    "decomp_learn": 7,
    "book_learn": [ [ "recipe_lab_elec", 5 ], [ "recipe_augs", 5 ] ],
    "using": [ [ "soldering_standard", 20 ] ],
    "qualities": [ { "id": "SCREW_FINE", "level": 1 }, { "id": "BIONIC_ASSEMBLY", "level": 2 } ],
    "components": [
      [ [ "afs_energy_storage_1", 2 ] ],
      [ [ "afs_circuitry_2", 2 ] ],
      [ [ "afs_material_2", 6 ] ],
      [ [ "burnt_out_bionic", 1 ] ]
    ]
  },
  {
    "type": "recipe",
    "activity_level": "fake",
    "result": "bio_ups",
    "category": "CC_ELECTRONIC",
    "subcategory": "CSC_ELECTRONIC_CBMS",
    "skill_used": "electronics",
    "skills_required": [ "firstaid", 5 ],
    "difficulty": 6,
    "time": "4 h",
    "reversible": true,
    "book_learn": [ [ "recipe_lab_elec", 5 ], [ "recipe_mil_augs", 5 ] ],
    "using": [ [ "soldering_standard", 20 ] ],
    "qualities": [ { "id": "SCREW_FINE", "level": 1 }, { "id": "BIONIC_ASSEMBLY", "level": 2 } ],
    "components": [
      [ [ "afs_energy_storage_4", 1 ] ],
      [ [ "afs_circuitry_2", 1 ] ],
      [ [ "afs_material_2", 6 ] ],
      [ [ "burnt_out_bionic", 1 ] ]
    ]
  },
  {
    "type": "recipe",
    "activity_level": "fake",
    "result": "bio_evap",
    "category": "CC_ELECTRONIC",
    "subcategory": "CSC_ELECTRONIC_CBMS",
    "skill_used": "electronics",
    "skills_required": [ "firstaid", 5 ],
    "difficulty": 7,
    "time": "4 h",
    "reversible": true,
    "decomp_learn": 7,
    "book_learn": [ [ "recipe_lab_elec", 5 ], [ "recipe_augs", 5 ] ],
    "using": [ [ "soldering_standard", 60 ] ],
    "qualities": [ { "id": "SCREW_FINE", "level": 1 }, { "id": "BIONIC_ASSEMBLY", "level": 2 } ],
    "components": [
      [ [ "afs_biomaterial_4", 1 ] ],
      [ [ "afs_neural_io_1", 2 ] ],
      [ [ "afs_circuitry_2", 1 ] ],
      [ [ "afs_material_2", 6 ] ],
      [ [ "burnt_out_bionic", 1 ] ]
    ]
  },
  {
    "type": "recipe",
    "activity_level": "fake",
    "result": "bio_flashlight",
    "category": "CC_ELECTRONIC",
    "subcategory": "CSC_ELECTRONIC_CBMS",
    "skill_used": "electronics",
    "skills_required": [ "firstaid", 5 ],
    "difficulty": 6,
    "time": "4 h",
    "reversible": true,
    "decomp_learn": 5,
    "book_learn": [ [ "recipe_lab_elec", 5 ], [ "recipe_augs", 5 ] ],
    "using": [ [ "soldering_standard", 20 ] ],
    "qualities": [ { "id": "SCREW_FINE", "level": 1 }, { "id": "BIONIC_ASSEMBLY", "level": 2 } ],
    "components": [
      [ [ "afs_neural_io_1", 1 ] ],
      [ [ "afs_circuitry_1", 1 ] ],
      [ [ "afs_material_1", 6 ] ],
      [ [ "burnt_out_bionic", 1 ] ]
    ]
  },
  {
    "type": "recipe",
    "activity_level": "fake",
    "result": "bio_water_extractor",
    "category": "CC_ELECTRONIC",
    "subcategory": "CSC_ELECTRONIC_CBMS",
    "skill_used": "electronics",
    "skills_required": [ "firstaid", 5 ],
    "difficulty": 7,
    "time": "4 h",
    "reversible": true,
    "decomp_learn": 7,
    "book_learn": [ [ "recipe_lab_elec", 5 ], [ "recipe_mil_augs", 5 ] ],
    "using": [ [ "soldering_standard", 60 ] ],
    "qualities": [ { "id": "BIONIC_ASSEMBLY", "level": 2 } ],
    "components": [
      [ [ "afs_biomaterial_4", 1 ] ],
      [ [ "afs_neural_io_1", 2 ] ],
      [ [ "afs_circuitry_2", 1 ] ],
      [ [ "afs_material_2", 6 ] ],
      [ [ "burnt_out_bionic", 1 ] ]
    ]
  },
  {
    "type": "recipe",
    "activity_level": "fake",
    "result": "bio_climate",
    "category": "CC_ELECTRONIC",
    "subcategory": "CSC_ELECTRONIC_CBMS",
    "skill_used": "electronics",
    "skills_required": [ "firstaid", 5 ],
    "difficulty": 8,
    "time": "6 h",
    "reversible": true,
    "decomp_learn": 8,
    "using": [ [ "soldering_standard", 60 ] ],
    "qualities": [ { "id": "BIONIC_ASSEMBLY", "level": 2 } ],
    "components": [
      [ [ "afs_circuitry_3", 2 ] ],
      [ [ "afs_cloth_4", 4 ] ],
      [ [ "afs_neural_io_3", 1 ] ],
      [ [ "afs_material_3", 6 ] ],
      [ [ "afs_material_2", 6 ] ],
      [ [ "burnt_out_bionic", 1 ] ]
    ]
  },
  {
    "type": "recipe",
    "activity_level": "fake",
    "result": "bio_emp_armgun",
    "category": "CC_ELECTRONIC",
    "subcategory": "CSC_ELECTRONIC_CBMS",
    "skill_used": "electronics",
    "skills_required": [ "firstaid", 5 ],
    "difficulty": 7,
    "time": "6 h",
    "reversible": true,
    "decomp_learn": 7,
    "book_learn": [ [ "recipe_lab_elec", 5 ], [ "recipe_mil_augs", 5 ] ],
    "using": [ [ "soldering_standard", 100 ] ],
    "qualities": [ { "id": "BIONIC_ASSEMBLY", "level": 2 } ],
    "components": [
      [ [ "afs_circuitry_3", 2 ] ],
      [ [ "afs_material_4", 1 ] ],
      [ [ "afs_energy_storage_3", 2 ] ],
      [ [ "afs_material_3", 8 ] ],
      [ [ "afs_neural_io_3", 1 ] ],
      [ [ "afs_magnet_4", 1 ] ],
      [ [ "burnt_out_bionic", 1 ] ]
    ]
  },
  {
    "type": "recipe",
    "activity_level": "fake",
    "result": "bio_syringe",
    "category": "CC_ELECTRONIC",
    "subcategory": "CSC_ELECTRONIC_CBMS",
    "skill_used": "electronics",
    "skills_required": [ "firstaid", 5 ],
    "difficulty": 6,
    "time": "4 h",
    "reversible": true,
    "decomp_learn": 6,
    "book_learn": [ [ "recipe_lab_elec", 5 ], [ "recipe_augs", 5 ] ],
    "using": [ [ "soldering_standard", 20 ] ],
    "qualities": [ { "id": "BIONIC_ASSEMBLY", "level": 2 } ],
    "components": [
      [ [ "afs_circuitry_1", 2 ] ],
      [ [ "syringe", 1 ] ],
      [ [ "plastic_chunk", 1 ] ],
      [ [ "afs_material_2", 2 ] ],
      [ [ "burnt_out_bionic", 1 ] ]
    ]
  },
  {
    "type": "recipe",
    "activity_level": "fake",
    "result": "bio_cold_absorber",
    "category": "CC_ELECTRONIC",
    "subcategory": "CSC_ELECTRONIC_CBMS",
    "skill_used": "electronics",
    "skills_required": [ "firstaid", 5 ],
    "difficulty": 7,
    "time": "6 h",
    "reversible": true,
    "decomp_learn": 7,
    "book_learn": [ [ "recipes_cryolab", 5 ] ],
    "using": [ [ "soldering_standard", 400 ] ],
    "qualities": [ { "id": "BIONIC_ASSEMBLY", "level": 2 } ],
    "components": [
      [ [ "afs_biomaterial_4", 6 ] ],
      [ [ "afs_material_3", 12 ] ],
      [ [ "afs_material_2", 2 ] ],
      [ [ "afs_circuitry_2", 2 ] ],
      [ [ "afs_neural_io_2", 2 ] ],
      [ [ "burnt_out_bionic", 1 ] ]
    ]
  },
  {
    "type": "recipe",
    "activity_level": "fake",
    "result": "bio_weight",
    "category": "CC_ELECTRONIC",
    "subcategory": "CSC_ELECTRONIC_CBMS",
    "skill_used": "electronics",
    "skills_required": [ [ "firstaid", 4 ], [ "mechanics", 3 ] ],
    "difficulty": 6,
    "time": "6 h",
    "reversible": true,
    "decomp_learn": 6,
    "book_learn": [ [ "recipe_lab_elec", 5 ], [ "recipe_augs", 5 ] ],
    "using": [ [ "soldering_standard", 400 ] ],
    "qualities": [ { "id": "BIONIC_ASSEMBLY", "level": 2 } ],
    "components": [
      [ [ "afs_biomaterial_4", 10 ] ],
      [ [ "afs_circuitry_2", 5 ] ],
      [ [ "afs_scrap_titanium", 50 ] ],
      [ [ "afs_material_3", 10 ] ],
      [ [ "afs_neural_io_2", 10 ] ],
      [ [ "afs_neural_io_4", 4 ] ],
      [ [ "burnt_out_bionic", 1 ] ]
    ]
  },
  {
    "type": "recipe",
    "activity_level": "fake",
    "result": "bio_sunglasses",
    "category": "CC_ELECTRONIC",
    "subcategory": "CSC_ELECTRONIC_CBMS",
    "skill_used": "electronics",
    "skills_required": [ [ "firstaid", 4 ] ],
    "difficulty": 6,
    "time": "6 h",
    "reversible": true,
    "decomp_learn": 6,
    "book_learn": [ [ "recipe_lab_elec", 5 ], [ "recipe_augs", 5 ] ],
    "using": [ [ "soldering_standard", 20 ] ],
    "qualities": [ { "id": "BIONIC_ASSEMBLY", "level": 2 } ],
    "components": [
      [ [ "glass_tinted", 4 ] ],
      [ [ "afs_material_1", 3 ] ],
      [ [ "afs_neural_io_1", 1 ] ],
      [ [ "afs_circuitry_1", 1 ] ],
      [ [ "burnt_out_bionic", 1 ] ]
    ]
  },
  {
    "type": "recipe",
    "activity_level": "fake",
    "result": "afs_bio_missiles",
    "category": "CC_ELECTRONIC",
    "subcategory": "CSC_ELECTRONIC_CBMS",
    "skill_used": "electronics",
    "skills_required": [ [ "firstaid", 5 ], [ "launcher", 3 ] ],
    "difficulty": 8,
    "time": "4 h",
    "reversible": true,
    "decomp_learn": 9,
    "book_learn": [ [ "recipe_lab_elec", 6 ], [ "recipe_mil_augs", 6 ] ],
    "using": [ [ "soldering_standard", 40 ] ],
    "qualities": [ { "id": "BIONIC_ASSEMBLY", "level": 2 } ],
    "components": [
      [ [ "afs_material_3", 4 ] ],
      [ [ "afs_magnet_3", 1 ] ],
      [ [ "afs_neural_io_4", 1 ] ],
      [ [ "afs_circuitry_1", 1 ] ],
      [ [ "burnt_out_bionic", 1 ] ]
    ]
  },
  {
    "type": "recipe",
    "activity_level": "fake",
    "result": "bio_armor_head",
    "category": "CC_ELECTRONIC",
    "subcategory": "CSC_ELECTRONIC_CBMS",
    "skill_used": "electronics",
    "skills_required": [ "firstaid", 5 ],
    "difficulty": 6,
    "time": "4 h",
    "reversible": true,
    "decomp_learn": 5,
    "book_learn": [ [ "recipe_lab_elec", 6 ], [ "recipe_mil_augs", 5 ] ],
    "using": [ [ "soldering_standard", 50 ] ],
    "qualities": [
      { "id": "HAMMER", "level": 3 },
      { "id": "SCREW", "level": 1 },
      { "id": "WRENCH", "level": 1 },
      { "id": "BIONIC_ASSEMBLY", "level": 2 }
    ],
    "components": [
      [ [ "alloy_sheet", 4 ], [ "alloy_plate", 1 ] ],
      [ [ "afs_material_3", 4 ] ],
      [ [ "afs_material_2", 2 ] ],
      [ [ "afs_neural_io_2", 2 ] ],
      [ [ "burnt_out_bionic", 1 ] ]
    ]
  },
  {
    "type": "recipe",
    "activity_level": "fake",
    "result": "bio_armor_arms",
    "category": "CC_ELECTRONIC",
    "subcategory": "CSC_ELECTRONIC_CBMS",
    "skill_used": "electronics",
    "skills_required": [ "firstaid", 5 ],
    "difficulty": 6,
    "time": "4 h",
    "reversible": true,
    "decomp_learn": 5,
    "book_learn": [ [ "recipe_lab_elec", 6 ], [ "recipe_mil_augs", 5 ] ],
    "using": [ [ "soldering_standard", 50 ] ],
    "qualities": [
      { "id": "HAMMER", "level": 3 },
      { "id": "SCREW", "level": 1 },
      { "id": "WRENCH", "level": 1 },
      { "id": "BIONIC_ASSEMBLY", "level": 2 }
    ],
    "components": [
      [ [ "alloy_sheet", 4 ], [ "alloy_plate", 1 ] ],
      [ [ "afs_material_3", 4 ] ],
      [ [ "afs_neural_io_2", 2 ] ],
      [ [ "burnt_out_bionic", 1 ] ]
    ]
  },
  {
    "type": "recipe",
    "activity_level": "fake",
    "result": "bio_armor_torso",
    "category": "CC_ELECTRONIC",
    "subcategory": "CSC_ELECTRONIC_CBMS",
    "skill_used": "electronics",
    "skills_required": [ "firstaid", 5 ],
    "difficulty": 6,
    "time": "4 h",
    "reversible": true,
    "decomp_learn": 5,
    "book_learn": [ [ "recipe_lab_elec", 6 ], [ "recipe_mil_augs", 5 ] ],
    "using": [ [ "soldering_standard", 50 ] ],
    "qualities": [
      { "id": "HAMMER", "level": 3 },
      { "id": "SCREW", "level": 1 },
      { "id": "WRENCH", "level": 1 },
      { "id": "BIONIC_ASSEMBLY", "level": 2 }
    ],
    "components": [
      [ [ "alloy_sheet", 4 ], [ "alloy_plate", 1 ] ],
      [ [ "afs_material_3", 4 ] ],
      [ [ "afs_neural_io_2", 2 ] ],
      [ [ "burnt_out_bionic", 1 ] ]
    ]
  },
  {
    "type": "recipe",
    "activity_level": "fake",
    "result": "bio_armor_legs",
    "category": "CC_ELECTRONIC",
    "subcategory": "CSC_ELECTRONIC_CBMS",
    "skill_used": "electronics",
    "skills_required": [ "firstaid", 5 ],
    "difficulty": 6,
    "time": "4 h",
    "reversible": true,
    "decomp_learn": 5,
    "book_learn": [ [ "recipe_lab_elec", 6 ], [ "recipe_mil_augs", 6 ] ],
    "using": [ [ "soldering_standard", 50 ] ],
    "qualities": [
      { "id": "HAMMER", "level": 3 },
      { "id": "SCREW", "level": 1 },
      { "id": "WRENCH", "level": 1 },
      { "id": "BIONIC_ASSEMBLY", "level": 2 }
    ],
    "components": [
      [ [ "alloy_sheet", 4 ], [ "alloy_plate", 1 ] ],
      [ [ "afs_material_3", 4 ] ],
      [ [ "afs_neural_io_2", 2 ] ],
      [ [ "burnt_out_bionic", 1 ] ]
    ]
  }
]
