[
  {
    "type": "recipe",
    "activity_level": "fake",
    "result": "butter",
    "result_mult": 1,
    "category": "CC_FOOD",
    "subcategory": "CSC_FOOD_OTHER",
    "skill_used": "cooking",
    "difficulty": 3,
    "time": "15 m",
    "qualities": [ { "id": "CHURN", "level": 2 } ],
    "autolearn": true,
    "components": [ [ [ "milk_raw", 45 ] ], [ [ "salt", 15 ] ] ]
  },
  {
    "type": "recipe",
    "activity_level": "fake",
    "result": "afs_calorie_water",
    "category": "CC_FOOD",
    "subcategory": "CSC_FOOD_BREAD",
    "skill_used": "cooking",
    "time": 500,
    "autolearn": true,
    "qualities": [ { "id": "CONTAIN", "level": 1 } ],
    "components": [ [ [ "afs_calorie_pill", 1 ] ], [ [ "water", 1 ], [ "water_clean", 1 ] ] ]
  },
  {
    "type": "recipe",
    "activity_level": "fake",
    "result": "cream_prot_cold",
    "category": "CC_CHEM",
    "subcategory": "CSC_CHEM_DRUGS",
    "skill_used": "chemistry",
    "difficulty": 5,
    "time": "20 m",
    "book_learn": [ [ "recipes_resistance", 5 ] ],
    "qualities": [ { "id": "CHEM", "level": 3 } ],
    "tools": [ [ [ "surface_heat", 15, "LIST" ] ] ],
    "components": [
      [ [ "afs_biomaterial_1", 8 ] ],
      [ [ "afs_biomaterial_2", 3 ] ],
      [ [ "afs_biomaterial_3", 1 ] ],
      [ [ "morphine", 5 ], [ "heroin", 2 ] ]
    ]
  },
  {
    "type": "recipe",
    "activity_level": "fake",
    "result": "cream_greater_prot_cold",
    "category": "CC_CHEM",
    "subcategory": "CSC_CHEM_DRUGS",
    "skill_used": "chemistry",
    "difficulty": 5,
    "time": "20 m",
    "book_learn": [ [ "recipes_resistance", 5 ] ],
    "qualities": [ { "id": "CHEM", "level": 3 } ],
    "tools": [ [ [ "surface_heat", 15, "LIST" ] ] ],
    "components": [
      [ [ "afs_biomaterial_1", 8 ] ],
      [ [ "afs_biomaterial_2", 5 ] ],
      [ [ "afs_biomaterial_3", 2 ] ],
      [ [ "morphine", 8 ], [ "heroin", 3 ] ]
    ]
  },
  {
    "type": "recipe",
    "activity_level": "NO_EXERCISE",
    "result": "yum_lichen_extra",
    "category": "CC_FOOD",
    "subcategory": "CSC_FOOD_OTHER",
    "skill_used": "chemistry",
    "difficulty": 3,
    "time": "2 h",
    "batch_time_factors": [ 99, 1 ],
    "book_learn": [ [ "recipe_lichenlog", 2 ] ],
    "qualities": [ { "id": "CONTAIN", "level": 1 } ],
    "tools": [ [ [ "surface_heat", 60, "LIST" ] ], [ [ "pressure_cooker", -1 ] ] ],
    "components": [ [ [ "yum_lichen", 4 ] ] ]
  },
  {
    "type": "recipe",
    "activity_level": "LIGHT_EXERCISE",
    "result": "frost_human_cooked",
    "category": "CC_FOOD",
    "subcategory": "CSC_FOOD_MEAT",
    "skill_used": "cooking",
    "time": "15 m",
    "autolearn": true,
    "batch_time_factors": [ 67, 5 ],
    "qualities": [ { "id": "COOK", "level": 1 } ],
    "tools": [ [ [ "surface_heat", 7, "LIST" ] ] ],
    "components": [ [ [ "frost_human_flesh", 1 ] ] ]
  },
  {
    "type": "recipe",
    "activity_level": "LIGHT_EXERCISE",
    "result": "alien_flesh_cooked",
    "category": "CC_FOOD",
    "subcategory": "CSC_FOOD_MEAT",
    "skill_used": "cooking",
    "time": "15 m",
    "autolearn": true,
    "batch_time_factors": [ 67, 5 ],
    "qualities": [ { "id": "COOK", "level": 1 } ],
    "tools": [ [ [ "surface_heat", 7, "LIST" ] ] ],
    "components": [ [ [ "alien_flesh", 1 ] ] ]
  },
  {
    "type": "recipe",
    "activity_level": "NO_EXERCISE",
    "result": "alien_meat_scrap_cooked",
    "copy-from": "alien_flesh_cooked",
    "time": "45 s",
    "qualities": [ { "id": "COOK", "level": 1 } ],
    "tools": [ [ [ "surface_heat", 1, "LIST" ] ] ],
    "components": [ [ [ "alien_meat_scrap", 1 ] ] ]
  },
  {
    "type": "recipe",
    "activity_level": "LIGHT_EXERCISE",
    "result": "alien_brain_cooked",
    "charges": 1,
    "category": "CC_FOOD",
    "subcategory": "CSC_FOOD_MEAT",
    "skill_used": "cooking",
    "difficulty": 1,
    "time": "15 m",
    "autolearn": true,
    "batch_time_factors": [ 67, 5 ],
    "qualities": [ { "id": "COOK", "level": 1 } ],
    "tools": [ [ [ "surface_heat", 7, "LIST" ] ] ],
    "components": [ [ [ "alien_brain", 1 ] ] ]
  },
  {
    "type": "recipe",
    "activity_level": "LIGHT_EXERCISE",
    "copy-from": "alien_brain_cooked",
    "result": "alien_lung_cooked",
    "qualities": [ { "id": "COOK", "level": 1 } ],
    "tools": [ [ [ "surface_heat", 7, "LIST" ] ] ],
    "components": [ [ [ "alien_lung", 1 ] ] ]
  },
  {
    "type": "recipe",
    "activity_level": "LIGHT_EXERCISE",
    "copy-from": "alien_brain_cooked",
    "result": "alien_kidney_cooked",
    "qualities": [ { "id": "COOK", "level": 1 } ],
    "tools": [ [ [ "surface_heat", 7, "LIST" ] ] ],
    "components": [ [ [ "alien_kidney", 1 ] ] ]
  },
  {
    "type": "recipe",
    "activity_level": "LIGHT_EXERCISE",
    "copy-from": "alien_brain_cooked",
    "result": "alien_sweetbread_cooked",
    "qualities": [ { "id": "COOK", "level": 1 } ],
    "tools": [ [ [ "surface_heat", 7, "LIST" ] ] ],
    "components": [ [ [ "alien_sweetbread", 1 ] ] ]
  },
  {
    "type": "recipe",
    "activity_level": "LIGHT_EXERCISE",
    "copy-from": "alien_brain_cooked",
    "result": "alien_liver_cooked",
    "qualities": [ { "id": "COOK", "level": 1 } ],
    "tools": [ [ [ "surface_heat", 7, "LIST" ] ] ],
    "components": [ [ [ "alien_liver", 1 ] ] ]
  },
  {
    "type": "recipe",
    "activity_level": "LIGHT_EXERCISE",
    "result": "alien_tallow",
    "category": "CC_FOOD",
    "subcategory": "CSC_FOOD_MEAT",
    "skill_used": "cooking",
    "difficulty": 2,
    "time": "10 m",
    "charges": 12,
    "autolearn": true,
    "qualities": [ { "id": "CUT", "level": 2 }, { "id": "COOK", "level": 2 } ],
    "tools": [ [ [ "surface_heat", 7, "LIST" ] ] ],
    "components": [ [ [ "alien_fat", 3 ] ], [ [ "water", 1 ], [ "water_clean", 1 ] ] ]
  },
  {
    "type": "recipe",
    "activity_level": "LIGHT_EXERCISE",
    "result": "alien_lard",
    "byproducts": [ [ "alien_cracklins" ] ],
    "category": "CC_FOOD",
    "subcategory": "CSC_FOOD_MEAT",
    "skill_used": "cooking",
    "difficulty": 3,
    "time": "10 m",
    "charges": 3,
    "autolearn": true,
    "qualities": [ { "id": "CUT", "level": 2 }, { "id": "COOK", "level": 2 } ],
    "tools": [ [ [ "surface_heat", 7, "LIST" ] ] ],
    "components": [ [ [ "alien_fat", 2 ] ] ]
  },
  {
    "type": "recipe",
    "activity_level": "LIGHT_EXERCISE",
    "result": "frost_human_tallow",
    "category": "CC_FOOD",
    "subcategory": "CSC_FOOD_MEAT",
    "skill_used": "cooking",
    "difficulty": 2,
    "time": "10 m",
    "charges": 12,
    "autolearn": true,
    "qualities": [ { "id": "CUT", "level": 2 }, { "id": "COOK", "level": 2 } ],
    "tools": [ [ [ "surface_heat", 7, "LIST" ] ] ],
    "components": [ [ [ "frost_human_fat", 3 ] ], [ [ "water", 1 ], [ "water_clean", 1 ] ] ]
  },
  {
    "type": "recipe",
    "activity_level": "LIGHT_EXERCISE",
    "result": "frost_human_lard",
    "byproducts": [ [ "frost_human_cracklins" ] ],
    "category": "CC_FOOD",
    "subcategory": "CSC_FOOD_MEAT",
    "skill_used": "cooking",
    "difficulty": 3,
    "time": "10 m",
    "charges": 3,
    "autolearn": true,
    "qualities": [ { "id": "CUT", "level": 2 }, { "id": "COOK", "level": 2 } ],
    "tools": [ [ [ "surface_heat", 7, "LIST" ] ] ],
    "components": [ [ [ "frost_human_fat", 2 ] ] ]
  }
]
