[
  {
    "result": "broken_afs_mon_migoturret",
    "type": "uncraft",
    "activity_level": "fake",
    "skill_used": "survival",
    "difficulty": 5,
    "time": "1 h",
    "using": [ [ "soldering_standard", 10 ] ],
    "qualities": [ { "id": "SCREW", "level": 1 } ],
    "components": [
      [ [ "living_brain_jar", 1 ] ],
      [ [ "brain", 4 ] ],
      [ [ "mutant_meat", 12 ] ],
      [ [ "vibrating_blaster", 1 ] ],
      [ [ "acidic_bore", 60 ] ],
      [ [ "humming_heart", 1 ] ],
      [ [ "afs_neural_io_5", 1 ] ],
      [ [ "sensory_cluster", 1 ] ],
      [ [ "bioweapon_chassis", 1 ] ]
    ]
  },
  {
    "result": "broken_tankbot",
    "type": "uncraft",
    "activity_level": "fake",
    "skill_used": "electronics",
    "difficulty": 8,
    "time": "10 h",
    "using": [ [ "soldering_standard", 30 ], [ "welding_standard", 20 ] ],
    "qualities": [ { "id": "SCREW", "level": 1 }, { "id": "WRENCH", "level": 1 }, { "id": "SAW_M", "level": 1 } ],
    "components": [
      [ [ "ai_module", 1 ] ],
      [ [ "sensor_module", 1 ] ],
      [ [ "memory_module", 1 ] ],
      [ [ "pathfinding_module", 1 ] ],
      [ [ "identification_module", 1 ] ],
      [ [ "tank_tread", 1 ] ],
      [ [ "tankbot_chassis", 1 ] ],
      [ [ "targeting_module", 1 ] ],
      [ [ "gun_module", 3 ] ],
      [ [ "flamethrower", 1 ] ],
      [ [ "tazer", 1 ] ],
      [ [ "m4a1", 1 ] ],
      [ [ "power_supply", 20 ] ],
      [ [ "storage_battery", 1 ] ],
      [ [ "plut_cell", 4 ] ],
      [ [ "mil_plate", 2 ] ]
    ]
  },
  {
    "result": "broken_chickenbot",
    "type": "uncraft",
    "activity_level": "fake",
    "skill_used": "electronics",
    "difficulty": 8,
    "time": "10 h",
    "using": [ [ "soldering_standard", 30 ], [ "welding_standard", 20 ] ],
    "qualities": [ { "id": "SCREW", "level": 1 }, { "id": "WRENCH", "level": 1 }, { "id": "SAW_M", "level": 1 } ],
    "components": [
      [ [ "ai_module", 1 ] ],
      [ [ "sensor_module", 1 ] ],
      [ [ "memory_module", 1 ] ],
      [ [ "pathfinding_module", 1 ] ],
      [ [ "identification_module", 1 ] ],
      [ [ "chickenbot_chassis", 1 ] ],
      [ [ "targeting_module", 1 ] ],
      [ [ "gun_module", 3 ] ],
      [ [ "m249", 1 ] ],
      [ [ "power_supply", 20 ] ],
      [ [ "storage_battery", 1 ] ],
      [ [ "plut_cell", 4 ] ],
      [ [ "mil_plate", 2 ] ]
    ]
  },
  {
    "result": "broken_tripod",
    "type": "uncraft",
    "activity_level": "fake",
    "skill_used": "electronics",
    "difficulty": 8,
    "time": "5 h",
    "using": [ [ "soldering_standard", 10 ], [ "welding_standard", 10 ] ],
    "qualities": [ { "id": "SCREW", "level": 1 }, { "id": "SAW_M", "level": 1 } ],
    "components": [
      [ [ "ai_module", 1 ] ],
      [ [ "self_monitoring_module", 1 ] ],
      [ [ "sensor_module", 1 ] ],
      [ [ "memory_module", 1 ] ],
      [ [ "pathfinding_module", 1 ] ],
      [ [ "identification_module", 1 ] ],
      [ [ "spidery_legs_big", 1 ] ],
      [ [ "tripod_chassis", 1 ] ],
      [ [ "targeting_module", 1 ] ],
      [ [ "gun_module", 1 ] ],
      [ [ "power_supply", 12 ] ],
      [ [ "storage_battery", 1 ] ],
      [ [ "flamethrower", 1 ] ]
    ]
  },
  {
    "result": "broken_afs_mon_sentinel_lx",
    "type": "uncraft",
    "activity_level": "fake",
    "skill_used": "electronics",
    "difficulty": 6,
    "time": "2 h",
    "using": [ [ "soldering_standard", 20 ], [ "welding_standard", 5 ] ],
    "qualities": [ { "id": "SCREW", "level": 1 }, { "id": "SAW_M", "level": 1 } ],
    "components": [
      [ [ "ai_module_advanced", 1 ] ],
      [ [ "self_monitoring_module", 1 ] ],
      [ [ "sensor_module", 1 ] ],
      [ [ "memory_module", 1 ] ],
      [ [ "pathfinding_module", 1 ] ],
      [ [ "identification_module", 1 ] ],
      [ [ "android_legs", 1 ] ],
      [ [ "android_chassis", 1 ] ],
      [ [ "android_arms", 1 ] ],
      [ [ "medium_storage_battery", 1 ] ],
      [ [ "huge_atomic_battery_cell", 1 ] ],
      [ [ "plut_cell", 4 ] ],
      [ [ "afs_sentinel_laser", 1 ] ]
    ]
  },
  {
    "result": "broken_wraitheon_irradiant",
    "type": "uncraft",
    "activity_level": "fake",
    "skill_used": "electronics",
    "difficulty": 8,
    "time": "5 h",
    "using": [ [ "soldering_standard", 10 ], [ "welding_standard", 10 ] ],
    "qualities": [ { "id": "SCREW", "level": 1 }, { "id": "SAW_M", "level": 1 } ],
    "components": [
      [ [ "ai_module", 1 ] ],
      [ [ "self_monitoring_module", 1 ] ],
      [ [ "sensor_module", 1 ] ],
      [ [ "memory_module", 1 ] ],
      [ [ "pathfinding_module", 1 ] ],
      [ [ "identification_module", 1 ] ],
      [ [ "spidery_legs_big", 1 ] ],
      [ [ "targeting_module", 1 ] ],
      [ [ "afs_magnet_3", 4 ] ],
      [ [ "afs_circuitry_3", 1 ] ],
      [ [ "afs_material_1", 10 ] ],
      [ [ "afs_material_3", 1 ] ],
      [ [ "afs_material_4", 1 ] ],
      [ [ "gun_module", 1 ] ],
      [ [ "afs_heat_2_salvage", 2 ] ],
      [ [ "afs_energy_storage_4", 1 ] ],
      [ [ "flamethrower", 1 ] ]
    ]
  },
  {
    "result": "broken_wraitheon_isohypsa",
    "type": "uncraft",
    "activity_level": "fake",
    "skill_used": "electronics",
    "difficulty": 8,
    "time": "5 h",
    "using": [ [ "soldering_standard", 10 ], [ "welding_standard", 10 ] ],
    "qualities": [ { "id": "SCREW", "level": 1 }, { "id": "SAW_M", "level": 1 } ],
    "components": [
      [ [ "ai_module", 4 ] ],
      [ [ "self_monitoring_module", 1 ] ],
      [ [ "sensor_module", 2 ] ],
      [ [ "memory_module", 1 ] ],
      [ [ "pathfinding_module", 1 ] ],
      [ [ "identification_module", 4 ] ],
      [ [ "quad_rotors", 5 ] ],
      [ [ "targeting_module", 1 ] ],
      [ [ "afs_magnet_3", 4 ] ],
      [ [ "afs_circuitry_4", 1 ] ],
      [ [ "afs_material_1", 10 ] ],
      [ [ "afs_material_3", 1 ] ],
      [ [ "afs_heat_2_salvage", 2 ] ],
      [ [ "afs_energy_storage_4", 1 ] ]
    ]
  },
  {
    "result": "broken_wraitheon_kaburaya",
    "type": "uncraft",
    "activity_level": "fake",
    "skill_used": "electronics",
    "difficulty": 4,
    "time": "10 m",
    "using": [ [ "soldering_standard", 5 ], [ "welding_standard", 10 ] ],
    "qualities": [ { "id": "SCREW", "level": 1 }, { "id": "SAW_M_FINE", "level": 1 } ],
    "components": [
      [ [ "afs_magnet_1", 1 ] ],
      [ [ "afs_circuitry_1", 1 ] ],
      [ [ "afs_material_1", 2 ] ],
      [ [ "afs_energy_storage_1", 1 ] ]
    ]
  },
  {
    "result": "broken_bloodhound_drone",
    "type": "uncraft",
    "activity_level": "fake",
    "skill_used": "electronics",
    "difficulty": 4,
    "time": "2 m",
    "using": [ [ "soldering_standard", 5 ] ],
    "qualities": [ { "id": "SCREW", "level": 1 } ],
    "components": [
      [ [ "ai_module_basic", 1 ] ],
      [ [ "RAM", 1 ] ],
      [ [ "small_storage_battery", 1 ] ],
      [ [ "scrap", 1 ] ],
      [ [ "quad_rotors", 1 ] ],
      [ [ "sensor_module", 1 ] ],
      [ [ "spike", 2 ] ],
      [ [ "identification_module", 1 ] ]
    ]
  },
  {
    "type": "uncraft",
    "activity_level": "LIGHT_EXERCISE",
    "result": "afs_radiobeacon",
    "skill_used": "electronics",
    "difficulty": 1,
    "time": "15 m",
    "using": [ [ "soldering_standard", 10 ] ],
    "qualities": [ { "id": "SCREW", "level": 1 } ],
    "components": [ [ [ "afs_energy_storage_2", 1 ] ], [ [ "antenna", 1 ] ], [ [ "afs_material_1", 2 ] ], [ [ "afs_circuitry_1", 1 ] ] ]
  },
  {
    "//": "TODO: use copy-from inheritance for solarpack uncrafts -- it is currently not working properly #24702",
    "result": "q_solarpack",
    "type": "uncraft",
    "activity_level": "fake",
    "skill_used": "electronics",
    "difficulty": 10,
    "skills_required": [ [ "fabrication", 2 ], [ "mechanics", 2 ] ],
    "time": "50 m",
    "using": [ [ "soldering_standard", 35 ], [ "welding_standard", 20 ] ],
    "qualities": [ { "id": "SCREW", "level": 1 }, { "id": "HAMMER", "level": 2 }, { "id": "SAW_M", "level": 2 } ],
    "components": [
      [ [ "power_supply", 2 ] ],
      [ [ "amplifier", 2 ] ],
      [ [ "solar_panel_v3", 1 ] ],
      [ [ "cable", 20 ] ],
      [ [ "sheet_metal", 1 ] ],
      [ [ "sheet_metal_small", 4 ] ],
      [ [ "steel_chunk", 4 ] ],
      [ [ "scrap", 8 ] ],
      [ [ "rope_6", 1 ] ]
    ]
  },
  {
    "//": "TODO: use copy-from inheritance for solarpack uncrafts -- it is currently not working properly #24702",
    "result": "q_solarpack_on",
    "type": "uncraft",
    "activity_level": "fake",
    "skill_used": "electronics",
    "difficulty": 10,
    "skills_required": [ [ "fabrication", 2 ], [ "mechanics", 2 ] ],
    "time": "50 m",
    "using": [ [ "soldering_standard", 35 ], [ "welding_standard", 20 ] ],
    "qualities": [ { "id": "SCREW", "level": 1 }, { "id": "HAMMER", "level": 2 }, { "id": "SAW_M", "level": 2 } ],
    "components": [
      [ [ "power_supply", 2 ] ],
      [ [ "amplifier", 2 ] ],
      [ [ "solar_panel_v3", 1 ] ],
      [ [ "cable", 20 ] ],
      [ [ "sheet_metal", 1 ] ],
      [ [ "sheet_metal_small", 4 ] ],
      [ [ "steel_chunk", 4 ] ],
      [ [ "scrap", 8 ] ],
      [ [ "rope_6", 1 ] ]
    ]
  },
  {
    "result": "afs_heat_2_salvage",
    "type": "uncraft",
    "activity_level": "NO_EXERCISE",
    "time": "30 s",
    "components": [ [ [ "afs_heat_2", 1 ] ] ]
  }
]
