[
  {
    "result": "afs_plasma_torch_gun",
    "type": "recipe",
    "activity_level": "fake",
    "category": "CC_WEAPON",
    "subcategory": "CSC_WEAPON_RANGED",
    "skill_used": "electronics",
    "difficulty": 4,
    "byproducts": [ [ "afs_energy_storage_2" ] ],
    "time": 300000,
    "autolearn": [ [ "electronics", 6 ] ],
    "book_learn": [ [ "advanced_electronics", 3 ], [ "textbook_electronics", 3 ] ],
    "qualities": [ { "id": "SCREW_FINE", "level": 1 } ],
    "using": [ [ "soldering_standard", 10 ], [ "electric_probing", 1 ] ],
    "components": [ [ [ "afs_plasma_torch", 1 ] ], [ [ "cable", 20 ] ], [ [ "afs_energy_storage_3", 1 ] ], [ [ "afs_material_1", 2 ] ] ]
  }
]
