[
  {
    "type": "recipe",
    "activity_level": "fake",
    "result": "light_battery_cell",
    "category": "CC_ELECTRONIC",
    "subcategory": "CSC_ELECTRONIC_COMPONENTS",
    "skill_used": "electronics",
    "skills_required": [ "fabrication", 2 ],
    "difficulty": 1,
    "time": 5000,
    "book_learn": [ [ "manual_electronics", 1 ], [ "mag_electronics", 1 ], [ "textbook_anarch", 1 ] ],
    "qualities": [ { "id": "SCREW", "level": 1 } ],
    "components": [
      [ [ "chem_sulphuric_acid", 1 ] ],
      [ [ "steel_chunk", 1 ], [ "scrap", 1 ] ],
      [ [ "can_drink", 1 ], [ "can_food", 1 ], [ "canister_empty", 1 ] ]
    ]
  },
  {
    "result": "mininuke",
    "type": "recipe",
    "activity_level": "fake",
    "category": "CC_WEAPON",
    "subcategory": "CSC_WEAPON_EXPLOSIVE",
    "skill_used": "mechanics",
    "skills_required": [ "electronics", 5 ],
    "difficulty": 10,
    "time": 360000,
    "reversible": true,
    "decomp_learn": 10,
    "book_learn": [ [ "textbook_atomic_lab", 5 ] ],
    "qualities": [ { "id": "SCREW", "level": 1 }, { "id": "WRENCH", "level": 1 } ],
    "components": [
      [ [ "canister_empty", 1 ] ],
      [ [ "grenade", 1 ], [ "40x46mm_m433", 2 ] ],
      [ [ "plut_cell", 6 ] ],
      [ [ "amplifier", 3 ] ],
      [ [ "power_supply", 1 ] ],
      [ [ "clockworks", 1 ] ],
      [ [ "cable", 15 ] ]
    ]
  },
  {
    "result": "plut_cell",
    "type": "recipe",
    "activity_level": "fake",
    "category": "CC_ELECTRONIC",
    "subcategory": "CSC_ELECTRONIC_COMPONENTS",
    "skill_used": "mechanics",
    "skills_required": [ "electronics", 4 ],
    "difficulty": 8,
    "time": 30000,
    "book_learn": [ [ "textbook_atomic_lab", 5 ] ],
    "qualities": [ { "id": "SCREW", "level": 1 }, { "id": "WRENCH", "level": 1 } ],
    "components": [ [ [ "canister_empty", 1 ] ], [ [ "plut_slurry", 10 ], [ "plut_slurry_dense", 5 ] ], [ [ "power_supply", 2 ] ] ]
  },
  {
    "result": "light_battery_cell",
    "id_suffix": "afs_plutonium_battery",
    "type": "recipe",
    "activity_level": "fake",
    "category": "CC_ELECTRONIC",
    "subcategory": "CSC_ELECTRONIC_COMPONENTS",
    "skill_used": "electronics",
    "difficulty": 6,
    "time": 30000,
    "book_learn": [ [ "textbook_atomic_lab", 3 ] ],
    "qualities": [ { "id": "SCREW", "level": 1 } ],
    "components": [
      [ [ "steel_chunk", 1 ], [ "scrap", 1 ] ],
      [ [ "can_drink", 1 ], [ "can_food", 1 ], [ "canister_empty", 1 ] ],
      [ [ "plut_cell", 1 ] ]
    ]
  },
  {
    "type": "recipe",
    "activity_level": "fake",
    "result": "afs_murdersaw",
    "category": "CC_WEAPON",
    "subcategory": "CSC_WEAPON_CUTTING",
    "skill_used": "mechanics",
    "skills_required": [ "melee", 2 ],
    "difficulty": 4,
    "time": 30000,
    "autolearn": true,
    "qualities": [ { "id": "SAW_M", "level": 1 }, { "id": "CUT", "level": 2 }, { "id": "SCREW", "level": 1 } ],
    "components": [ [ [ "afs_power_cutter", 1 ] ], [ [ "steel_chunk", 3 ], [ "scrap", 6 ] ] ],
    "byproducts": [ [ "plastic_chunk" ], [ "plastic_chunk" ] ]
  },
  {
    "type": "recipe",
    "activity_level": "fake",
    "result": "thermometer",
    "category": "CC_OTHER",
    "subcategory": "CSC_OTHER_TOOLS",
    "skill_used": "electronics",
    "time": 20000,
    "difficulty": 3,
    "book_learn": [ [ "mag_electronics", 3 ], [ "manual_electronics", 2 ] ],
    "using": [ [ "soldering_standard", 10 ] ],
    "qualities": [ { "id": "SCREW_FINE", "level": 1 } ],
    "components": [
      [ [ "plastic_chunk", 1 ] ],
      [ [ "light_minus_battery_cell", 1 ] ],
      [ [ "cable", 5 ] ],
      [ [ "circuit", 1 ] ],
      [ [ "scrap", 1 ] ]
    ]
  },
  {
    "result": "afs_titanium_frame",
    "type": "recipe",
    "activity_level": "fake",
    "category": "CC_OTHER",
    "subcategory": "CSC_OTHER_PARTS",
    "skill_used": "fabrication",
    "difficulty": 1,
    "time": 8000,
    "reversible": true,
    "autolearn": true,
    "using": [ [ "welding_standard", 6 ] ],
    "components": [ [ [ "afs_scrap_titanium", 2 ] ] ]
  },
  {
    "type": "recipe",
    "activity_level": "BRISK_EXERCISE",
    "result": "afs_titanium_foldable_frame",
    "copy-from": "afs_titanium_frame",
    "category": "CC_OTHER",
    "subcategory": "CSC_OTHER_PARTS",
    "skill_used": "fabrication",
    "difficulty": 4,
    "time": "60m",
    "reversible": true,
    "autolearn": true,
    "using": [ [ "welding_standard", 6 ] ],
    "components": [ [ [ "afs_scrap_titanium", 2 ], [ "afs_titanium_frame", 1 ] ] ]
  },
  {
    "type": "recipe",
    "activity_level": "fake",
    "result": "afs_atomic_smartphone",
    "category": "CC_ELECTRONIC",
    "subcategory": "CSC_ELECTRONIC_TOOLS",
    "skill_used": "electronics",
    "difficulty": 5,
    "time": 30000,
    "book_learn": [ [ "recipe_caseless", 5 ], [ "textbook_atomic_lab", 4 ] ],
    "qualities": [ { "id": "SCREW", "level": 1 } ],
    "//": "Conversion of a normal smartphone into an atomic one by replacing the power supply.",
    "components": [ [ [ "plastic_chunk", 1 ] ], [ [ "processor", 1 ] ], [ [ "smart_phone", 1 ] ], [ [ "plut_cell", 1 ] ] ]
  },
  {
    "result": "laser_rifle_cheap",
    "type": "recipe",
    "activity_level": "fake",
    "category": "CC_WEAPON",
    "subcategory": "CSC_WEAPON_RANGED",
    "skill_used": "electronics",
    "difficulty": 5,
    "time": 300000,
    "reversible": true,
    "autolearn": [ [ "electronics", 4 ] ],
    "book_learn": [ [ "advanced_electronics", 3 ], [ "textbook_electronics", 3 ] ],
    "qualities": [ { "id": "SCREW_FINE", "level": 1 } ],
    "tools": [ [ [ "soldering_iron", 200 ], [ "toolset", 200 ] ] ],
    "components": [
      [ [ "afs_circuitry_2", 1 ] ],
      [ [ "cable", 100 ] ],
      [ [ "afs_energy_storage_2", 2 ] ],
      [ [ "afs_optics_3", 1 ] ],
      [ [ "afs_material_1", 6 ] ]
    ]
  },
  {
    "result": "plut_cell",
    "type": "recipe",
    "activity_level": "fake",
    "category": "CC_ELECTRONIC",
    "subcategory": "CSC_ELECTRONIC_COMPONENTS",
    "skill_used": "electronics",
    "difficulty": 5,
    "time": 5000,
    "autolearn": [ [ "electronics", 7 ] ],
    "book_learn": [ [ "textbook_atomic", 5 ] ],
    "qualities": [ { "id": "SCREW", "level": 1 }, { "id": "SAW_M", "level": 1 } ],
    "tools": [ [ [ "soldering_iron", 50 ] ] ],
    "components": [
      [ [ "nuclear_fuel", 2 ] ],
      [ [ "e_scrap", 5 ] ],
      [ [ "lead", 25 ] ],
      [ [ "plastic_chunk", 5 ] ],
      [ [ "scrap", 5 ] ],
      [ [ "can_drink", 5 ], [ "can_food", 5 ], [ "canister_empty", 5 ] ]
    ]
  },
  {
    "type": "recipe",
    "activity_level": "fake",
    "result": "bot_tankbot",
    "category": "CC_ELECTRONIC",
    "subcategory": "CSC_ELECTRONIC_OTHER",
    "skill_used": "electronics",
    "skills_required": [ [ "mechanics", 9 ], [ "computer", 8 ] ],
    "reversible": true,
    "decomp_learn": 8,
    "book_learn": [ [ "schematics_tankbot", 9 ] ],
    "difficulty": 9,
    "time": "1 h 15 m",
    "using": [ [ "soldering_standard", 30 ], [ "welding_standard", 20 ] ],
    "qualities": [
      { "id": "SCREW", "level": 1 },
      { "id": "SCREW_FINE", "level": 1 },
      { "id": "WRENCH", "level": 2 },
      { "id": "WRENCH_FINE", "level": 1 }
    ],
    "components": [
      [ [ "ai_module", 1 ] ],
      [ [ "sensor_module", 1 ] ],
      [ [ "memory_module", 1 ] ],
      [ [ "pathfinding_module", 1 ] ],
      [ [ "identification_module", 1 ] ],
      [ [ "tank_tread", 1 ] ],
      [ [ "tankbot_chassis", 1 ] ],
      [ [ "targeting_module", 1 ] ],
      [ [ "gun_module", 3 ] ],
      [ [ "flamethrower", 1 ] ],
      [ [ "tazer", 1 ] ],
      [ [ "m4a1", 1 ] ],
      [ [ "power_supply", 20 ] ],
      [ [ "storage_battery", 1 ] ],
      [ [ "plut_cell", 4 ] ],
      [ [ "mil_plate", 2 ] ]
    ]
  },
  {
    "type": "recipe",
    "activity_level": "fake",
    "result": "bot_tripod",
    "category": "CC_ELECTRONIC",
    "subcategory": "CSC_ELECTRONIC_OTHER",
    "skill_used": "electronics",
    "skills_required": [ [ "mechanics", 9 ], [ "computer", 8 ] ],
    "reversible": true,
    "decomp_learn": 8,
    "book_learn": [ [ "schematics_tripod", 9 ] ],
    "difficulty": 9,
    "time": "1 h",
    "using": [ [ "soldering_standard", 10 ], [ "welding_standard", 10 ] ],
    "qualities": [
      { "id": "SCREW", "level": 1 },
      { "id": "SCREW_FINE", "level": 1 },
      { "id": "WRENCH", "level": 2 },
      { "id": "WRENCH_FINE", "level": 1 }
    ],
    "components": [
      [ [ "ai_module", 1 ] ],
      [ [ "sensor_module", 1 ] ],
      [ [ "memory_module", 1 ] ],
      [ [ "pathfinding_module", 1 ] ],
      [ [ "identification_module", 1 ] ],
      [ [ "spidery_legs_big", 1 ] ],
      [ [ "tripod_chassis", 1 ] ],
      [ [ "targeting_module", 1 ] ],
      [ [ "gun_module", 1 ] ],
      [ [ "power_supply", 12 ] ],
      [ [ "storage_battery", 1 ] ],
      [ [ "flamethrower", 1 ] ]
    ]
  },
  {
    "type": "recipe",
    "activity_level": "fake",
    "result": "bot_chickenbot",
    "category": "CC_ELECTRONIC",
    "subcategory": "CSC_ELECTRONIC_OTHER",
    "skill_used": "electronics",
    "skills_required": [ [ "mechanics", 10 ], [ "computer", 9 ] ],
    "reversible": true,
    "decomp_learn": 9,
    "book_learn": [ [ "schematics_chickenbot", 10 ] ],
    "difficulty": 10,
    "time": "1 h 15 m",
    "using": [ [ "soldering_standard", 30 ], [ "welding_standard", 20 ] ],
    "qualities": [
      { "id": "SCREW", "level": 1 },
      { "id": "SCREW_FINE", "level": 1 },
      { "id": "WRENCH", "level": 2 },
      { "id": "WRENCH_FINE", "level": 1 }
    ],
    "components": [
      [ [ "ai_module", 1 ] ],
      [ [ "sensor_module", 1 ] ],
      [ [ "memory_module", 1 ] ],
      [ [ "pathfinding_module", 1 ] ],
      [ [ "identification_module", 1 ] ],
      [ [ "reverse_jointed_legs", 1 ] ],
      [ [ "chickenbot_chassis", 1 ] ],
      [ [ "targeting_module", 1 ] ],
      [ [ "gun_module", 3 ] ],
      [ [ "mark19", 1 ] ],
      [ [ "tazer", 1 ] ],
      [ [ "m249", 1 ] ],
      [ [ "power_supply", 20 ] ],
      [ [ "storage_battery", 1 ] ],
      [ [ "plut_cell", 4 ] ],
      [ [ "mil_plate", 2 ] ]
    ]
  },
  {
    "result": "afs_scrap_titanium",
    "type": "recipe",
    "activity_level": "fake",
    "category": "CC_OTHER",
    "subcategory": "CSC_OTHER_MATERIALS",
    "skill_used": "fabrication",
    "difficulty": 1,
    "time": "15 m",
    "batch_time_factors": [ 90, 4 ],
    "reversible": true,
    "autolearn": true,
    "using": [ [ "forging_standard", 1 ] ],
    "tools": [ [ [ "crucible", -1 ], [ "crucible_clay", -1 ] ] ],
    "components": [ [ [ "afs_titanium_small", 400 ] ] ]
  },
  {
    "result": "afs_material_1",
    "type": "recipe",
    "activity_level": "fake",
    "category": "CC_OTHER",
    "subcategory": "CSC_OTHER_MATERIALS",
    "skill_used": "fabrication",
    "difficulty": 1,
    "time": "15 m",
    "batch_time_factors": [ 90, 4 ],
    "reversible": true,
    "autolearn": true,
    "using": [ [ "forging_standard", 1 ] ],
    "tools": [ [ [ "crucible", -1 ], [ "crucible_clay", -1 ] ] ],
    "components": [ [ [ "afs_titanium_small", 400 ] ] ]
  },
  {
    "type": "recipe",
    "activity_level": "fake",
    "result": "control_laptop",
    "category": "CC_ELECTRONIC",
    "subcategory": "CSC_ELECTRONIC_TOOLS",
    "skill_used": "electronics",
    "skills_required": [ "computer", 4 ],
    "difficulty": 7,
    "time": "25 m",
    "book_learn": [ [ "recipe_lab_elec", 7 ], [ "textbook_robots", 7 ] ],
    "using": [ [ "soldering_standard", 14 ] ],
    "qualities": [ { "id": "SCREW", "level": 1 } ],
    "tools": [ [ [ "software_hacking", -1 ] ] ],
    "components": [ [ [ "laptop", 1 ] ], [ [ "receiver", 2 ] ], [ [ "e_scrap", 2 ] ], [ [ "antenna", 1 ] ] ]
  },
  {
    "type": "recipe",
    "activity_level": "fake",
    "result": "afs_rebar_rifle",
    "category": "CC_WEAPON",
    "subcategory": "CSC_WEAPON_RANGED",
    "skill_used": "electronics",
    "skills_required": [ "mechanics", 6 ],
    "difficulty": 9,
    "time": "6 h",
    "autolearn": true,
    "qualities": [
      { "id": "SAW_M_FINE", "level": 1 },
      { "id": "SCREW_FINE", "level": 1 },
      { "id": "WRENCH_FINE", "level": 1 },
      { "id": "GLARE", "level": 1 },
      { "id": "DRILL", "level": 2 },
      { "id": "SAW_W", "level": 1 }
    ],
    "tools": [ [ [ "oxy_torch", 60 ], [ "welder", 300 ], [ "welder_crude", 450 ], [ "toolset", 450 ] ] ],
    "components": [
      [ [ "cable", 80 ] ],
      [ [ "afs_circuitry_1", 1 ] ],
      [ [ "2x4", 1 ] ],
      [ [ "afs_energy_storage_3", 4 ] ],
      [ [ "afs_material_1", 6 ] ],
      [ [ "pipe", 3 ] ]
    ]
  },
  {
    "type": "recipe",
    "activity_level": "MODERATE_EXERCISE",
    "result": "scrapbow",
    "category": "CC_WEAPON",
    "subcategory": "CSC_WEAPON_RANGED",
    "skill_used": "fabrication",
    "skills_required": [ [ "archery", 3 ] ],
    "difficulty": 3,
    "autolearn": true,
    "reversible": true,
    "time": "4 h",
    "qualities": [ { "id": "SAW_M_FINE", "level": 1 } ],
    "using": [ [ "welding_standard", 3 ] ],
    "proficiencies": [ { "proficiency": "prof_metalworking" }, { "proficiency": "prof_welding_basic" } ],
    "components": [ [ [ "afs_material_1", 8 ] ], [ [ "afs_circuitry_2", 1 ] ], [ [ "afs_energy_storage_1", 1 ] ] ]
  },
  {
    "type": "recipe",
    "activity_level": "MODERATE_EXERCISE",
    "result": "scrapcrossbow",
    "category": "CC_WEAPON",
    "subcategory": "CSC_WEAPON_RANGED",
    "skill_used": "fabrication",
    "skills_required": [ [ "rifle", 3 ] ],
    "difficulty": 3,
    "autolearn": true,
    "reversible": true,
    "time": "4 h",
    "qualities": [ { "id": "SAW_M_FINE", "level": 1 }, { "id": "SCREW_FINE", "level": 1 }, { "id": "WRENCH", "level": 2 } ],
    "using": [ [ "welding_standard", 3 ] ],
    "proficiencies": [ { "proficiency": "prof_metalworking" }, { "proficiency": "prof_welding_basic" } ],
    "components": [
      [ [ "afs_material_1", 6 ] ],
      [ [ "afs_circuitry_2", 3 ] ],
      [ [ "afs_energy_storage_1", 2 ] ],
      [ [ "afs_magnet_1", 4 ] ]
    ]
  }
]
