[
  {
    "id": "surface_heat",
    "type": "requirement",
    "tools": [
      [
        [ "hotplate", 1 ],
        [ "multi_cooker", 1 ],
        [ "char_smoker", 1 ],
        [ "toolset", 1 ],
        [ "afs_atompot", -1 ],
        [ "fire", -1 ]
      ]
    ]
  },
  {
    "id": "water_boiling_heat",
    "type": "requirement",
    "//": "Tools usable for providing heat usable for boiling water, but not necessarily for anything else.",
    "tools": [
      [
        [ "hotplate", 1 ],
        [ "multi_cooker", 1 ],
        [ "char_smoker", 1 ],
        [ "toolset", 1 ],
        [ "coffeemaker", 1 ],
        [ "atomic_coffeepot", -1 ],
        [ "afs_atompot", -1 ],
        [ "fire", -1 ]
      ]
    ]
  },
  {
    "id": "electric_probing",
    "type": "requirement",
    "tools": [ [ [ "voltmeter", 1 ], [ "toolset", -1 ] ] ]
  },
  {
    "id": "welding_standard",
    "type": "requirement",
    "//": "Crafting or repair of steel items or installation of vehicle parts",
    "qualities": [ { "id": "GLARE", "level": 1 } ],
    "tools": [
      [
        [ "welder", 10 ],
        [ "welder_crude", 15 ],
        [ "toolset", 15 ],
        [ "oxy_torch", 2 ],
        [ "afs_plasma_torch_gun", 2 ],
        [ "afs_plasma_torch", 1 ]
      ]
    ]
  }
]
