[
  {
    "result": "golf_club",
    "//": "Google tells me that golf clubs often have titanium heads, so that's a source of it.",
    "type": "uncraft",
    "activity_level": "fake",
    "skill_used": "fabrication",
    "difficulty": 2,
    "time": "30 m",
    "qualities": [ { "id": "SAW_M", "level": 1 } ],
    "components": [ [ [ "material_aluminium_ingot", 1 ] ], [ [ "afs_scrap_titanium", 1 ] ] ]
  },
  {
    "result": "afs_atomic_smartphone",
    "type": "uncraft",
    "activity_level": "fake",
    "time": 500,
    "qualities": [ { "id": "SCREW", "level": 1 } ],
    "components": [
      [ [ "plastic_chunk", 1 ] ],
      [ [ "small_lcd_screen", 1 ] ],
      [ [ "RAM", 1 ] ],
      [ [ "processor", 1 ] ],
      [ [ "lens_small", 1 ] ],
      [ [ "plut_cell", 1 ] ]
    ]
  },
  {
    "result": "afs_titanium_frame",
    "type": "uncraft",
    "activity_level": "fake",
    "skill_used": "fabrication",
    "difficulty": 4,
    "time": "1 h",
    "qualities": [ { "id": "SAW_M", "level": 1 } ],
    "tools": [ [ [ "welder", 100 ], [ "toolset", 150 ] ] ],
    "components": [ [ [ "afs_scrap_titanium", 2 ] ] ]
  },
  {
    "result": "afs_titanium_tooth",
    "type": "uncraft",
    "activity_level": "fake",
    "time": "30 s",
    "qualities": [ { "id": "HAMMER", "level": 1 } ],
    "components": [ [ [ "afs_titanium_small", 1 ] ] ]
  },
  {
    "result": "afs_titanium_watch",
    "type": "uncraft",
    "activity_level": "fake",
    "time": "36 s",
    "qualities": [ { "id": "HAMMER", "level": 1 }, { "id": "SCREW", "level": 1 } ],
    "components": [ [ [ "afs_titanium_small", 20 ] ], [ [ "clockworks", 1 ] ] ]
  },
  {
    "result": "afs_titanium_ring",
    "type": "uncraft",
    "activity_level": "fake",
    "time": "30 s",
    "qualities": [ { "id": "HAMMER", "level": 1 } ],
    "components": [ [ [ "afs_titanium_small", 2 ] ] ]
  },
  {
    "result": "afs_titanium_implant",
    "type": "uncraft",
    "activity_level": "fake",
    "time": "10 m",
    "qualities": [ { "id": "HAMMER", "level": 1 } ],
    "components": [ [ [ "afs_scrap_titanium", 5 ] ] ]
  },
  {
    "result": "afs_titanium_bat",
    "type": "uncraft",
    "activity_level": "fake",
    "skill_used": "mechanics",
    "difficulty": 3,
    "time": "30 m",
    "using": [ [ "welding_standard", 3 ] ],
    "qualities": [ { "id": "HAMMER", "level": 1 }, { "id": "SAW_M", "level": 1 } ],
    "components": [ [ [ "afs_scrap_titanium", 2 ] ] ]
  },
  {
    "result": "afs_energy_saber_off",
    "type": "uncraft",
    "activity_level": "fake",
    "time": "1 h",
    "qualities": [ { "id": "SCREW_FINE", "level": 1 } ],
    "components": [
      [ [ "afs_heat_1", 2 ] ],
      [ [ "afs_material_2", 3 ] ],
      [ [ "afs_material_1", 2 ] ],
      [ [ "afs_circuitry_1", 1 ] ],
      [ [ "afs_energy_storage_1", 1 ] ]
    ]
  },
  {
    "result": "afs_plasma_torch",
    "type": "uncraft",
    "activity_level": "fake",
    "time": "1 h",
    "qualities": [ { "id": "SCREW_FINE", "level": 1 } ],
    "components": [
      [ [ "afs_heat_2_salvage", 1 ] ],
      [ [ "afs_heat_1", 3 ] ],
      [ [ "afs_material_1", 4 ] ],
      [ [ "afs_circuitry_1", 1 ] ],
      [ [ "afs_energy_storage_2", 1 ] ],
      [ [ "scrap", 4 ] ],
      [ [ "wire", 40 ] ]
    ]
  },
  {
    "result": "afs_plasma_torch_gun",
    "type": "uncraft",
    "activity_level": "fake",
    "time": "1 h",
    "qualities": [ { "id": "SCREW_FINE", "level": 1 } ],
    "components": [
      [ [ "afs_heat_2_salvage", 1 ] ],
      [ [ "afs_heat_1", 3 ] ],
      [ [ "afs_material_1", 4 ] ],
      [ [ "afs_circuitry_1", 1 ] ],
      [ [ "afs_energy_storage_3", 1 ] ],
      [ [ "scrap", 4 ] ],
      [ [ "wire", 40 ] ]
    ]
  },
  {
    "result": "azabow_off",
    "type": "uncraft",
    "activity_level": "fake",
    "time": "2 h",
    "qualities": [ { "id": "SCREW_FINE", "level": 1 }, { "id": "SAW_M", "level": 1 } ],
    "components": [
      [ [ "afs_material_2", 3 ] ],
      [ [ "afs_material_3", 2 ] ],
      [ [ "afs_energy_storage_2", 2 ] ],
      [ [ "afs_circuitry_2", 1 ] ]
    ]
  },
  {
    "result": "aza_sword",
    "type": "uncraft",
    "activity_level": "fake",
    "time": 500,
    "qualities": [ { "id": "HAMMER", "level": 1 }, { "id": "SAW_M", "level": 1 } ],
    "components": [ [ [ "afs_material_2", 6 ] ], [ [ "afs_material_3", 4 ] ], [ [ "afs_material_1", 8 ] ] ]
  },
  {
    "result": "broken_utilibot",
    "type": "uncraft",
    "activity_level": "LIGHT_EXERCISE",
    "time": "2 h",
    "skill_used": "electronics",
    "difficulty": 4,
    "using": [ [ "soldering_standard", 20 ], [ "welding_standard", 5 ] ],
    "qualities": [ { "id": "SCREW_FINE", "level": 1 }, { "id": "SAW_M", "level": 1 } ],
    "components": [
      [ [ "ai_module", 1 ] ],
      [ [ "robot_controls", 1 ] ],
      [ [ "sensor_module", 1 ] ],
      [ [ "utilibot_chassis", 1 ] ],
      [ [ "afs_circuitry_1", 6 ] ],
      [ [ "afs_circuitry_2", 4 ] ],
      [ [ "afs_circuitry_3", 2 ] ],
      [ [ "afs_energy_storage_3", 2 ] ],
      [ [ "afs_energy_storage_4", 1 ] ],
      [ [ "afs_material_1", 12 ] ],
      [ [ "afs_material_2", 4 ] ]
    ]
  },
  {
    "result": "broken_hazmatbot",
    "type": "uncraft",
    "activity_level": "LIGHT_EXERCISE",
    "time": "2 h",
    "skill_used": "electronics",
    "difficulty": 4,
    "using": [ [ "soldering_standard", 20 ], [ "welding_standard", 5 ] ],
    "qualities": [ { "id": "SCREW_FINE", "level": 1 }, { "id": "SAW_M", "level": 1 } ],
    "components": [
      [ [ "ai_module", 1 ] ],
      [ [ "robot_controls", 1 ] ],
      [ [ "sensor_module", 1 ] ],
      [ [ "hazmatbot_chassis", 1 ] ],
      [ [ "afs_circuitry_1", 6 ] ],
      [ [ "afs_circuitry_2", 4 ] ],
      [ [ "afs_circuitry_3", 2 ] ],
      [ [ "afs_energy_storage_3", 2 ] ],
      [ [ "afs_energy_storage_4", 1 ] ],
      [ [ "afs_material_1", 12 ] ],
      [ [ "afs_material_2", 4 ] ]
    ]
  },
  {
    "result": "broken_utilibot_butler",
    "type": "uncraft",
    "activity_level": "LIGHT_EXERCISE",
    "time": "2 h",
    "skill_used": "electronics",
    "difficulty": 5,
    "using": [ [ "soldering_standard", 20 ], [ "welding_standard", 5 ] ],
    "qualities": [ { "id": "SCREW_FINE", "level": 1 }, { "id": "SAW_M", "level": 1 } ],
    "components": [
      [ [ "ai_module", 1 ] ],
      [ [ "robot_controls", 1 ] ],
      [ [ "sensor_module", 1 ] ],
      [ [ "hazmatbot_chassis", 1 ] ],
      [ [ "afs_circuitry_1", 6 ] ],
      [ [ "afs_circuitry_2", 4 ] ],
      [ [ "afs_circuitry_3", 2 ] ],
      [ [ "afs_energy_storage_3", 2 ] ],
      [ [ "afs_energy_storage_4", 1 ] ],
      [ [ "afs_material_1", 12 ] ],
      [ [ "afs_material_2", 4 ] ]
    ]
  },
  {
    "result": "broken_utilibot_const",
    "type": "uncraft",
    "activity_level": "LIGHT_EXERCISE",
    "time": "2 h",
    "skill_used": "electronics",
    "difficulty": 4,
    "using": [ [ "soldering_standard", 20 ], [ "welding_standard", 5 ] ],
    "qualities": [ { "id": "SCREW_FINE", "level": 1 }, { "id": "SAW_M", "level": 1 } ],
    "components": [
      [ [ "ai_module", 1 ] ],
      [ [ "robot_controls", 1 ] ],
      [ [ "sensor_module", 1 ] ],
      [ [ "utilibot_const_chassis", 1 ] ],
      [ [ "afs_circuitry_1", 6 ] ],
      [ [ "afs_circuitry_2", 4 ] ],
      [ [ "afs_circuitry_3", 2 ] ],
      [ [ "afs_energy_storage_3", 2 ] ],
      [ [ "afs_energy_storage_4", 1 ] ],
      [ [ "afs_material_1", 12 ] ],
      [ [ "afs_material_2", 4 ] ],
      [ [ "targeting_module", 1 ] ],
      [ [ "gun_module", 2 ] ],
      [ [ "nailgun", 1 ] ],
      [ [ "welder", 1 ] ]
    ]
  },
  {
    "result": "broken_utilibot_fire",
    "type": "uncraft",
    "activity_level": "LIGHT_EXERCISE",
    "time": "2 h",
    "skill_used": "electronics",
    "difficulty": 4,
    "using": [ [ "soldering_standard", 20 ], [ "welding_standard", 5 ] ],
    "qualities": [ { "id": "SCREW_FINE", "level": 1 }, { "id": "SAW_M", "level": 1 } ],
    "components": [
      [ [ "ai_module", 1 ] ],
      [ [ "robot_controls", 1 ] ],
      [ [ "sensor_module", 1 ] ],
      [ [ "utilibot_fire_chassis", 1 ] ],
      [ [ "afs_circuitry_1", 6 ] ],
      [ [ "afs_circuitry_2", 4 ] ],
      [ [ "afs_circuitry_3", 2 ] ],
      [ [ "afs_energy_storage_3", 2 ] ],
      [ [ "afs_energy_storage_4", 1 ] ],
      [ [ "afs_material_1", 12 ] ],
      [ [ "afs_material_2", 4 ] ],
      [ [ "targeting_module", 1 ] ],
      [ [ "gun_module", 1 ] ],
      [ [ "watercannon", 1 ] ],
      [ [ "metal_tank_little", 4 ] ]
    ]
  },
  {
    "result": "broken_medibot",
    "type": "uncraft",
    "activity_level": "LIGHT_EXERCISE",
    "time": "2 h",
    "skill_used": "electronics",
    "difficulty": 5,
    "using": [ [ "soldering_standard", 20 ], [ "welding_standard", 5 ] ],
    "qualities": [ { "id": "SCREW_FINE", "level": 1 }, { "id": "SAW_M", "level": 1 } ],
    "components": [
      [ [ "ai_module", 1 ] ],
      [ [ "robot_controls", 1 ] ],
      [ [ "sensor_module", 1 ] ],
      [ [ "medibot_chassis", 1 ] ],
      [ [ "afs_circuitry_1", 6 ] ],
      [ [ "afs_circuitry_2", 4 ] ],
      [ [ "afs_circuitry_3", 2 ] ],
      [ [ "afs_energy_storage_3", 2 ] ],
      [ [ "afs_energy_storage_4", 1 ] ],
      [ [ "afs_material_1", 12 ] ],
      [ [ "afs_material_2", 4 ] ]
    ]
  },
  {
    "result": "broken_skitterbot_rat",
    "type": "uncraft",
    "activity_level": "LIGHT_EXERCISE",
    "time": "1 h",
    "skill_used": "electronics",
    "difficulty": 4,
    "using": [ [ "soldering_standard", 20 ], [ "welding_standard", 5 ] ],
    "qualities": [ { "id": "SCREW_FINE", "level": 1 }, { "id": "SAW_M", "level": 1 } ],
    "components": [
      [ [ "ai_module", 1 ] ],
      [ [ "robot_controls", 1 ] ],
      [ [ "sensor_module", 1 ] ],
      [ [ "spidery_legs_small", 1 ] ],
      [ [ "afs_circuitry_1", 2 ] ],
      [ [ "afs_circuitry_2", 1 ] ],
      [ [ "afs_material_1", 2 ] ],
      [ [ "afs_material_2", 1 ] ],
      [ [ "targeting_module", 1 ] ],
      [ [ "pathfinding_module", 1 ] ]
    ]
  },
  {
    "result": "broken_skitterbot_grab",
    "type": "uncraft",
    "activity_level": "LIGHT_EXERCISE",
    "time": "1 h",
    "skill_used": "electronics",
    "difficulty": 4,
    "using": [ [ "soldering_standard", 20 ], [ "welding_standard", 5 ] ],
    "qualities": [ { "id": "SCREW_FINE", "level": 1 }, { "id": "SAW_M", "level": 1 } ],
    "components": [
      [ [ "ai_module", 1 ] ],
      [ [ "robot_controls", 1 ] ],
      [ [ "sensor_module", 1 ] ],
      [ [ "spidery_legs_small", 1 ] ],
      [ [ "afs_circuitry_1", 4 ] ],
      [ [ "afs_circuitry_2", 2 ] ],
      [ [ "afs_circuitry_3", 1 ] ],
      [ [ "afs_energy_storage_3", 1 ] ],
      [ [ "afs_material_1", 4 ] ],
      [ [ "afs_material_2", 2 ] ],
      [ [ "targeting_module", 1 ] ],
      [ [ "pathfinding_module", 1 ] ]
    ]
  },
  {
    "result": "broken_skitterbot_hunter",
    "type": "uncraft",
    "activity_level": "LIGHT_EXERCISE",
    "time": "1 h",
    "skill_used": "electronics",
    "difficulty": 4,
    "using": [ [ "soldering_standard", 20 ], [ "welding_standard", 5 ] ],
    "qualities": [ { "id": "SCREW_FINE", "level": 1 }, { "id": "SAW_M", "level": 1 } ],
    "components": [
      [ [ "ai_module", 1 ] ],
      [ [ "robot_controls", 1 ] ],
      [ [ "sensor_module", 1 ] ],
      [ [ "spidery_legs_small", 1 ] ],
      [ [ "afs_circuitry_1", 4 ] ],
      [ [ "afs_circuitry_2", 2 ] ],
      [ [ "afs_circuitry_3", 1 ] ],
      [ [ "afs_energy_storage_3", 1 ] ],
      [ [ "afs_material_1", 4 ] ],
      [ [ "afs_material_2", 2 ] ],
      [ [ "targeting_module", 1 ] ],
      [ [ "pathfinding_module", 1 ] ]
    ]
  },
  {
    "result": "broken_defbot_shot",
    "type": "uncraft",
    "activity_level": "LIGHT_EXERCISE",
    "time": "2 h",
    "skill_used": "electronics",
    "difficulty": 4,
    "using": [ [ "soldering_standard", 20 ], [ "welding_standard", 5 ] ],
    "qualities": [ { "id": "SCREW_FINE", "level": 1 }, { "id": "SAW_M", "level": 1 } ],
    "components": [
      [ [ "ai_module", 1 ] ],
      [ [ "robot_controls", 1 ] ],
      [ [ "sensor_module", 1 ] ],
      [ [ "defbot_shot_chassis", 1 ] ],
      [ [ "afs_circuitry_1", 6 ] ],
      [ [ "afs_circuitry_2", 4 ] ],
      [ [ "afs_circuitry_3", 2 ] ],
      [ [ "afs_energy_storage_3", 2 ] ],
      [ [ "afs_energy_storage_4", 1 ] ],
      [ [ "afs_material_1", 12 ] ],
      [ [ "afs_material_2", 4 ] ],
      [ [ "targeting_module", 1 ] ],
      [ [ "gun_module", 1 ] ]
    ]
  },
  {
    "result": "broken_milbot_556",
    "type": "uncraft",
    "activity_level": "LIGHT_EXERCISE",
    "time": "2 h",
    "skill_used": "electronics",
    "difficulty": 5,
    "using": [ [ "soldering_standard", 20 ], [ "welding_standard", 5 ] ],
    "qualities": [ { "id": "SCREW_FINE", "level": 1 }, { "id": "SAW_M", "level": 1 } ],
    "components": [
      [ [ "ai_module", 1 ] ],
      [ [ "robot_controls", 1 ] ],
      [ [ "sensor_module", 1 ] ],
      [ [ "milbot_humaniform_chassis", 1 ] ],
      [ [ "afs_circuitry_1", 6 ] ],
      [ [ "afs_circuitry_2", 4 ] ],
      [ [ "afs_circuitry_3", 2 ] ],
      [ [ "afs_energy_storage_3", 2 ] ],
      [ [ "afs_energy_storage_4", 1 ] ],
      [ [ "afs_material_1", 12 ] ],
      [ [ "afs_material_2", 4 ] ],
      [ [ "targeting_module", 1 ] ],
      [ [ "gun_module", 1 ] ],
      [ [ "pathfinding_module", 1 ] ],
      [ [ "identification_module", 1 ] ]
    ]
  },
  {
    "result": "broken_milbot_needle",
    "type": "uncraft",
    "activity_level": "LIGHT_EXERCISE",
    "time": "2 h",
    "skill_used": "electronics",
    "difficulty": 5,
    "using": [ [ "soldering_standard", 20 ], [ "welding_standard", 5 ] ],
    "qualities": [ { "id": "SCREW_FINE", "level": 1 }, { "id": "SAW_M", "level": 1 } ],
    "components": [
      [ [ "ai_module", 1 ] ],
      [ [ "robot_controls", 1 ] ],
      [ [ "sensor_module", 1 ] ],
      [ [ "milbot_humaniform_chassis", 1 ] ],
      [ [ "afs_circuitry_1", 6 ] ],
      [ [ "afs_circuitry_2", 4 ] ],
      [ [ "afs_circuitry_3", 2 ] ],
      [ [ "afs_energy_storage_3", 2 ] ],
      [ [ "afs_energy_storage_4", 1 ] ],
      [ [ "afs_material_1", 12 ] ],
      [ [ "afs_material_2", 4 ] ],
      [ [ "targeting_module", 1 ] ],
      [ [ "gun_module", 1 ] ],
      [ [ "pathfinding_module", 1 ] ],
      [ [ "identification_module", 1 ] ]
    ]
  },
  {
    "result": "broken_milbot_40mm",
    "type": "uncraft",
    "activity_level": "LIGHT_EXERCISE",
    "time": "2 h",
    "skill_used": "electronics",
    "difficulty": 5,
    "using": [ [ "soldering_standard", 20 ], [ "welding_standard", 5 ] ],
    "qualities": [ { "id": "SCREW_FINE", "level": 1 }, { "id": "SAW_M", "level": 1 } ],
    "components": [
      [ [ "ai_module", 1 ] ],
      [ [ "robot_controls", 1 ] ],
      [ [ "sensor_module", 1 ] ],
      [ [ "milbot_base_chassis", 1 ] ],
      [ [ "afs_circuitry_1", 6 ] ],
      [ [ "afs_circuitry_2", 4 ] ],
      [ [ "afs_circuitry_3", 2 ] ],
      [ [ "afs_energy_storage_3", 2 ] ],
      [ [ "afs_energy_storage_4", 1 ] ],
      [ [ "afs_material_1", 12 ] ],
      [ [ "afs_material_2", 4 ] ],
      [ [ "targeting_module", 1 ] ],
      [ [ "gun_module", 1 ] ],
      [ [ "pathfinding_module", 1 ] ],
      [ [ "identification_module", 1 ] ]
    ]
  }
]
