[
  {
    "result": "coke",
    "type": "recipe",
    "category": "CC_CHEM",
    "subcategory": "CSC_CHEM_DRUGS",
    "skill_used": "cooking",
    "difficulty": 6,
    "time": 240000,
    "batch_time_factors": [ 95, 3 ],
    "autolearn": true,
    "qualities": [ { "id": "CUT", "level": 1 }, { "id": "CHEM", "level": 2 }, { "id": "CONTAIN", "level": 1 } ],
    "tools": [ [ [ "clay_quern", -1 ], [ "rock_quern", -1 ] ] ],
    "components": [ [ [ "cdf_coca_raw", 200 ] ], [ [ "water_clean", 2 ] ], [ [ "acid", 2 ] ], [ [ "lye_powder", 100 ] ] ]
  }
]
