[
  {
    "type": "overmap_terrain",
    "id": "road",
    "name": "road",
    "copy-from": "generic_transportation",
    "color": "dark_gray",
    "see_cost": 2,
    "extras": "road",
    "flags": [ "LINEAR" ]
  },
  {
    "type": "overmap_terrain",
    "id": "bridge",
    "copy-from": "generic_bridge",
    "color": "blue",
    "flags": [ "RAVINE" ]
  },
  {
    "type": "overmap_terrain",
    "id": "bridge_road",
    "copy-from": "generic_bridge",
    "name": "bridge structure",
    "flags": [ "RAVINE" ]
  },
  {
    "type": "overmap_terrain",
    "id": "bridgehead_ground",
    "copy-from": "generic_bridge",
    "name": "bridgehead (ground)",
    "sym": "v",
    "extras": "road",
    "flags": [ "RAVINE_EDGE" ]
  },
  {
    "type": "overmap_terrain",
    "id": "bridgehead_ramp",
    "copy-from": "generic_bridge",
    "name": "bridgehead structure",
    "sym": "^",
    "flags": [ "RAVINE_EDGE" ]
  }
]
