[
  {
    "type": "mapgen",
    "method": "json",
    "om_terrain": [ "lab_1side" ],
    "weight": 50,
    "object": {
      "fill_ter": "t_thconc_floor",
      "rows": [
        "|----------..----------|",
        "|.........|..|.........|",
        "|.........|..|.........|",
        "|.........|..|.........|",
        "|.........|..|.........|",
        "|.........+..+.........|",
        "|.........|..|.........|",
        "|.........|..|.........|",
        "|.........|..|.........|",
        "|.........|..|.........|",
        "|---------|..|---------|",
        "|HHHHHHHH|....gHHHHHHHH|",
        "|........|....g........|",
        "|.HHHHHH.|6...g.HHHHHH.|",
        "|........--LL--........|",
        "|.HHHHHH........HHHHHH.|",
        "|......................|",
        "|.HHHHHHHHH..HHHHHHHHH.|",
        "|......................|",
        "|.HHHHHHHHH..HHHHHHHHH.|",
        "|......................|",
        "|.HHHHHHHHH..HHHHHHHHH.|",
        "|......................|",
        "|----------------------|"
      ],
      "palettes": [ "lab_palette", "lab_hydrop_palette" ],
      "vendingmachines": { "1": { "item_group": "vending_drink" }, "2": { "item_group": "vending_food" } },
      "computers": {
        "6": {
          "name": "Hydroponics Entrance",
          "security": 1,
          "options": [ { "name": "UNLOCK ENTRANCE", "action": "unlock", "security": 3 } ],
          "failures": [ { "action": "damage" }, { "action": "shutdown" } ]
        }
      },
      "place_nested": [
        { "chunks": [ "lab_spawn_9x9_crossdoors" ], "x": 1, "y": 1 },
        { "chunks": [ "lab_spawn_9x9_crossdoors" ], "x": 14, "y": 1 },
        { "chunks": [ "lab_1side_border_doors" ], "x": 0, "y": 0 }
      ]
    }
  }
]
