[
  {
    "type": "mapgen",
    "method": "json",
    "om_terrain": [ "basement_bionic" ],
    "weight": 1000000,
    "object": {
      "fill_ter": "t_rock_floor",
      "rows": [
        "                        ",
        "           |----------| ",
        "           |...___....| ",
        "           |..........| ",
        "           |..~~~~~~..| ",
        " |---------|..~~~~~~..| ",
        " |...__..i|L..~~~~~~..| ",
        " |?.......|...~~~~~~..| ",
        " |/.......+L..........| ",
        " |.ccc.ccc|LL...___...| ",
        " |------------+-------| ",
        " |{{{{|bbbbbb|...rrccr| ",
        " |....|s....b|ff......| ",
        " |__..|s.t..b|...ccccc| ",
        " |....|a....b|........| ",
        " |^.!.............s..t| ",
        " |................s..t| ",
        " |%.@.............s..t| ",
        " |...............|----| ",
        " |.....|+-|++|...|&..i| ",
        " |.....|.W|..|...+...C| ",
        " |.}...|.F|.<|...|.cc*| ",
        " ---------------------- ",
        "                        "
      ],
      "palettes": [ "basement_game" ],
      "terrain": { "~": "t_water_pool" },
      "furniture": {
        "}": "f_pinball_machine",
        "*": "f_shower",
        "!": [ "f_ergometer", "f_ergometer_mechanical" ],
        "@": [ "f_treadmill", "f_treadmill_mechanical" ],
        "^": "f_exercise",
        "%": "f_floor_canvas",
        "C": "f_cupboard",
        "{": "f_bigmirror",
        "_": "f_bench",
        "L": "f_locker",
        "?": "f_autodoc_cheap",
        "/": "f_autodoc_couch",
        "F": "f_home_furnace",
        "W": "f_water_heater"
      },
      "liquids": { "W": { "liquid": "water_clean", "amount": [ 0, 100 ] } },
      "place_loot": [
        { "group": "alcohol", "x": [ 14, 15 ], "y": 12, "chance": 96, "repeat": [ 1, 2 ] },
        { "group": "fridgesnacks", "x": [ 14, 15 ], "y": 12, "chance": 80, "repeat": [ 1, 2 ] },
        { "group": "homebooks", "x": [ 7, 12 ], "y": 11, "chance": 70, "repeat": [ 1, 2 ] },
        { "group": "homebooks", "x": 12, "y": [ 12, 14 ], "chance": 70, "repeat": [ 1, 2 ] },
        { "group": "magazines", "x": 21, "y": [ 15, 17 ], "chance": 30 },
        { "group": "magazines", "x": 9, "y": 12, "chance": 30 },
        { "group": "snacks", "x": [ 16, 21 ], "y": 11, "chance": 40, "repeat": [ 1, 2 ] },
        { "group": "snacks", "x": [ 16, 21 ], "y": 13, "chance": 40, "repeat": [ 1, 2 ] },
        { "group": "softdrugs", "x": 21, "y": 20, "chance": 75, "repeat": [ 1, 2 ] },
        { "group": "cleaning", "x": 11, "y": 5, "chance": 70, "repeat": [ 1, 2 ] },
        { "group": "cleaning", "x": [ 11, 12 ], "y": 8, "chance": 70, "repeat": [ 1, 2 ] },
        { "group": "surgery", "x": [ 8, 9 ], "y": 9, "chance": 70, "repeat": [ 1, 2 ] },
        { "group": "bionics_common", "x": 7, "y": 9 },
        { "item": "anesthetic_kit", "x": 7, "y": 9, "ammo": 100 },
        { "item": "television", "x": 21, "y": 16, "chance": 95 },
        { "item": "soap", "x": 19, "y": 21, "chance": 80 },
        { "item": "towel", "x": 20, "y": 21, "chance": 80 },
        { "item": "towel", "x": 3, "y": 13, "chance": 60 },
        { "item": "stereo", "x": 2, "y": 13, "chance": 50 }
      ],
      "items": { "?": { "item": "autodoc_supplies", "chance": 100 } },
      "place_monster": [ { "monster": "mon_broken_cyborg", "x": 14, "y": 3, "chance": 100 } ]
    }
  }
]
