[
  {
    "type": "mapgen",
    "method": "json",
    "om_terrain": [ "s_gas" ],
    "weight": 500,
    "object": {
      "fill_ter": "t_floor",
      "rows": [
        "________________________",
        "________________________",
        "________________________",
        "____________G__G__G_____",
        "________________________",
        "________________________",
        "________________________",
        "________________________",
        "____________|===[=[===|_",
        "_sssssssss|V|kkk   kkk|,",
        "_||=======|||         |,",
        "_| th       +  kkkk   |,",
        "_|hth   lll |  rrrr  ñ|,",
        "_|      |||+|        ñ|,",
        "_|h h   |r  c        ñ|,",
        "_|ddd   |r  c        ñ|,",
        "_| h    |r  |  kkkk  ñ|,",
        "_||||||3|||||  kkkk   |,",
        "________:& i|        r|,",
        "________|   +  rrrr  r|,",
        "________|||||  rrrr  r|,",
        "____________3        T|,",
        "____________|||||||||||,",
        ",,,,,,,,,,,,,,,,,,,,,,,,"
      ],
      "palettes": [ "general_jc" ],
      "set": [
        { "point": "terrain", "id": "t_dirt", "x": [ 0, 23 ], "y": [ 0, 2 ], "repeat": [ 8, 10 ] },
        { "point": "terrain", "id": "t_dirt", "x": [ 0, 23 ], "y": [ 0, 4 ], "repeat": [ 8, 2 ] }
      ],
      "terrain": { "T": "t_atm" },
      "furniture": { "V": "f_vending_reinforced", "k": "f_rack" },
      "toilets": { "&": {  } },
      "gaspumps": { "G": {  } },
      "items": {
        "d": { "item": "office", "chance": 33, "repeat": [ 1, 2 ] },
        "k": { "item": "snacks", "chance": 33, "repeat": [ 1, 2 ] }
      },
      "place_loot": [
        { "item": "plut_cell", "x": 11, "y": 9, "chance": 80 },
        { "item": "plut_cell", "x": 11, "y": 9, "chance": 20, "repeat": [ 0, 1 ] },
        { "item": "plut_cell", "x": 11, "y": 9, "chance": 3, "repeat": [ 2, 5 ] },
        { "group": "behindcounter", "x": 9, "y": [ 14, 16 ], "chance": 80, "repeat": [ 0, 2 ] },
        { "group": "road", "x": [ 15, 18 ], "y": 12, "chance": 33, "repeat": [ 0, 1 ] },
        { "group": "magazines", "x": 9, "y": [ 14, 16 ], "chance": 90 },
        { "group": "softdrugs", "x": [ 15, 18 ], "y": [ 19, 20 ], "chance": 80, "repeat": [ 0, 2 ] }
      ],
      "place_monsters": [ { "monster": "GROUP_ZOMBIE", "x": [ 1, 22 ], "y": [ 1, 22 ], "density": 0.1 } ],
      "vendingmachines": { "ñ": { "item_group": "afs_vending_false_meals", "reinforced": true } }
    }
  }
]
