[
  {
    "type": "recipe",
    "activity_level": "NO_EXERCISE",
    "result": "nano_storage",
    "category": "CC_NANO",
    "subcategory": "CSC_NANO_WEAR",
    "skill_used": "fabrication",
    "difficulty": 0,
    "time": 1000,
    "reversible": true,
    "book_learn": [ [ "nanite_core_3", 1 ], [ "nanite_core_4", 1 ] ],
    "flags": [ "BLIND_EASY" ],
    "qualities": [ { "id": "NANO_PRO", "level": 3, "amount": 1 }, { "id": "NANOTECH", "level": 3, "amount": 1 } ],
    "components": [ [ [ "nanite_cluster", 800 ] ], [ [ "ai_core_blank", 1 ] ], [ [ "nanite_power_cell", 12 ] ] ]
  },
  {
    "type": "recipe",
    "activity_level": "NO_EXERCISE",
    "result": "nano_holster",
    "category": "CC_NANO",
    "subcategory": "CSC_NANO_WEAR",
    "skill_used": "fabrication",
    "difficulty": 0,
    "time": 1000,
    "reversible": true,
    "book_learn": [ [ "nanite_core_1", 1 ], [ "nanite_core_2", 1 ], [ "nanite_core_3", 1 ], [ "nanite_core_4", 1 ] ],
    "flags": [ "BLIND_EASY" ],
    "qualities": [ { "id": "NANO_PRO", "level": 1, "amount": 1 }, { "id": "NANOTECH", "level": 1, "amount": 1 } ],
    "components": [ [ [ "nanite_cluster", 400 ] ], [ [ "ai_core_blank", 1 ] ], [ [ "nanite_power_cell", 6 ] ] ]
  },
  {
    "type": "recipe",
    "activity_level": "LIGHT_EXERCISE",
    "result": "nano_blade",
    "category": "CC_NANO",
    "subcategory": "CSC_NANO_WIELD",
    "skill_used": "fabrication",
    "difficulty": 0,
    "time": 1000,
    "reversible": true,
    "book_learn": [ [ "nanite_core_1", 1 ], [ "nanite_core_2", 1 ], [ "nanite_core_3", 1 ], [ "nanite_core_4", 1 ] ],
    "flags": [ "BLIND_EASY" ],
    "qualities": [ { "id": "NANOTECH", "level": 1, "amount": 1 } ],
    "tools": [
      [
        [ "laptop", 25 ],
        [ "programming_laptop", 25 ],
        [ "nano_programmer_1", -1 ],
        [ "nano_programmer_2", -1 ],
        [ "nanofactory_3", -1 ],
        [ "nanofactory_4", -1 ]
      ]
    ],
    "components": [ [ [ "nanite_cluster", 50 ] ] ]
  },
  {
    "type": "recipe",
    "activity_level": "LIGHT_EXERCISE",
    "result": "nano_dagger",
    "category": "CC_NANO",
    "subcategory": "CSC_NANO_WIELD",
    "skill_used": "fabrication",
    "difficulty": 0,
    "time": 1000,
    "reversible": true,
    "book_learn": [ [ "nanite_core_1", 1 ], [ "nanite_core_2", 1 ], [ "nanite_core_3", 1 ], [ "nanite_core_4", 1 ] ],
    "flags": [ "BLIND_EASY" ],
    "qualities": [ { "id": "NANOTECH", "level": 1, "amount": 1 } ],
    "tools": [
      [
        [ "laptop", 25 ],
        [ "programming_laptop", 25 ],
        [ "nano_programmer_1", -1 ],
        [ "nano_programmer_2", -1 ],
        [ "nanofactory_3", -1 ],
        [ "nanofactory_4", -1 ]
      ]
    ],
    "components": [ [ [ "nanite_cluster", 25 ] ] ]
  },
  {
    "type": "recipe",
    "activity_level": "LIGHT_EXERCISE",
    "result": "nano_spear",
    "category": "CC_NANO",
    "subcategory": "CSC_NANO_WIELD",
    "skill_used": "fabrication",
    "difficulty": 0,
    "time": 1000,
    "reversible": true,
    "book_learn": [ [ "nanite_core_1", 1 ], [ "nanite_core_2", 1 ], [ "nanite_core_3", 1 ], [ "nanite_core_4", 1 ] ],
    "flags": [ "BLIND_EASY" ],
    "qualities": [ { "id": "NANO_PRO", "level": 1, "amount": 1 }, { "id": "NANOTECH", "level": 1, "amount": 1 } ],
    "components": [ [ [ "nanite_cluster", 300 ] ], [ [ "nanite_power_cell", 2 ] ] ]
  },
  {
    "type": "recipe",
    "activity_level": "LIGHT_EXERCISE",
    "result": "nano_shield",
    "category": "CC_NANO",
    "subcategory": "CSC_NANO_WEAR",
    "skill_used": "fabrication",
    "difficulty": 0,
    "time": 1000,
    "reversible": true,
    "book_learn": [ [ "nanite_core_1", 1 ], [ "nanite_core_2", 1 ], [ "nanite_core_3", 1 ], [ "nanite_core_4", 1 ] ],
    "flags": [ "BLIND_EASY" ],
    "qualities": [ { "id": "NANO_PRO", "level": 1, "amount": 1 }, { "id": "NANOTECH", "level": 1, "amount": 1 } ],
    "components": [ [ [ "nanite_cluster", 300 ] ], [ [ "ai_core_blank", 1 ] ] ]
  },
  {
    "type": "recipe",
    "activity_level": "LIGHT_EXERCISE",
    "result": "nano_sheath",
    "category": "CC_NANO",
    "subcategory": "CSC_NANO_WEAR",
    "skill_used": "fabrication",
    "difficulty": 0,
    "time": 1000,
    "reversible": true,
    "book_learn": [ [ "nanite_core_1", 1 ], [ "nanite_core_2", 1 ], [ "nanite_core_3", 1 ], [ "nanite_core_4", 1 ] ],
    "flags": [ "BLIND_EASY" ],
    "qualities": [ { "id": "NANO_PRO", "level": 1, "amount": 1 }, { "id": "NANOTECH", "level": 1, "amount": 1 } ],
    "components": [ [ [ "nanite_cluster", 400 ] ], [ [ "ai_core_blank", 1 ] ], [ [ "nanite_power_cell", 6 ] ] ]
  },
  {
    "type": "recipe",
    "activity_level": "NO_EXERCISE",
    "result": "nano_mag_holder",
    "category": "CC_NANO",
    "subcategory": "CSC_NANO_WEAR",
    "skill_used": "fabrication",
    "difficulty": 0,
    "time": 1000,
    "reversible": true,
    "book_learn": [ [ "nanite_core_1", 1 ], [ "nanite_core_2", 1 ], [ "nanite_core_3", 1 ], [ "nanite_core_4", 1 ] ],
    "flags": [ "BLIND_EASY" ],
    "qualities": [ { "id": "NANO_PRO", "level": 1, "amount": 1 }, { "id": "NANOTECH", "level": 1, "amount": 1 } ],
    "components": [ [ [ "nanite_cluster", 400 ] ], [ [ "ai_core_blank", 1 ] ], [ [ "nanite_power_cell", 6 ] ] ]
  },
  {
    "type": "recipe",
    "activity_level": "LIGHT_EXERCISE",
    "result": "nanosuit",
    "category": "CC_NANO",
    "subcategory": "CSC_NANO_WEAR",
    "skill_used": "fabrication",
    "difficulty": 0,
    "time": 1000,
    "reversible": true,
    "book_learn": [ [ "nanite_core_2", 1 ], [ "nanite_core_3", 1 ], [ "nanite_core_4", 1 ] ],
    "flags": [ "BLIND_EASY" ],
    "qualities": [ { "id": "NANO_PRO", "level": 3, "amount": 1 }, { "id": "NANOTECH", "level": 3, "amount": 1 } ],
    "components": [ [ [ "nanite_cluster", 1800 ] ], [ [ "ai_core_blank", 4 ] ], [ [ "nanite_power_cell", 40 ] ] ]
  },
  {
    "type": "recipe",
    "activity_level": "NO_EXERCISE",
    "result": "nano_container",
    "category": "CC_NANO",
    "subcategory": "CSC_NANO_WEAR",
    "skill_used": "fabrication",
    "difficulty": 0,
    "time": 1000,
    "reversible": true,
    "book_learn": [ [ "nanite_core_2", 1 ], [ "nanite_core_3", 1 ], [ "nanite_core_4", 1 ] ],
    "flags": [ "BLIND_EASY" ],
    "qualities": [ { "id": "NANO_PRO", "level": 3, "amount": 1 }, { "id": "NANOTECH", "level": 3, "amount": 1 } ],
    "components": [ [ [ "nanite_cluster", 600 ] ], [ [ "ai_core_blank", 1 ] ], [ [ "nanite_power_cell", 12 ] ] ]
  },
  {
    "type": "recipe",
    "activity_level": "LIGHT_EXERCISE",
    "result": "nano_shredder",
    "category": "CC_NANO",
    "subcategory": "CSC_NANO_WIELD",
    "skill_used": "fabrication",
    "difficulty": 0,
    "time": 1000,
    "reversible": true,
    "book_learn": [ [ "nanite_core_1", 1 ], [ "nanite_core_2", 1 ], [ "nanite_core_3", 1 ], [ "nanite_core_4", 1 ] ],
    "flags": [ "BLIND_EASY" ],
    "qualities": [ { "id": "NANO_PRO", "level": 1, "amount": 1 }, { "id": "NANOTECH", "level": 1, "amount": 1 } ],
    "components": [ [ [ "nanite_cluster", 800 ] ], [ [ "nanite_power_cell", 6 ] ] ]
  },
  {
    "type": "recipe",
    "activity_level": "LIGHT_EXERCISE",
    "result": "nano_pistol",
    "category": "CC_NANO",
    "subcategory": "CSC_NANO_WIELD",
    "skill_used": "fabrication",
    "difficulty": 0,
    "time": 1000,
    "reversible": true,
    "book_learn": [ [ "nanite_core_1", 1 ], [ "nanite_core_2", 1 ], [ "nanite_core_3", 1 ], [ "nanite_core_4", 1 ] ],
    "flags": [ "BLIND_EASY" ],
    "qualities": [ { "id": "NANO_PRO", "level": 1, "amount": 1 }, { "id": "NANOTECH", "level": 2, "amount": 1 } ],
    "components": [ [ [ "nanite_cluster", 400 ] ], [ [ "nanite_power_cell", 4 ] ] ]
  },
  {
    "type": "recipe",
    "activity_level": "LIGHT_EXERCISE",
    "result": "nano_smg",
    "category": "CC_NANO",
    "subcategory": "CSC_NANO_WIELD",
    "skill_used": "fabrication",
    "difficulty": 0,
    "time": 1000,
    "reversible": true,
    "book_learn": [ [ "nanite_core_2", 1 ], [ "nanite_core_3", 1 ], [ "nanite_core_4", 1 ] ],
    "flags": [ "BLIND_EASY" ],
    "qualities": [ { "id": "NANO_PRO", "level": 2, "amount": 1 }, { "id": "NANOTECH", "level": 3, "amount": 1 } ],
    "components": [ [ [ "nanite_cluster", 600 ] ], [ [ "nanite_power_cell", 8 ] ] ]
  },
  {
    "type": "recipe",
    "activity_level": "LIGHT_EXERCISE",
    "result": "nano_rifle",
    "category": "CC_NANO",
    "subcategory": "CSC_NANO_WIELD",
    "skill_used": "fabrication",
    "difficulty": 0,
    "time": 1000,
    "reversible": true,
    "book_learn": [ [ "nanite_core_2", 1 ], [ "nanite_core_3", 1 ], [ "nanite_core_4", 1 ] ],
    "flags": [ "BLIND_EASY" ],
    "qualities": [ { "id": "NANO_PRO", "level": 2, "amount": 1 }, { "id": "NANOTECH", "level": 3, "amount": 1 } ],
    "components": [ [ [ "nanite_cluster", 800 ] ], [ [ "nanite_power_cell", 6 ] ] ]
  },
  {
    "type": "recipe",
    "activity_level": "LIGHT_EXERCISE",
    "result": "nano_launcher",
    "category": "CC_NANO",
    "subcategory": "CSC_NANO_WIELD",
    "skill_used": "fabrication",
    "difficulty": 0,
    "time": 1000,
    "reversible": true,
    "book_learn": [ [ "nanite_core_3", 1 ], [ "nanite_core_4", 1 ] ],
    "flags": [ "BLIND_EASY" ],
    "qualities": [ { "id": "NANO_PRO", "level": 3, "amount": 1 }, { "id": "NANOTECH", "level": 4, "amount": 1 } ],
    "components": [ [ [ "nanite_cluster", 800 ] ], [ [ "nanite_power_cell", 8 ] ] ]
  }
]
