[
  {
    "id": "bandolier_rifle",
    "type": "ARMOR",
    "name": { "str": "rifle bandolier" },
    "description": "A leather bandolier for keeping rifle cartridges close to hand.",
    "weight": "140 g",
    "volume": "250 ml",
    "price": "19 USD",
    "price_postapoc": "15 USD",
    "material": [ "leather" ],
    "symbol": "[",
    "looks_like": "leather_belt",
    "color": "dark_gray",
    "pocket_data": [
      {
        "ammo_restriction": {
          "22": 16,
          "223": 16,
          "270win": 16,
          "300blk": 16,
          "5x50": 16,
          "545x39": 16,
          "3006": 16,
          "308": 16,
          "300": 16,
          "762": 16,
          "762R": 16,
          "8x40mm": 16,
          "4570": 16,
          "50": 16,
          "700nx": 16,
          "metal_rail": 16
        },
        "moves": 20
      }
    ],
    "flags": [ "WATER_FRIENDLY", "WAIST", "OVERSIZE" ],
    "armor": [ { "encumbrance": 1, "coverage": 10, "covers": [ "torso" ], "material": [ "leather" ], "material_thickness": 1 } ]
  },
  {
    "id": "bandolier_wrist",
    "type": "ARMOR",
    "name": { "str": "wrist bandolier" },
    "description": "A small fabric bandolier for rifle cartridges designed to be worn around the wrist.",
    "weight": "30 g",
    "volume": "250 ml",
    "price": "29 USD",
    "price_postapoc": 500,
    "material": [ "cotton" ],
    "symbol": "[",
    "looks_like": "leather_belt",
    "color": "dark_gray",
    "sided": true,
    "pocket_data": [
      {
        "ammo_restriction": {
          "22": 4,
          "223": 4,
          "270win": 4,
          "300blk": 4,
          "5x50": 4,
          "545x39": 4,
          "3006": 4,
          "308": 4,
          "300": 4,
          "762": 4,
          "762R": 4,
          "8x40mm": 4,
          "4570": 4,
          "50": 4,
          "700nx": 4,
          "metal_rail": 4
        },
        "moves": 20
      }
    ],
    "flags": [ "WATER_FRIENDLY", "BELTED", "ALLOWS_NATURAL_ATTACKS" ],
    "armor": [
      { "encumbrance": 1, "coverage": 5, "covers": [ "hand_l", "hand_r" ], "material": [ "cotton" ], "material_thickness": 1 }
    ]
  },
  {
    "id": "goggles_welding",
    "type": "ARMOR",
    "name": { "str": "pair of welding goggles", "str_pl": "pairs of welding goggles" },
    "copy-from": "goggles_welding",
    "description": "A dark pair of goggles.  They make seeing very difficult, but protect you from bright flashes. Use them to move to your forehead.",
    "use_action": {
      "type": "transform",
      "msg": "You moved your %s to your forehead.",
      "target": "goggles_welding_forehead",
      "menu_text": "Move to forehead"
    }
  },
  {
    "id": "goggles_welding_forehead",
    "type": "ARMOR",
    "name": { "str": "pair of welding goggles (forehead)", "str_pl": "pairs of welding goggles (forehead)" },
    "description": "A dark pair of goggles, weared on the forehead. Can't protect from bright flashes in this state. Use them to cover your eyes.",
    "weight": "153 g",
    "volume": "250 ml",
    "price": "14 USD",
    "to_hit": -3,
    "material": [ "plastic" ],
    "symbol": "[",
    "color": "dark_gray",
    "warmth": 5,
    "use_action": {
      "type": "transform",
      "msg": "You moved your %s to cover your eyes.",
      "target": "goggles_welding",
      "menu_text": "Cover the eyes"
    },
    "flags": [ "BELTED", "OVERSIZE", "ALLOWS_NATURAL_ATTACKS" ],
    "armor": [
      {
        "encumbrance": 5,
        "coverage": 15,
        "covers": [ "head" ],
        "material": [ "plastic" ],
        "material_thickness": 4,
        "environmental_protection": 6
      }
    ]
  }
]
