[
  {
    "id": "survivor_chem",
    "type": "BOOK",
    "name": { "str": "Lila's diary", "str_pl": "Lila's diary" },
    "description": "This journal belonged to Lila, survivor woman obsessed with the idea of controlling the terrors of Cataclysm and using them for her advantage. The epigraph says \"Can't defeat it? Lead it.\". The journal is damaged by acid splatter, but you still can find unique and useful information there.",
    "weight": "1700 g",
    "volume": "500 ml",
    "price": 500,
    "price_postapoc": "12500 USD",
    "material": [ "paper" ],
    "symbol": "?",
    "color": "light_green",
    "skill": "cooking",
    "required_level": 9,
    "max_level": 10,
    "intelligence": 12,
    "time": "45 m"
  },
  {
    "id": "materials_fabrication",
    "type": "BOOK",
    "copy-from": "textbook_fabrication",
    "name": { "str": "Materials and You", "str_pl": "copies of Materials and You" },
    "description": "A thick, hardbound book about properties of various common and highly advanced construction materials.",
    "required_level": 4,
    "max_level": 8,
    "time": "30 m"
  }
]
