[
  {
    "type": "AMMO",
    "id": "chem_epoxy",
    "category": "chems",
    "price": "45 USD",
    "name": { "str": "epoxy resin", "str_pl": "epoxy resin" },
    "symbol": "=",
    "color": "yellow",
    "looks_like": "motor_oil",
    "description": "Epoxy resin that can be reacted to form thermoset polymers possessing a high degree of chemical and solvent resistance, outstanding adhesion to a broad range of substrates, a low order of shrinkage on cure, impact resistance, flexibility, and good electrical properties.",
    "volume": "3750 ml",
    "weight": "30 g",
    "material": [ "alien_resin" ],
    "ammo_type": "components",
    "phase": "liquid",
    "container": "jug_plastic",
    "count": 150
  },
  {
    "type": "AMMO",
    "id": "bone_glue",
    "copy-from": "bone_glue",
    "name": { "str": "bone glue", "str_pl": "bone glue" },
    "container": "bag_plastic",
    "ammo_type": "components",
    "volume": "6 L",
    "count": 24
  }
]
