[
  {
    "id": "electric_pump",
    "type": "GUNMOD",
    "name": { "str": "electric pump", "str_pl": "electric pumps" },
    "description": "A high pressure electric pump, greatly decreases pneumatic weapon reload time, but requires UPS charges to work.",
    "weight": "120 g",
    "volume": "250 ml",
    "integral_volume": 0,
    "integral_weight": 0,
    "price": "15 USD",
    "material": [ "steel" ],
    "symbol": ":",
    "color": "dark_gray",
    "location": "mechanism",
    "mod_targets": [ "tihar", "helsing", "pneumatic_shotgun" ],
    "install_time": "30 m",
    "min_skills": [ [ "electronics", 2 ], [ "mechanics", 3 ] ],
    "ups_charges_modifier": 5,
    "reload_modifier": -95
  }
]
