[
  {
    "id": "tools_mechanic",
    "type": "item_group",
    "//": "Equipment of any size commonly used by engineers and mechanics",
    "items": [ [ "plasma_torch", 5 ], [ "lathe", 20 ], [ "press_large", 5 ] ]
  },
  {
    "id": "SUS_welding_gear",
    "type": "item_group",
    "//": "SUS item groups are collections that contain a reasonable realistic distribution of items that might spawn in a given storage furniture.",
    "//2": "This group is for a rack of welding gear.",
    "subtype": "collection",
    "items": [ [ "plasma_torch", 5 ] ]
  },
  {
    "id": "supplies_hardware",
    "type": "item_group",
    "//": "General purpose supplies for building / blue collar work.",
    "//2": "Stuff you might find in a jobsite, a hardware store, or a home workshop.",
    "items": [ [ "chem_epoxy", 15 ], [ "bone_glue", 15 ] ]
  },
  {
    "type": "item_group",
    "id": "hardware_bulk",
    "//": "large quantities of common building supplies.",
    "items": [ [ "chem_epoxy", 15 ], [ "bone_glue", 15 ] ]
  },
  {
    "id": "wood_workshop",
    "type": "item_group",
    "//": "for domestic or small trade wood working shops",
    "subtype": "collection",
    "items": [
      { "item": "chem_epoxy", "prob": 5, "charges-min": 10 },
      { "item": "bone_glue", "prob": 40, "charges-min": 5 },
      [ "press_large", 20 ]
    ]
  },
  {
    "id": "supplies_mechanics",
    "type": "item_group",
    "//": "General supplies to run a mechanics shop or do mechanical work",
    "items": [ { "item": "chem_epoxy", "prob": 15, "charges-min": 10 } ]
  },
  {
    "id": "rare",
    "type": "item_group",
    "//": "Items that should have very low frequencies and or few locations.",
    "items": [ [ "survivor_chem", 10 ] ]
  },
  {
    "id": "science",
    "type": "item_group",
    "items": [ [ "survivor_chem", 5 ] ]
  },
  {
    "id": "subway",
    "type": "item_group",
    "items": [ [ "survivor_chem", 2 ] ]
  },
  {
    "id": "cop_evidence",
    "type": "item_group",
    "items": [ [ "survivor_chem", 1 ] ]
  },
  {
    "id": "school",
    "type": "item_group",
    "items": [ [ "survivor_chem", 1 ] ]
  },
  {
    "id": "vault",
    "type": "item_group",
    "items": [ [ "survivor_chem", 5 ] ]
  },
  {
    "id": "shelter",
    "type": "item_group",
    "items": [ [ "survivor_chem", 5 ] ]
  },
  {
    "id": "hospital_lab",
    "type": "item_group",
    "items": [ [ "survivor_chem", 3 ] ]
  },
  {
    "id": "trash",
    "type": "item_group",
    "items": [ [ "survivor_chem", 1 ] ]
  },
  {
    "id": "vault_wanderer",
    "type": "item_group",
    "items": [ [ "survivor_chem", 5 ] ]
  },
  {
    "id": "homebooks",
    "type": "item_group",
    "items": [ [ "materials_fabrication", 4 ] ]
  },
  {
    "id": "textbooks_school",
    "type": "item_group",
    "items": [ [ "materials_fabrication", 12 ] ]
  },
  {
    "id": "hardware_books",
    "type": "item_group",
    "items": [ [ "materials_fabrication", 12 ] ]
  }
]
