[
  {
    "type": "recipe",
    "activity_level": "LIGHT_EXERCISE",
    "result": "radio_car",
    "category": "CC_ELECTRONIC",
    "subcategory": "CSC_ELECTRONIC_PARTS",
    "skill_used": "electronics",
    "difficulty": 5,
    "time": 15000,
    "reversible": true,
    "decomp_learn": 4,
    "book_learn": [ [ "radio_book", 3 ], [ "manual_electronics", 1 ] ],
    "qualities": [ { "id": "SCREW", "level": 1 } ],
    "tools": [ [ [ "soldering_iron", 10 ], [ "toolset", 10 ] ] ],
    "components": [
      [ [ "antenna", 1 ] ],
      [ [ "cable", 4 ] ],
      [ [ "e_scrap", 2 ] ],
      [ [ "motor_micro", 1 ] ],
      [ [ "plastic_chunk", 8 ] ],
      [ [ "receiver", 1 ] ],
      [ [ "scrap", 1 ] ]
    ]
  },
  {
    "type": "recipe",
    "activity_level": "LIGHT_EXERCISE",
    "result": "radiocontrol",
    "category": "CC_ELECTRONIC",
    "subcategory": "CSC_ELECTRONIC_PARTS",
    "skill_used": "electronics",
    "difficulty": 5,
    "time": 15000,
    "reversible": true,
    "decomp_learn": 4,
    "book_learn": [ [ "radio_book", 3 ], [ "manual_electronics", 1 ] ],
    "qualities": [ { "id": "SCREW", "level": 1 } ],
    "tools": [ [ [ "soldering_iron", 10 ], [ "toolset", 10 ] ] ],
    "components": [ [ [ "antenna", 1 ] ], [ [ "e_scrap", 2 ] ], [ [ "transponder", 1 ] ], [ [ "plastic_chunk", 1 ] ] ]
  },
  {
    "type": "recipe",
    "activity_level": "LIGHT_EXERCISE",
    "result": "chem_carbide",
    "category": "CC_OTHER",
    "subcategory": "CSC_OTHER_MATERIALS",
    "skill_used": "fabrication",
    "skills_required": [ "cooking", 4 ],
    "difficulty": 5,
    "time": 90000,
    "autolearn": true,
    "tools": [ [ [ "crucible", -1 ], [ "crucible_clay", -1 ] ], [ [ "forge", 250 ], [ "oxy_torch", 50 ] ] ],
    "components": [ [ [ "material_quicklime", 25 ] ], [ [ "charcoal", 75 ], [ "coal_lump", 75 ] ] ]
  },
  {
    "type": "recipe",
    "activity_level": "LIGHT_EXERCISE",
    "result": "tinyweldtank",
    "byproducts": [ [ "lye" ] ],
    "category": "CC_OTHER",
    "subcategory": "CSC_OTHER_MATERIALS",
    "skill_used": "fabrication",
    "skills_required": [ "cooking", 4 ],
    "difficulty": 5,
    "time": 10000,
    "autolearn": true,
    "tools": [
      [ [ "metal_tank_little", -1 ] ],
      [ [ "pump_complex", -1 ] ],
      [ [ "cu_pipe", -1 ] ],
      [ [ "smoxygen_tank", 6 ], [ "oxygen_tank", 6 ] ]
    ],
    "components": [ [ [ "chem_carbide", 100 ] ], [ [ "water_clean", 3 ] ], [ [ "tinyweldtank", 1 ] ] ]
  },
  {
    "type": "recipe",
    "activity_level": "LIGHT_EXERCISE",
    "result": "weldtank",
    "byproducts": [ [ "lye", 4 ] ],
    "category": "CC_OTHER",
    "subcategory": "CSC_OTHER_MATERIALS",
    "skill_used": "fabrication",
    "skills_required": [ "cooking", 4 ],
    "difficulty": 5,
    "time": 20000,
    "autolearn": true,
    "tools": [ [ [ "metal_tank_little", -1 ] ], [ [ "pump_complex", -1 ] ], [ [ "cu_pipe", -1 ] ], [ [ "oxygen_tank", 24 ] ] ],
    "components": [ [ [ "chem_carbide", 400 ] ], [ [ "water_clean", 12 ] ], [ [ "weldtank", 1 ] ] ]
  },
  {
    "result": "plasma_torch",
    "activity_level": "LIGHT_EXERCISE",
    "type": "recipe",
    "category": "CC_OTHER",
    "subcategory": "CSC_OTHER_TOOLS",
    "skill_used": "fabrication",
    "skills_required": [ [ "electronics", 5 ], [ "mechanics", 4 ] ],
    "difficulty": 7,
    "time": 60000,
    "reversible": true,
    "decomp_learn": 6,
    "book_learn": [ [ "welding_book", 7 ] ],
    "using": [ [ "welding_standard", 10 ], [ "soldering_standard", 5 ] ],
    "tools": [ [ [ "lathe", 50 ] ] ],
    "qualities": [
      { "id": "HAMMER", "level": 3 },
      { "id": "HAMMER_FINE", "level": 1 },
      { "id": "SCREW", "level": 1 },
      { "id": "SCREW_FINE", "level": 1 },
      { "id": "WRENCH", "level": 1 },
      { "id": "WRENCH_FINE", "level": 1 },
      { "id": "GLARE", "level": 1 }
    ],
    "components": [
      [ [ "welder", 1 ] ],
      [ [ "pump_complex", 1 ] ],
      [ [ "cu_pipe", 1 ] ],
      [ [ "power_supply", 4 ] ],
      [ [ "amplifier", 4 ] ],
      [ [ "jumper_cable", 1 ] ],
      [ [ "hose", 1 ] ],
      [ [ "solder_wire", 40 ] ],
      [ [ "scrap", 20 ] ]
    ]
  },
  {
    "type": "recipe",
    "activity_level": "LIGHT_EXERCISE",
    "result": "lathe",
    "category": "CC_OTHER",
    "subcategory": "CSC_OTHER_TOOLS",
    "skill_used": "fabrication",
    "skills_required": [ [ "mechanics", 3 ], [ "electronics", 2 ] ],
    "difficulty": 6,
    "time": "6 h",
    "reversible": true,
    "book_learn": [ [ "textbook_fabrication", 5 ], [ "reference_fabrication1", 5 ], [ "manual_fabrication", 5 ] ],
    "qualities": [ { "id": "SAW_M", "level": 2 }, { "id": "SCREW", "level": 1 }, { "id": "WRENCH", "level": 1 } ],
    "using": [ [ "welding_standard", 20 ], [ "soldering_standard", 40 ], [ "blacksmithing_standard", 20 ] ],
    "components": [
      [ [ "e_scrap", 8 ] ],
      [ [ "hdframe", 1 ] ],
      [ [ "steel_lump", 5 ], [ "steel_chunk", 20 ], [ "scrap", 60 ] ],
      [ [ "cable", 20 ] ],
      [ [ "power_supply", 2 ] ],
      [ [ "motor", 1 ] ]
    ]
  },
  {
    "type": "recipe",
    "activity_level": "LIGHT_EXERCISE",
    "result": "welder",
    "category": "CC_OTHER",
    "subcategory": "CSC_OTHER_TOOLS",
    "skill_used": "electronics",
    "skills_required": [ [ "mechanics", 3 ], [ "fabrication", 4 ] ],
    "difficulty": 6,
    "time": 120000,
    "reversible": true,
    "decomp_learn": 5,
    "book_learn": [ [ "manual_electronics", 6 ], [ "advanced_electronics", 6 ], [ "welding_book", 6 ] ],
    "using": [ [ "soldering_standard", 10 ] ],
    "qualities": [ { "id": "SCREW_FINE", "level": 1 } ],
    "components": [
      [ [ "power_supply", 6 ] ],
      [ [ "amplifier", 6 ] ],
      [ [ "pilot_light", 1 ] ],
      [ [ "solder_wire", 20 ] ],
      [ [ "e_scrap", 6 ] ],
      [ [ "jumper_cable", 1 ] ],
      [ [ "scrap", 10 ] ]
    ]
  },
  {
    "type": "recipe",
    "activity_level": "LIGHT_EXERCISE",
    "result": "elec_razor",
    "category": "CC_ELECTRONIC",
    "subcategory": "CSC_ELECTRONIC_TOOLS",
    "skill_used": "fabrication",
    "skills_required": [ "electronics", 1 ],
    "difficulty": 3,
    "time": 20000,
    "reversible": true,
    "book_learn": [
      [ "advanced_electronics", 4 ],
      [ "textbook_electronics", 3 ],
      [ "textbook_fabrication", 3 ],
      [ "manual_fabrication", 4 ]
    ],
    "using": [ [ "soldering_standard", 10 ], [ "surface_heat", 10 ] ],
    "qualities": [ { "id": "SCREW", "level": 1 } ],
    "tools": [ [ [ "mold_plastic", -1 ] ] ],
    "components": [ [ [ "razor_blade", 1 ] ], [ [ "motor_micro", 1 ] ], [ [ "power_supply", 1 ] ], [ [ "plastic_chunk", 1 ] ] ]
  },
  {
    "type": "recipe",
    "activity_level": "LIGHT_EXERCISE",
    "result": "multi_cooker",
    "category": "CC_ELECTRONIC",
    "subcategory": "CSC_ELECTRONIC_TOOLS",
    "skill_used": "electronics",
    "difficulty": 6,
    "time": 180000,
    "reversible": true,
    "book_learn": [ [ "advanced_electronics", 5 ], [ "textbook_electronics", 5 ] ],
    "using": [ [ "soldering_standard", 10 ], [ "surface_heat", 10 ] ],
    "qualities": [ { "id": "SCREW", "level": 1 } ],
    "tools": [ [ [ "mold_plastic", -1 ] ] ],
    "components": [
      [ [ "processor", 1 ] ],
      [ [ "RAM", 1 ] ],
      [ [ "cable", 8 ] ],
      [ [ "element", 4 ] ],
      [ [ "amplifier", 1 ] ],
      [ [ "power_supply", 4 ] ],
      [ [ "plastic_chunk", 12 ] ],
      [ [ "e_scrap", 4 ] ],
      [ [ "scrap", 10 ] ]
    ]
  },
  {
    "type": "recipe",
    "activity_level": "LIGHT_EXERCISE",
    "result": "power_armor_basic",
    "category": "CC_ARMOR",
    "subcategory": "CSC_ARMOR_SUIT",
    "skill_used": "fabrication",
    "difficulty": 10,
    "skills_required": [ "electronics", 10 ],
    "time": 160000,
    "autolearn": true,
    "using": [ [ "soldering_standard", 10 ], [ "welding_standard", 10 ] ],
    "qualities": [ { "id": "SCREW", "level": 1 }, { "id": "WRENCH", "level": 1 } ],
    "tools": [ [ [ "toolset", -1 ] ] ],
    "components": [
      [ [ "depowered_armor", 1 ] ],
      [ [ "power_supply", 6 ] ],
      [ [ "element", 2 ] ],
      [ [ "cable", 12 ] ],
      [ [ "circuit", 6 ] ],
      [ [ "transponder", 1 ] ]
    ]
  },
  {
    "type": "recipe",
    "activity_level": "LIGHT_EXERCISE",
    "result": "power_armor_helmet_basic",
    "category": "CC_ARMOR",
    "subcategory": "CSC_ARMOR_HEAD",
    "skill_used": "fabrication",
    "difficulty": 10,
    "skills_required": [ "electronics", 10 ],
    "time": 160000,
    "autolearn": true,
    "using": [ [ "soldering_standard", 10 ], [ "welding_standard", 10 ] ],
    "qualities": [ { "id": "SCREW", "level": 1 }, { "id": "WRENCH", "level": 1 } ],
    "tools": [ [ [ "toolset", -1 ] ] ],
    "components": [
      [ [ "depowered_helmet", 1 ] ],
      [ [ "power_supply", 1 ] ],
      [ [ "element", 1 ] ],
      [ [ "small_lcd_screen", 2 ] ],
      [ [ "circuit", 2 ] ],
      [ [ "RAM", 1 ] ]
    ]
  },
  {
    "type": "recipe",
    "activity_level": "LIGHT_EXERCISE",
    "result": "bio_power_armor_interface",
    "category": "CC_ELECTRONIC",
    "subcategory": "CSC_ELECTRONIC_CBMS",
    "skill_used": "electronics",
    "difficulty": 8,
    "skills_required": [ [ "mechanics", 8 ], [ "fabrication", 8 ] ],
    "time": 160000,
    "book_learn": [ [ "recipe_lab_elec", 8 ], [ "recipe_mil_augs", 8 ] ],
    "using": [ [ "soldering_standard", 20 ] ],
    "qualities": [ { "id": "SCREW", "level": 1 }, { "id": "SCREW_FINE", "level": 1 } ],
    "tools": [ [ [ "toolset", -1 ] ] ],
    "components": [ [ [ "bio_ups", 1 ] ], [ [ "power_supply", 6 ] ], [ [ "element", 2 ] ], [ [ "circuit", 6 ] ] ]
  },
  {
    "type": "recipe",
    "activity_level": "LIGHT_EXERCISE",
    "result": "bio_power_armor_interface_mkII",
    "category": "CC_ELECTRONIC",
    "subcategory": "CSC_ELECTRONIC_CBMS",
    "skill_used": "electronics",
    "difficulty": 10,
    "skills_required": [ [ "mechanics", 8 ], [ "fabrication", 10 ] ],
    "time": 160000,
    "book_learn": [ [ "recipe_lab_elec", 9 ], [ "recipe_mil_augs", 9 ] ],
    "using": [ [ "soldering_standard", 20 ] ],
    "qualities": [ { "id": "SCREW", "level": 1 }, { "id": "SCREW_FINE", "level": 1 } ],
    "tools": [ [ [ "toolset", -1 ] ] ],
    "components": [ [ [ "bio_power_armor_interface", 1 ] ], [ [ "power_supply", 6 ] ], [ [ "element", 2 ] ], [ [ "circuit", 6 ] ] ]
  },
  {
    "type": "recipe",
    "activity_level": "LIGHT_EXERCISE",
    "result": "plasma_slug",
    "category": "CC_AMMO",
    "subcategory": "CSC_AMMO_OTHER",
    "skill_used": "fabrication",
    "difficulty": 4,
    "time": 60000,
    "autolearn": true,
    "tools": [ [ [ "mold_plastic", -1 ] ], [ [ "surface_heat", 15, "LIST" ] ] ],
    "components": [ [ [ "plastic_chunk", 1 ] ], [ [ "chem_aluminium_powder", 10 ], [ "aluminum_foil", 10 ] ] ]
  },
  {
    "result": "press_large",
    "activity_level": "LIGHT_EXERCISE",
    "type": "recipe",
    "category": "CC_OTHER",
    "subcategory": "CSC_OTHER_TOOLS",
    "skill_used": "fabrication",
    "skills_required": [ [ "mechanics", 2 ] ],
    "difficulty": 4,
    "time": 45000,
    "autolearn": [ [ "fabrication", 5 ] ],
    "reversible": true,
    "book_learn": [ [ "101_carpentry", 4 ], [ "manual_carpentry", 4 ], [ "carpentry_book", 4 ] ],
    "using": [ [ "welding_standard", 5 ] ],
    "qualities": [ { "id": "HAMMER", "level": 3 }, { "id": "WRENCH", "level": 1 } ],
    "components": [
      [ [ "steel_plate", 4 ] ],
      [ [ "pipe", 10 ] ],
      [ [ "sheet_metal_small", 6 ] ],
      [ [ "jack_small", 2 ], [ "jack", 2 ], [ "jack_makeshift", 2 ] ]
    ]
  },
  {
    "type": "recipe",
    "activity_level": "LIGHT_EXERCISE",
    "result": "wood_sheet",
    "category": "CC_OTHER",
    "subcategory": "CSC_OTHER_MATERIALS",
    "skill_used": "fabrication",
    "difficulty": 3,
    "time": 30000,
    "autolearn": [ [ "fabrication", 4 ] ],
    "book_learn": [ [ "101_carpentry", 3 ], [ "manual_carpentry", 3 ], [ "carpentry_book", 3 ] ],
    "tools": [ [ [ "press_large", -1 ] ] ],
    "components": [ [ [ "splinter", 40 ] ], [ [ "superglue", 150 ], [ "bone_glue", 150 ], [ "chem_epoxy", 150 ] ] ]
  }
]
