[
  {
    "id": "welding_standard",
    "type": "requirement",
    "//": "Crafting or repair of steel items or installation of vehicle parts",
    "qualities": [ { "id": "GLARE", "level": 1 } ],
    "tools": [ [ [ "welder", 10 ], [ "plasma_torch", 10 ], [ "welder_crude", 15 ], [ "toolset", 15 ], [ "oxy_torch", 2 ] ] ]
  },
  {
    "id": "adhesive",
    "type": "requirement",
    "//": "Materials used for joining (typically non-metallic) parts",
    "components": [ [ [ "duct_tape", 25 ], [ "superglue", 1 ], [ "bone_glue", 1 ], [ "chem_epoxy", 1 ] ] ]
  }
]
