[
  {
    "id": "bio_nanite_spawning",
    "type": "TOOL",
    "category": "spare_parts",
    "name": { "str": "nanite growth chamber (active)" },
    "description": "A container full of materials and a small cluster of bio-compatible nanites programmed to replicate.  After they finish, they will enter an idle state and be ready to be removed.",
    "weight": "6000 g",
    "volume": "60 L",
    "price": "0 cent",
    "price_postapoc": "0 cent",
    "to_hit": -2,
    "material": [ "steel" ],
    "symbol": ",",
    "color": "brown",
    "use_action": {
      "target": "bio_nanite_spawned",
      "msg": "The bio-compatible nanites gather into a cluster for easy removal.",
      "moves": 150,
      "type": "delayed_transform",
      "transform_age": 43200,
      "not_ready_msg": "Spawning is not yet complete."
    },
    "flags": [ "TRADER_AVOID", "NO_SALVAGE" ]
  },
  {
    "id": "bio_nanite_spawned",
    "type": "TOOL",
    "category": "spare_parts",
    "name": { "str": "nanite growth chamber (complete)" },
    "description": "A container full of bio-compatible nanites that have entered an idle state and are ready to be removed. (Disassemble to recover)",
    "weight": "6000 g",
    "volume": "60 L",
    "price": "0 cent",
    "price_postapoc": "0 cent",
    "to_hit": -2,
    "material": [ "steel" ],
    "symbol": ",",
    "color": "brown",
    "flags": [ "TRADER_AVOID", "NO_SALVAGE" ]
  },
  {
    "id": "nanite_cluster",
    "type": "AMMO",
    "symbol": ";",
    "color": "green",
    "name": { "str": "nanites", "str_pl": "nanites" },
    "description": "Batch of inactive nanites.",
    "looks_like": "slime_scrap",
    "price": "120 USD",
    "price_postapoc": "50 USD",
    "material": [ "nanite" ],
    "ammo_type": "nanite",
    "damage": { "damage_type": "bullet", "amount": 0, "armor_penetration": 0 },
    "range": 0,
    "dispersion": 0,
    "recoil": 0,
    "count": 100,
    "stack_size": 100,
    "weight": "1 g",
    "volume": "100ml",
    "effects": [ "NEVER_MISFIRES" ],
    "flags": [ "TRADER_AVOID" ]
  },
  {
    "id": "bio_nanites",
    "type": "AMMO",
    "symbol": ";",
    "color": "green",
    "name": { "str": "bio-compatible nanites", "str_pl": "bio-compatible nanites" },
    "description": "Batch of inactive bio-compatible nanites.",
    "looks_like": "slime_scrap",
    "price": "120 USD",
    "price_postapoc": "50 USD",
    "material": [ "nanite" ],
    "ammo_type": "nanite",
    "damage": { "damage_type": "bullet", "amount": 0, "armor_penetration": 0 },
    "range": 0,
    "dispersion": 0,
    "recoil": 0,
    "count": 100,
    "stack_size": 100,
    "weight": "1 g",
    "volume": "100ml",
    "effects": [ "NOGIB", "NEVER_MISFIRES" ],
    "flags": [ "TRADER_AVOID" ]
  }
]
