[
  {
    "type": "recipe",
    "activity_level": "LIGHT_EXERCISE",
    "result": "power_armor_basic",
    "category": "CC_ARMOR",
    "subcategory": "CSC_ARMOR_SUIT",
    "skill_used": "fabrication",
    "difficulty": 10,
    "skills_required": [ "electronics", 10 ],
    "time": 160000,
    "autolearn": true,
    "using": [ [ "soldering_standard", 10 ], [ "welding_standard", 10 ] ],
    "qualities": [ { "id": "SCREW", "level": 1 }, { "id": "WRENCH", "level": 1 } ],
    "tools": [ [ [ "toolset", -1 ] ] ],
    "components": [
      [ [ "depowered_armor", 1 ] ],
      [ [ "power_supply", 6 ] ],
      [ [ "element", 2 ] ],
      [ [ "cable", 12 ] ],
      [ [ "circuit", 6 ] ],
      [ [ "transponder", 1 ] ]
    ]
  },
  {
    "type": "recipe",
    "activity_level": "LIGHT_EXERCISE",
    "result": "power_armor_helmet_basic",
    "category": "CC_ARMOR",
    "subcategory": "CSC_ARMOR_HEAD",
    "skill_used": "fabrication",
    "difficulty": 10,
    "skills_required": [ "electronics", 10 ],
    "time": 160000,
    "autolearn": true,
    "using": [ [ "soldering_standard", 10 ], [ "welding_standard", 10 ] ],
    "qualities": [ { "id": "SCREW", "level": 1 }, { "id": "WRENCH", "level": 1 } ],
    "tools": [ [ [ "toolset", -1 ] ] ],
    "components": [
      [ [ "depowered_helmet", 1 ] ],
      [ [ "power_supply", 1 ] ],
      [ [ "element", 1 ] ],
      [ [ "small_lcd_screen", 2 ] ],
      [ [ "circuit", 2 ] ],
      [ [ "RAM", 1 ] ]
    ]
  }
]
