[
  {
    "type": "recipe",
    "activity_level": "LIGHT_EXERCISE",
    "result": "chem_epoxy",
    "charges": 150,
    "id_suffix": "from_resin_chunk",
    "category": "CC_CHEM",
    "subcategory": "CSC_CHEM_OTHER",
    "skill_used": "cooking",
    "difficulty": 10,
    "time": "1 h",
    "batch_time_factors": [ 80, 20 ],
    "reversible": false,
    "autolearn": false,
    "book_learn": [ [ "survivor_chem", 10 ] ],
    "qualities": [ { "id": "CHEM", "level": 3 }, { "id": "SEPARATE", "level": 1 }, { "id": "FINE_DISTILL", "level": 1 } ],
    "using": [ [ "surface_heat", 100, "LIST" ] ],
    "components": [ [ [ "resin_chunk", 15 ] ], [ [ "acid", 1 ] ], [ [ "ammonia", 20 ] ], [ [ "oxy_powder", 100 ] ] ]
  },
  {
    "type": "recipe",
    "activity_level": "LIGHT_EXERCISE",
    "result": "chem_epoxy",
    "charges": 1000,
    "id_suffix": "from_alien_pod",
    "category": "CC_CHEM",
    "subcategory": "CSC_CHEM_OTHER",
    "skill_used": "cooking",
    "difficulty": 10,
    "time": "3 h",
    "batch_time_factors": [ 80, 20 ],
    "reversible": false,
    "autolearn": false,
    "book_learn": [ [ "survivor_chem", 10 ] ],
    "qualities": [ { "id": "CHEM", "level": 3 }, { "id": "SEPARATE", "level": 1 }, { "id": "FINE_DISTILL", "level": 1 } ],
    "using": [ [ "surface_heat", 600, "LIST" ] ],
    "components": [ [ [ "alien_pod_resin", 1 ] ] ]
  },
  {
    "result": "bone_glue",
    "activity_level": "LIGHT_EXERCISE",
    "type": "recipe",
    "category": "CC_CHEM",
    "subcategory": "CSC_CHEM_OTHER",
    "id_suffix": "EE_recipes",
    "skill_used": "survival",
    "difficulty": 2,
    "skills_required": [ "cooking", 2 ],
    "time": "30 m",
    "batch_time_factors": [ 80, 20 ],
    "charges": 1,
    "autolearn": true,
    "book_learn": [ [ "recipe_arrows", 1 ], [ "textbook_survival", 1 ], [ "survival_book", 1 ] ],
    "qualities": [ { "id": "COOK", "level": 2 } ],
    "tools": [ [ [ "surface_heat", 3, "LIST" ] ] ],
    "components": [ [ [ "water", 1 ], [ "water_clean", 1 ] ], [ [ "bone", 10 ], [ "bone_human", 10 ], [ "bone_tainted", 20 ] ] ]
  },
  {
    "type": "recipe",
    "activity_level": "LIGHT_EXERCISE",
    "result": "oxygen",
    "category": "CC_OTHER",
    "subcategory": "CSC_OTHER_MATERIALS",
    "difficulty": 0,
    "time": "1 s",
    "reversible": false,
    "autolearn": true,
    "tools": [ [ [ "smoxygen_tank", 1 ], [ "oxygen_tank", 1 ], [ "oxygen_cylinder", 1 ] ] ],
    "flags": [ "BLIND_EASY" ]
  }
]
