[
  {
    "type": "recipe",
    "activity_level": "LIGHT_EXERCISE",
    "result": "electric_pump",
    "category": "CC_WEAPON",
    "subcategory": "CSC_WEAPON_MODS",
    "skill_used": "mechanics",
    "skills_required": [ [ "electronics", 3 ] ],
    "difficulty": 6,
    "time": "40 m",
    "reversible": true,
    "autolearn": true,
    "qualities": [ { "id": "SAW_M_FINE", "level": 1 }, { "id": "SCREW_FINE", "level": 1 }, { "id": "WRENCH_FINE", "level": 1 } ],
    "using": [ [ "soldering_standard", 10 ] ],
    "components": [
      [ [ "pump_complex", 1 ] ],
      [ [ "e_scrap", 2 ] ],
      [ [ "scrap", 5 ] ],
      [ [ "plastic_chunk", 1 ] ],
      [ [ "cu_pipe", 1 ] ],
      [ [ "power_supply", 1 ] ]
    ]
  }
]
