[
  {
    "type": "recipe",
    "activity_level": "LIGHT_EXERCISE",
    "result": "wood_sheet",
    "id_suffix": "from_splinter",
    "category": "CC_OTHER",
    "subcategory": "CSC_OTHER_MATERIALS",
    "skill_used": "fabrication",
    "difficulty": 3,
    "time": 30000,
    "autolearn": [ [ "fabrication", 4 ] ],
    "book_learn": [ [ "101_carpentry", 3 ], [ "manual_carpentry", 3 ], [ "materials_fabrication", 3 ] ],
    "tools": [ [ [ "press_large", -1 ] ] ],
    "components": [ [ [ "splinter", 40 ] ], [ [ "superglue", 150 ], [ "bone_glue", 150 ], [ "chem_epoxy", 150 ] ] ]
  }
]
