[
  {
    "type": "recipe",
    "activity_level": "LIGHT_EXERCISE",
    "result": "radio_car",
    "category": "CC_ELECTRONIC",
    "subcategory": "CSC_ELECTRONIC_PARTS",
    "skill_used": "electronics",
    "difficulty": 5,
    "time": 15000,
    "reversible": true,
    "decomp_learn": 4,
    "book_learn": [ [ "radio_book", 3 ], [ "manual_electronics", 1 ] ],
    "qualities": [ { "id": "SCREW", "level": 1 } ],
    "tools": [ [ [ "soldering_iron", 10 ], [ "toolset", 10 ] ] ],
    "components": [
      [ [ "antenna", 1 ] ],
      [ [ "cable", 4 ] ],
      [ [ "e_scrap", 2 ] ],
      [ [ "motor_micro", 1 ] ],
      [ [ "plastic_chunk", 8 ] ],
      [ [ "receiver", 1 ] ],
      [ [ "scrap", 1 ] ]
    ]
  },
  {
    "type": "recipe",
    "activity_level": "LIGHT_EXERCISE",
    "result": "radiocontrol",
    "category": "CC_ELECTRONIC",
    "subcategory": "CSC_ELECTRONIC_PARTS",
    "skill_used": "electronics",
    "difficulty": 5,
    "time": 15000,
    "reversible": true,
    "decomp_learn": 4,
    "book_learn": [ [ "radio_book", 3 ], [ "manual_electronics", 1 ] ],
    "qualities": [ { "id": "SCREW", "level": 1 } ],
    "tools": [ [ [ "soldering_iron", 10 ], [ "toolset", 10 ] ] ],
    "components": [ [ [ "antenna", 1 ] ], [ [ "e_scrap", 2 ] ], [ [ "transponder", 1 ] ], [ [ "plastic_chunk", 1 ] ] ]
  },
  {
    "type": "recipe",
    "activity_level": "LIGHT_EXERCISE",
    "result": "bio_power_armor_interface",
    "category": "CC_ELECTRONIC",
    "subcategory": "CSC_ELECTRONIC_CBMS",
    "skill_used": "electronics",
    "difficulty": 8,
    "skills_required": [ [ "mechanics", 8 ], [ "fabrication", 8 ] ],
    "time": 160000,
    "book_learn": [ [ "recipe_lab_elec", 8 ], [ "recipe_mil_augs", 8 ] ],
    "using": [ [ "soldering_standard", 20 ] ],
    "qualities": [ { "id": "SCREW", "level": 1 }, { "id": "SCREW_FINE", "level": 1 } ],
    "tools": [ [ [ "toolset", -1 ] ] ],
    "components": [ [ [ "bio_ups", 1 ] ], [ [ "power_supply", 6 ] ], [ [ "element", 2 ] ], [ [ "circuit", 6 ] ] ]
  },
  {
    "type": "recipe",
    "activity_level": "LIGHT_EXERCISE",
    "result": "bio_power_armor_interface_mkII",
    "category": "CC_ELECTRONIC",
    "subcategory": "CSC_ELECTRONIC_CBMS",
    "skill_used": "electronics",
    "difficulty": 10,
    "skills_required": [ [ "mechanics", 8 ], [ "fabrication", 10 ] ],
    "time": 160000,
    "book_learn": [ [ "recipe_lab_elec", 9 ], [ "recipe_mil_augs", 9 ] ],
    "using": [ [ "soldering_standard", 20 ] ],
    "qualities": [ { "id": "SCREW", "level": 1 }, { "id": "SCREW_FINE", "level": 1 } ],
    "tools": [ [ [ "toolset", -1 ] ] ],
    "components": [ [ [ "bio_power_armor_interface", 1 ] ], [ [ "power_supply", 6 ] ], [ [ "element", 2 ] ], [ [ "circuit", 6 ] ] ]
  }
]
