[
  {
    "result": "plasma_torch",
    "activity_level": "LIGHT_EXERCISE",
    "type": "recipe",
    "category": "CC_OTHER",
    "subcategory": "CSC_OTHER_TOOLS",
    "skill_used": "fabrication",
    "skills_required": [ [ "electronics", 5 ], [ "mechanics", 4 ] ],
    "difficulty": 7,
    "time": 60000,
    "reversible": true,
    "decomp_learn": 6,
    "book_learn": [ [ "welding_book", 7 ] ],
    "using": [ [ "welding_standard", 10 ], [ "soldering_standard", 5 ] ],
    "tools": [ [ [ "lathe", 50 ] ] ],
    "qualities": [
      { "id": "HAMMER", "level": 3 },
      { "id": "HAMMER_FINE", "level": 1 },
      { "id": "SCREW", "level": 1 },
      { "id": "SCREW_FINE", "level": 1 },
      { "id": "WRENCH", "level": 1 },
      { "id": "WRENCH_FINE", "level": 1 },
      { "id": "GLARE", "level": 1 }
    ],
    "components": [
      [ [ "welder", 1 ] ],
      [ [ "pump_complex", 1 ] ],
      [ [ "cu_pipe", 1 ] ],
      [ [ "power_supply", 4 ] ],
      [ [ "amplifier", 4 ] ],
      [ [ "jumper_cable", 1 ] ],
      [ [ "hose", 1 ] ],
      [ [ "solder_wire", 40 ] ],
      [ [ "scrap", 20 ] ]
    ]
  },
  {
    "type": "recipe",
    "activity_level": "LIGHT_EXERCISE",
    "result": "lathe",
    "category": "CC_OTHER",
    "subcategory": "CSC_OTHER_TOOLS",
    "skill_used": "fabrication",
    "skills_required": [ [ "mechanics", 3 ], [ "electronics", 2 ] ],
    "difficulty": 6,
    "time": "6 h",
    "reversible": true,
    "book_learn": [
      [ "textbook_fabrication", 5 ],
      [ "reference_fabrication1", 5 ],
      [ "manual_fabrication", 5 ],
      [ "materials_fabrication", 5 ]
    ],
    "qualities": [ { "id": "SAW_M", "level": 2 }, { "id": "SCREW", "level": 1 }, { "id": "WRENCH", "level": 1 } ],
    "using": [ [ "welding_standard", 20 ], [ "soldering_standard", 40 ], [ "blacksmithing_standard", 20 ] ],
    "components": [
      [ [ "e_scrap", 8 ] ],
      [ [ "hdframe", 1 ] ],
      [ [ "steel_lump", 5 ], [ "steel_chunk", 20 ], [ "scrap", 60 ] ],
      [ [ "cable", 20 ] ],
      [ [ "power_supply", 2 ] ],
      [ [ "motor", 1 ] ]
    ]
  },
  {
    "type": "recipe",
    "activity_level": "LIGHT_EXERCISE",
    "result": "welder",
    "category": "CC_ELECTRONIC",
    "subcategory": "CSC_ELECTRONIC_TOOLS",
    "skill_used": "electronics",
    "skills_required": [ [ "mechanics", 3 ], [ "fabrication", 4 ] ],
    "difficulty": 6,
    "time": 120000,
    "reversible": true,
    "decomp_learn": 5,
    "book_learn": [ [ "manual_electronics", 6 ], [ "advanced_electronics", 6 ], [ "welding_book", 6 ] ],
    "using": [ [ "soldering_standard", 10 ] ],
    "qualities": [ { "id": "SCREW_FINE", "level": 1 } ],
    "components": [
      [ [ "power_supply", 6 ] ],
      [ [ "amplifier", 6 ] ],
      [ [ "pilot_light", 1 ] ],
      [ [ "solder_wire", 20 ] ],
      [ [ "e_scrap", 6 ] ],
      [ [ "jumper_cable", 1 ] ],
      [ [ "scrap", 10 ] ]
    ]
  },
  {
    "type": "recipe",
    "activity_level": "LIGHT_EXERCISE",
    "result": "elec_razor",
    "category": "CC_ELECTRONIC",
    "subcategory": "CSC_ELECTRONIC_TOOLS",
    "skill_used": "fabrication",
    "skills_required": [ "electronics", 1 ],
    "difficulty": 3,
    "time": 20000,
    "reversible": true,
    "book_learn": [
      [ "advanced_electronics", 4 ],
      [ "textbook_electronics", 3 ],
      [ "textbook_fabrication", 3 ],
      [ "manual_fabrication", 4 ]
    ],
    "using": [ [ "soldering_standard", 10 ], [ "surface_heat", 10 ] ],
    "qualities": [ { "id": "SCREW", "level": 1 } ],
    "tools": [ [ [ "mold_plastic", -1 ] ] ],
    "components": [ [ [ "razor_blade", 1 ] ], [ [ "motor_micro", 1 ] ], [ [ "power_supply", 1 ] ], [ [ "plastic_chunk", 1 ] ] ]
  },
  {
    "type": "recipe",
    "activity_level": "LIGHT_EXERCISE",
    "result": "multi_cooker",
    "category": "CC_ELECTRONIC",
    "subcategory": "CSC_ELECTRONIC_TOOLS",
    "skill_used": "electronics",
    "difficulty": 6,
    "time": 180000,
    "reversible": true,
    "book_learn": [ [ "advanced_electronics", 5 ], [ "textbook_electronics", 5 ] ],
    "using": [ [ "soldering_standard", 10 ], [ "surface_heat", 10 ] ],
    "qualities": [ { "id": "SCREW", "level": 1 } ],
    "tools": [ [ [ "mold_plastic", -1 ] ] ],
    "components": [
      [ [ "processor", 1 ] ],
      [ [ "RAM", 1 ] ],
      [ [ "cable", 8 ] ],
      [ [ "element", 4 ] ],
      [ [ "amplifier", 1 ] ],
      [ [ "power_supply", 4 ] ],
      [ [ "plastic_chunk", 12 ] ],
      [ [ "e_scrap", 4 ] ],
      [ [ "scrap", 10 ] ]
    ]
  },
  {
    "result": "press_large",
    "activity_level": "LIGHT_EXERCISE",
    "type": "recipe",
    "category": "CC_OTHER",
    "subcategory": "CSC_OTHER_TOOLS",
    "skill_used": "fabrication",
    "skills_required": [ [ "mechanics", 2 ] ],
    "difficulty": 4,
    "time": 45000,
    "autolearn": [ [ "fabrication", 5 ] ],
    "reversible": true,
    "book_learn": [ [ "101_carpentry", 4 ], [ "manual_carpentry", 4 ], [ "carpentry_book", 4 ], [ "materials_fabrication", 4 ] ],
    "using": [ [ "welding_standard", 5 ] ],
    "qualities": [ { "id": "HAMMER", "level": 3 }, { "id": "WRENCH", "level": 1 } ],
    "components": [
      [ [ "steel_plate", 4 ] ],
      [ [ "pipe", 10 ] ],
      [ [ "sheet_metal_small", 6 ] ],
      [ [ "jack_small", 2 ], [ "jack", 2 ], [ "jack_makeshift", 2 ] ]
    ]
  }
]
