[
  {
    "type": "recipe",
    "result": "atomic_irish_coffee",
    "category": "CC_FOOD",
    "subcategory": "CSC_FOOD_DRINKS",
    "skill_used": "cooking",
    "difficulty": 1,
    "time": "7 m",
    "charges": 1,
    "autolearn": true,
    "flags": [ "BLIND_HARD" ],
    "components": [
      [ [ "sugar", 6 ] ],
      [ [ "whiskey", 1 ], [ "single_malt_whiskey", 1 ], [ "single_pot_whiskey", 1 ], [ "canadian_whiskey", 1 ] ],
      [ [ "atomic_coffee", 1 ] ],
      [ [ "milk_standard", 1, "LIST" ], [ "con_milk", 1 ] ]
    ]
  }
]