[
  {
    "result": "handloaded_762ec",
    "type": "recipe",
    "category": "CC_AMMO",
    "subcategory": "CSC_AMMO_RIFLE",
    "skill_used": "fabrication",
    "difficulty": 7,
    "skills_required": [ "gun", 5 ],
    "time": "2 m",
    "batch_time_factors": [ 60, 5 ],
    "book_learn": [ [ "recipe_bullets", 6 ] ],
    "charges": 1,
    "reversible": true,
    "using": [ [ "gp_options_large_rifle", 12 ], [ "bullet_forming", 6 ], [ "ammo_bullet", 1 ], [ "ammo_762etc", 1 ] ],
    "components": [ [ [ "lgrifle_plut_microcell", 1 ] ] ]
  },
  {
    "result": "handloaded_762echv",
    "type": "recipe",
    "category": "CC_AMMO",
    "subcategory": "CSC_AMMO_RIFLE",
    "skill_used": "fabrication",
    "difficulty": 5,
    "skills_required": [ "gun", 5 ],
    "time": "2 m",
    "batch_time_factors": [ 60, 5 ],
    "book_learn": [ [ "recipe_bullets", 2 ], [ "mag_rifle", 4 ] ],
    "charges": 1,
    "reversible": true,
    "using": [ [ "gp_options_large_rifle", 9 ], [ "bullet_forming", 6 ], [ "ammo_bullet", 2 ], [ "ammo_762etc", 1 ] ],
    "components": [ [ [ "copper", 1 ] ], [ [ "lgrifle_plut_microcell", 1 ] ] ]
  },
  {
    "result": "handloaded_762echv_incendiary",
    "type": "recipe",
    "category": "CC_AMMO",
    "subcategory": "CSC_AMMO_RIFLE",
    "skill_used": "fabrication",
    "difficulty": 6,
    "skills_required": [ "gun", 5 ],
    "time": "2 m",
    "batch_time_factors": [ 60, 5 ],
    "book_learn": [ [ "recipe_bullets", 5 ] ],
    "charges": 1,
    "reversible": true,
    "using": [ [ "gp_options_large_rifle", 9 ], [ "bullet_forming", 6 ], [ "ammo_bullet", 2 ], [ "ammo_762etc", 1 ] ],
    "components": [ [ [ "incendiary", 1 ] ], [ [ "lgrifle_plut_microcell", 1 ] ], [ [ "copper", 1 ] ] ]
  },
  {
    "result": "bp_223blackout",
    "type": "recipe",
    "category": "CC_AMMO",
    "subcategory": "CSC_AMMO_RIFLE",
    "skill_used": "fabrication",
    "difficulty": 5,
    "skills_required": [ "gun", 1 ],
    "time": "2 m",
    "batch_time_factors": [ 60, 5 ],
    "book_learn": [ [ "recipe_bullets", 1 ], [ "mag_rifle", 2 ] ],
    "charges": 1,
    "reversible": true,
    "using": [  [ "bullet_forming", 4 ], [ "ammo_bullet", 4 ], [ "ammo_223", 1 ] ],
    "components": [ [ [ "chem_black_powder", 6 ] ], [ [ "copper", 1 ] ] ]
  },
  {
    "result": "reloaded_223blackout",
    "type": "recipe",
    "category": "CC_AMMO",
    "subcategory": "CSC_AMMO_RIFLE",
    "skill_used": "fabrication",
    "difficulty": 5,
    "skills_required": [ "gun", 1 ],
    "time": "2 m",
    "batch_time_factors": [ 60, 5 ],
    "book_learn": [ [ "recipe_bullets", 1 ], [ "mag_rifle", 2 ] ],
    "charges": 1,
    "reversible": true,
    "using": [ [ "gp_options_magnum_and_rifle", 3 ], [ "bullet_forming", 4 ], [ "ammo_bullet", 4 ], [ "ammo_223", 1 ] ],
    "components": [ [ [ "copper", 1 ] ] ]
  },
  {
    "result": "reloaded_22etc_hp",
    "type": "recipe",
    "category": "CC_AMMO",
    "subcategory": "CSC_AMMO_RIFLE",
    "skill_used": "fabrication",
    "difficulty": 3,
    "skills_required": [ "gun", 1 ],
    "time": "2 m",
    "batch_time_factors": [ 60, 5 ],
    "book_learn": [ [ "recipe_bullets", 1 ], [ "manual_pistol", 2 ] ],
    "charges": 1,
    "reversible": true,
    "using": [ [ "gp_options_magnum_and_rifle", 2 ], [ "bullet_forming", 2 ], [ "ammo_bullet", 2 ], [ "ammo_22etc", 1 ] ]
  },
  {
    "result": "reloaded_22etc_match",
    "type": "recipe",
    "category": "CC_AMMO",
    "subcategory": "CSC_AMMO_RIFLE",
    "skill_used": "fabrication",
    "difficulty": 3,
    "skills_required": [ "gun", 1 ],
    "time": "2 m",
    "batch_time_factors": [ 60, 5 ],
    "book_learn": [ [ "recipe_bullets", 1 ], [ "manual_pistol", 2 ] ],
    "charges": 1,
    "reversible": true,
    "using": [ [ "gp_options_magnum_and_rifle", 2 ], [ "bullet_forming", 2 ], [ "ammo_bullet", 2 ], [ "ammo_22etc", 1 ] ]
  },
  {
    "result": "reloaded_410shot_doorbuster",
    "type": "recipe",
    "category": "CC_AMMO",
    "subcategory": "CSC_AMMO_SHOT",
    "skill_used": "fabrication",
    "difficulty": 2,
    "skills_required": [ "gun", 1 ],
    "time": "2 m",
    "batch_time_factors": [ 60, 5 ],
    "book_learn": [ [ "recipe_bullets", 2 ], [ "manual_shotgun", 2 ] ],
    "charges": 1,
    "reversible": true,
    "using": [ [ "gp_options_pistol_and_shotgun", 5 ], [ "bullet_forming", 1 ], [ "ammo_bullet", 11 ], [ "ammo_410shot", 1 ] ],
    "tools": [ [ [ "press", -1 ] ] ]
  },
  {
    "result": "reloaded_410shot_flech",
    "type": "recipe",
    "category": "CC_AMMO",
    "subcategory": "CSC_AMMO_SHOT",
    "skill_used": "fabrication",
    "difficulty": 2,
    "skills_required": [ "gun", 1 ],
    "time": "2 m",
    "batch_time_factors": [ 60, 5 ],
    "book_learn": [ [ "recipe_bullets", 2 ], [ "manual_shotgun", 2 ] ],
    "charges": 1,
    "reversible": true,
    "using": [ [ "gp_options_pistol_and_shotgun", 5 ], [ "ammo_410shot", 1 ] ],
    "tools": [ [ [ "press", -1 ] ] ],
    "components": [ [ [ "combatnail", 5 ] ] ]
  },
  {
    "result": "reloaded_556dk",
    "type": "recipe",
    "category": "CC_AMMO",
    "subcategory": "CSC_AMMO_RIFLE",
    "skill_used": "fabrication",
    "difficulty": 5,
    "skills_required": [ "gun", 5 ],
    "time": "2 m",
    "batch_time_factors": [ 60, 5 ],
    "book_learn": [ [ "recipe_bullets", 3 ], [ "mag_rifle", 4 ] ],
    "charges": 1,
    "reversible": true,
    "using": [ [ "gp_options_magnum_and_rifle", 6 ], [ "bullet_forming", 3 ], [ "ammo_bullet", 1 ], [ "ammo_556etc", 1 ] ],
    "components": [ [ [ "copper", 1 ] ] ]
  },
  {
    "result": "reloaded_556dk_incendiary",
    "type": "recipe",
    "category": "CC_AMMO",
    "subcategory": "CSC_AMMO_RIFLE",
    "skill_used": "fabrication",
    "difficulty": 6,
    "skills_required": [ "gun", 5 ],
    "time": "2 m",
    "batch_time_factors": [ 60, 5 ],
    "book_learn": [ [ "recipe_bullets", 5 ] ],
    "charges": 1,
    "reversible": true,
    "using": [ [ "gp_options_magnum_and_rifle", 6 ], [ "bullet_forming", 3 ], [ "ammo_bullet", 1 ], [ "ammo_556etc", 1 ] ],
    "components": [ [ [ "copper", 1 ] ], [ [ "incendiary", 1 ] ] ]
  },
  {
    "result": "reloaded_762ec",
    "type": "recipe",
    "category": "CC_AMMO",
    "subcategory": "CSC_AMMO_RIFLE",
    "skill_used": "fabrication",
    "difficulty": 8,
    "skills_required": [ "gun", 5 ],
    "time": "2 m",
    "batch_time_factors": [ 60, 5 ],
    "book_learn": [ [ "recipe_bullets", 6 ] ],
    "charges": 1,
    "reversible": true,
    "using": [ [ "gp_options_large_rifle", 12 ], [ "bullet_forming", 6 ], [ "ammo_bullet", 1 ], [ "ammo_762etc", 1 ] ],
    "components": [ [ [ "lgrifle_plut_microcellhl", 1 ] ] ]
  },
  {
    "result": "reloaded_762echv",
    "type": "recipe",
    "category": "CC_AMMO",
    "subcategory": "CSC_AMMO_RIFLE",
    "skill_used": "fabrication",
    "difficulty": 8,
    "skills_required": [ "gun", 5 ],
    "time": "2 m",
    "batch_time_factors": [ 60, 5 ],
    "book_learn": [ [ "recipe_bullets", 2 ], [ "mag_rifle", 4 ] ],
    "charges": 1,
    "reversible": true,
    "using": [ [ "gp_options_large_rifle", 9 ], [ "bullet_forming", 6 ], [ "ammo_bullet", 2 ], [ "ammo_762etc", 1 ] ],
    "components": [ [ [ "lgrifle_plut_microcellhl", 1 ] ], [ [ "copper", 1 ] ] ]
  },
  {
    "result": "reloaded_762echv_incendiary",
    "type": "recipe",
    "category": "CC_AMMO",
    "subcategory": "CSC_AMMO_RIFLE",
    "skill_used": "fabrication",
    "difficulty": 8,
    "skills_required": [ "gun", 5 ],
    "time": "2 m",
    "batch_time_factors": [ 60, 5 ],
    "book_learn": [ [ "recipe_bullets", 5 ] ],
    "charges": 1,
    "reversible": true,
    "using": [ [ "gp_options_large_rifle", 9 ], [ "bullet_forming", 6 ], [ "ammo_bullet", 2 ], [ "ammo_762etc", 1 ] ],
    "components": [ [ [ "incendiary", 1 ] ], [ [ "lgrifle_plut_microcellhl", 1 ] ], [ [ "copper", 1 ] ] ]
  },
  {
    "result": "reloaded_9etc",
    "type": "recipe",
    "category": "CC_AMMO",
    "subcategory": "CSC_AMMO_PISTOL",
    "skill_used": "fabrication",
    "difficulty": 4,
    "skills_required": [ "gun", 4 ],
    "time": "2 m",
    "batch_time_factors": [ 60, 5 ],
    "book_learn": [ [ "manual_pistol", 1 ], [ "manual_smg", 1 ], [ "recipe_bullets", 2 ] ],
    "charges": 1,
    "reversible": true,
    "using": [ [ "gp_options_magnum_and_rifle", 3 ], [ "bullet_forming", 2 ], [ "ammo_bullet", 2 ], [ "ammo_9etc", 1 ] ]
  },
  {
    "result": "reloaded_9etcfmj",
    "type": "recipe",
    "category": "CC_AMMO",
    "subcategory": "CSC_AMMO_PISTOL",
    "skill_used": "fabrication",
    "difficulty": 3,
    "skills_required": [ "gun", 1 ],
    "time": "2 m",
    "batch_time_factors": [ 60, 5 ],
    "book_learn": [ [ "manual_pistol", 2 ], [ "manual_smg", 2 ], [ "recipe_bullets", 3 ] ],
    "charges": 1,
    "reversible": true,
    "using": [ [ "gp_options_magnum_and_rifle", 3 ], [ "bullet_forming", 2 ], [ "ammo_bullet", 2 ], [ "ammo_9etc", 1 ] ],
    "components": [ [ [ "copper", 1 ] ] ]
  },
  {
    "result": "reloaded_9etchvp",
    "type": "recipe",
    "category": "CC_AMMO",
    "subcategory": "CSC_AMMO_PISTOL",
    "skill_used": "fabrication",
    "difficulty": 4,
    "skills_required": [ "gun", 3 ],
    "time": "2 m",
    "batch_time_factors": [ 60, 5 ],
    "book_learn": [ [ "manual_pistol", 3 ], [ "manual_smg", 3 ], [ "recipe_bullets", 4 ] ],
    "charges": 1,
    "reversible": true,
    "using": [ [ "gp_options_magnum_and_rifle", 6 ], [ "bullet_forming", 2 ], [ "ammo_bullet", 2 ], [ "ammo_9etc", 1 ] ]
  },
  {
    "result": "reloaded_shot_antimateriel",
    "type": "recipe",
    "category": "CC_AMMO",
    "subcategory": "CSC_AMMO_SHOT",
    "skill_used": "fabrication",
    "difficulty": 7,
    "skills_required": [ "gun", 1 ],
    "time": "2 m",
    "batch_time_factors": [ 60, 5 ],
    "book_learn": [ [ "recipe_bullets", 6 ], [ "manual_shotgun", 6 ] ],
    "charges": 1,
    "reversible": true,
    "using": [ [ "gp_options_pistol_and_shotgun", 12 ], [ "bullet_forming", 1 ], [ "ammo_bullet", 2 ], [ "ammo_shot", 1 ] ],
    "components": [
      [ [ "9etc_sap_up", 1 ] ],
      [ [ "copper", 1 ] ],
      [ [ "incendiary", 10 ] ]
    ]
  },
  {
    "result": "reloaded_shot_microflechette",
    "type": "recipe",
    "category": "CC_AMMO",
    "subcategory": "CSC_AMMO_SHOT",
    "skill_used": "fabrication",
    "difficulty": 4,
    "skills_required": [ "gun", 1 ],
    "time": "2 m",
    "batch_time_factors": [ 60, 5 ],
    "book_learn": [ [ "recipe_bullets", 5 ], [ "manual_shotgun", 5 ] ],
    "charges": 1,
    "reversible": true,
    "using": [ [ "gp_options_pistol_and_shotgun", 7 ], [ "shot_forming", 1 ], [ "ammo_shot", 1 ] ],
    "tools": [ [ [ "press", -1 ] ] ],
    "components": [ [ [ "22etc_extracted_microflechette", 60 ] ] ]
  },
  {
    "result": "reloaded_shot_tungsten",
    "type": "recipe",
    "category": "CC_AMMO",
    "subcategory": "CSC_AMMO_SHOT",
    "skill_used": "fabrication",
    "difficulty": 3,
    "skills_required": [ "gun", 1 ],
    "time": "2 m",
    "batch_time_factors": [ 60, 5 ],
    "book_learn": [ [ "recipe_bullets", 3 ], [ "manual_shotgun", 3 ] ],
    "charges": 1,
    "reversible": true,
    "using": [ [ "gp_options_pistol_and_shotgun", 8 ], [ "bullet_forming", 1 ], [ "ammo_bullet", 4 ], [ "ammo_shot", 1 ] ],
    "components": [ [ [ "22etc_apt_tball", 1 ] ], [ [ "copper", 2 ] ] ]
  },
  {
    "result": "bp_shot_antimateriel",
    "type": "recipe",
    "category": "CC_AMMO",
    "subcategory": "CSC_AMMO_SHOT",
    "skill_used": "fabrication",
    "difficulty": 6,
    "skills_required": [ "gun", 1 ],
    "time": "30 s",
    "book_learn": [ [ "recipe_bullets", 6 ], [ "manual_shotgun", 6 ] ],
    "charges": 1,
    "reversible": true,
    "using": [ [ "bullet_forming", 1 ], [ "ammo_bullet", 2 ], [ "ammo_shot", 1 ] ],
    "components": [
      [ [ "chem_black_powder", 12 ] ],
      [ [ "9etc_sap_up", 1 ] ],
      [ [ "copper", 1 ] ],
      [ [ "incendiary", 10 ] ]
    ]
  },
  {
    "result": "bp_shot_microflechette",
    "type": "recipe",
    "category": "CC_AMMO",
    "subcategory": "CSC_AMMO_SHOT",
    "skill_used": "fabrication",
    "difficulty": 3,
    "skills_required": [ "gun", 1 ],
    "time": "30 s",
    "book_learn": [ [ "recipe_bullets", 5 ], [ "manual_shotgun", 5 ] ],
    "charges": 1,
    "reversible": true,
    "using": [ [ "shot_forming", 1 ], [ "ammo_shot", 1 ] ],
    "tools": [ [ [ "press", -1 ] ] ],
    "components": [ [ [ "chem_black_powder", 7 ] ], [ [ "22etc_extracted_microflechette", 60 ] ] ]
  },
  {
    "result": "bp_shot_tungsten",
    "type": "recipe",
    "category": "CC_AMMO",
    "subcategory": "CSC_AMMO_SHOT",
    "skill_used": "fabrication",
    "difficulty": 2,
    "skills_required": [ "gun", 1 ],
    "time": "30 s",
    "book_learn": [ [ "recipe_bullets", 3 ], [ "manual_shotgun", 3 ] ],
    "charges": 1,
    "reversible": true,
    "using": [ [ "bullet_forming", 1 ], [ "ammo_bullet", 4 ], [ "ammo_shot", 1 ] ],
    "components": [ [ [ "chem_black_powder", 8 ] ], [ [ "22etc_apt_tball", 1 ] ], [ [ "copper", 2 ] ] ]
  }
]
