[
  {
    "type": "recipe",
    "result": "excidia20mags12",
    "category": "CC_WEAPON",
    "subcategory": "CSC_WEAPON_MAGAZINES",
    "skill_used": "fabrication",
    "skills_required": [ "gun", 2 ],
    "time": "30 s",
    "reversible": true,
    "book_learn": [ [ "recipe_bullets", 1 ], [ "mag_shotgun", 2 ], [ "manual_shotgun", 1 ] ],
    "using": [ [ "cordage", 1 ] ],
    "components": [ [ [ "saiga10mag", 2 ] ] ]
  },
  {
    "type": "recipe",
    "result": "smc308_tubeloader",
    "category": "CC_WEAPON",
    "subcategory": "CSC_WEAPON_MAGAZINES",
    "skill_used": "fabrication",
    "difficulty": 3,
    "skills_required": [ "gun", 2 ],
    "time": "20 m",
    "book_learn": [ [ "recipe_bullets", 2 ], [ "mag_rifle", 3 ] ],
    "qualities": [ { "id": "SAW_M", "level": 1 }, { "id": "HAMMER", "level": 1 } ],
    "tools": [ [ [ "small_repairkit", 10 ], [ "large_repairkit", 5 ] ] ],
    "components": [ [ [ "pipe", 1 ], [ "scrap", 1 ] ] ]
  },
  {
    "type": "recipe",
    "result": "triarii_saiga410mag_30rd",
    "category": "CC_WEAPON",
    "subcategory": "CSC_WEAPON_MAGAZINES",
    "skill_used": "fabrication",
    "skills_required": [ "gun", 2 ],
    "time": "30 s",
    "reversible": true,
    "book_learn": [ [ "recipe_bullets", 1 ], [ "mag_shotgun", 2 ], [ "manual_shotgun", 1 ] ],
    "using": [ [ "cordage", 1 ] ],
    "components": [ [ [ "saiga410mag_10rd", 3 ] ] ]
  }
]
