[
  {
    "type": "recipe",
    "result": "etc_er555",
    "byproducts": [ [ "etc_erqr555_kit" ] ],
    "category": "CC_WEAPON",
    "subcategory": "CSC_WEAPON_RANGED",
    "skill_used": "mechanics",
    "skills_required": [ [ "gun", 4 ], [ "electronics", 3 ] ],
    "difficulty": 6,
    "time": "130 m",
    "//": "While not as extreme as trying to replace a modern firearm action with a coilgun, this is a very complex conversion.",
    "autolearn": true,
    "tools": [ [ [ "small_repairkit", -1 ], [ "large_repairkit", -1 ] ] ],
    "components": [ [ [ "qr555", 1 ] ], [ [ "etc_qrer555_kit", 1 ] ] ]
  },
  {
    "type": "recipe",
    "result": "etc_er555_ads",
    "category": "CC_WEAPON",
    "subcategory": "CSC_WEAPON_RANGED",
    "skill_used": "mechanics",
    "skills_required": [ [ "gun", 5 ], [ "electronics", 2 ] ],
    "difficulty": 6,
    "time": "70 m",
    "reversible": true,
    "autolearn": true,
    "tools": [ [ [ "small_repairkit", -1 ], [ "large_repairkit", -1 ] ] ],
    "components": [ [ [ "etc_er555", 1 ] ], [ [ "etc_er555ads_kit", 1 ] ] ]
  },
  {
    "type": "recipe",
    "result": "etc_er555_car",
    "category": "CC_WEAPON",
    "subcategory": "CSC_WEAPON_RANGED",
    "skill_used": "mechanics",
    "skills_required": [ [ "gun", 3 ] ],
    "difficulty": 5,
    "time": "70 m",
    "reversible": true,
    "autolearn": true,
    "tools": [ [ [ "small_repairkit", -1 ], [ "large_repairkit", -1 ] ] ],
    "components": [ [ [ "etc_er555", 1 ] ], [ [ "etc_er555car_kit", 1 ] ] ]
  },
  {
    "type": "recipe",
    "result": "etc_er555_cqb",
    "category": "CC_WEAPON",
    "subcategory": "CSC_WEAPON_RANGED",
    "skill_used": "mechanics",
    "skills_required": [ [ "gun", 3 ] ],
    "difficulty": 5,
    "time": "70 m",
    "reversible": true,
    "autolearn": true,
    "tools": [ [ [ "small_repairkit", -1 ], [ "large_repairkit", -1 ] ] ],
    "components": [ [ [ "etc_er555", 1 ] ], [ [ "etc_er555cqb_kit", 1 ] ] ]
  },
  {
    "type": "recipe",
    "result": "etc_er555_saw",
    "category": "CC_WEAPON",
    "subcategory": "CSC_WEAPON_RANGED",
    "skill_used": "mechanics",
    "skills_required": [ [ "gun", 4 ] ],
    "difficulty": 6,
    "time": "70 m",
    "reversible": true,
    "autolearn": true,
    "tools": [ [ [ "small_repairkit", -1 ], [ "large_repairkit", -1 ] ] ],
    "components": [ [ [ "etc_er555", 1 ] ], [ [ "etc_er555saw_kit", 1 ] ] ]
  },
  {
    "type": "recipe",
    "result": "etc_er555_sr",
    "category": "CC_WEAPON",
    "subcategory": "CSC_WEAPON_RANGED",
    "skill_used": "mechanics",
    "skills_required": [ [ "gun", 5 ] ],
    "difficulty": 5,
    "time": "70 m",
    "reversible": true,
    "autolearn": true,
    "tools": [ [ [ "small_repairkit", -1 ], [ "large_repairkit", -1 ] ] ],
    "components": [ [ [ "etc_er555", 1 ] ], [ [ "etc_er555sr_kit", 1 ] ] ]
  },
  {
    "type": "recipe",
    "result": "etc_er555_udd",
    "category": "CC_WEAPON",
    "subcategory": "CSC_WEAPON_RANGED",
    "skill_used": "mechanics",
    "skills_required": [ [ "gun", 3 ], [ "electronics", 2 ] ],
    "difficulty": 6,
    "time": "80 m",
    "reversible": true,
    "autolearn": true,
    "tools": [ [ [ "small_repairkit", -1 ], [ "large_repairkit", -1 ] ] ],
    "components": [ [ [ "etc_er555", 1 ] ], [ [ "etc_er555udd_kit", 1 ] ] ]
  },
  {
    "type": "recipe",
    "result": "ocgl_combox912",
    "category": "CC_WEAPON",
    "subcategory": "CSC_WEAPON_RANGED",
    "skill_used": "mechanics",
    "skills_required": [ [ "gun", 1 ] ],
    "difficulty": 1,
    "time": "20 m",
    "autolearn": true,
    "tools": [ [ [ "small_repairkit", -1 ], [ "large_repairkit", -1 ] ] ],
    "components": [ [ [ "ocgl_combo912", 1 ] ] ]
  },
  {
    "type": "recipe",
    "result": "qr555",
    "byproducts": [ [ "etc_qrer555_kit" ] ],
    "category": "CC_WEAPON",
    "subcategory": "CSC_WEAPON_RANGED",
    "skill_used": "mechanics",
    "skills_required": [ [ "gun", 4 ], [ "electronics", 3 ] ],
    "difficulty": 6,
    "time": "90 m",
    "autolearn": true,
    "tools": [ [ [ "small_repairkit", -1 ], [ "large_repairkit", -1 ] ] ],
    "components": [ [ [ "etc_er555", 1 ] ], [ [ "etc_erqr555_kit", 1 ] ] ]
  },
  {
    "type": "recipe",
    "result": "qr555",
    "byproducts": [ [ "etc_qr555smg9_kit" ] ],
    "category": "CC_WEAPON",
    "subcategory": "CSC_WEAPON_RANGED",
    "skill_used": "mechanics",
    "skills_required": [ [ "gun", 4 ] ],
    "difficulty": 6,
    "time": "90 m",
    "autolearn": true,
    "tools": [ [ [ "small_repairkit", -1 ], [ "large_repairkit", -1 ] ] ],
    "components": [ [ [ "qsmg9", 1 ] ], [ [ "etc_qsmg9r555_kit", 1 ] ] ]
  },
  {
    "type": "recipe",
    "result": "qr555_car",
    "category": "CC_WEAPON",
    "subcategory": "CSC_WEAPON_RANGED",
    "skill_used": "mechanics",
    "skills_required": [ [ "gun", 3 ] ],
    "difficulty": 6,
    "time": "75 m",
    "//": "Somewhat more difficult and requiring more time to set up than its ER555 equivalent because of the integrated suppressor.",
    "reversible": true,
    "autolearn": true,
    "tools": [ [ [ "small_repairkit", -1 ], [ "large_repairkit", -1 ] ] ],
    "components": [ [ [ "qr555", 1 ] ], [ [ "etc_qr555car_kit", 1 ] ] ]
  },
  {
    "type": "recipe",
    "result": "qr555_cqb",
    "category": "CC_WEAPON",
    "subcategory": "CSC_WEAPON_RANGED",
    "skill_used": "mechanics",
    "skills_required": [ [ "gun", 3 ] ],
    "difficulty": 6,
    "time": "75 m",
    "reversible": true,
    "autolearn": true,
    "tools": [ [ [ "small_repairkit", -1 ], [ "large_repairkit", -1 ] ] ],
    "components": [ [ [ "qr555", 1 ] ], [ [ "etc_qr555cqb_kit", 1 ] ] ]
  },
  {
    "type": "recipe",
    "result": "qr555_dmr",
    "category": "CC_WEAPON",
    "subcategory": "CSC_WEAPON_RANGED",
    "skill_used": "mechanics",
    "skills_required": [ [ "gun", 5 ] ],
    "difficulty": 7,
    "time": "82 m",
    "reversible": true,
    "autolearn": true,
    "tools": [ [ [ "small_repairkit", -1 ], [ "large_repairkit", -1 ] ] ],
    "components": [ [ [ "qr555", 1 ] ], [ [ "etc_qr555dmr_kit", 1 ] ] ]
  },
  {
    "type": "recipe",
    "result": "qr555_saw",
    "category": "CC_WEAPON",
    "subcategory": "CSC_WEAPON_RANGED",
    "skill_used": "mechanics",
    "skills_required": [ [ "gun", 4 ] ],
    "difficulty": 7,
    "time": "80 m",
    "reversible": true,
    "autolearn": true,
    "tools": [ [ [ "small_repairkit", -1 ], [ "large_repairkit", -1 ] ] ],
    "components": [ [ [ "qr555", 1 ] ], [ [ "etc_qr555saw_kit", 1 ] ] ]
  },
  {
    "type": "recipe",
    "result": "qsmg9",
    "byproducts": [ [ "etc_qsmg9r555_kit" ] ],
    "category": "CC_WEAPON",
    "subcategory": "CSC_WEAPON_RANGED",
    "skill_used": "mechanics",
    "skills_required": [ [ "gun", 4 ] ],
    "difficulty": 6,
    "time": "90 m",
    "autolearn": true,
    "tools": [ [ [ "small_repairkit", -1 ], [ "large_repairkit", -1 ] ] ],
    "components": [ [ [ "qr555", 1 ] ], [ [ "etc_qr555smg9_kit", 1 ] ] ]
  }
]
