[
  {
    "result": "broken_laserturret_xray",
    "type": "uncraft",
    "skill_used": "electronics",
    "difficulty": 4,
    "time": "1 h",
    "using": [ [ "soldering_standard", 10 ] ],
    "qualities": [ { "id": "SCREW", "level": 1 } ],
    "components": [
      [ [ "ai_module", 1 ] ],
      [ [ "gun_module", 1 ] ],
      [ [ "targeting_module", 1 ] ],
      [ [ "identification_module", 1 ] ],
      [ [ "sensor_module", 1 ] ],
      [ [ "laser_cannon_xray", 1 ] ],
      [ [ "medium_storage_battery", 1 ] ],
      [ [ "xray_laser_barrel", 3 ] ],
      [ [ "power_supply", 1 ] ],
      [ [ "robot_controls", 1 ] ],
      [ [ "turret_chassis", 1 ] ]
    ]
  }
]
