[
  {
    "result": "lid_pewterbowl",
    "activity_level": "LIGHT_EXERCISE",
    "type": "recipe",
    "category": "CC_OTHER",
    "subcategory": "CSC_OTHER_CONTAINERS",
    "skill_used": "fabrication",
    "difficulty": 1,
    "time": 5000,
    "autolearn": true,
    "tools": [ [ [ "soldering_iron", 2 ] ], [ [ "mold_plastic", -1 ] ] ],
    "components": [ [ [ "bowl_pewter", 1 ] ], [ [ "plastic_chunk", 2 ] ] ]
  },
  {
    "result": "lid_plasticbowl",
    "activity_level": "LIGHT_EXERCISE",
    "type": "recipe",
    "category": "CC_OTHER",
    "subcategory": "CSC_OTHER_CONTAINERS",
    "skill_used": "fabrication",
    "difficulty": 1,
    "time": 5000,
    "autolearn": true,
    "tools": [ [ [ "soldering_iron", 2 ] ], [ [ "mold_plastic", -1 ] ] ],
    "components": [ [ [ "bowl_plastic", 1 ] ], [ [ "plastic_chunk", 2 ] ] ]
  },
  {
    "result": "lid_ceramicbowl",
    "activity_level": "LIGHT_EXERCISE",
    "type": "recipe",
    "category": "CC_OTHER",
    "subcategory": "CSC_OTHER_CONTAINERS",
    "skill_used": "fabrication",
    "difficulty": 1,
    "time": 5000,
    "autolearn": true,
    "tools": [ [ [ "soldering_iron", 2 ] ], [ [ "mold_plastic", -1 ] ] ],
    "components": [ [ [ "ceramic_bowl", 1 ] ], [ [ "plastic_chunk", 2 ] ] ]
  },
  {
    "result": "lid_glassbowl",
    "activity_level": "LIGHT_EXERCISE",
    "type": "recipe",
    "category": "CC_OTHER",
    "subcategory": "CSC_OTHER_CONTAINERS",
    "skill_used": "fabrication",
    "difficulty": 1,
    "time": 5000,
    "autolearn": true,
    "tools": [ [ [ "soldering_iron", 2 ] ], [ [ "mold_plastic", -1 ] ] ],
    "components": [ [ [ "glass_bowl", 1 ] ], [ [ "plastic_chunk", 2 ] ] ]
  }
]
