[
  {
    "type": "recipe",
    "activity_level": "LIGHT_EXERCISE",
    "result": "nanite_core_1",
    "byproducts": [ [ "ai_core_blank", 2 ] ],
    "category": "CC_NANO",
    "subcategory": "CSC_NANO_NANITES",
    "skill_used": "fabrication",
    "difficulty": 0,
    "time": 60000,
    "reversible": false,
    "flags": [ "BLIND_EASY" ],
    "book_learn": [ [ "ai_core", 1 ], [ "nanite_core_1", 1 ], [ "nanite_core_2", 1 ], [ "nanite_core_3", 1 ], [ "nanite_core_4", 1 ] ],
    "tools": [
      [
        [ "laptop", 25 ],
        [ "programming_laptop", 25 ],
        [ "nano_programmer_1", -1 ],
        [ "nano_programmer_2", -1 ],
        [ "nanofactory_3", -1 ],
        [ "nanofactory_4", -1 ]
      ]
    ],
    "components": [ [ [ "ai_core", 3 ] ] ]
  },
  {
    "type": "recipe",
    "activity_level": "LIGHT_EXERCISE",
    "result": "nanite_guide",
    "category": "CC_NANO",
    "subcategory": "CSC_NANO_NANITES",
    "skill_used": "fabrication",
    "difficulty": 0,
    "time": 6000,
    "reversible": true,
    "flags": [ "BLIND_EASY" ],
    "book_learn": [ [ "ai_core", 1 ], [ "nanite_core_1", 1 ], [ "nanite_core_2", 1 ], [ "nanite_core_3", 1 ], [ "nanite_core_4", 1 ] ],
    "tools": [
      [
        [ "nanofactory_exp", -1 ],
        [ "nanofactory_1", -1 ],
        [ "nanofactory_2", -1 ],
        [ "nanofactory_3", -1 ],
        [ "nanofactory_4", -1 ]
      ]
    ],
    "components": [ [ [ "3d_resin_metal", 80 ] ], [ [ "3d_resin", 20 ] ] ]
  },
  {
    "type": "recipe",
    "activity_level": "LIGHT_EXERCISE",
    "result": "ai_core_blank",
    "category": "CC_NANO",
    "subcategory": "CSC_NANO_MATERIALS",
    "skill_used": "fabrication",
    "difficulty": 0,
    "time": 60000,
    "reversible": false,
    "flags": [ "BLIND_EASY" ],
    "book_learn": [ [ "ai_core", 1 ], [ "nanite_core_1", 1 ], [ "nanite_core_2", 1 ], [ "nanite_core_3", 1 ], [ "nanite_core_4", 1 ] ],
    "batch_time_factors": [ 95, 2 ],
    "tools": [
      [
        [ "laptop", 25 ],
        [ "programming_laptop", 25 ],
        [ "nano_programmer_1", -1 ],
        [ "nano_programmer_2", -1 ],
        [ "nanofactory_3", -1 ],
        [ "nanofactory_4", -1 ]
      ]
    ],
    "components": [ [ [ "ai_core", 1 ] ] ]
  },
  {
    "type": "recipe",
    "activity_level": "LIGHT_EXERCISE",
    "result": "ai_core_blank",
    "id_suffix": "homemade",
    "category": "CC_NANO",
    "subcategory": "CSC_NANO_MATERIALS",
    "skill_used": "fabrication",
    "difficulty": 0,
    "time": 60000,
    "reversible": false,
    "book_learn": [ [ "ai_core", 1 ], [ "nanite_core_1", 1 ], [ "nanite_core_2", 1 ], [ "nanite_core_3", 1 ], [ "nanite_core_4", 1 ] ],
    "tools": [
      [
        [ "laptop", 25 ],
        [ "programming_laptop", 25 ],
        [ "nano_programmer_1", -1 ],
        [ "nano_programmer_2", -1 ],
        [ "nanofactory_3", -1 ],
        [ "nanofactory_4", -1 ]
      ]
    ],
    "components": [
      [ [ "transponder", 2 ] ],
      [ [ "receiver", 3 ] ],
      [ [ "antenna", 2 ] ],
      [ [ "processor", 6 ] ],
      [ [ "RAM", 8 ] ],
      [ [ "power_supply", 2 ] ],
      [ [ "amplifier", 2 ] ],
      [ [ "plut_cell", 2 ] ],
      [ [ "nanite_cluster", 50 ] ]
    ]
  },
  {
    "type": "recipe",
    "activity_level": "LIGHT_EXERCISE",
    "result": "ai_core_blank",
    "id_suffix": "homemade_nanoprint_1",
    "category": "CC_NANO",
    "subcategory": "CSC_NANO_MATERIALS",
    "skill_used": "fabrication",
    "difficulty": 0,
    "time": 10000,
    "reversible": false,
    "flags": [ "BLIND_EASY" ],
    "book_learn": [ [ "ai_core", 1 ], [ "nanite_core_1", 1 ], [ "nanite_core_2", 1 ], [ "nanite_core_3", 1 ], [ "nanite_core_4", 1 ] ],
    "qualities": [
      { "id": "NANO_FAB", "level": 2, "amount": 1 },
      { "id": "NANO_PRO", "level": 1, "amount": 1 },
      { "id": "NANOTECH", "level": 1, "amount": 1 }
    ],
    "components": [
      [ [ "3d_resin_electronic", 88 ] ],
      [ [ "3d_resin_metal", 192 ] ],
      [ [ "3d_resin", 95 ] ],
      [ [ "plut_cell", 2 ], [ "nanite_power_cell", 8 ] ],
      [ [ "nanite_cluster", 50 ] ]
    ]
  },
  {
    "type": "recipe",
    "activity_level": "LIGHT_EXERCISE",
    "result": "nanite_core_2",
    "byproducts": [ [ "ai_core_blank", 1 ] ],
    "category": "CC_NANO",
    "subcategory": "CSC_NANO_NANITES",
    "skill_used": "fabrication",
    "difficulty": 0,
    "time": 1000,
    "reversible": false,
    "flags": [ "BLIND_EASY" ],
    "book_learn": [ [ "nanite_core_1", 1 ], [ "nanite_core_2", 1 ], [ "nanite_core_3", 1 ], [ "nanite_core_4", 1 ] ],
    "qualities": [ { "id": "NANO_PRO", "level": 1, "amount": 1 }, { "id": "NANO_FAB", "level": 1, "amount": 1 } ],
    "components": [ [ [ "nanite_core_1", 2 ] ] ]
  },
  {
    "type": "recipe",
    "activity_level": "LIGHT_EXERCISE",
    "result": "nanite_core_3",
    "byproducts": [ [ "ai_core_blank", 1 ] ],
    "category": "CC_NANO",
    "subcategory": "CSC_NANO_NANITES",
    "skill_used": "fabrication",
    "difficulty": 0,
    "time": 1000,
    "reversible": false,
    "flags": [ "BLIND_EASY" ],
    "book_learn": [ [ "nanite_core_2", 1 ], [ "nanite_core_3", 1 ], [ "nanite_core_4", 1 ] ],
    "components": [ [ [ "nanite_core_2", 2 ] ] ]
  },
  {
    "type": "recipe",
    "activity_level": "LIGHT_EXERCISE",
    "result": "nanite_core_4",
    "byproducts": [ [ "ai_core_blank", 1 ] ],
    "category": "CC_NANO",
    "subcategory": "CSC_NANO_NANITES",
    "skill_used": "fabrication",
    "difficulty": 0,
    "time": 1000,
    "reversible": false,
    "flags": [ "BLIND_EASY" ],
    "book_learn": [ [ "nanite_core_3", 1 ], [ "nanite_core_4", 1 ] ],
    "components": [ [ [ "nanite_core_3", 2 ] ] ]
  }
]
