[
  {
    "type": "ammunition_type",
    "id": "acidic_bore",
    "name": "acidic bore",
    "default": "acidic_bore"
  },
  {
    "type": "ammunition_type",
    "id": "xray_laser_barrel",
    "name": "ray laser barrel",
    "default": "xray_laser_barrel"
  },
  {
    "type": "ammunition_type",
    "id": "afs_foam",
    "name": "industrial foam",
    "default": "afs_foamcrete"
  },
  {
    "type": "ammunition_type",
    "id": "afs_shydrogen",
    "name": "solid hydrogen",
    "default": "afs_shydrogen"
  },
  {
    "type": "ammunition_type",
    "id": "afs_25mm",
    "name": "25mm",
    "default": "afs_25mm_shot"
  },
  {
    "type": "ammunition_type",
    "id": "afs_10mm",
    "name": "10mm",
    "default": "afs_10mm_caseless_JHP"
  },
  {
    "type": "ammunition_type",
    "id": "afs_7.50mm",
    "name": "7.50mm",
    "default": "afs_7.50mm_caseless"
  }
]
