[
  {
    "type": "GENERIC",
    "id": "afs_corpse_old",
    "copy-from": "corpse",
    "name": { "str": "mummified corpse" },
    "description": "The corpse of a long-dead colonist.  Near perfectly preserved by the merciless cold.",
    "looks_like": "corpse_generic_human",
    "volume": "40 L",
    "weight": "52 kg",
    "material": [ "hflesh" ]
  },
  {
    "type": "GENERIC",
    "id": "broken_afs_mon_sentinel_lx",
    "symbol": ",",
    "color": "green",
    "name": { "str": "broken Sentinel-lx", "str_pl": "broken Sentinels-lx" },
    "category": "other",
    "description": "The irreparably broken remains of a Sentinel-lx.  Could be gutted for valuable parts.",
    "price": 30000,
    "price_postapoc": 1000,
    "material": [ "steel", "plastic" ],
    "weight": "140000 g",
    "volume": "62500 ml",
    "bashing": 6,
    "cutting": 6,
    "to_hit": -3,
    "flags": [ "TRADER_AVOID" ]
  },
  {
    "type": "GENERIC",
    "id": "broken_bloodhound_drone",
    "symbol": ",",
    "color": "green",
    "name": { "str": "broken bloodhound drone" },
    "category": "other",
    "description": "This bloodhound won't be chasing anyone anymore.  Could be gutted for parts.",
    "price": 1000,
    "material": [ "steel", "plastic" ],
    "weight": "31520 g",
    "volume": "15 L",
    "bashing": 6,
    "cutting": 6,
    "to_hit": -3,
    "flags": [ "TRADER_AVOID", "NO_REPAIR" ]
  },
  {
    "type": "GENERIC",
    "id": "broken_utilibot",
    "symbol": ",",
    "color": "light_gray",
    "looks_like": "broken_cleanerbot",
    "name": { "str": "broken Seneschal" },
    "category": "other",
    "description": "A broken Seneschal, now limp and unmoving.  Could be gutted for parts or crafted into a salvaged robot.",
    "material": [ "steel", "plastic" ],
    "weight": "140 kg",
    "volume": "62500 ml",
    "bashing": 6,
    "cutting": 6,
    "to_hit": -3,
    "flags": [ "TRADER_AVOID", "LEAK_DAM", "RADIOACTIVE" ]
  },
  {
    "type": "GENERIC",
    "id": "broken_utilibot_beehive",
    "name": "broken beehive robot",
    "copy-from": "broken_utilibot"
  },
  {
    "type": "GENERIC",
    "id": "broken_laserturret_xray",
    "symbol": ",",
    "color": "green",
    "name": { "str": "broken xray laser turret" },
    "weight": "110 kg",
    "copy-from": "broken_turret"
  },
  {
    "type": "GENERIC",
    "id": "broken_hazmatbot",
    "name": "broken Likvidator",
    "description": "A broken Likvidator, now limp and unmoving.  Could be gutted for parts or crafted into a salvaged robot.",
    "copy-from": "broken_utilibot",
    "color": "green"
  },
  {
    "type": "GENERIC",
    "id": "broken_migoturret_whately",
    "name": "broken Whately turret",
    "copy-from": "broken_afs_mon_migoturret",
    "color": "green"
  },
  {
    "type": "GENERIC",
    "id": "broken_utilibot_butler",
    "copy-from": "broken_utilibot",
    "color": "dark_gray",
    "name": { "str": "broken Famulus", "str_pl": "broken Famuli" },
    "description": "A broken Famulus, now silent and mangled.  If it wasn't for the obvious rivets and welding, it would look completely human.  Could be stripped down for parts."
  },
  {
    "type": "GENERIC",
    "id": "broken_utilibot_const",
    "copy-from": "broken_utilibot",
    "color": "dark_gray",
    "name": "broken Udarnik",
    "description": "A broken Udarnik, now wrecked and immobile.  Could be stripped down for parts."
  },
  {
    "type": "GENERIC",
    "id": "broken_utilibot_fire",
    "copy-from": "broken_utilibot",
    "color": "yellow",
    "name": "broken Brandspojt",
    "description": "A broken Brandspojt, now cold and inert.  Could be stripped down for parts."
  },
  {
    "type": "GENERIC",
    "id": "broken_skitterbot_rat",
    "copy-from": "broken_skitterbot",
    "color": "light_gray",
    "name": "broken rat snatcher",
    "description": "A broken rat snatcher, now harmless and inert.  Could be stripped down or re-crafted."
  },
  {
    "type": "GENERIC",
    "id": "broken_skitterbot_grab",
    "copy-from": "broken_skitterbot",
    "color": "light_gray",
    "name": "broken grab-bot",
    "description": "A broken grabber robot, now limp and nonthreatening.  Could be stripped down or re-crafted."
  },
  {
    "type": "GENERIC",
    "id": "broken_skitterbot_hunter",
    "copy-from": "broken_skitterbot",
    "color": "light_gray",
    "name": "broken pest hunter",
    "description": "A broken pest hunter, now harmless and inert.  Could be gutted for parts or re-crafted."
  },
  {
    "type": "GENERIC",
    "id": "broken_milbot_556",
    "copy-from": "broken_milbot_disarmed",
    "color": "light_gray",
    "name": "broken Imaginifier",
    "description": "A broken military humaniform, shattered and inert.  While it looks nowhere near human, you still feel uneasy - as if it is studying you with its eyes.  Could be stripped for parts."
  },
  {
    "type": "GENERIC",
    "id": "broken_milbot_needle",
    "copy-from": "broken_milbot_disarmed",
    "color": "light_gray",
    "name": "broken Hashashiyyin",
    "description": "A broken Hashashiyyin, shattered and inert.  While it looks nowhere near human, you still feel uneasy - as if it is studying you with its eyes.  Could be stripped for parts."
  },
  {
    "type": "GENERIC",
    "id": "broken_milbot_40mm",
    "copy-from": "broken_milbot_disarmed",
    "color": "red",
    "name": "broken Suppressor",
    "description": "A broken Suppressor, shattered and inert.  Could be stripped for parts."
  },
  {
    "type": "GENERIC",
    "id": "broken_eyebot_heater",
    "copy-from": "broken_eyebot",
    "color": "pink",
    "name": "broken floating heater",
    "description": "A broken floating heater, now cold and motionless.  Could be stripped down or re-crafted."
  },
  {
    "type": "GENERIC",
    "id": "broken_defbot_shot",
    "copy-from": "broken_defbot_disarmed",
    "color": "light_gray",
    "name": { "str": "broken Aegis", "str_pl": "broken Aegises" },
    "description": "A broken defense robot.  Could be gutted for parts or crafted into a salvaged robot."
  },
  {
    "type": "GENERIC",
    "id": "broken_advbot_disarmed",
    "symbol": ",",
    "color": "white",
    "looks_like": "broken_copbot",
    "name": "broken disarmed advanced robot",
    "category": "other",
    "description": "A broken advanced robot.  Its internal weapons have been removed.  Could be gutted for parts or crafted into a salvaged robot.",
    "price": 30000,
    "price_postapoc": 1000,
    "material": [ "superalloy", "plastic" ],
    "weight": "140 kg",
    "volume": "62500 ml",
    "bashing": 6,
    "cutting": 6,
    "to_hit": -3,
    "flags": [ "TRADER_AVOID", "LEAK_DAM", "RADIOACTIVE" ]
  },
  {
    "type": "GENERIC",
    "id": "broken_advbot_laser",
    "copy-from": "broken_advbot_disarmed",
    "color": "yellow",
    "name": "broken advanced robot",
    "description": "A broken advanced robot.  This one is armed with an integrated laser-emitter.  Could be stripped for parts."
  },
  {
    "type": "GENERIC",
    "id": "broken_wraitheon_irradiant",
    "copy-from": "broken_advbot_disarmed",
    "color": "magenta",
    "name": "broken Irradiant",
    "description": "The irreparably broken remains of an Irradiant weapons platform.  Its mounted plasma cannon self-destructed when the robot was rendered inoperable, but its remains could still be disassembled for some valuable parts."
  },
  {
    "type": "GENERIC",
    "id": "broken_wraitheon_isohypsa",
    "copy-from": "broken_advbot_disarmed",
    "color": "magenta",
    "name": { "str_sp": "broken Isohypsa" },
    "description": "The broken shell of an Isohypsa drone coordinator.  Most of its sensors and AI units are charred beyond any repair."
  },
  {
    "type": "GENERIC",
    "id": "broken_wraitheon_kaburaya",
    "copy-from": "broken_advbot_disarmed",
    "color": "magenta",
    "name": { "str_sp": "broken Kabura-ya" },
    "description": "A broken Kabura-ya drone.  Could be disassembled for a meager amount of parts."
  },
  {
    "type": "GENERIC",
    "id": "broken_advbot_emp",
    "copy-from": "broken_advbot_disarmed",
    "color": "light_blue",
    "name": "broken advanced robot",
    "description": "A broken advanced robot.  This one is armed with an integrated EMP projector.  Could be stripped for parts."
  },
  {
    "type": "GENERIC",
    "id": "broken_milbot_disarmed",
    "symbol": ",",
    "color": "green",
    "looks_like": "broken_secubot",
    "name": "broken disarmed military bot",
    "category": "other",
    "description": "A broken defense robot.  Its internal weapons have been removed.  Could be gutted for parts or crafted into a salvaged robot.",
    "price": 30000,
    "price_postapoc": 1000,
    "material": [ "steel", "plastic" ],
    "weight": "140 kg",
    "volume": "62500 ml",
    "bashing": 6,
    "cutting": 6,
    "to_hit": -3,
    "flags": [ "TRADER_AVOID", "LEAK_DAM", "RADIOACTIVE" ]
  },
  {
    "type": "GENERIC",
    "id": "broken_defbot_disarmed",
    "symbol": ",",
    "color": "light_gray",
    "looks_like": "broken_riotbot",
    "name": "broken disarmed defense bot",
    "category": "other",
    "description": "A broken defense robot.  Its internal weapons have been removed.  Could be gutted for parts or crafted into a salvaged robot.",
    "price": 30000,
    "price_postapoc": 1000,
    "material": [ "steel", "plastic" ],
    "weight": "140 kg",
    "volume": "62500 ml",
    "bashing": 6,
    "cutting": 6,
    "to_hit": -3,
    "flags": [ "TRADER_AVOID", "LEAK_DAM", "RADIOACTIVE" ]
  },
  {
    "type": "GENERIC",
    "id": "broken_medibot",
    "symbol": ",",
    "color": "white",
    "looks_like": "broken_tribot",
    "name": "broken surgical droid",
    "category": "other",
    "description": "A broken surgical robot, now crumpled and inert.  Could be stripped down for parts.",
    "price": 30000,
    "price_postapoc": 1000,
    "material": [ "steel", "plastic" ],
    "weight": "140 kg",
    "volume": "62500 ml",
    "bashing": 6,
    "cutting": 6,
    "to_hit": -3,
    "flags": [ "TRADER_AVOID", "LEAK_DAM", "RADIOACTIVE" ]
  }
]
