[
  {
    "type": "GENERIC",
    "id": "crypto_coin",
    "name": { "str": "Crypto coin" },
    "description": "PrepNet had been heavily involved in avoiding taxes by using untraceable internet currencies.  These however are physical coins with random numbers sequences embossed on them and RFID chips inside.",
    "price": 12000,
    "price_postapoc": 15000,
    "//": "The coins would be worthless but the PrepNet Phyle still retains some manufacturing capacity",
    "weight": "1 g",
    "volume": "1 ml",
    "to_hit": -3,
    "color": "cyan",
    "symbol": "$",
    "material": [ "plastic" ]
  },
  {
    "type": "GENERIC",
    "id": "afs_radiobeacon",
    "name": { "str": "orbital distress beacon" },
    "description": "A distress radio beacon that automatically engages in the event of a crash.  You could plant it outside of the pod to attempt to attract rescuers, or more likely, bandits.  Alternatively, you could disassemble it for scrap.",
    "weight": "340 g",
    "volume": "1 L",
    "category": "spare_parts",
    "price": 0,
    "price_postapoc": 50,
    "to_hit": -1,
    "bashing": 6,
    "material": [ "plastic", "aluminum" ],
    "symbol": ";",
    "color": "yellow"
  },
  {
    "type": "GENERIC",
    "id": "afs_tattered_garment",
    "name": { "str_sp": "tattered garments" },
    "category": "other",
    "description": "Time and the elements have reduced them to a mound of filthy ribbons.",
    "weight": "1175 g",
    "volume": "3 L",
    "price": 0,
    "price_postapoc": 0,
    "to_hit": -1,
    "material": [ "cotton" ],
    "symbol": "[",
    "looks_like": "cotton_patchwork",
    "color": "brown"
  },
  {
    "type": "GENERIC",
    "id": "afs_scrap_titanium",
    "symbol": ",",
    "color": "light_gray",
    "name": { "str_sp": "scrap titanium" },
    "category": "spare_parts",
    "description": "A piece of light titanium, usable for crafting or repairs.",
    "price": 1000,
    "material": [ "titanium" ],
    "looks_like": "scrap",
    "weight": "450 g",
    "volume": "100 ml",
    "bashing": 1,
    "to_hit": -2
  },
  {
    "id": "nuclear_waste",
    "type": "GENERIC",
    "name": { "str_sp": "nuclear waste" },
    "description": "A small pellet of silvery metal, still warm to the touch.",
    "looks_like": "medium_atomic_battery_cell",
    "weight": "30 g",
    "volume": "250 ml",
    "price": 0,
    "material": [ "iron" ],
    "symbol": "*",
    "color": "light_green",
    "flags": [ "RADIOACTIVE", "LEAK_ALWAYS" ]
  },
  {
    "type": "AMMO",
    "id": "clearcrete_chunk",
    "copy-from": "rock",
    "name": { "str": "clearcrete chunk" },
    "category": "other",
    "description": "A broken chunk of clearcrete.  Basically a clear rock.",
    "material": [ "clearcrete" ]
  },
  {
    "id": "nuclear_fuel",
    "copy-from": "nuclear_waste",
    "type": "GENERIC",
    "name": { "str": "nuclear fuel pellet" },
    "description": "A small pellet of fissile material.  Handle carefully."
  },
  {
    "id": "hazardous_waste_drum",
    "copy-from": "55gal_drum",
    "type": "GENERIC",
    "name": { "str": "hazardous waste drum" },
    "description": "A yellow drum meant for the storage of hazardous substances.",
    "material": [ "steel", "lead" ],
    "symbol": "0",
    "pocket_data": [
      {
        "pocket_type": "CONTAINER",
        "watertight": true,
        "rigid": true,
        "max_contains_volume": "200 L",
        "max_contains_weight": "500 kg",
        "moves": 400
      }
    ],
    "color": "yellow"
  },
  {
    "id": "atomic_butterchurn",
    "type": "GENERIC",
    "category": "tools",
    "name": { "str": "folded atomic butter churn" },
    "description": "The Rivtech Churninator 4000, the only churn to be banned by 13 religious sects.  The legs are currently folded up for travel.  Unlike a standard churn that requires cream separated from raw milk this churn requires only raw milk, salt and a healthy respect for glowing objects.",
    "weight": "6464 g",
    "volume": "11356 ml",
    "price": 5000,
    "price_postapoc": 45000,
    "looks_like": "still",
    "symbol": "u",
    "color": "light_green",
    "use_action": { "type": "deploy_furn", "furn_type": "f_atomic_butter_churn" },
    "to_hit": -2,
    "bashing": 5,
    "material": [ "plastic", "steel" ],
    "//": "I figured bionic preppers would have a sci-fi solution to some low tech problems.",
    "flags": [ "LEAK_DAM", "RADIOACTIVE", "DURABLE_MELEE" ]
  },
  {
    "id": "atomic_pseudo_churn",
    "type": "TOOL",
    "name": { "str": "pseudo atomic butter churn" },
    "description": "This is a crafting_pseudo_item if you have it something is wrong.",
    "weight": "6464 g",
    "volume": "11356 ml",
    "price": 20000,
    "to_hit": -2,
    "bashing": 9,
    "material": [ "plastic", "steel" ],
    "qualities": [ [ "CONTAIN", 1 ], [ "CHURN", 2 ] ],
    "symbol": "H",
    "color": "light_cyan",
    "flags": [ "ALLOWS_REMOTE_USE" ]
  },
  {
    "id": "afs_titanium_small",
    "type": "AMMO",
    "category": "spare_parts",
    "name": { "str_sp": "titanium" },
    "description": "A strong, durable metal.  Highly valued for its weight to strength ratio and an excellent upgrade to aluminum for those properties - albeit a lot more expensive due to rarity.  More commonly used in jewelry and medical implants.",
    "weight": "1 g",
    "//": "Density 4.506g/cm³ ~ 1.127kg/250ml @ stack 1000 = 1g/unit",
    "volume": "50 ml",
    "price": 10000,
    "price_postapoc": 750,
    "count": 100,
    "stack_size": 200,
    "material": [ "titanium" ],
    "looks_like": "silver_small",
    "symbol": "/",
    "color": "light_gray",
    "ammo_type": "components"
  },
  {
    "id": "afs_titanium_implant",
    "type": "GENERIC",
    "name": { "str": "titanium implant" },
    "description": "An internal implant to correct a musculoskeletal problem such as a bad hip or back.  It is made of titanium due to its biocompatibility.",
    "price": 9500,
    "price_postapoc": 1500,
    "weight": "2250 g",
    "volume": "500 ml",
    "to_hit": -3,
    "symbol": "*",
    "color": "light_gray",
    "material": [ "titanium" ]
  },
  {
    "id": "afs_titanium_tooth",
    "type": "GENERIC",
    "name": { "str": "titanium tooth" },
    "description": "A dental implant made of pure titanium, used to replace teeth due to its biocompatibility and durability.",
    "price": 5000,
    "price_postapoc": 50,
    "weight": "10 g",
    "volume": "2 ml",
    "to_hit": -3,
    "symbol": "$",
    "color": "light_gray",
    "material": [ "titanium" ]
  },
  {
    "id": "afs_titanium_watch",
    "type": "ARMOR",
    "name": { "str": "titanium watch", "str_pl": "titanium watches" },
    "description": "A thick, masculine watch made out of titanium.  It is durable, light-weight and water-resistant, an excellent watch to have in a hostile environment.",
    "weight": "50 g",
    "volume": "250 ml",
    "price": 20000,
    "price_postapoc": 3000,
    "to_hit": -1,
    "material": [ "titanium" ],
    "symbol": "[",
    "color": "light_gray",
    "sided": true,
    "flags": [ "WATCH", "STURDY", "BELTED", "ALLOWS_NATURAL_ATTACKS", "WATER_FRIENDLY", "OVERSIZE" ],
    "armor": [ { "coverage": 5, "covers": [ "hand_l", "hand_r" ] } ]
  },
  {
    "id": "afs_titanium_ring",
    "type": "ARMOR",
    "name": { "str": "titanium ring" },
    "description": "A thick, masculine ring made out of titanium.  Made in a variety of styles and finishes, they're valued for their durability.",
    "weight": "13 g",
    "volume": "5 ml",
    "price": 700,
    "price_postapoc": 500,
    "material": [ "titanium" ],
    "symbol": "[",
    "color": "light_gray",
    "flags": [ "STURDY" ]
  }
]
