[
  {
    "type": "material",
    "id": "titanium",
    "name": "Titanium",
    "density": 10,
    "bash_resist": 4,
    "cut_resist": 9,
    "bullet_resist": 7,
    "acid_resist": 14,
    "fire_resist": 4,
    "elec_resist": 8,
    "chip_resist": 20,
    "repaired_with": "afs_scrap_titanium",
    "dmg_adj": [ "marked", "dented", "smashed", "shattered" ],
    "bash_dmg_verb": "dented",
    "cut_dmg_verb": "scratched"
  },
  {
    "type": "material",
    "id": "graphene_weave",
    "name": "Graphene Weave",
    "density": 10,
    "specific_heat_liquid": 0.82,
    "specific_heat_solid": 0.45,
    "latent_heat": 273,
    "bash_resist": 3,
    "cut_resist": 3,
    "bullet_resist": 2,
    "acid_resist": 5,
    "fire_resist": 5,
    "elec_resist": 0,
    "chip_resist": 10,
    "breathability": "GOOD",
    "dmg_adj": [ "marked", "dented", "scarred", "broken" ],
    "bash_dmg_verb": "ripped",
    "cut_dmg_verb": "cut"
  },
  {
    "type": "material",
    "id": "vacuum_carbide",
    "name": "Vacuum-cast carbide",
    "density": 18,
    "bash_resist": 8,
    "cut_resist": 14,
    "bullet_resist": 12,
    "acid_resist": 17,
    "fire_resist": 14,
    "elec_resist": -4,
    "chip_resist": 25,
    "dmg_adj": [ "marked", "dented", "smashed", "shattered" ],
    "bash_dmg_verb": "dented",
    "cut_dmg_verb": "scratched",
    "//": "only to be used in encumbering armors."
  },
  {
    "type": "material",
    "id": "nanoprinted_alloy",
    "name": "Nanoprinted alloy mesh",
    "density": 6,
    "bash_resist": 4,
    "cut_resist": 6,
    "bullet_resist": 8,
    "acid_resist": 6,
    "fire_resist": 2,
    "elec_resist": 0,
    "chip_resist": 4,
    "dmg_adj": [ "marked", "dented", "scarred", "broken" ],
    "bash_dmg_verb": "ripped",
    "cut_dmg_verb": "cut",
    "//": "lightweight high-protection-value armors that degrade easily."
  },
  {
    "type": "material",
    "id": "clearcrete",
    "name": "clearcrete",
    "density": 40,
    "specific_heat_liquid": 0.82,
    "specific_heat_solid": 0.45,
    "latent_heat": 273,
    "bash_resist": 10,
    "cut_resist": 6,
    "bullet_resist": 100,
    "acid_resist": 6,
    "fire_resist": 100,
    "elec_resist": 10,
    "chip_resist": 30,
    "repaired_with": "scrap",
    "dmg_adj": [ "scratched", "cut", "cracked", "shattered" ],
    "bash_dmg_verb": "cracked",
    "cut_dmg_verb": "scratched"
  }
]
