[
  {
    "id": "iv_mutagen_migo",
    "copy-from": "iv_mutagen_flavor",
    "type": "COMESTIBLE",
    "name": "mi-go mutagenic primer",
    "description": "A super-concentrated mutagen strongly resembling a lava lamp.",
    "price": 1000000,
    "color": "red",
    "healthy": -4,
    "use_action": {
      "type": "consume_drug",
      "activation_message": "You inject the mi-go mutagenic primer.",
      "tools_needed": { "syringe": -1 },
      "vitamins": [ [ "mutagen_migo", 450, 550 ] ]
    }
  },
  {
    "id": "mutagen_migo",
    "copy-from": "mutagen_flavor",
    "type": "COMESTIBLE",
    "name": "mi-go mutagen",
    "description": "An extremely rare mutagen cocktail, it smells of sulphur and glows orange.",
    "price": 500000,
    "vitamins": [ [ "mutagen_migo", 175 ], [ "mutagen", 125 ] ]
  },
  {
    "id": "iv_mutagen_mastodon",
    "copy-from": "iv_mutagen_flavor",
    "type": "COMESTIBLE",
    "name": { "str": "mastodon mutagenic primer" },
    "description": "A processed mutagenic primer not for those frightened of this thing they have become.",
    "price": 1000000,
    "color": "red",
    "healthy": -4,
    "use_action": {
      "type": "consume_drug",
      "activation_message": "You inject the mastodon mutagenic primer.",
      "tools_needed": { "syringe": -1 },
      "vitamins": [ [ "mutagen_mastodon", 450, 550 ] ]
    }
  },
  {
    "id": "mutagen_mastodon",
    "copy-from": "mutagen_flavor",
    "type": "COMESTIBLE",
    "name": { "str": "mastodon mutagen" },
    "description": "An extremely rare mutagen cocktail, it seeks to cure what's deep inside.",
    "price": 500000,
    "vitamins": [ [ "mutagen_mastodon", 175 ], [ "mutagen", 125 ] ]
  }
]
