[
  {
    "id": "seed_pineapple",
    "copy-from": "seed",
    "type": "COMESTIBLE",
    "name": { "str_sp": "pineapple stem" },
    "description": "Roots of a pineapple plant, for growing your own.",
    "weight": "152 g",
    "price": 160,
    "charges": 2,
    "stack_size": 8,
    "seed_data": { "plant_name": "pineapple", "fruit": "pineapple", "byproducts": [ "straw_pile" ], "grow": "280 days" }
  },
  {
    "id": "seed_melon",
    "copy-from": "seed_fruit",
    "type": "COMESTIBLE",
    "name": { "str_sp": "melon seeds" },
    "description": "Some melon seeds.",
    "seed_data": { "plant_name": "melon", "fruit": "melon", "byproducts": [ "withered" ], "grow": "91 days" }
  },
  {
    "id": "seed_bananas",
    "copy-from": "seed_fruit",
    "type": "COMESTIBLE",
    "name": { "str_sp": "banana saplings" },
    "description": "Some banana saplings.",
    "seed_data": { "plant_name": "banana", "fruit": "banana", "byproducts": [ "withered" ], "grow": "120 days" }
  },
  {
    "id": "seed_orange",
    "copy-from": "seed_fruit",
    "type": "COMESTIBLE",
    "name": { "str_sp": "orange vine" },
    "description": "Some orange vine.  Definitely GMO.",
    "seed_data": { "plant_name": "orange", "fruit": "orange", "byproducts": [ "withered" ], "grow": "91 days" }
  },
  {
    "id": "seed_lemon",
    "copy-from": "seed_fruit",
    "type": "COMESTIBLE",
    "name": { "str_sp": "lemon vine" },
    "description": "Some lemon vines.  Definitely GMO.",
    "seed_data": { "plant_name": "lemon", "fruit": "lemon", "byproducts": [ "withered" ], "grow": "91 days" }
  },
  {
    "id": "seed_coconut",
    "copy-from": "seed_fruit",
    "type": "COMESTIBLE",
    "name": { "str_sp": "subterraenean coconut" },
    "description": "Proof that man went too far before the Cataclysm.",
    "seed_data": { "plant_name": "coconut", "fruit": "coconut", "byproducts": [ "withered" ], "grow": "120 days" }
  }
]
