[
  {
    "id": "550arlov",
    "type": "AMMO",
    "name": { "str": "550 Arlov" },
    "description": "unique bullet for Vitrovski V-85 sniper rifle, it looks like .50 BMG but much more slim and stronger.",
    "weight": "470 g",
    "volume": "300 ml",
    "price": "250 USD",
    "bashing": 1,
    "material": [ "steel" ],
    "symbol": "=",
    "color": "light_gray",
    "count": 30,
    "ammo_type": "550arlov",
    "range": 40,
    "damage": { "damage_type": "stab", "amount": 110, "armor_penetration": 40 },
    "dispersion": 220,
    "effects": [ "COOKOFF", "NEVER_MISFIRES" ]
  },
  {
    "id": "550_incendiary",
    "copy-from": "550arlov",
    "type": "AMMO",
    "name": { "str": "550 Arlov Incendiary" },
    "description": "Incendiary variant of 550 Arlov, this one has red tip that explode and burning target on hit.",
    "count": 30,
    "effects": [ "INCENDIARY" ],
    "proportional": { "dispersion": 0.7 }
  },
  {
    "id": "550_ap",
    "copy-from": "550arlov",
    "type": "AMMO",
    "name": { "str": "550 Arlov AP" },
    "description": "Variant of 550 Arlov that uses reinforced material to increase penetration ability at cost of damage reduction.",
    "count": 30,
    "relative": { "damage": { "damage_type": "stab", "amount": -30, "armor_penetration": 40 } }
  },
  {
    "id": "550_explosive",
    "copy-from": "550arlov",
    "type": "AMMO",
    "name": { "str": "550 Arlov Explosive" },
    "description": "Variant of 550 Arlov that uses explosive tip, a bit overkill for killing zombies but enough to give damage to hard targets.",
    "count": 30,
    "extend": { "effects": [ "EXPLOSIVE" ] }
  },
  {
    "id": "20mm",
    "type": "AMMO",
    "name": { "str": "20mm Vulcan" },
    "description": "bigger than .50 BMG, this 20mm bullet packs a powerful punch against everything. and maybe an overkill for killing some undeads and humans.",
    "weight": "900 g",
    "volume": "500 ml",
    "price": "700 USD",
    "bashing": 1,
    "material": [ "steel" ],
    "symbol": "=",
    "color": "light_gray",
    "count": 3,
    "ammo_type": "20mm",
    "range": 140,
    "damage": { "damage_type": "stab", "amount": 200, "armor_penetration": 50 },
    "dispersion": 180,
    "recoil": 27000,
    "effects": [ "COOKOFF", "NEVER_MISFIRES" ]
  },
  {
    "id": "9x39",
    "type": "AMMO",
    "name": { "str": "9x39mm" },
    "description": "Soviet rifle cartridge designed for good armor penetration and power, almost similar to 7.62 used by AK-47, this one is unique for VSS Vintorez.",
    "weight": "259 g",
    "volume": "430 ml",
    "price": "750 USD",
    "bashing": 1,
    "material": [ "steel" ],
    "symbol": "=",
    "color": "light_gray",
    "count": 20,
    "ammo_type": "9x39",
    "range": 120,
    "damage": { "damage_type": "stab", "amount": 110, "armor_penetration": 50 },
    "dispersion": 120,
    "recoil": 10,
    "effects": [ "NEVER_MISFIRES", "COOKOFF" ]
  },
  {
    "id": "cannonball",
    "type": "AMMO",
    "name": { "str": "Cannon Ball" },
    "description": "huge ball of steel, specially designed to be fired from cannon of a boat or portable cannon. you can imagine crushing some zombies with this.",
    "weight": "1500 g",
    "volume": "600 ml",
    "price": "700 USD",
    "bashing": 5,
    "material": [ "steel" ],
    "symbol": "O",
    "color": "light_gray",
    "count": 5,
    "ammo_type": "cannonball",
    "range": 100,
    "damage": { "damage_type": "stab", "amount": 150 },
    "dispersion": 110,
    "recoil": 90,
    "effects": [ "EXPLOSIVE", "MUZZLE_SMOKE", "NO_ITEM_DAMAGE" ]
  }
]
