[
  {
    "id": "xs500",
    "copy-from": "pistol_revolver",
    "type": "GUN",
    "name": { "str": "XS-500" },
    "description": "Powerful handcannon with built-in red dot sight and unique firing mechanism, capable of delivering great damage for long-range target.",
    "weight": "2700 g",
    "volume": "2230 ml",
    "longest_side": "340 mm",
    "price": "3000 USD",
    "to_hit": -2,
    "bashing": 10,
    "material": [ "budget_steel" ],
    "color": "dark_gray",
    "ammo": [ "50" ],
    "range": 30,
    "ranged_damage": { "damage_type": "stab", "amount": 5 },
    "dispersion": 180,
    "recoil": 110,
    "durability": 8,
    "loudness": 20,
    "clip_size": 5,
    "reload": 100,
    "built_in_mods": [ "red_dot_sight" ],
    "flags": [ "NEVER_JAMS" ],
    "pocket_data": [ { "pocket_type": "MAGAZINE", "holster": true, "rigid": true, "ammo_restriction": { "50": 5 } } ]
  },
  {
    "id": "v85",
    "copy-from": "rifle_base",
    "type": "GUN",
    "name": { "str": "Vitrovski V-85" },
    "description": "Russian's manufactured sniper rifle capable of piercing a thick steel wall thanks to its unique 550 Arlov bullet, it also has built-in muzzle brake and rifle scope.",
    "weight": "3300 g",
    "volume": "2560 ml",
    "longest_side": "1020 mm",
    "price": "5000 USD",
    "to_hit": -4,
    "bashing": 14,
    "material": [ "budget_steel" ],
    "ammo": [ "550arlov" ],
    "color": "dark_gray",
    "range": 40,
    "ranged_damage": { "damage_type": "stab", "amount": -3 },
    "dispersion": 220,
    "durability": 8,
    "loudness": 20,
    "built_in_mods": [ "muzzle_brake", "rifle_scope" ],
    "flags": [ "NEVER_JAMS" ],
    "pocket_data": [
      {
        "pocket_type": "MAGAZINE_WELL",
        "holster": true,
        "max_contains_volume": "20 L",
        "magazine_well": "250 ml",
        "max_contains_weight": "20 kg",
        "item_restriction": [ "v85mag" ]
      }
    ]
  },
  {
    "id": "eliminator",
    "type": "GUN",
    "reload_noise_volume": 10,
    "name": { "str": "Eliminator" },
    "description": "Highly-classified, futuristic laser cannon made by US government. meant for last resort against the Cataclysm, seeing this weapon makes you believe they never had a chance to use it properly.",
    "weight": "5500 g",
    "volume": "5700 ml",
    "longest_side": "1170 mm",
    "price": "100000 USD",
    "to_hit": -5,
    "bashing": 10,
    "material": [ "steel", "plastic" ],
    "symbol": "(",
    "color": "blue",
    "skill": "rifle",
    "range": 40,
    "ranged_damage": { "damage_type": "stab", "amount": 100, "armor_penetration": 40 },
    "dispersion": 100,
    "durability": 9,
    "loudness": 20,
    "ups_charges": 250,
    "reload": 100,
    "valid_mod_locations": [ [ "accessories", 4 ], [ "sight", 1 ], [ "stock", 1 ], [ "grip", 1 ], [ "rail", 1 ], [ "emitter", 1 ] ],
    "ammo_effects": [ "LASER", "INCENDIARY" ],
    "flags": [ "NEVER_JAMS", "NO_UNLOAD" ]
  },
  {
    "id": "va989",
    "type": "GUN",
    "reload_noise_volume": 10,
    "name": { "str": "VA-989" },
    "description": "Before Cataclysm happened, a lot of elite military uses this laser rifle as their main weapon, due to efficient energy consumption and deadly power. but now it becomes scavenger's best friend in times of danger.",
    "weight": "4300 g",
    "volume": "2330 ml",
    "longest_side": "1020 mm",
    "price": "25000 USD",
    "to_hit": -2,
    "bashing": 10,
    "material": [ "steel", "plastic" ],
    "symbol": "(",
    "color": "blue",
    "skill": "rifle",
    "range": 40,
    "ranged_damage": { "damage_type": "stab", "amount": 90 },
    "dispersion": 210,
    "durability": 9,
    "loudness": 15,
    "ups_charges": 50,
    "reload": 100,
    "modes": [ [ "DEFAULT", "semi-auto", 1 ], [ "BURST", "3-shot", 3 ] ],
    "valid_mod_locations": [ [ "accessories", 4 ], [ "sights", 1 ], [ "stock", 1 ], [ "grip", 1 ], [ "rail", 1 ], [ "emitter", 1 ] ],
    "ammo_effects": [ "LASER", "INCENDIARY" ],
    "flags": [ "NEVER_JAMS", "NO_UNLOAD" ]
  },
  {
    "id": "xs3",
    "type": "GUN",
    "name": { "str": "Extrella XS-3" },
    "description": "Made by Extrella Company, this handgun is famous for its firing mechanism that result in almost no recoil and perfect accuracy. it also has built-in scope for ease in aiming ",
    "weight": "2700 g",
    "volume": "2100 ml",
    "longest_side": "200 mm",
    "price": "17500 USD",
    "to_hit": -1,
    "bashing": 9,
    "material": [ "steel" ],
    "symbol": "(",
    "color": "dark_gray",
    "ammo": [ "9mm" ],
    "skill": "pistol",
    "range": 40,
    "ranged_damage": { "damage_type": "stab", "amount": 10 },
    "dispersion": 60,
    "durability": 9,
    "loudness": 15,
    "built_in_mods": [ "pistol_scope" ],
    "flags": [ "NEVER_JAMS" ],
    "valid_mod_locations": [ [ "muzzle", 1 ], [ "stock", 1 ] ],
    "pocket_data": [
      {
        "pocket_type": "MAGAZINE_WELL",
        "holster": true,
        "max_contains_volume": "20 L",
        "magazine_well": "250 ml",
        "max_contains_weight": "20 kg",
        "item_restriction": [ "xs3mag" ]
      }
    ]
  },
  {
    "id": "anzio20mm",
    "type": "GUN",
    "name": { "str": "Anzio 20mm" },
    "description": "Designed by Anzio Ironworks, this large anti-material rifle uses 20mm Vulcan bullet, delivering destructive power to anything it shoots, has built-in scope and muzzle brake.",
    "weight": "9700 g",
    "volume": "4500 ml",
    "longest_side": "1230 mm",
    "price": "45000 USD",
    "to_hit": -5,
    "bashing": 15,
    "material": [ "steel" ],
    "symbol": "(",
    "color": "dark_gray",
    "ammo": [ "20mm" ],
    "skill": "rifle",
    "range": 45,
    "ranged_damage": { "damage_type": "stab", "amount": 20 },
    "dispersion": 180,
    "recoil": 180,
    "durability": 8,
    "loudness": 25,
    "built_in_mods": [ "rifle_scope", "muzzle_brake" ],
    "flags": [ "NEVER_JAMS" ],
    "pocket_data": [
      {
        "pocket_type": "MAGAZINE_WELL",
        "holster": true,
        "max_contains_volume": "20 L",
        "magazine_well": "250 ml",
        "max_contains_weight": "20 kg",
        "item_restriction": [ "anziomag" ]
      }
    ]
  },
  {
    "id": "pancor_jack",
    "type": "GUN",
    "name": { "str": "Pancor Jackhammer" },
    "description": "Designed by Pancor Corporation, this 12-gauge, blow-forward, gas-operated bullpup automatic shotgun is what weapon's collector is looking before Cataclysm. And only few of this exist in the world so you're on high luck if you find this weapon.",
    "weight": "7900 g",
    "volume": "1312 ml",
    "longest_side": "787 mm",
    "price": "100000 USD",
    "to_hit": -5,
    "bashing": 15,
    "material": [ "steel" ],
    "symbol": "(",
    "color": "dark_gray",
    "ammo": [ "shot" ],
    "skill": "shotgun",
    "range": 20,
    "ranged_damage": { "damage_type": "stab", "amount": 20 },
    "dispersion": 280,
    "durability": 8,
    "loudness": 20,
    "flags": [ "NEVER_JAMS" ],
    "pocket_data": [
      {
        "pocket_type": "MAGAZINE_WELL",
        "holster": true,
        "max_contains_volume": "20 L",
        "magazine_well": "250 ml",
        "max_contains_weight": "20 kg",
        "item_restriction": [ "pancormag" ]
      }
    ]
  },
  {
    "id": "armgun",
    "type": "GUN",
    "name": { "str": "Mk-1 Arm Gun" },
    "description": "Prototype Arm-mounted gun, chambered in 9mm and uses muscle sensor as trigger, this weapon is designed by somebody who thinks why punch zombies when you can shoot a bullet from your arm.",
    "weight": "4300 g",
    "volume": "1100 ml",
    "longest_side": "200 mm",
    "price": "5000 USD",
    "to_hit": 1,
    "bashing": 15,
    "material": [ "steel" ],
    "symbol": "(",
    "color": "light_gray",
    "ammo": [ "9mm" ],
    "skill": "pistol",
    "range": 20,
    "ranged_damage": { "damage_type": "stab", "amount": 10 },
    "dispersion": 80,
    "durability": 9,
    "loudness": 10,
    "flags": [ "NEVER_JAMS" ],
    "pocket_data": [
      {
        "pocket_type": "MAGAZINE_WELL",
        "holster": true,
        "max_contains_volume": "20 L",
        "magazine_well": "250 ml",
        "max_contains_weight": "20 kg",
        "item_restriction": [ "armgunmag" ]
      }
    ],
    "armor_data": {
      "warmth": 10,
      "armor": [ { "encumbrance": 10, "coverage": 20, "covers": [ "arm_l", "arm_r" ], "material": [ "steel" ] } ]
    }
  },
  {
    "id": "vss_vintorez",
    "type": "GUN",
    "name": { "str": "VSS Vintorez" },
    "description": "Russian's special sniper rifle. uses Subsonic 9x39mm bullet and has built-in scope and suppresor, this weapon is specially designed for undercover or clandestine operation, or picking zombies silently.",
    "weight": "2600 g",
    "volume": "1094 ml",
    "longest_side": "1230 mm",
    "price": "1793 USD",
    "to_hit": 1,
    "bashing": 10,
    "material": [ "wood", "steel" ],
    "symbol": "(",
    "color": "dark_gray",
    "ammo": [ "9x39" ],
    "skill": "rifle",
    "range": 40,
    "ranged_damage": { "damage_type": "stab", "amount": 10 },
    "dispersion": 110,
    "durability": 9,
    "built_in_mods": [ "rifle_scope", "suppressor" ],
    "flags": [ "NEVER_JAMS" ],
    "pocket_data": [
      {
        "pocket_type": "MAGAZINE_WELL",
        "holster": true,
        "max_contains_volume": "20 L",
        "magazine_well": "250 ml",
        "max_contains_weight": "20 kg",
        "item_restriction": [ "vssmag" ]
      }
    ]
  },
  {
    "id": "port_cannon",
    "type": "GUN",
    "name": { "str": "Portable Cannon" },
    "description": "Designed and produced by former pirate, this weapon almost looks like pirate's boat cannon although its smaller and enough to be carried like normal weapons. heavy, but has enough power to deliver a big oof to everything thanks to its special cannonball bullet.",
    "weight": "6500 g",
    "volume": "3700 ml",
    "longest_side": "1170 mm",
    "price": "2132 USD",
    "to_hit": -3,
    "bashing": 15,
    "material": [ "steel" ],
    "symbol": "(",
    "color": "dark_gray",
    "ammo": [ "cannonball" ],
    "skill": "rifle",
    "range": 30,
    "ranged_damage": { "damage_type": "stab", "amount": 10 },
    "recoil": 90,
    "dispersion": 110,
    "durability": 8,
    "loudness": 20,
    "clip_size": 1,
    "pocket_data": [ { "pocket_type": "MAGAZINE", "rigid": true, "ammo_restriction": { "cannonball": 1 } } ],
    "reload": 100,
    "flags": [ "NEVER_JAMS" ]
  },
  {
    "id": "win_liberator",
    "type": "GUN",
    "name": { "str": "Winchester Liberator" },
    "description": "Made by Winchester Company, this 4-barrel prototype shotgun was failed attempt at making cheap but effective shotgun. but somehow resurfaced and become military choice sometimes before Cataclysm.",
    "weight": "5400 g",
    "volume": "2900 ml",
    "longest_side": "400 mm",
    "price": "3000 USD",
    "to_hit": -2,
    "bashing": 10,
    "material": [ "steel" ],
    "symbol": "(",
    "color": "dark_gray",
    "ammo": [ "shot" ],
    "skill": "shotgun",
    "range": 20,
    "ranged_damage": { "damage_type": "stab", "amount": 5 },
    "recoil": 110,
    "dispersion": 180,
    "durability": 8,
    "loudness": 20,
    "clip_size": 4,
    "pocket_data": [ { "pocket_type": "MAGAZINE", "rigid": true, "ammo_restriction": { "shot": 4 } } ],
    "reload": 100,
    "flags": [ "RELOAD_ONE", "NEVER_JAMS" ]
  },
  {
    "id": "mts255",
    "type": "GUN",
    "name": { "str": "Winchester Liberator" },
    "description": "Russian-made shotgun with 5-shell internal revolving cylinder, combining revolver mechanism with shotgun apparently is a good combo for russians. it also has picattiny rail for sight device.",
    "weight": "3700 g",
    "volume": "1870 ml",
    "longest_side": "400 mm",
    "price": "40000 USD",
    "to_hit": -1,
    "bashing": 15,
    "material": [ "wood", "steel" ],
    "symbol": "(",
    "color": "dark_gray",
    "ammo": [ "shot" ],
    "skill": "shotgun",
    "range": 20,
    "ranged_damage": { "damage_type": "stab", "amount": 5 },
    "recoil": 110,
    "dispersion": 120,
    "durability": 8,
    "loudness": 15,
    "clip_size": 5,
    "pocket_data": [ { "pocket_type": "MAGAZINE", "rigid": true, "ammo_restriction": { "shot": 5 } } ],
    "reload": 100,
    "flags": [ "RELOAD_ONE", "NEVER_JAMS" ]
  }
]
