[
  {
    "type": "item_group",
    "id": "guns_pistol_milspec",
    "items": [
      { "item": "xs500", "prob": 10, "charges-min": 0, "charges-max": 5 },
      { "item": "xs3", "prob": 10, "charges-min": 0, "charges-max": 12 },
      { "item": "armgun", "prob": 10, "charges-min": 0, "charges-max": 100 }
    ]
  },
  {
    "type": "item_group",
    "id": "guns_rifle_milspec",
    "items": [
      { "item": "v85", "prob": 10, "charges-min": 0, "charges-max": 10 },
      { "item": "anzio20mm", "prob": 10, "charges-min": 0, "charges-max": 3 },
      { "item": "vss_vintorez", "prob": 10, "charges-min": 0, "charges-max": 20 },
      { "item": "port_cannon", "prob": 10, "charges-min": 0, "charges-max": 1 }
    ]
  },
  {
    "type": "item_group",
    "id": "guns_energy",
    "items": [ { "item": "eliminator", "prob": 10 }, { "item": "va989", "prob": 10 } ]
  },
  {
    "type": "item_group",
    "id": "guns_shotgun_milspec",
    "items": [
      { "item": "pancor_jack", "prob": 5, "charges-min": 0, "charges-max": 10 },
      { "item": "win_liberator", "prob": 5, "charges-min": 0, "charges-max": 4 },
      { "item": "mts255", "prob": 5, "charges-min": 0, "charges-max": 5 }
    ]
  },
  {
    "type": "item_group",
    "id": "soa_real_weapon_decor",
    "subtype": "distribution",
    "items": [ [ "katari", 20 ], [ "chalikar", 10 ], [ "razor_sword", 10 ], [ "boomerang", 10 ] ]
  },
  {
    "type": "item_group",
    "id": "ammo_rifle_milspec",
    "items": [
      [ "550arlov", 20 ],
      [ "550_incendiary", 10 ],
      [ "550_ap", 10 ],
      [ "550_explosive", 15 ],
      [ "20mm", 10 ],
      [ "9x39", 10 ],
      [ "cannonball", 10 ]
    ]
  },
  {
    "type": "item_group",
    "id": "mags_milspec",
    "items": [ [ "v85mag", 10 ], [ "xs3mag", 10 ], [ "anziomag", 10 ], [ "pancormag", 10 ], [ "armgunmag", 10 ], [ "vssmag", 10 ] ]
  }
]
