[
  {
    "id": "v85mag",
    "type": "MAGAZINE",
    "name": { "str": "Vitrovski V-85 Magazine" },
    "description": "10-round box magazine for Vitrovski V-85 sniper rifle.",
    "weight": "800 g",
    "volume": "700 ml",
    "price": "250 USD",
    "material": [ "budget_steel" ],
    "symbol": "#",
    "color": "light_gray",
    "ammo_type": [ "550arlov" ],
    "capacity": 10,
    "pocket_data": [ { "pocket_type": "MAGAZINE", "rigid": true, "ammo_restriction": { "550arlov": 10 } } ],
    "reload_time": 110,
    "flags": [ "MAG_BULKY" ]
  },
  {
    "id": "xs3mag",
    "type": "MAGAZINE",
    "name": { "str": "XS-3 magazine" },
    "description": "12-round magazine for Extrella XS-3 handgun.",
    "weight": "500 g",
    "volume": "600 ml",
    "price": "150 USD",
    "material": [ "steel" ],
    "symbol": "#",
    "color": "light_gray",
    "ammo_type": [ "9mm" ],
    "capacity": 12,
    "pocket_data": [ { "pocket_type": "MAGAZINE", "rigid": true, "ammo_restriction": { "9mm": 12 } } ],
    "reload_time": 100,
    "flags": [ "MAG_COMPACT" ]
  },
  {
    "id": "anziomag",
    "type": "MAGAZINE",
    "name": { "str": "Anzio magazine" },
    "description": "3-round magazine for Anzio 20mm",
    "weight": "1200 g",
    "volume": "700 ml",
    "price": "300 USD",
    "material": [ "steel" ],
    "symbol": "#",
    "color": "light_gray",
    "ammo_type": [ "20mm" ],
    "capacity": 3,
    "pocket_data": [ { "pocket_type": "MAGAZINE", "rigid": true, "ammo_restriction": { "20mm": 3 } } ],
    "reload_time": 200,
    "flags": [ "MAG_BULKY" ]
  },
  {
    "id": "pancormag",
    "type": "MAGAZINE",
    "name": { "str": "Jackhammer magazine" },
    "description": "10-shot cylinder magazine for Pancor Jackhammer.",
    "weight": "1300 g",
    "volume": "600 ml",
    "price": "750 USD",
    "material": [ "steel" ],
    "symbol": "#",
    "color": "light_gray",
    "ammo_type": [ "shot" ],
    "capacity": 10,
    "pocket_data": [ { "pocket_type": "MAGAZINE", "rigid": true, "ammo_restriction": { "shot": 10 } } ],
    "reload_time": 300,
    "flags": [ "MAG_BULKY" ]
  },
  {
    "id": "armgunmag",
    "type": "MAGAZINE",
    "name": { "str": "Arm-Gun Magazine" },
    "description": "100 rounds magazine for Mk-1 Arm-Gun",
    "weight": "900 g",
    "volume": "500 ml",
    "price": "500 USD",
    "material": [ "steel" ],
    "symbol": "#",
    "color": "light_gray",
    "ammo_type": [ "9mm" ],
    "capacity": 100,
    "pocket_data": [ { "pocket_type": "MAGAZINE", "rigid": true, "ammo_restriction": { "9mm": 100 } } ],
    "reload_time": 200,
    "flags": [ "MAG_COMPACT" ]
  },
  {
    "id": "vssmag",
    "type": "MAGAZINE",
    "name": { "str": "VSS Magazine" },
    "description": "20-round magazine for VSS Vintorez sniper rifle",
    "weight": "850 g",
    "volume": "700 ml",
    "price": "600 USD",
    "material": [ "steel" ],
    "symbol": "#",
    "color": "light_gray",
    "ammo_type": [ "9x39" ],
    "capacity": 20,
    "pocket_data": [ { "pocket_type": "MAGAZINE", "rigid": true, "ammo_restriction": { "9x39": 20 } } ],
    "reload_time": 200,
    "flags": [ "MAG_COMPACT" ]
  }
]
