[
  {
    "id": "katari",
    "type": "TOOL",
    "category": "weapons",
    "name": { "str": "Katar", "str_pl": "Katars" },
    "description": "originated from Indian subcontinent, this handheld dagger is known for ceremonial use. but also has potential to kill some zombies.",
    "weight": "1100 g",
    "volume": "500 ml",
    "price": "450 USD",
    "to_hit": 3,
    "bashing": 5,
    "cutting": 15,
    "thrown_damage": [ { "damage_type": "stab", "amount": 20 } ],
    "material": [ "steel" ],
    "techniques": [ "RAPID", "VORPAL", "PRECISE" ],
    "symbol": ";",
    "color": "light_gray",
    "qualities": [ [ "CUT", 1 ], [ "CUT_FINE", 1 ] ],
    "flags": [ "DURABLE_MELEE", "SHEATH_KNIFE" ]
  },
  {
    "id": "chalikar",
    "type": "TOOL",
    "category": "weapons",
    "name": { "str": "Chakram", "str_pl": "Chakrams" },
    "description": "originated from Indian subcontinent, this circular blade is sharp enough to cut down zombies and humans. can be thrown or used as melee weapon.",
    "weight": "1000 g",
    "volume": "1000 ml",
    "price": "600 USD",
    "to_hit": 5,
    "cutting": 20,
    "thrown_damage": [ { "damage_type": "cut", "amount": 30 } ],
    "material": [ "steel" ],
    "techniques": [ "SPIN", "WIDE" ],
    "symbol": "o",
    "color": "light_gray",
    "qualities": [ [ "CUT", 1 ] ],
    "flags": [ "DURABLE_MELEE" ]
  },
  {
    "id": "razor_sword",
    "type": "GENERIC",
    "category": "weapons",
    "name": { "str": "Razor Sword" },
    "description": "sword with razor-like blade, it has a button on its grip that will transform the blade into whip-like mode. and in case if you think this weapon is excessive, there is nothing excessive in this apocalypse.",
    "weight": "1300 g",
    "volume": "1200 ml",
    "price": "900 USD",
    "to_hit": 4,
    "cutting": 30,
    "material": [ "steel", "leather" ],
    "techniques": [ "SPIN", "WIDE", "IMPALE" ],
    "symbol": "/",
    "color": "brown",
    "use_action": { "menu_text": "Activate", "type": "transform", "target": "razor_whip", "msg": "Whip Mode activated." },
    "flags": [ "DURABLE_MELEE", "SHEATH_SWORD" ]
  },
  {
    "id": "razor_whip",
    "type": "GENERIC",
    "category": "weapons",
    "name": { "str": "Razor Whip" },
    "description": "whip with razor-like blades, pressing the button will transform it back to sword mode. whip and slash the zombies like no tommorow.",
    "weight": "1300 g",
    "volume": "1800 ml",
    "price": "900 USD",
    "to_hit": 4,
    "cutting": 50,
    "material": [ "steel", "leather" ],
    "techniques": [ "BRUTAL", "SPIN", "WIDE" ],
    "symbol": "/",
    "color": "brown",
    "use_action": { "menu_text": "Deactivate", "type": "transform", "target": "razor_sword", "msg": "Sword Mode activated." },
    "flags": [ "REACH_ATTACK", "REACH3", "WHIP" ]
  },
  {
    "id": "boomerang",
    "type": "TOOL",
    "category": "weapons",
    "name": { "str": "Boomerang" },
    "description": "Ancient weapon of Australia, normally used for hunting, now its used to hunt zombies and crack their skull.",
    "weight": "100 g",
    "volume": "875 ml",
    "price": "500 USD",
    "to_hit": 2,
    "bashing": 15,
    "thrown_damage": [ { "damage_type": "bash", "amount": 30 } ],
    "material": [ "wood" ],
    "symbol": ">",
    "color": "brown",
    "flags": [ "DURABLE_MELEE" ]
  }
]
