[
  {
    "type": "mod_tileset",
    "compatibility": [
      "Chibi_Ultica",
      "UltimateCataclysm",
      "MshockXottoplus",
      "UNDEAD_PEOPLE",
      "UNDEAD_PEOPLE_BASE",
      "UNDEAD_PEOPLE_LEGACY",
      "UlticaShell",
      "MshockXottoplus12",
      "MSX++DEAD_PEOPLE",
      "MXplus12_for_cosmetics",
      "MSXotto+"
    ],
    "tiles-new": [
      {
        "file": "future_armory_normal.png",
        "tiles": [
          { "id": "bg_shadow_item", "fg": 1, "rotates": false },
          { "id": "anzio20mm", "fg": 2, "rotates": false },
          { "id": "overlay_wielded_anzio20mm", "fg": 3, "rotates": false },
          { "id": "eliminator", "fg": 4 },
          { "id": "overlay_wielded_eliminator", "fg": 5, "rotates": false },
          { "id": "mts255", "fg": 6, "bg": 1, "rotates": false },
          { "id": "overlay_wielded_mts255", "fg": 7, "rotates": false },
          { "id": "pancor_jack", "fg": 8, "rotates": false },
          { "id": "overlay_wielded_pancor_jack", "fg": 9, "rotates": false },
          { "id": "port_cannon", "fg": 10, "rotates": false },
          { "id": "overlay_wielded_port_cannon", "fg": 11, "rotates": false },
          { "id": "v85", "fg": 12 },
          { "id": "overlay_wielded_v85", "fg": 13 },
          { "id": "va989", "fg": 14, "bg": 1, "rotates": false },
          { "id": "overlay_wielded_va989", "fg": 15, "rotates": false },
          { "id": "vss_vintorez", "fg": 16 },
          { "id": "overlay_wielded_vss_vintorez", "fg": 17 },
          { "id": "win_liberator", "fg": 18, "rotates": false },
          { "id": "overlay_wielded_win_liberator", "fg": 19, "rotates": false },
          { "id": "xs3", "fg": 20, "bg": 1, "rotates": false },
          { "id": "overlay_wielded_xs3", "fg": 21, "rotates": true },
          { "id": "xs500", "fg": 22, "bg": 1, "rotates": false },
          { "id": "overlay_wielded_xs500", "fg": 23, "rotates": false },
          { "id": "chalikar", "fg": 24, "rotates": false },
          { "id": "overlay_wielded_chalikar", "fg": 25, "rotates": false },
          { "id": "katari", "fg": 26, "bg": 1, "rotates": false },
          { "id": "overlay_wielded_katari", "fg": 27, "rotates": false },
          { "id": "razor_sword", "fg": 28 },
          { "id": "overlay_wielded_razor_sword", "fg": 29 },
          { "id": "razor_whip", "fg": 30, "rotates": false },
          { "id": "overlay_wielded_razor_whip", "fg": 31, "rotates": false }
        ],
        "//": "range 1 to 32",
        "sprite_width": 32,
        "sprite_height": 32,
        "sprite_offset_x": 0,
        "sprite_offset_y": 0
      }
    ]
  }
]
