[
  {
    "result": "makeshift_kevlar",
    "activity_level": "LIGHT_EXERCISE",
    "type": "recipe",
    "category": "CC_ARMOR",
    "subcategory": "CSC_ARMOR_TORSO",
    "skill_used": "tailor",
    "difficulty": 4,
    "time": 30000,
    "reversible": true,
    "decomp_learn": 4,
    "autolearn": true,
    "using": [ [ "sewing_standard", 30 ] ],
    "components": [ [ [ "sheet_kevlar_layered", 24 ] ] ]
  },
  {
    "result": "makeshift_pistol_bayonet",
    "activity_level": "LIGHT_EXERCISE",
    "type": "recipe",
    "category": "CC_WEAPON",
    "subcategory": "CSC_WEAPON_MODS",
    "skill_used": "fabrication",
    "difficulty": 1,
    "time": 500,
    "reversible": true,
    "autolearn": true,
    "using": [ [ "cordage_short", 2 ] ],
    "components": [ [ [ "spike", 1 ] ] ]
  },
  {
    "result": "makeshift_sword_bayonet",
    "activity_level": "LIGHT_EXERCISE",
    "type": "recipe",
    "category": "CC_WEAPON",
    "subcategory": "CSC_WEAPON_MODS",
    "skill_used": "fabrication",
    "difficulty": 1,
    "time": 500,
    "reversible": true,
    "autolearn": true,
    "using": [ [ "cordage", 1 ] ],
    "components": [ [ [ "makeshift_machete", 1 ], [ "blade", 1 ], [ "machete", 1 ], [ "survivor_machete", 1 ] ] ]
  },
  {
    "result": "pistol_bayonet",
    "activity_level": "LIGHT_EXERCISE",
    "type": "recipe",
    "category": "CC_WEAPON",
    "subcategory": "CSC_WEAPON_MODS",
    "skill_used": "fabrication",
    "difficulty": 5,
    "time": 320000,
    "book_learn": [ [ "recipe_melee", 4 ] ],
    "qualities": [ { "id": "HAMMER", "level": 3 }, { "id": "CHISEL", "level": 3 } ],
    "tools": [
      [ [ "tongs", -1 ] ],
      [ [ "anvil", -1 ] ],
      [ [ "swage", -1 ] ],
      [ [ "forge", 250 ], [ "oxy_torch", 50 ] ],
      [ [ "mold_plastic", -1 ] ]
    ],
    "components": [ [ [ "steel_chunk", 2 ], [ "scrap", 6 ] ], [ [ "plastic_chunk", 1 ] ] ]
  },
  {
    "result": "sword_bayonet",
    "activity_level": "LIGHT_EXERCISE",
    "type": "recipe",
    "category": "CC_WEAPON",
    "subcategory": "CSC_WEAPON_MODS",
    "skill_used": "fabrication",
    "difficulty": 7,
    "time": 400000,
    "book_learn": [ [ "recipe_melee", 6 ] ],
    "using": [ [ "blacksmithing_standard", 8 ], [ "steel_standard", 2 ] ],
    "qualities": [ { "id": "CHISEL", "level": 3 } ],
    "tools": [ [ [ "swage", -1 ] ], [ [ "mold_plastic", -1 ] ] ],
    "components": [ [ [ "plastic_chunk", 2 ] ] ]
  }
]
