[
  {
    "type": "item_group",
    "id": "rare",
    "items": [ [ "ficrico", 3 ], [ "gunsword", 3 ], [ "gunknife", 4 ], [ "50pistol", 2 ], [ "m1911ds", 2 ] ]
  },
  {
    "type": "item_group",
    "id": "mags_pistol_rare",
    "items": [ [ "454_speedloader6", 5 ], [ "454_speedloader8", 5 ] ]
  },
  {
    "type": "item_group",
    "id": "mags_smg_rare",
    "items": [ [ "e1776mag", 10 ] ]
  },
  {
    "type": "item_group",
    "id": "guns_pistol_rare",
    "items": [ [ "boomlighter", 2 ], [ "ficrico", 2 ], [ "gunsword", 2 ], [ "gunknife", 2 ], [ "50pistol", 2 ], [ "m1911ds", 2 ] ]
  },
  {
    "type": "item_group",
    "id": "guns_rifle_rare",
    "items": [ [ "arccan", 5 ] ]
  },
  {
    "type": "item_group",
    "id": "guns_smg_rare",
    "items": [ [ "e1776", 2 ], [ "hk_mp5eod", 2 ], [ "light_carb", 4 ] ]
  },
  {
    "type": "item_group",
    "id": "cop_armory",
    "items": [ [ "arccan", 5 ], [ "light_carb", 5 ] ]
  },
  {
    "type": "item_group",
    "id": "prison_weapons",
    "items": [ [ "light_carb", 5 ] ]
  },
  {
    "type": "item_group",
    "id": "cop_weapons",
    "items": [ [ "arccan", 5 ], [ "light_carb", 5 ] ]
  },
  {
    "type": "item_group",
    "id": "military",
    "items": [ [ "emas", 5 ], [ "m1911ds", 3 ] ]
  },
  {
    "type": "item_group",
    "id": "gunmod_rare",
    "items": [ [ "emas", 5 ], [ "retool_flaregun", 7 ] ]
  }
]
