[
  {
    "result": "m1911ds",
    "activity_level": "LIGHT_EXERCISE",
    "type": "recipe",
    "category": "CC_WEAPON",
    "subcategory": "CSC_WEAPON_RANGED",
    "skill_used": "fabrication",
    "difficulty": 5,
    "skills_required": [ "gun", 4 ],
    "time": 12000,
    "autolearn": true,
    "tools": [
      [ [ "mold_plastic", -1 ] ],
      [ [ "welder", 70 ], [ "welder_crude", 100 ], [ "soldering_iron", 100 ], [ "toolset", 100 ] ]
    ],
    "qualities": [ { "id": "SAW_M_FINE", "level": 1 }, { "id": "SCREW_FINE", "level": 1 } ],
    "components": [ [ [ "m1911", 1 ] ], [ [ "gun_crossbow", 1 ] ], [ [ "plastic_chunk", 4 ] ], [ [ "steel_chunk", 2 ], [ "scrap", 6 ] ] ]
  }
]
