[
  {
    "id": "454_speedloader6",
    "type": "MAGAZINE",
    "name": { "str": ".454 6-round speedloader" },
    "description": "This speedloader can hold 6 rounds of .454 and quickly reload a compatible revolver.",
    "weight": "116 g",
    "volume": "250 ml",
    "price": "24 USD",
    "material": [ "steel" ],
    "symbol": "#",
    "color": "light_gray",
    "ammo_type": [ "454" ],
    "capacity": 6,
    "pocket_data": [ { "pocket_type": "MAGAZINE", "rigid": true, "ammo_restriction": { "454": 6 } } ],
    "flags": [ "SPEEDLOADER" ]
  },
  {
    "id": "454_speedloader8",
    "type": "MAGAZINE",
    "name": { "str": ".454 8-round speedloader" },
    "description": "This speedloader can hold 8 rounds of .454 and quickly reload a compatible revolver.",
    "weight": "132 g",
    "volume": "250 ml",
    "price": "28 USD",
    "material": [ "steel" ],
    "symbol": "#",
    "color": "light_gray",
    "ammo_type": [ "454" ],
    "capacity": 8,
    "pocket_data": [ { "pocket_type": "MAGAZINE", "rigid": true, "ammo_restriction": { "454": 8 } } ],
    "flags": [ "SPEEDLOADER" ]
  },
  {
    "id": "e1776mag",
    "type": "MAGAZINE",
    "name": { "str": "Eagle 1776 magazine" },
    "description": "An american-made box magazine, designed to deliver 24 .44 Magnum cartridges to the Eagle 1776.",
    "weight": "195 g",
    "volume": "500 ml",
    "price": "17 USD",
    "material": [ "steel" ],
    "symbol": "#",
    "color": "light_gray",
    "ammo_type": [ "44" ],
    "capacity": 24,
    "pocket_data": [ { "pocket_type": "MAGAZINE", "rigid": true, "ammo_restriction": { "44": 24 } } ],
    "flags": [ "MAG_COMPACT" ]
  }
]
