[
  {
    "type": "snippet",
    "category": "note",
    "text": [
      { "id": "note_fictional_weapons_1", "text": "\"Gun.  Sword.  Gunsword.  Screw bayonets, this is way more awesome.\"" },
      {
        "id": "note_fictional_weapons_2",
        "text": "\"Not sure if wielding this thing makes me feel like a bodybuilder or a theoretical physicist.  Both?\""
      },
      { "id": "note_fictional_weapons_3", "text": "\"This ain't your grandaddy's .50 cal hand cannon!\"" },
      { "id": "note_fictional_weapons_4", "text": "\"Nice pistol!  Which trigger fires the flamer?\"" },
      {
        "id": "note_fictional_weapons_5",
        "text": "\"Why in the name of fuck did I slap a crossbow on this handgun.\""
      }
    ]
  }
]
