[
  {
    "type": "mod_tileset",
    "compatibility": [
      "Chibi_Ultica",
      "UltimateCataclysm",
      "MshockXottoplus",
      "UNDEAD_PEOPLE",
      "UNDEAD_PEOPLE_BASE",
      "UNDEAD_PEOPLE_LEGACY",
      "UlticaShell",
      "MshockXottoplus12",
      "MSX++DEAD_PEOPLE",
      "MXplus12_for_cosmetics"
    ],
    "tiles-new": [
      {
        "file": "1_32x32_mon_tile_0-99.png",
        "sprite_height": 32,
        "sprite_width": 32,
        "sprite_offset_x": 0,
        "sprite_offset_y": 0,
        "tiles": [
          { "id": "mon_MutEx_zombie_brute", "fg": 1, "bg": 0 },
          { "id": "mon_MutEx_zombie_hollow", "fg": 2, "bg": 0 },
          { "id": "mon_BioCo_ScavBot", "fg": 3, "bg": 0 }
        ]
      },
      {
        "file": "2_64x80_mon_tile_100-199.png",
        "sprite_height": 80,
        "sprite_width": 64,
        "sprite_offset_x": -16,
        "sprite_offset_y": -48,
        "tiles": [ { "id": "mon_MutEx_zombie_hulk", "fg": 100, "bg": 0 } ]
      },
      {
        "file": "3_32x32_item_tile_200-299.png",
        "sprite_height": 32,
        "sprite_width": 32,
        "sprite_offset_x": 0,
        "sprite_offset_y": 0,
        "tiles": [
          { "id": "BioCo_Food_Bar", "fg": 200, "bg": 0 },
          { "id": "Emergency_Trauma_Foam", "fg": 201, "bg": 0 },
          { "id": "XE037_Emergency_Injection", "fg": 202, "bg": 0 },
          { "id": "Synthetic_Nutrient_Base", "fg": 203, "bg": 0 },
          { "id": "BioCo_AutoDoc_Couch", "fg": 204, "bg": 0 },
          { "id": "BioCo_AutoDoc", "fg": 205, "bg": 0 },
          { "id": [ "BioCo_Assembly_Machine", "f_BioCo_Assembly_Machine" ], "fg": 206, "bg": 0 },
          { "id": [ "BioCo_Chemical_Engine", "f_BioCo_Chemical_Engine" ], "fg": 207, "bg": 0 },
          { "id": "broken_BioCo_ScavBot", "fg": 208, "bg": 0 }
        ]
      }
    ]
  }
]
