[
  {
    "result": "makeshift_mininuke",
    "type": "recipe",
    "activity_level": "LIGHT_EXERCISE",
    "category": "CC_WEAPON",
    "subcategory": "CSC_WEAPON_EXPLOSIVE",
    "skill_used": "chemistry",
    "skills_required": [ "mechanics", 1 ],
    "difficulty": 5,
    "time": "5 m",
    "autolearn": true,
    "qualities": [ { "id": "SCREW", "level": 1 } ],
    "components": [
      [ [ "pepsi", 4 ] ],
      [ [ "coca_cola", 4 ] ],
      [ [ "metal_tank_little", 1 ] ],
      [ [ "superglue", 1 ] ]
    ]
  }
]