[
  {
    "id": "NUCLEAR_RPG",
    "type": "ammo_effect",
    "aoe": {
      "field_type": "fd_nuke_gas",
      "intensity_min": 3,
      "intensity_max": 3,
      "radius": 20,
      "size": 1,
      "check_passable": true,
      "check_sees": true,
      "check_sees_radius": 3
    },
    "explosion": { "power": 94800000, "max_noise": 1000 }
  },
  {
    "id": "WOOLYPETER_BIG",
    "type": "ammo_effect",
    "aoe": { "field_type": "fd_incendiary", "intensity_min": 2, "intensity_max": 2, "radius": 10 },
    "explosion": { "power": 1 }
  },
  {
    "id": "WOOLYPETER_SHOT",
    "type": "ammo_effect",
    "aoe": { "field_type": "fd_incendiary", "intensity_min": 3, "intensity_max": 3, "radius": 1 }
  }
]