[
  {
    "type": "material",
    "ident": "mmglass",
    "name": "Magnetic Metal Glass",
    "density": 29,
    "bash_resist": 6,
    "bullet_resist": 6,
    "cut_resist": 6,
    "acid_resist": 7,
    "fire_resist": 3,
    "elec_resist": 1,
    "chip_resist": 20,
    "dmg_adj": [ "marked", "dented", "smashed", "shattered" ],
    "bash_dmg_verb": "dented",
    "cut_dmg_verb": "scratched"
  },
  {
    "type": "material",
    "ident": "tungsten",
    "name": "Tungsten",
    "density": 170,
    "bash_resist": 6,
    "cut_resist": 6,
    "bullet_resist": 6,
    "acid_resist": 7,
    "fire_resist": 3,
    "elec_resist": 0,
    "chip_resist": 20,
    "dmg_adj": [ "marked", "dented", "smashed", "shattered" ],
    "bash_dmg_verb": "dented",
    "cut_dmg_verb": "scratched"
  },
  {
    "type": "material",
    "ident": "uranium",
    "name": "Depleted Uranium",
    "density": 212,
    "bash_resist": 6,
    "cut_resist": 6,
    "bullet_resist": 6,
    "acid_resist": 7,
    "fire_resist": 3,
    "elec_resist": 0,
    "chip_resist": 20,
    "dmg_adj": [ "marked", "dented", "smashed", "shattered" ],
    "bash_dmg_verb": "dented",
    "cut_dmg_verb": "scratched"
  }
]
