[
  {
    "type": "item_group",
    "subtype": "collection",
    "id": "bandolier_shotgun_flech",
    "entries": [ { "item": "shot_flechette", "charges": 12 } ]
  },
  {
    "type": "item_group",
    "subtype": "collection",
    "id": "bandolier_rivtech_shotgun_inc",
    "entries": [ { "item": "20x66_inc", "charges": 12 } ]
  },
  {
    "type": "item_group",
    "subtype": "collection",
    "id": "bandolier_rivtech_shotgun_flech",
    "entries": [ { "item": "20x66_flechette", "charges": 12 } ]
  },
  {
    "type": "item_group",
    "subtype": "collection",
    "id": "charged_earmuffs_highcap",
    "entries": [ { "item": "light_plus_battery_cell", "charges": 150 } ]
  },
  {
    "type": "item_group",
    "subtype": "collection",
    "id": "charged_ups_highcap",
    "entries": [ { "item": "heavy_plus_battery_cell", "charges": 1250 } ]
  },
  {
    "type": "item_group",
    "subtype": "collection",
    "id": "exotic_shotgun_prototype",
    "entries": [
      {
        "item": "ocg_12d_slamdunk",
        "contents-item": [ "folding_stock", "laser_sight", "red_dot_sight" ]
      }
    ]
  },
  {
    "type": "item_group",
    "subtype": "collection",
    "id": "futuretech_spy_pistol",
    "entries": [
      {
        "item": "etc_ocg_spistol",
        "ammo-item": "22etc_apt",
        "charges": 7,
        "contents-item": [ "laser_sight" ]
      }
    ]
  },
  {
    "type": "item_group",
    "subtype": "collection",
    "id": "ocg_mags_qr555_pdw",
    "entries": [
      { "item": "ocg556e_20", "ammo-item": "556blackout", "charges": 20 },
      { "item": "ocg556e_20", "ammo-item": "556blackout", "charges": 20 }
    ]
  },
  {
    "type": "item_group",
    "subtype": "collection",
    "id": "poor_mans_chainsword",
    "entries": [ { "item": "ocg_chainsword_off", "charges": 500 } ]
  },
  {
    "type": "item_group",
    "subtype": "collection",
    "id": "rivtech_kill_it_with_fire1",
    "entries": [ { "item": "rm4502", "charges": 2000 } ]
  },
  {
    "type": "item_group",
    "subtype": "collection",
    "id": "silent_deel",
    "entries": [ { "item": "etc_deel", "ammo-item": "9etcsap", "charges": 10, "contents-item": "suppressor_compact" } ]
  },
  {
    "type": "item_group",
    "subtype": "collection",
    "id": "ultimate_holdout_needlegun",
    "entries": [
      {
        "item": "needlepistol",
        "ammo-item": "5x50heavy",
        "charges": 50,
        "contents-item": [ "wire_stock", "red_dot_sight", "rail_laser_sight", "laser_sight" ]
      }
    ]
  },
  {
    "type": "item_group",
    "subtype": "collection",
    "id": "v29_sharpshooter",
    "entries": [ { "item": "v29", "contents-item": [ "high_density_capacitor", "pistol_scope", "rail_laser_sight", "laser_sight" ] } ]
  },
  {
    "type": "profession",
    "id": "sniper_police",
    "copy-from": "sniper_police",
    "items": {
      "both": {
        "items": [
          "socks",
          "pants_army",
          "police_belt",
          "sheriffshirt",
          "sweatshirt",
          "sneakers",
          "gloves_tactical",
          "glasses_bal",
          "hat_ball",
          "badge_deputy",
          "wristwatch",
          "powered_earmuffs",
          "tacvest"
        ],
        "entries": [
          { "group": "charged_two_way_radio" },
          { "item": "ocg_smc308", "ammo-item": "762_51", "charges": 4, "container-item": "XL_holster" },
          { "item": "smc308_tubeloader", "ammo-item": "762_51", "charges": 4 },
          { "item": "smc308_tubeloader", "ammo-item": "762_51", "charges": 4 },
          { "item": "762_51", "charges": 80 },
          { "item": "M24", "ammo-item": "762_51", "charges": 5, "container-item": "back_holster" }
        ]
      },
      "male": [ "boxer_shorts" ],
      "female": [ "bra", "boy_shorts" ]
    }
  },
  {
    "type": "profession",
    "ident": "future_gunslinger",
    "name": "Gunslinger of the Future",
    "description": "You worked as a R&D consultant in OmniCorp, where you helped the development of some of the most technologically advanced revolvers the world will ever see. You carry a nice, UPS-powered eletrothermal revolver and the knowledge to handload ammo for it, but you lost your hand press and other tools. You also got a second less high-tech revolver should your UPS run out of power, but will all of that be enough to survive now?",
    "points": 6,
    "skills": [
      { "level": 3, "name": "gun" },
      { "level": 3, "name": "pistol" },
      { "level": 3, "name": "cooking" },
      { "level": 3, "name": "chemistry" },
      { "level": 3, "name": "electronics" },
      { "level": 3, "name": "fabrication" }
    ],
    "items": {
      "both": {
        "items": [
          "kevlar",
          "under_armor_shorts",
          "flag_shirt",
          "cowboy_hat",
          "socks",
          "pants_army",
          "gloves_fingerless",
          "boots_western",
          "duster_leather",
          "manual_pistol"
        ],
        "entries": [
          { "item": "UPS_off", "contents-group": "charged_ups_highcap" },
          { "item": "22_casing_etc", "charges": 1 },
          { "item": "powered_earmuffs", "charges": 200, "contents-item": "battery_ups" },
          { "item": "atomic_irish_coffee", "container-item": "bottle_metal" },
          { "item": "chem_aluminium_powder", "charges": 100, "container-item": "bag_zipper" },
          { "item": "chem_aluminium_powder", "charges": 100, "container-item": "bag_zipper" },
          { "item": "chem_aluminium_powder", "charges": 30, "container-item": "bag_zipper" },
          { "item": "etc_o9_electromagnum", "ammo-item": "9etc", "charges": 4, "container-item": "sholster" },
          { "item": "ocgl_45_sixpack", "ammo-item": "45colt_jhp", "charges": 6, "container-item": "holster" },
          { "item": "9etc", "charges": 60 },
          { "item": "9etcmatch", "charges": 8 },
          { "item": "9etc_speedloader", "ammo-item": "9etc", "charges": 4 },
          { "item": "9etc_speedloader", "ammo-item": "9etcmatch", "charges": 4 },
          { "item": "45colt_jhp", "charges": 18 },
          { "item": "ocgl_410speedloader6", "ammo-item": "45colt_jhp", "charges": 6 },
          { "item": "ocgl_410speedloader6", "ammo-item": "45colt_jhp", "charges": 6 }
        ]
      }
    }
  },
  {
    "type": "profession",
    "ident": "omnicorp_exec",
    "name": "OmniCorp Executive",
    "description": "You were a VIP at OmniCorp attending a formal party when one of the guests tore the face of another executive off. You survived, used your status to \"borrow\" some useful products and are determined to not give up.",
    "points": 8,
    "//": "Mostly useless skills but very useful starting tools, two relatively silent guns, a spare sidearm for common 9mm rounds, good accessories and rare subsonic bullets. And now a vehicle with a an acid cannon too.",
    "skills": [ { "level": 7, "name": "speech" } ],
    "vehicle": "car_omnicorp",
    "items": {
      "both": {
        "items": [ "briefcase", "knit_scarf", "diveknife", "multitool", "1st_aid", "red_dot_sight", "energy_drink", "aspirin" ],
        "entries": [
          { "item": "smart_phone", "charges": 120 },
          { "item": "ref_lighter", "charges": 50 },
          {
            "item": "qr555_cqb",
            "ammo-item": "556blackout",
            "charges": 20,
            "contents-item": [ "shoulder_strap", "light_grip", "rail_laser_sight" ]
          },
          { "item": "bootstrap", "contents-group": "silent_deel" },
          { "item": "legpouch_large", "contents-group": "ocg_mags_qr555_pdw" },
          { "item": "scabbard", "contents-group": "poor_mans_chainsword" },
          { "item": "ocg_beel", "ammo-item": "9mmP2", "charges": 10, "container-item": "bootstrap" },
          { "item": "deelmag", "ammo-item": "9etcsap", "charges": 10, "container-item": "legpouch" },
          { "item": "UPS_off", "contents-group": "charged_ups_highcap" }
        ]
      },
      "male": [ "briefs", "socks", "dress_shoes", "suit", "tieclip_pick", "tie_skinny", "sf_watch" ],
      "female": {
        "items": [ "barrette_pick", "bra", "tights", "gown", "long_glove_white", "silver_ear" ],
        "entries": [ { "item": "heels", "custom-flags": "no_auto_equip" } ]
      }
    }
  },
  {
    "type": "profession",
    "ident": "rivtech_exec",
    "name": "Rivtech Executive",
    "//": "Different flavors of the same start. This one doesn't sacrifice firepower for silence, but depending on RNG all starting guns may become useless due to lack of enough ammo. Packed lots of it due to rarity.",
    "description": "You were a VIP at Rivtech attending a formal party when one of the guests tore the face of another executive off. You survived, used your status to \"borrow\" some useful products and are determined to not give up.",
    "points": 8,
    "skills": [ { "level": 7, "name": "speech" } ],
    "vehicle": "suv_rivtech",
    "items": {
      "both": {
        "items": [
          "briefcase",
          "knit_scarf",
          "rx12_injector",
          "knife_swissarmy",
          "atomic_light_off",
          "picklocks",
          "energy_drink_atomic",
          "aspirin"
        ],
        "entries": [
          { "item": "lighter", "charges": 100 },
          { "item": "smart_phone", "charges": 120 },
          {
            "item": "rm120c",
            "ammo-item": "20x66_inc",
            "charges": 5,
            "contents-item": [ "shoulder_strap", "folding_stock", "red_dot_sight", "rail_laser_sight", "laser_sight" ]
          },
          { "item": "20x66_flechette", "charges": 40 },
          { "item": "20x66_inc", "charges": 40 },
          { "item": "5x50heavy", "charges": 200 },
          { "item": "bandolier_shotgun", "contents-group": "bandolier_rivtech_shotgun_inc" },
          { "item": "bandolier_shotgun", "contents-group": "bandolier_rivtech_shotgun_flech" },
          { "item": "XL_holster", "contents-group": "ultimate_holdout_needlegun" },
          { "item": "powered_earmuffs", "contents-group": "charged_earmuffs_highcap" },
          { "item": "knife_rm42", "container-item": "sheath" }
        ]
      },
      "male": [ "briefs", "socks", "dress_shoes", "suit", "tieclip", "tie_skinny", "sf_watch" ],
      "female": {
        "items": [ "barrette", "bra", "tights", "gown", "long_glove_white", "silver_ear" ],
        "entries": [ { "item": "heels", "custom-flags": "no_auto_equip" } ]
      }
    }
  },
  {
    "type": "profession",
    "ident": "leadworks_exec",
    "name": "Leadworks Executive",
    "description": "You were a VIP at Leadworks who survived its downsizing and ongoing incorporation within OmniCorp, attending a formal party when one of the guests tore the face of another executive off. You survived once again, used your status to \"borrow\" some of the newest post-merger products and are determined to not give up.",
    "//": "Could have just deleted this or something, but instead went with another approach. Now also includes a proto-deathmobile with front shredders already installed.",
    "points": 8,
    "skills": [ { "level": 7, "name": "speech" } ],
    "vehicle": "suv_leadworks",
    "items": {
      "both": {
        "items": [
          "briefcase",
          "knit_scarf",
          "diveknife",
          "matches",
          "1st_aid",
          "knife_swissarmy",
          "picklocks",
          "energy_drink",
          "aspirin"
        ],
        "entries": [
          { "item": "smart_phone", "charges": 120 },
          {
            "item": "ocgl_combox912",
            "ammo-item": "9mmP2",
            "charges": 30,
            "contents-item": [ "shoulder_strap", "light_grip" ]
          },
          { "item": "shot_flechette", "charges": 4 },
          { "item": "bandolier_shotgun", "contents-group": "bandolier_swat_cqc2" },
          { "item": "bandolier_shotgun", "contents-group": "bandolier_shotgun_flech" },
          { "item": "glockbigmag", "ammo-item": "9mmP2", "charges": 30, "container-item": "legpouch_large" },
          { "item": "glockbigmag", "ammo-item": "9mmP2", "charges": 30, "container-item": "legpouch_large" },
          { "item": "ocgl_quad9", "ammo-item": "9mmP2", "charges": 4, "container-item": "bootstrap" },
          { "item": "ocgl_t9", "ammo-item": "9mmP2", "charges": 9, "container-item": "bootstrap" },
          { "item": "9etc_speedloader", "ammo-item": "9mmP2", "charges": 4 },
          { "item": "9etc_speedloader", "ammo-item": "9mmP2", "charges": 4 },
          { "item": "ocg_t9mag", "ammo-item": "9mmP2", "charges": 9 },
          { "item": "ocg_t9mag", "ammo-item": "9mmP2", "charges": 9 },
          { "item": "powered_earmuffs", "contents-group": "charged_earmuffs_highcap" },
          { "item": "knife_trench" }
        ]
      },
      "male": [ "briefs", "socks", "dress_shoes", "suit", "tieclip", "tie_skinny", "sf_watch" ],
      "female": {
        "items": [ "barrette", "bra", "tights", "gown", "long_glove_white", "silver_ear" ],
        "entries": [ { "item": "heels", "custom-flags": "no_auto_equip" } ]
      }
    }
  },
  {
    "type": "profession",
    "ident": "aeriallabs_exec",
    "name": "Aerial Labs Executive",
    "description": "You were a VIP at Aerial Labs attending a formal party when one of the guests tore the face of another executive off. You survived, used your status to \"borrow\" some useful products and are determined to not give up.",
    "points": 9,
    "//": "It might look like an absolutely OP start, but these energy guns consume a lot of power and will drain that UPS dry very quickly considering the average density of zombies and other monsters in the game.",
    "skills": [ { "level": 7, "name": "speech" } ],
    "vehicle": "suv_aeriallabs",
    "items": {
      "both": {
        "items": [ "briefcase", "knit_scarf", "knife_swissarmy", "picklocks", "energy_drink", "aspirin" ],
        "entries": [
          { "item": "smart_phone", "charges": 120 },
          { "item": "ref_lighter", "charges": 50 },
          {
            "item": "emp_gun",
            "contents-item": [ "shoulder_strap", "folding_stock", "light_grip", "laser_sight", "high_density_capacitor", "beam_scatterer" ]
          },
          { "item": "XL_holster", "contents-group": "v29_sharpshooter" },
          { "item": "bfipowder", "charges": 20, "container-item": "bag_plastic" },
          { "item": "quikclot", "charges": 30, "container-item": "bag_plastic" },
          { "item": "UPS_off", "contents-group": "charged_ups_highcap" },
          { "item": "goggles_nv", "custom-flags": "no_auto_equip", "contents-item": "battery_ups" }
        ]
      },
      "male": [ "briefs", "socks", "dress_shoes", "suit", "tieclip", "tie_skinny", "sf_watch" ],
      "female": {
        "items": [ "barrette", "bra", "tights", "gown", "long_glove_white", "silver_ear" ],
        "entries": [ { "item": "heels", "custom-flags": "no_auto_equip" } ]
      }
    }
  },
  {
    "type": "profession",
    "ident": "corp_spymaster",
    "name": "Corporate Spymaster",
    "description": "Few can \"share\" trade secrets like you, who worked for many corporations, from Aerial Labs to Rivtech, switching sides more than once. Wisely using your skills, you \"borrowed\" some of their products as the cataclysm started.",
    "points": 10,
    "skills": [
      { "level": 5, "name": "computer" },
      { "level": 3, "name": "electronics" },
      { "level": 5, "name": "speech" },
      { "level": 4, "name": "traps" }
    ],
    "vehicle": "car_spymaster",
    "//": "Wide array of guns with one fit for almost every situation, but like the execs, no combat skills. Instead, great starting skills for talking, bribing, hacking or lockpicking a way in then out as expected from such background.",
    "items": {
      "both": {
        "items": [
          "fancy_sunglasses",
          "dress_shirt",
          "knit_scarf",
          "diveknife",
          "duster_leather",
          "matches",
          "rx12_injector",
          "recipe_caseless",
          "multitool"
        ],
        "entries": [
          { "item": "22_casing_etc", "charges": 1 },
          { "item": "eink_tablet_pc", "charges": 150, "contents-item": "battery_ups" },
          { "item": "electrohack", "charges": 150, "contents-item": "battery_ups" },
          { "item": "UPS_off", "contents-group": "charged_ups_highcap" },
          {
            "item": "ocgl_ym14carbine",
            "ammo-item": "10mm_fmj",
            "charges": 30,
            "contents-item": [ "shoulder_strap", "rail_laser_sight", "laser_sight", "red_dot_sight" ]
          },
          { "item": "knife_rm42" },
          { "item": "bandolier_shotgun", "contents-group": "bandolier_swat_cqc2" },
          { "item": "bandolier_shotgun", "contents-group": "bandolier_shotgun_flech" },
          { "item": "XL_holster", "contents-group": "v29_sharpshooter" },
          { "item": "XL_holster", "contents-group": "exotic_shotgun_prototype" },
          { "item": "bandolier_shotgun", "contents-group": "bandolier_shotgun_flech" },
          { "item": "ocgl_ym1_mag", "ammo-item": "10mm_fmj", "charges": 30, "container-item": "legpouch_large" },
          { "item": "ocgl_ym1_mag", "ammo-item": "10mm_fmj", "charges": 30 },
          { "item": "spistol_mag", "ammo-item": "22etc_apt", "charges": 7 },
          { "item": "spistol_mag", "ammo-item": "22etc_apt", "charges": 7 },
          { "item": "spistol_mag", "ammo-item": "22etc_apt", "charges": 7, "container-item": "legpouch" },
          { "item": "bootstrap", "contents-group": "futuretech_spy_pistol" },
          { "item": "powered_earmuffs", "charges": 200, "contents-item": "battery_ups" }
        ]
      },
      "male": [ "briefs", "socks", "tieclip_pick", "tie_skinny", "pants_leather", "dress_shoes", "sf_watch" ],
      "female": [ "barrette_pick", "bra", "tights", "thigh_high_boots", "skirt", "garnet_gold_earring" ]
    }
  },
  {
    "type": "profession",
    "ident": "ocg_doom",
    "name": { "male": "Doomed Marine", "female": "Alice McGee" },
    "//": "Different starting weapons to reflect one of the two games this refers to being more focused on melee action than the other. The Marine arsenal is a close match except the plasma shotgun is not a BFG9k. And of course a pet rabbit.",
    "description": "You are packing... a lot of weaponry. Through the depths of Hell or down the rabbit hole, neither spider mastermind or queen of hearts could stop you. After crossing a portal, there is more slaughter ahead. Such is life in the Wonderland.",
    "points": 10,
    "skills": [
      { "level": 4, "name": "gun" },
      { "level": 4, "name": "melee" }
    ],
    "traits": [ "KILLER", "SCHIZOPHRENIC" ],
    "pets": [ { "name": "mon_rabbit", "amount": 1 } ],
    "items": {
      "both": {
        "items": [
          "diveknife",
          "matches",
          "rx12_injector",
          "rx11_stimpack",
          "multitool"
        ],
        "entries": [
          { "item": "bandolier_shotgun", "contents-group": "bandolier_swat_cqc1" },
          { "item": "shot_00", "charges": 50 },
          { "item": "10mm_fmj", "charges": 200 },
          { "item": "UPS_off", "contents-group": "charged_ups_highcap" },
          { "item": "XL_holster", "contents-group": "exotic_shotgun_prototype" },
          { "item": "ocg_id10", "ammo-item": "10mm_fmj", "charges": 6, "container-item": "bootstrap" },
          { "item": "powered_earmuffs", "charges": 200, "contents-item": "battery_ups" }
        ]
      },
      "male": {
        "items": [
          "nomex_suit",
          "nomex_socks",
          "nomex_gloves",
          "gloves_tactical",
          "knuckle_brass",
          "boots_combat",
          "lsurvivor_armor",
          "pants_army",
          "tac_fullhelmet",
          "molle_pack"
        ],
        "entries": [
          { "item": "combatsaw_off", "charges": 450 },
          { "item": "ocg_id10mag", "ammo-item": "10mm_fmj", "charges": 6, "container-item": "legpouch" },
          { "item": "belt10mm", "charges": 690 },
          { "item": "ocg_n10chaingun", "charges": 0, "custom-flags": [ "auto_wield" ] },
          { "item": "84x246mm_he", "charges": 2 },
          { "item": "m3_carlgustav", "charges": 1 },
          { "item": "plasma_rifle", "charges": 20, "container-item": "survivor_vest", "contents-item": [ "light_grip" ] },
          { "item": "ocg_plasma_shotgun", "charges": 5 }
        ]
      },
      "female": {
        "items": [
          "bra",
          "panties",
          "socks",
          "scissors",
          "deck_of_cards",
          "shillelagh_weighted",
          "dress_shoes",
          "back_holster",
          "legrig",
          "legrig",
          "fanny",
          "grenade_inc",
          "dress",
          "long_glove_white",
          "barrette"
        ],
        "entries" : [
          { "item": "plasma", "charges": 2 },
          { "item": "ocg_xnu_laser", "charges": 4000, "custom-flags": [ "auto_wield" ] },
          { "item": "creepy_doll", "contents-group": "charged_earmuffs_highcap" },
          { "item": "scabbard", "contents-group": "poor_mans_chainsword" },
          { "item": "knife_combat", "container-item": "bootsheath" },
          { "item": "kukri", "container-item": "survivor_belt_notools" }
        ]
      }
    }
  }
]
