[
  {
    "type": "scenario",
    "ident": "corporate",
    "name": "Hostile Takeover",
    "points": -1,
    "description": "You made it to the relative safety of an apparently quiet abandoned office tower. You tried to reach the higher floors but an ID card reader is on your way. After a sleeping on a swivel chair, you woke up to screams all around.",
    "allowed_locs": [ "officetower2_lab" ],
    "start_name": "Office Tower",
    "flags": [ "SUR_START", "CITY_START", "LONE_START" ]
  },
  {
    "type": "scenario",
    "ident": "omnicorp_necropolis",
    "name": "Challenge - Vault Newcomer",
    "points": -6,
    "description": "You were very important to an influential corporation with ties to the government, earning you a place in a self-sufficient Vault should the worst happen. You arrived later than most who knew of it. Something seems very, very wrong.",
    "allowed_locs": [ "necropolis_entrance" ],
    "start_name": "Vault",
    "professions": [ "omnicorp_exec", "rivtech_exec", "leadworks_exec", "aeriallabs_exec", "corp_spymaster" ],
    "flags": [ "CHALLENGE", "CITY_START", "LONE_START" ]
  }
]
