[
  {
    "id": "Autodoc1",
    "type": "construction",
    "group": "build_autodoc",
    "category": "FURN",
    "required_skills": [ [ "fabrication", 4 ], [ "electronics", 3 ] ],
    "time": 120,
    "tools": [ [ [ "oxy_torch", 4 ], [ "welder", 20 ], [ "welder_crude", 30 ], [ "toolset", 30 ] ] ],
    "qualities": [ [ { "id": "HAMMER", "level": 2 } ], [ { "id": "SCREW", "level": 1 } ], [ { "id": "GLARE", "level": 1 } ] ],
    "components": [
      [ [ "pipe", 6 ] ],
      [ [ "sheet_metal", 2 ] ],
      [ [ "processor", 2 ] ],
      [ [ "RAM", 8 ] ],
      [ [ "cable", 1 ] ],
      [ [ "small_lcd_screen", 2 ] ],
      [ [ "circuit", 10 ] ],
      [ [ "power_supply", 4 ] ],
      [ [ "amplifier", 4 ] ]
    ],
    "pre_special": "check_empty",
    "post_terrain": "f_autodoc"
  },
  {
    "id": "Autodoc_couch1",
    "type": "construction",
    "group": "build_autodoc_couch",
    "category": "FURN",
    "required_skills": [ [ "fabrication", 4 ], [ "tailor", 4 ] ],
    "time": 60,
    "qualities": [ [ { "id": "HAMMER", "level": 2 } ], [ { "id": "SAW_W", "level": 1 } ] ],
    "components": [
      [ [ "2x4", 12 ] ],
      [ [ "nail", 10 ] ],
      [ [ "sheet", 4 ], [ "blanket", 2 ], [ "down_blanket", 2 ], [ "fur_blanket", 2 ] ]
    ],
    "pre_special": "check_empty",
    "post_terrain": "f_autodoc_couch"
  }
]
