[
  {
    "type": "COMESTIBLE",
    "id": "soup_ketchup",
    "name": { "str": "ketchup soup" },
    "weight": "257 g",
    "color": "red",
    "spoils_in": "6 days 16 hours",
    "container": "can_food",
    "comestible_type": "DRINK",
    "symbol": "~",
    "quench": 15,
    "healthy": 1,
    "calories": 90,
    "description": "It smells of tomatoes, but it's ketchup.",
    "price": "4 USD",
    "price_postapoc": "1 USD",
    "material": [ "tomato" ],
    "volume": "250 ml",
    "phase": "liquid",
    "flags": [ "EATEN_HOT", "USE_EAT_VERB" ],
    "vitamins": [ [ "vitA", 7 ], [ "vitC", 10 ], [ "calcium", 1 ], [ "iron", 4 ] ],
    "fun": 1
  },
  {
    "type": "COMESTIBLE",
    "id": "soup_hotdog",
    "name": { "str": "hotdog soup" },
    "weight": "350 g",
    "color": "red",
    "spoils_in": "6 days 16 hours",
    "container": "can_food",
    "comestible_type": "DRINK",
    "symbol": "~",
    "quench": 15,
    "healthy": 1,
    "calories": 350,
    "description": "It smells of Hot dog, but it's just ketchup and sausage. quite filling.",
    "price": "4 USD",
    "price_postapoc": "1 USD",
    "material": [ "tomato", "flesh" ],
    "volume": "250 ml",
    "phase": "liquid",
    "flags": [ "EATEN_HOT", "USE_EAT_VERB" ],
    "vitamins": [ [ "vitA", 7 ], [ "vitC", 10 ], [ "calcium", 1 ], [ "iron", 4 ] ],
    "fun": 5
  },
  {
    "type": "COMESTIBLE",
    "id": "eggs_glassed",
    "name": { "str": "glassed eggs" },
    "//": "https://imgur.com/gallery/M4G4HMd",
    "weight": "350 g",
    "color": "red",
    "spoils_in": "730 days 0 hours",
    "container": "can_food",
    "comestible_type": "EAT",
    "symbol": "o",
    "quench": 0,
    "healthy": 1,
    "calories": 350,
    "description": "Eggs water glassed using lime water, they will last forever.",
    "price": "4 USD",
    "price_postapoc": "1 USD",
    "material": [ "flesh" ],
    "volume": "250 ml",
    "phase": "liquid",
    "flags": [ "EATEN_HOT", "USE_EAT_VERB" ],
    "vitamins": [ [ "vitA", 7 ], [ "vitC", 10 ], [ "calcium", 1 ], [ "iron", 4 ] ],
    "fun": 0
  },
  {
    "type": "COMESTIBLE",
    "id": "omelette",
    "name": { "str": "omelette" },
    "weight": "300 g",
    "copy-from": "egg_chicken",
    "color": "yellow",
    "spoils_in": "2 days",
    "symbol": "%",
    "description": "Delicious seasoned cuisine, made from beaten eggs.",
    "price": "4 USD",
    "price_postapoc": "2 USD",
    "material": [ "egg" ],
    "volume": "250 ml",
    "charges": 2,
    "flags": [ "EATEN_HOT", "FREEZERBURN" ],
    "fun": 5
  },
  {
    "type": "COMESTIBLE",
    "id": "omelette_deluxe",
    "name": { "str": "deluxe omelettes" },
    "weight": "350 g",
    "copy-from": "egg_chicken",
    "color": "yellow",
    "spoils_in": "2 days",
    "symbol": "%",
    "description": "Delicious seasoned cuisine, made from beaten eggs with delicious melting cheese filling inside.",
    "price": "4 USD",
    "price_postapoc": "2 USD",
    "material": [ "egg", "cheese" ],
    "volume": "250 ml",
    "charges": 2,
    "flags": [ "EATEN_HOT", "FREEZERBURN" ],
    "fun": 8
  },
  {
    "type": "COMESTIBLE",
    "id": "french_toast_fruity",
    "name": { "str": "Fruity French toast" },
    "weight": "350 g",
    "copy-from": "johnnycake",
    "color": "yellow",
    "spoils_in": "2 days",
    "symbol": "%",
    "description": "Also known as poor knight, this delicious toast is made from soft egg-soaked bread fried on a flat metal surface with fruit and sweets added.",
    "price": "4 USD",
    "price_postapoc": "2 USD",
    "material": [ "wheat", "fruit" ],
    "volume": "250 ml",
    "charges": 2,
    "flags": [ "EATEN_HOT", "FREEZERBURN" ],
    "fun": 10
  },
  {
    "type": "COMESTIBLE",
    "id": "garlic_bread",
    "name": { "str": "Garlic bread" },
    "weight": "350 g",
    "copy-from": "johnnycake",
    "color": "green",
    "spoils_in": "2 days",
    "symbol": "%",
    "description": "This delicious toast is made from soft butter and crushed garlic infused into the toast, fried on a flat metal surface with seasoning added. Approved by Vampire hunters.",
    "price": "4 USD",
    "price_postapoc": "2 USD",
    "material": [ "wheat", "veggy" ],
    "volume": "250 ml",
    "charges": 2,
    "flags": [ "EATEN_HOT" ],
    "fun": 10
  }
]
