[
  {
    "type": "recipe",
    "activity_level": "LIGHT_EXERCISE",
    "result": "soup_ketchup",
    "category": "CC_FOOD",
    "subcategory": "CSC_FOOD_VEGGI",
    "skill_used": "cooking",
    "autolearn": true,
    "difficulty": 0,
    "skills_required": [ "survival", 0 ],
    "time": "10 m",
    "batch_time_factors": [ 80, 4 ],
    "qualities": [ { "id": "BOIL", "level": 1 } ],
    "tools": [ [ [ "water_boiling_heat", 2, "LIST" ] ] ],
    "using": [ [ "soup_ketchup_ingredients", 2 ] ],
    "charges": 2
  },
  {
    "type": "recipe",
    "activity_level": "LIGHT_EXERCISE",
    "result": "soup_ketchup",
    "id_suffix": "jarred",
    "byproducts": [ [ "water", 10 ] ],
    "container": "jar_glass_sealed",
    "category": "CC_FOOD",
    "subcategory": "CSC_FOOD_VEGGI",
    "skill_used": "cooking",
    "skills_required": [ "mechanics", 1 ],
    "difficulty": 4,
    "time": "30 m",
    "charges": 2,
    "book_learn": [ [ "manual_canning", 3 ] ],
    "batch_time_factors": [ 80, 4 ],
    "qualities": [ { "id": "COOK", "level": 3 } ],
    "tools": [ [ [ "surface_heat", 100, "LIST" ] ], [ [ "pot_canning", -1 ] ] ],
    "using": [ [ "soup_ketchup_ingredients", 2 ] ],
    "components": [ [ [ "jar_glass_sealed", 1 ] ], [ [ "water", 10 ], [ "water_clean", 10 ] ] ]
  },
  {
    "type": "recipe",
    "activity_level": "LIGHT_EXERCISE",
    "result": "soup_ketchup",
    "id_suffix": "jarred_3l",
    "byproducts": [ [ "water", 10 ] ],
    "container": "jar_3l_glass_sealed",
    "category": "CC_FOOD",
    "subcategory": "CSC_FOOD_VEGGI",
    "skill_used": "cooking",
    "skills_required": [ "mechanics", 1 ],
    "difficulty": 4,
    "time": "40 m",
    "charges": 12,
    "book_learn": [ [ "manual_canning", 3 ] ],
    "batch_time_factors": [ 80, 4 ],
    "qualities": [ { "id": "COOK", "level": 3 } ],
    "tools": [ [ [ "surface_heat", 200, "LIST" ] ], [ [ "pot_canning", -1 ] ] ],
    "using": [ [ "soup_ketchup_ingredients", 12 ] ],
    "components": [ [ [ "jar_3l_glass_sealed", 1 ] ], [ [ "water", 10 ], [ "water_clean", 10 ] ] ]
  },
  {
    "type": "recipe",
    "activity_level": "LIGHT_EXERCISE",
    "result": "soup_ketchup",
    "id_suffix": "canned",
    "category": "CC_FOOD",
    "subcategory": "CSC_FOOD_VEGGI",
    "skill_used": "cooking",
    "difficulty": 4,
    "time": "24 m",
    "book_learn": [ [ "manual_sealing", 3 ] ],
    "contained": true,
    "batch_time_factors": [ 83, 5 ],
    "qualities": [
      { "id": "SAW_M", "level": 1 },
      { "id": "HAMMER", "level": 1 },
      { "id": "CUT", "level": 1 },
      { "id": "COOK", "level": 3 }
    ],
    "tools": [ [ [ "surface_heat", 10, "LIST" ] ], [ [ "can_sealer", -1 ] ] ],
    "using": [ [ "soup_ketchup_ingredients", 1 ] ],
    "components": [ [ [ "can_medium", 1 ] ], [ [ "scrap", 1 ] ] ]
  },
  {
    "type": "recipe",
    "activity_level": "LIGHT_EXERCISE",
    "result": "soup_hotdog",
    "category": "CC_FOOD",
    "subcategory": "CSC_FOOD_MEAT",
    "skill_used": "cooking",
    "autolearn": true,
    "difficulty": 0,
    "skills_required": [ "survival", 0 ],
    "time": "10 m",
    "batch_time_factors": [ 80, 4 ],
    "qualities": [ { "id": "BOIL", "level": 1 } ],
    "tools": [ [ [ "water_boiling_heat", 2, "LIST" ] ] ],
    "using": [ [ "student_sausage_ingredients", 1 ], [ "soup_ketchup_ingredients", 2 ] ],
    "charges": 2
  },
  {
    "type": "recipe",
    "activity_level": "LIGHT_EXERCISE",
    "result": "soup_hotdog",
    "id_suffix": "jarred",
    "byproducts": [ [ "water", 10 ] ],
    "container": "jar_glass_sealed",
    "category": "CC_FOOD",
    "subcategory": "CSC_FOOD_VEGGI",
    "skill_used": "cooking",
    "skills_required": [ "mechanics", 1 ],
    "difficulty": 4,
    "time": "30 m",
    "charges": 2,
    "book_learn": [ [ "manual_canning", 3 ] ],
    "batch_time_factors": [ 80, 4 ],
    "qualities": [ { "id": "COOK", "level": 3 } ],
    "tools": [ [ [ "surface_heat", 100, "LIST" ] ], [ [ "pot_canning", -1 ] ] ],
    "using": [ [ "student_sausage_ingredients", 1 ], [ "soup_ketchup_ingredients", 2 ] ],
    "components": [ [ [ "jar_glass_sealed", 1 ] ], [ [ "water", 10 ], [ "water_clean", 10 ] ] ]
  },
  {
    "type": "recipe",
    "activity_level": "LIGHT_EXERCISE",
    "result": "soup_hotdog",
    "id_suffix": "jarred_3l",
    "byproducts": [ [ "water", 10 ] ],
    "container": "jar_3l_glass_sealed",
    "category": "CC_FOOD",
    "subcategory": "CSC_FOOD_VEGGI",
    "skill_used": "cooking",
    "skills_required": [ "mechanics", 1 ],
    "difficulty": 4,
    "time": "40 m",
    "charges": 12,
    "book_learn": [ [ "manual_canning", 3 ] ],
    "batch_time_factors": [ 80, 4 ],
    "qualities": [ { "id": "COOK", "level": 3 } ],
    "tools": [ [ [ "surface_heat", 200, "LIST" ] ], [ [ "pot_canning", -1 ] ] ],
    "using": [ [ "student_sausage_ingredients", 6 ], [ "soup_ketchup_ingredients", 12 ] ],
    "components": [ [ [ "jar_3l_glass_sealed", 1 ] ], [ [ "water", 10 ], [ "water_clean", 10 ] ] ]
  },
  {
    "type": "recipe",
    "activity_level": "LIGHT_EXERCISE",
    "result": "soup_hotdog",
    "id_suffix": "canned",
    "category": "CC_FOOD",
    "subcategory": "CSC_FOOD_MEAT",
    "skill_used": "cooking",
    "difficulty": 4,
    "time": "24 m",
    "book_learn": [ [ "manual_sealing", 3 ] ],
    "contained": true,
    "batch_time_factors": [ 83, 5 ],
    "qualities": [
      { "id": "SAW_M", "level": 1 },
      { "id": "HAMMER", "level": 1 },
      { "id": "CUT", "level": 1 },
      { "id": "COOK", "level": 3 }
    ],
    "tools": [ [ [ "surface_heat", 10, "LIST" ] ], [ [ "can_sealer", -1 ] ] ],
    "using": [ [ "student_sausage_ingredients", 1 ], [ "soup_ketchup_ingredients", 1 ] ],
    "components": [ [ [ "can_medium", 1 ] ], [ [ "scrap", 1 ] ] ]
  },
  {
    "type": "recipe",
    "activity_level": "LIGHT_EXERCISE",
    "result": "eggs_glassed",
    "container": "jar_3l_glass_sealed",
    "category": "CC_FOOD",
    "subcategory": "CSC_FOOD_MEAT",
    "skill_used": "cooking",
    "difficulty": 0,
    "time": "5 m",
    "autolearn": true,
    "contained": true,
    "components": [
      [ [ "eggs_bird", 36, "LIST" ], [ "egg_reptile", 36 ] ],
      [ [ "jar_3l_glass", 1 ] ],
      [ [ "water_clean", 10 ] ],
      [ [ "material_quicklime", 20 ] ]
    ]
  },
  {
    "type": "recipe",
    "activity_level": "LIGHT_EXERCISE",
    "result": "omelette",
    "category": "CC_FOOD",
    "subcategory": "CSC_FOOD_OTHER",
    "skill_used": "cooking",
    "difficulty": 2,
    "time": "6 m",
    "autolearn": true,
    "qualities": [ { "id": "COOK", "level": 2 } ],
    "tools": [ [ [ "surface_heat", 2, "LIST" ] ] ],
    "components": [
      [ [ "eggs_bird", 2, "LIST" ], [ "egg_reptile", 2 ] ],
      [ [ "any_butter_or_oil", 1, "LIST" ] ],
      [
        [ "seasoning_italian", 10 ],
        [ "wild_herbs", 10 ],
        [ "pepper", 10 ],
        [ "cinnamon", 10 ],
        [ "chilly-p", 10 ],
        [ "curry_powder", 10 ],
        [ "mustard_powder", 10 ],
        [ "dry_mushroom", 2 ],
        [ "garlic_clove", 3 ],
        [ "dry_veggy", 1 ]
      ]
    ]
  },
  {
    "type": "recipe",
    "activity_level": "LIGHT_EXERCISE",
    "result": "omelette_deluxe",
    "category": "CC_FOOD",
    "subcategory": "CSC_FOOD_OTHER",
    "skill_used": "cooking",
    "difficulty": 2,
    "time": "6 m",
    "autolearn": true,
    "qualities": [ { "id": "COOK", "level": 2 } ],
    "tools": [ [ [ "surface_heat", 2, "LIST" ] ] ],
    "components": [
      [ [ "eggs_bird", 2, "LIST" ], [ "egg_reptile", 2 ] ],
      [ [ "any_butter_or_oil", 1, "LIST" ] ],
      [ [ "cheese", 1 ], [ "cheese_hard", 1 ], [ "can_cheese", 1 ] ],
      [
        [ "seasoning_italian", 10 ],
        [ "wild_herbs", 10 ],
        [ "pepper", 10 ],
        [ "cinnamon", 10 ],
        [ "chilly-p", 10 ],
        [ "curry_powder", 10 ],
        [ "mustard_powder", 10 ],
        [ "dry_mushroom", 2 ],
        [ "garlic_clove", 3 ],
        [ "dry_veggy", 1 ]
      ]
    ]
  },
  {
    "type": "recipe",
    "activity_level": "LIGHT_EXERCISE",
    "result": "french_toast_fruity",
    "category": "CC_FOOD",
    "subcategory": "CSC_FOOD_OTHER",
    "skill_used": "cooking",
    "difficulty": 2,
    "time": "6 m",
    "autolearn": true,
    "qualities": [ { "id": "COOK", "level": 2 } ],
    "tools": [ [ [ "surface_heat", 2, "LIST" ] ] ],
    "components": [
      [ [ "eggs_bird", 1, "LIST" ], [ "egg_reptile", 1 ] ],
      [ [ "any_butter_or_oil", 1, "LIST" ] ],
      [ [ "bread_sandwich", 1, "LIST" ] ],
      [ [ "sweet_fruit", 1, "LIST" ] ],
      [
        [ "sugar", 20 ],
        [ "artificial_sweetener", 20 ],
        [ "honeycomb", 1 ],
        [ "honey_bottled", 1 ],
        [ "honey_glassed", 1 ],
        [ "syrup", 1 ],
        [ "beet_syrup", 1 ],
        [ "molasses", 1 ]
      ]
    ]
  },
  {
    "type": "recipe",
    "activity_level": "LIGHT_EXERCISE",
    "result": "garlic_bread",
    "category": "CC_FOOD",
    "subcategory": "CSC_FOOD_OTHER",
    "skill_used": "cooking",
    "difficulty": 2,
    "time": "6 m",
    "autolearn": true,
    "qualities": [ { "id": "COOK", "level": 2 } ],
    "tools": [ [ [ "surface_heat", 2, "LIST" ] ] ],
    "components": [
      [ [ "any_butter_or_oil", 1, "LIST" ] ],
      [ [ "bread_sandwich", 1, "LIST" ] ],
      [ [ "any_butter", 1, "LIST" ] ],
      [
        [ "salt", 10 ],
        [ "soysauce", 2 ],
        [ "seasoning_italian", 10 ],
        [ "wild_herbs", 10 ],
        [ "seasoning_salt", 5 ],
        [ "pepper", 5 ]
      ],
      [ [ "garlic_clove", 5 ] ]
    ]
  }
]
