[
  {
    "abstract": "mon_milbot_base",
    "type": "MONSTER",
    "looks_like": "mon_secubot",
    "name": "military robot",
    "description": "A military robot still operating due to its internal power core.  This one is armed with an electric prod and an integrated 5.56mm.",
    "default_faction": "WraitheonRobotics",
    "species": [ "ROBOT" ],
    "volume": "62500 ml",
    "weight": "81500 g",
    "hp": 80,
    "speed": 100,
    "material": [ "steel" ],
    "symbol": "R",
    "color": "red_green",
    "aggression": 50,
    "morale": 100,
    "melee_skill": 4,
    "melee_dice": 2,
    "melee_dice_sides": 4,
    "dodge": 4,
    "armor_bash": 12,
    "armor_cut": 12,
    "armor_stab": 6,
    "armor_fire": 5,
    "armor_acid": 12,
    "vision_day": 50,
    "path_settings": { "max_dist": 5 },
    "death_drops": { "groups": [ [ "broken_robots", 1 ] ] },
    "death_function": { "corpse_type": "BROKEN" },
    "flags": [ "SEES", "HEARS", "BASHES", "ELECTRONIC", "NO_BREATHE", "PRIORITIZE_TARGETS", "PATH_AVOID_DANGER_1" ]
  },
  {
    "abstract": "mon_defbot_base",
    "type": "MONSTER",
    "looks_like": "mon_secubot",
    "name": "defense robot",
    "description": "An automated defense robot still active due to its internal power source.  This one is armed with an electric prod and an integrated 9mm firearm.",
    "default_faction": "cop_bot",
    "species": [ "ROBOT" ],
    "diff": 10,
    "volume": "62500 ml",
    "weight": "81500 g",
    "hp": 80,
    "speed": 100,
    "material": [ "steel" ],
    "symbol": "R",
    "color": "light_blue",
    "aggression": 100,
    "morale": 100,
    "luminance": 20,
    "melee_skill": 4,
    "melee_dice": 2,
    "melee_dice_sides": 4,
    "dodge": 4,
    "armor_bash": 10,
    "armor_cut": 10,
    "armor_stab": 5,
    "armor_fire": 5,
    "armor_acid": 10,
    "vision_day": 50,
    "path_settings": { "max_dist": 5 },
    "death_drops": { "groups": [ [ "broken_robots", 1 ] ] },
    "death_function": { "corpse_type": "BROKEN" },
    "flags": [ "SEES", "HEARS", "BASHES", "ELECTRONIC", "NO_BREATHE", "PRIORITIZE_TARGETS", "PATH_AVOID_DANGER_1" ]
  },
  {
    "abstract": "mon_advbot_base",
    "type": "MONSTER",
    "copy-from": "mon_defbot_base",
    "looks_like": "mon_copbot",
    "name": "advanced robot",
    "description": "An advanced robot still functioning due to its internal fusion core.  This model is armed with a powerful laser-emitter.",
    "default_faction": "defense_bot",
    "species": [ "ROBOT" ],
    "hp": 100,
    "armor_bash": 8,
    "armor_cut": 6,
    "armor_stab": 6,
    "armor_fire": 8,
    "armor_acid": 12,
    "vision_day": 50,
    "speed": 110,
    "color": "white_cyan",
    "aggression": 100,
    "dodge": 5
  }
]
