[
  {
    "id": "afs_mon_rabbit",
    "type": "MONSTER",
    "name": { "str": "labbit" },
    "description": "A rabbit from earth, genetically modified to eat the lichen of Salus IV.  Its fur is rust colored and its ears are shortened to preserve warmth.",
    "default_faction": "small_animal",
    "bodytype": "pig",
    "categories": [ "WILDLIFE" ],
    "species": [ "MAMMAL" ],
    "volume": "1600 ml",
    "weight": "1600 g",
    "hp": 8,
    "speed": 160,
    "material": [ "flesh" ],
    "symbol": "r",
    "color": "brown",
    "aggression": -99,
    "morale": -7,
    "melee_damage": [ { "damage_type": "cut", "amount": 0 } ],
    "dodge": 6,
    "reproduction": { "baby_monster": "afs_mon_rabbit", "baby_count": 3, "baby_timer": 55 },
    "harvest": "alien_small_fur",
    "fear_triggers": [ "SOUND", "PLAYER_CLOSE" ],
    "petfood": { "food": [ "CATTLEFOOD" ], "feed": "The %s seems to like you!  It lets you pat its head and seems friendly." },
    "flags": [ "SEES", "HEARS", "SMELLS", "ANIMAL", "PATH_AVOID_DANGER_1", "PET_WONT_FOLLOW", "WARM" ]
  },
  {
    "id": "afs_mon_garlander",
    "type": "MONSTER",
    "name": { "str": "garlander" },
    "description": "A ribbon-like alien that glides along the ground on countless hair-thin legs, wrapping around sources of body heat to absorb as much as it can before gliding on.",
    "default_faction": "garlander",
    "bodytype": "snake",
    "categories": [ "WILDLIFE" ],
    "species": [ "ALIEN_ARTHROPOD" ],
    "diff": 2,
    "volume": "750 ml",
    "weight": "1 kg",
    "hp": 12,
    "speed": 90,
    "material": [ "flesh" ],
    "symbol": "s",
    "color": "red",
    "aggression": 4,
    "morale": 60,
    "melee_skill": 5,
    "melee_dice": 2,
    "melee_dice_sides": 4,
    "melee_damage": [ { "damage_type": "cut", "amount": 2 } ],
    "dodge": 1,
    "vision_day": 15,
    "vision_night": 5,
    "harvest": "alien_arthropod",
    "dissect": "dissect_insect_sample_single",
    "special_attacks": [
      { "id": "garlander_web" },
      {
        "type": "spell",
        "spell_data": { "id": "afs_heat_drain", "min_level": 3 },
        "cooldown": 5,
        "monster_message": "The air around the garlander feels unnaturally cold!"
      }
    ],
    "anger_triggers": [ "HURT", "PLAYER_WEAK", "PLAYER_CLOSE" ],
    "flags": [ "ANIMAL", "SEES", "HEARS", "SMELLS", "NOHEAD", "HARDTOSHOOT", "SWIMS" ]
  },
  {
    "id": "afs_mon_boatman",
    "type": "MONSTER",
    "name": { "str": "anchor-boatman", "str_pl": "anchor-boatmen" },
    "description": "The anchor-boatman, borne on the frozen wind like a predatory dandelion seed, subtly inclines its rigid parachutes as it drifts towards its prey, its clawed tentacles undulating and flicking as they taste the air for signs of life.  Soft things that get too close are hooked, bled out, and dragged behind it for months as it extracts every bit of nutrition it can.  Scavengers that try to take its prey often join them.",
    "default_faction": "boatman",
    "bodytype": "blob",
    "categories": [ "WILDLIFE" ],
    "species": [ "ALIEN_FLOATER" ],
    "diff": 10,
    "volume": "335000 ml",
    "weight": "40 kg",
    "hp": 350,
    "speed": 110,
    "material": [ "flesh" ],
    "symbol": "8",
    "color": "light_red",
    "aggression": 100,
    "morale": 100,
    "melee_skill": 5,
    "melee_dice": 2,
    "melee_dice_sides": 3,
    "attack_cost": 330,
    "melee_damage": [ { "damage_type": "cut", "amount": 12 } ],
    "dodge": 3,
    "armor_bash": 15,
    "armor_elec": 3,
    "bleed_rate": 40,
    "harvest": "alien_floater",
    "vision_day": 3,
    "vision_night": 3,
    "special_attacks": [ [ "RANGED_PULL", 10 ], [ "GRAB_DRAG", 3 ] ],
    "flags": [
      "ANIMAL",
      "SEES",
      "SMELLS",
      "HEARS",
      "GOODHEARING",
      "NOHEAD",
      "BASHES",
      "FLIES",
      "GRABS",
      "STUMBLES",
      "WARM",
      "PUSH_MON",
      "PUSH_VEH"
    ]
  },
  {
    "id": "afs_runner",
    "type": "MONSTER",
    "name": { "str": "runner" },
    "description": "A large fluffy three-legged herbivore, extremely fast and cowardly.  It usually grazes alone, and relies on its keen senses to stay safe.",
    "default_faction": "herbivore",
    "bodytype": "horse",
    "categories": [ "WILDLIFE" ],
    "species": [ "MAMMAL" ],
    "volume": "386000 ml",
    "weight": "386 kg",
    "hp": 120,
    "speed": 200,
    "material": [ "flesh" ],
    "symbol": "H",
    "color": "brown",
    "aggression": -99,
    "morale": -7,
    "melee_damage": [ { "damage_type": "cut", "amount": 0 } ],
    "dodge": 1,
    "armor_bash": 4,
    "armor_cut": 1,
    "armor_bullet": 1,
    "vision_night": 25,
    "path_settings": { "max_dist": 10 },
    "fear_triggers": [ "SOUND", "PLAYER_CLOSE" ],
    "harvest": "alien_large_leather",
    "biosignature": { "biosig_item": "feces_manure", "biosig_timer": 8 },
    "flags": [ "SEES", "HEARS", "SMELLS", "PET_MOUNTABLE", "ANIMAL", "PATH_AVOID_DANGER_1", "WARM" ]
  },
  {
    "id": "afs_grazer",
    "type": "MONSTER",
    "name": { "str": "grazer" },
    "description": "A large furred herbivore, with its heavy head constantly against the ground.  It uses its clawed hooves to shovel up the snow to reach any dead plant life to eat.",
    "default_faction": "herbivore",
    "bodytype": "horse",
    "categories": [ "WILDLIFE" ],
    "species": [ "MAMMAL" ],
    "volume": "386 L",
    "weight": "386 kg",
    "hp": 120,
    "speed": 130,
    "material": [ "flesh" ],
    "symbol": "G",
    "color": "brown",
    "aggression": 5,
    "morale": 80,
    "melee_skill": 6,
    "melee_dice": 3,
    "melee_dice_sides": 4,
    "melee_damage": [ { "damage_type": "cut", "amount": 0 } ],
    "dodge": 1,
    "armor_bash": 4,
    "armor_cut": 1,
    "armor_bullet": 1,
    "vision_night": 7,
    "path_settings": { "max_dist": 10 },
    "anger_triggers": [ "HURT", "MATING_SEASON" ],
    "baby_flags": [ "AUTUMN" ],
    "harvest": "alien_large_leather",
    "biosignature": { "biosig_item": "feces_manure", "biosig_timer": 8 },
    "flags": [ "SEES", "HEARS", "SMELLS", "PET_MOUNTABLE", "ANIMAL", "PATH_AVOID_DANGER_1", "WARM", "ATTACKMON" ]
  },
  {
    "id": "afs_mon_hevel",
    "type": "MONSTER",
    "name": { "str": "hevel" },
    "description": "A small creature covered in blue down, scurrying across the ground fast as it digs through the snow with claws buried in its down, looking for food.  It works in large packs with its fellow kin.",
    "default_faction": "hevel",
    "bodytype": "pig",
    "categories": [ "WILDLIFE" ],
    "species": [ "MAMMAL" ],
    "volume": "750 ml",
    "weight": "1 kg",
    "hp": 10,
    "speed": 100,
    "material": [ "flesh" ],
    "symbol": "r",
    "color": "light_gray",
    "aggression": 20,
    "morale": 40,
    "melee_skill": 5,
    "melee_dice": 1,
    "melee_dice_sides": 2,
    "melee_damage": [ { "damage_type": "cut", "amount": 1 } ],
    "dodge": 2,
    "vision_day": 1,
    "vision_night": 30,
    "harvest": "alien_small_fur",
    "path_settings": { "max_dist": 10 },
    "anger_triggers": [ "PLAYER_WEAK", "FRIEND_ATTACKED", "FRIEND_DIED" ],
    "flags": [ "SEES", "SMELLS", "HEARS", "WARM", "SWIMS", "ANIMAL", "PATH_AVOID_DANGER_1", "STUMBLES" ]
  },
  {
    "id": "afs_venandi",
    "type": "MONSTER",
    "name": { "str": "venandi", "str_pl": "venatores" },
    "description": "A six-legged animal, showing relative intelligence in not only its ability to track and hunt down prey, but its strategy of covering itself with the skin of its hunts to warm itself.",
    "default_faction": "venandi",
    "bodytype": "dog",
    "categories": [ "WILDLIFE" ],
    "species": [ "MAMMAL" ],
    "volume": "26625 ml",
    "weight": "26625 g",
    "hp": 100,
    "speed": 165,
    "material": [ "flesh" ],
    "symbol": "v",
    "color": "light_gray",
    "morale": 70,
    "melee_skill": 7,
    "melee_dice": 2,
    "melee_dice_sides": 3,
    "melee_damage": [ { "damage_type": "cut", "amount": 4 } ],
    "dodge": 4,
    "armor_bash": 1,
    "vision_night": 5,
    "harvest": "alien_mammal_fur",
    "path_settings": { "max_dist": 10 },
    "anger_triggers": [ "STALK", "FRIEND_ATTACKED", "FRIEND_DIED", "PLAYER_WEAK", "PLAYER_CLOSE" ],
    "flags": [ "SEES", "HEARS", "SMELLS", "ANIMAL", "PATH_AVOID_DANGER_1", "WARM", "KEENNOSE" ]
  },
  {
    "type": "MONSTER",
    "id": "afs_titanis",
    "name": { "str": "terror bird" },
    "species": "BIRD",
    "default_faction": "bear",
    "bodytype": "ostrich",
    "symbol": "T",
    "color": "blue_green",
    "volume": "92500 ml",
    "weight": "120000 g",
    "material": "flesh",
    "aggression": -10,
    "morale": 60,
    "speed": 150,
    "melee_skill": 8,
    "melee_dice": 1,
    "melee_dice_sides": 8,
    "melee_damage": [ { "damage_type": "cut", "amount": 2 } ],
    "dodge": 2,
    "armor_bash": 1,
    "armor_cut": 1,
    "luminance": 0,
    "hp": 60,
    "special_attacks": [ { "type": "leap", "cooldown": 5, "max_range": 5, "allow_no_target": true }, { "type": "bite", "cooldown": 10 } ],
    "description": "A tall bird with two long, muscular legs, a long neck, and a long sharp beak.",
    "flags": [ "SEES", "SMELLS", "HEARS", "ANIMAL", "PATH_AVOID_DANGER_1", "GRABS", "KEENNOSE", "WARM", "HIT_AND_RUN" ],
    "biosignature": { "biosig_item": "feces_bird", "biosig_timer": 3 },
    "harvest": "bird_large",
    "anger_triggers": [ "PLAYER_WEAK", "HURT", "FRIEND_ATTACKED", "PLAYER_CLOSE" ],
    "fear_triggers": [ "FIRE", "FRIEND_DIED" ],
    "categories": [ "WILDLIFE" ]
  }
]
