[
  {
    "id": "BGSS_RADIATION_2_STORY1",
    "type": "talk_topic",
    "dynamic_line": "I was working in a reactor when something big started smashing everything.",
    "responses": [
      { "text": "Where are you from?", "topic": "BGSS_RADIATION_2_STORY2" },
      { "text": "<done_conversation_section>", "topic": "TALK_FRIEND" },
      { "text": "<end_talking>", "topic": "TALK_DONE" }
    ]
  },
  {
    "id": "BGSS_RADIATION_2_STORY2",
    "type": "talk_topic",
    "dynamic_line": "My coworkers and I spiked the reactor to prevent the deaths of hundreds of thousands.",
    "responses": [
      { "text": "Tell me more?", "topic": "BGSS_RADIATION_2_STORY3" },
      { "text": "<done_conversation_section>", "topic": "TALK_FRIEND" },
      { "text": "<end_talking>", "topic": "TALK_DONE" }
    ]
  },
  {
    "id": "BGSS_RADIATION_1_STORY3",
    "type": "talk_topic",
    "dynamic_line": "I guess the other workers are probably all dead anyway now.",
    "responses": [
      { "text": "How did it end?", "topic": "BGSS_RADIATION_2_STORY3" },
      { "text": "<done_conversation_section>", "topic": "TALK_FRIEND" },
      { "text": "<end_talking>", "topic": "TALK_DONE" }
    ]
  }
]
