[
  {
    "id": "BGSS_UPLIFTED_ANIMAL_2_STORY1",
    "type": "talk_topic",
    "dynamic_line": "A resort created a whole line of Uplifts just like me.",
    "responses": [
      { "text": "Where are you from?", "topic": "BGSS_UPLIFTED_ANIMAL_1_STORY2" },
      { "text": "<done_conversation_section>", "topic": "TALK_FRIEND" },
      { "text": "<end_talking>", "topic": "TALK_DONE" }
    ]
  },
  {
    "id": "BGSS_UPLIFTED_ANIMAL_2_STORY2",
    "type": "talk_topic",
    "dynamic_line": "We should have created a whole village of just us away from all the humans once the Cataclysm came.",
    "responses": [
      { "text": "So, what happened?", "topic": "BGSS_UPLIFTED_ANIMAL_1_STORY3" },
      { "text": "<done_conversation_section>", "topic": "TALK_FRIEND" },
      { "text": "<end_talking>", "topic": "TALK_DONE" }
    ]
  },
  {
    "id": "BGSS_UPLIFTED_ANIMAL_2_STORY3",
    "type": "talk_topic",
    "dynamic_line": "Maybe we did, haha.",
    "responses": [
      { "text": "Why didn't you?", "topic": "BGSS_UPLIFTED_ANIMAL_1_STORY3" },
      { "text": "<done_conversation_section>", "topic": "TALK_FRIEND" },
      { "text": "<end_talking>", "topic": "TALK_DONE" }
    ]
  }
]
