[
  {
    "id": "cyborg_processor",
    "type": "TOOL",
    "symbol": ",",
    "color": "light_green",
    "name": { "str": "advanced organic-interfacing processor unit" },
    "description": "A large mass of wiring, chips, and circuits encased in plastic, all running in parallel to operate a cyborg's motor skills and life support systems. Can attach to a brain to restore some functionality lost upon death.",
    "price": "3000 USD",
    "material": [ "plastic", "steel" ],
    "weight": "300 g",
    "volume": "750 ml",
    "bashing": 2,
    "cutting": 0,
    "to_hit": -1,
    "max_charges": 0,
    "initial_charges": 0,
    "charges_per_use": 0,
    "turns_per_charge": 0
  },
  {
    "id": "cyborg_organ_heart",
    "type": "TOOL",
    "symbol": ",",
    "color": "red",
    "name": { "str": "augmented heart" },
    "description": "A heart encapsulated in a protective plastic case, guarding against both decay and damage. Many wires and sensors protrude from the flesh, with several cables and hoses extending from the exterior of the case.",
    "price": "300 USD",
    "material": [ "hflesh", "plastic" ],
    "weight": "1500 g",
    "volume": "250 ml",
    "bashing": 1,
    "cutting": 0,
    "to_hit": -2,
    "max_charges": 0,
    "initial_charges": 0,
    "charges_per_use": 0,
    "turns_per_charge": 0
  },
  {
    "id": "cyborg_organ_eye",
    "type": "TOOL",
    "symbol": ",",
    "color": "white",
    "name": { "str": "synthetic eye" },
    "description": "A spherical steel object, comprised of high quality lenses, a camera, and circuitry designed to be able to send readable data to either a human brain, or an electronic system.",
    "price": "300 USD",
    "material": [ "steel", "plastic" ],
    "weight": "300 g",
    "volume": "250 ml",
    "bashing": 1,
    "cutting": 0,
    "to_hit": -2,
    "max_charges": 0,
    "initial_charges": 0,
    "charges_per_use": 0,
    "turns_per_charge": 0
  },
  {
    "id": "cyborg_organ_lung",
    "type": "TOOL",
    "symbol": ",",
    "color": "magenta",
    "name": { "str": "cybernetic lung" },
    "description": "A chunk of plastic barely resembling a lung. Only the outer piece is totally inorganic, with a silver-platinum alloy used as a antimicrobal and air filtration agent inside the organic interior.",
    "price": "300 USD",
    "material": [ "plastic", "hflesh" ],
    "weight": "1875 g",
    "volume": "250 ml",
    "bashing": 1,
    "cutting": 0,
    "to_hit": -2,
    "max_charges": 0,
    "initial_charges": 0,
    "charges_per_use": 0,
    "turns_per_charge": 0
  },
  {
    "id": "cyborg_organ_kidney",
    "type": "TOOL",
    "symbol": ",",
    "color": "light_red",
    "name": { "str": "artifical blood purifier" },
    "description": "A completely artifical organ designed to keep a cyborg's blood clean and free from parasites and infections. Functionally similar to a human kidney.",
    "price": "300 USD",
    "material": [ "plastic", "silver" ],
    "weight": "2150 g",
    "volume": "750 ml",
    "bashing": 1,
    "cutting": 0,
    "to_hit": -2,
    "max_charges": 0,
    "initial_charges": 0,
    "charges_per_use": 0,
    "turns_per_charge": 0
  },
  {
    "id": "cyborg_chassis_light",
    "type": "TOOL",
    "symbol": ",",
    "color": "dark_gray",
    "name": { "str": "cyborg frame" },
    "description": "A human corpse that has been thoroughly dissected, and is now covered with incisions of various sizes, allowing the many modifications to the skeletal structure.",
    "price": "300 USD",
    "material": [ "hflesh", "bone" ],
    "weight": "75000 g",
    "volume": "250 ml",
    "bashing": 1,
    "cutting": 0,
    "to_hit": -2,
    "max_charges": 0,
    "initial_charges": 0,
    "charges_per_use": 0,
    "turns_per_charge": 0
  },
  {
    "id": "cyborg_chassis_heavy",
    "type": "TOOL",
    "symbol": ",",
    "color": "dark_gray",
    "name": { "str": "heavy cyborg frame" },
    "description": "A human corpse that has been dissected and augmented to a high degree. Little of the original skeleton is present, having been mostly replaced with hardened steel, and has sections of armor plating grafted to it's skin.",
    "price": "350 USD",
    "material": [ "hflesh", "hardsteel" ],
    "weight": "87200 g",
    "volume": "250 ml",
    "bashing": 1,
    "cutting": 0,
    "to_hit": -2,
    "max_charges": 0,
    "initial_charges": 0,
    "charges_per_use": 0,
    "turns_per_charge": 0
  }
]
