[
  {
    "type": "region_overlay",
    "regions": [ "all" ],
    "city": {
      "shop_radius": 1,
      "shop_sigma": 300,
      "shops": {
        "afs_augmentation_clinic_1": 400,
        "city_block_2": 700,
        "urban_35_hospital": 875,
        "office_tower_large": 800,
        "office_tower_hiddenlab": 800,
        "afs_astrobiology_lab": 300,
        "mall": 700
      },
      "houses": { "afs_city_ruinfield": 200, "afs_formless_ruins_dynamic": 300, "afs_house_1": 100 }
    },
    "map_extras": {
      "road": {
        "chance": 75,
        "extras": {
          "mx_helicopter": 10,
          "mx_military": 50,
          "mx_science": 400,
          "mx_collegekids": 500,
          "mx_roadblock": 1000,
          "mx_bandits_block": 800,
          "mx_drugdeal": 300,
          "mx_supplydrop": 100,
          "mx_portal": 50,
          "mx_crater": 100,
          "mx_portal_in": 40,
          "mx_roadworks": 1000,
          "mx_mayhem": 500,
          "mx_casings": 1000,
          "mx_corpses": 300,
          "mx_prison_bus": 150
        }
      }
    }
  }
]
