[
  {
    "copy-from": "heli_crash",
    "type": "scenario",
    "extend": {
      "map_special": "mx_helicopter",
      "professions": [
        "afs_affluent_executive",
        "afs_wraitheon_executive",
        "afs_vatgrown_bodyguard",
        "afs_bio_operator",
        "afs_holo_fighter",
        "afs_captain_bearman"
      ]
    },
    "id": "heli_crash"
  },
  {
    "copy-from": "lab_staff",
    "name": "Challenge - Anomalous Materials",
    "type": "scenario",
    "allowed_locs": [ "sloc_lab_finale", "sloc_ice_lab_finale" ],
    "professions": [ "afs_planar_frontiersman" ],
    "id": "labFreeman"
  },
  {
    "copy-from": "lab_chal",
    "type": "scenario",
    "extend": { "professions": [ "afs_vatgrown_bodyguard", "afs_cryosleep_survivor", "afs_holo_fighter", "afs_mastadon_swat" ] },
    "id": "lab_chal"
  },
  {
    "copy-from": "lab_staff",
    "type": "scenario",
    "extend": {
      "professions": [
        "afs_affluent_executive",
        "afs_vatgrown_bodyguard",
        "afs_radio_technician",
        "afs_cbm_engineer",
        "afs_holo_fighter",
        "afs_mastadon_swat",
        "afs_captain_bearman"
      ]
    },
    "id": "lab_staff"
  },
  {
    "copy-from": "prisonbreak",
    "type": "scenario",
    "extend": { "professions": [ "afs_vatgrown_bodyguard", "afs_bio_operator", "afs_mastadon_swat" ] },
    "id": "prisonbreak"
  },
  {
    "copy-from": "alcatraz",
    "type": "scenario",
    "extend": { "professions": [ "afs_vatgrown_bodyguard", "afs_bio_operator", "afs_mastadon_swat" ] },
    "id": "alcatraz"
  },
  {
    "copy-from": "mutant",
    "type": "scenario",
    "extend": { "professions": [ "afs_vatgrown_bodyguard" ] },
    "id": "mutant"
  },
  {
    "copy-from": "overrun",
    "type": "scenario",
    "extend": { "professions": [ "afs_vatgrown_bodyguard", "afs_bio_operator", "afs_mastadon_swat", "afs_captain_bearman" ] },
    "id": "overrun"
  },
  {
    "copy-from": "presort",
    "type": "scenario",
    "extend": { "professions": [ "afs_affluent_executive", "afs_wraitheon_executive" ] },
    "id": "presort"
  },
  {
    "type": "scenario",
    "id": "robot_dispatch",
    "name": "Robots",
    "points": 1,
    "description": "During the riots and chaos, you hid in a robot dispatch center hoping the robots would protect you, but they may prove more dangerous than the zombies.",
    "allowed_locs": [ "sloc_robot_dispatch" ],
    "flags": [ "CITY_START" ],
    "start_name": "Robot Dispatch"
  },
  {
    "type": "scenario",
    "id": "escape_pod",
    "name": "Stranded Spacer",
    "points": 1,
    "description": "What was to be a routine cargo transfer ended in tragedy when, in a brief moment of chaos, your space ship was intercepted and destroyed by a StO missile.  As soon as the MAW alarm flared to life, you scrambled to the nearest escape pod and barely managed to reach the uncertain safety of the planet below.",
    "allowed_locs": [ "sloc_escape_pod" ],
    "professions": [ "afs_espatier", "afs_rating" ],
    "flags": [ "LONE_START" ],
    "start_name": "Escape Pod"
  },
  {
    "type": "scenario",
    "id": "afs_nurseratchet",
    "name": "Challenge - Abnormal Augmentations",
    "start_name": "Augmentation Clinic",
    "flags": [ "LONE_START", "CHALLENGE" ],
    "traits": [
      "MARTIAL_ARTS",
      "URSINE_EYE",
      "MIGO_BREATHE",
      "FANGS",
      "GILLS",
      "SPINES",
      "PLANTSKIN",
      "NAILS",
      "RADIOGENIC",
      "PADDED_FEET",
      "RAP_TALONS",
      "HOOVES",
      "CANINE_EARS",
      "FELINE_EARS",
      "TAIL_FLUFFY",
      "TAIL_LONG",
      "WEB_WALKER",
      "WHISKERS",
      "SLIT_NOSTRILS",
      "TROGLO",
      "WEBBED",
      "BEAK",
      "UNSTABLE",
      "RADIOACTIVE1",
      "SLIMY",
      "HERBIVORE",
      "CARNIVORE",
      "PONDEROUS1",
      "SUNLIGHT_DEPENDENT",
      "COLDBLOOD",
      "GROWL",
      "ARM_FEATHERS",
      "ARM_TENTACLES",
      "LEG_TENTACLES",
      "CHAOTIC",
      "ALCMET",
      "LIGHT_BONES",
      "CHITIN",
      "ELECTRORECEPTORS",
      "OPTIMISTIC",
      "HEAVYSLEEPER2",
      "FLEET",
      "OUTDOORSMAN",
      "GOODCARDIO",
      "QUICK",
      "DEFT",
      "CLAWS_RETRACT",
      "STRONGBACK",
      "PACKMULE",
      "PSYCHOPATH",
      "CANNIBAL",
      "LIAR",
      "BEAUTIFUL2",
      "BEAUTIFUL3",
      "LIGHTSTEP",
      "ELFA_EARS",
      "NIGHTVISION2",
      "NIGHTVISION3",
      "FANGS",
      "HOLLOW_BONES"
    ],
    "points": -2,
    "description": "You've already been modified mutagenically but now you were all ready for a bionic implant or three - the bill footed by the corp., of course - when everything went pear-shaped and all you could hear from the other rooms was screaming.  For a few hours, at least.  Now all you can hear is shuffling, crackling, the occasional gurgling, burbling moan, and heavy, wet thumps.  Hopefully your surgery was registered as an elective because you've elected to get the heck out of here!",
    "forced_traits": [ "ELECTRORECEPTORS", "NIGHTVISION3", "LIGHTSTEP" ],
    "allowed_locs": [ "sloc_afs_augmentation_clinic_n3" ]
  }
]
