[
  {
    "type": "ammunition_type",
    "id": "20mm",
    "name": "20mm slugs",
    "default": "20mm"
  },
  {
    "type": "ammunition_type",
    "id": "6mm",
    "name": "6mm",
    "default": "6mm"
  },
  {
    "type": "ammunition_type",
    "id": "11mm",
    "name": "11mm",
    "default": "11mm"
  },
  {
    "type": "ammunition_type",
    "id": "50R",
    "name": "12.7x108mm",
    "default": "50R"
  },
  {
    "type": "ammunition_type",
    "id": "660",
    "name": ".660 supermag",
    "default": ".660_supermag"
  },
  {
    "type": "ammunition_type",
    "id": "33x308",
    "name": "33x308mm",
    "default": "33x308"
  },
  {
    "type": "ammunition_type",
    "id": "14.5x46",
    "name": "14.5x46mm",
    "default": "14.5x46"
  },
  {
    "type": "ammunition_type",
    "id": "65x465",
    "name": "65x465mm",
    "default": "65x465"
  }
]
