[
  {
    "type": "BOOK",
    "id": "textbook_cyborgs_electronics",
    "name": { "str": "Man or Machine" },
    "max_level": 9,
    "description": "The first book of the \"Man or Machine\" series, focused on the electronics component of robots and cyborgs. While very complex and certainly not an entry-level text, it does offer many pointers and tips to even the veteran programmer. Contains a few diagrams and ideas for programs that you could apply to your own garage-level projects.",
    "weight": "1627 g",
    "to_hit": 0,
    "color": "blue",
    "intelligence": 13,
    "symbol": "?",
    "material": [ "paper" ],
    "volume": "1750 ml",
    "longest_side": "380 mm",
    "bashing": 6,
    "cutting": 0,
    "time": 50,
    "fun": -5,
    "skill": "electronics",
    "price": "350 USD",
    "required_level": 6
  },
  {
    "type": "BOOK",
    "id": "textbook_cyborgs_fabrication",
    "name": { "str": "Man or Machine: Book Two" },
    "max_level": 8,
    "description": "The second entry in an extensively detailed series documenting the construction of advanced robots and cyborgs. This book is centered on the more \"hands on\" aspect of biomechanics and robots. It features many different recipes, that with some enginuity, could possibly be used even in a post-cataclysm enviroment.",
    "weight": "1587 g",
    "to_hit": 0,
    "color": "blue",
    "intelligence": 13,
    "symbol": "?",
    "material": [ "paper" ],
    "volume": "1500 ml",
    "longest_side": "380 mm",
    "bashing": 6,
    "cutting": 0,
    "time": 50,
    "fun": -5,
    "skill": "fabrication",
    "price": "350 USD",
    "required_level": 4
  },
  {
    "type": "BOOK",
    "id": "textbook_cyborgs_firstaid",
    "name": { "str": "Man or Machine, Book Three" },
    "max_level": 8,
    "description": "The third book in a three book series on robotics and cyborgs. This book covers the biomechanic aspects, with some rather gruesome photos and detailed descriptions, however, it has a wealth of knowledge, and even some rudimentary designs. With some adaptations, most of the documents within could be applied to your own works.",
    "weight": "2387 g",
    "to_hit": 0,
    "color": "blue",
    "intelligence": 13,
    "symbol": "?",
    "material": [ "paper" ],
    "volume": "2 L",
    "longest_side": "380 mm",
    "bashing": 6,
    "cutting": 0,
    "time": 50,
    "fun": -10,
    "skill": "electronics",
    "price": "350 USD",
    "required_level": 7
  },
  {
    "type": "BOOK",
    "id": "textbook_mechs",
    "name": { "str": "Heavy Mech Machinery" },
    "max_level": 8,
    "description": "A thick binder detailing the operation, maintenance and construction of mechs, with much insight into the internal mechanisms.",
    "weight": "3832 g",
    "to_hit": 0,
    "color": "blue",
    "intelligence": 13,
    "symbol": "?",
    "material": [ "paper" ],
    "volume": "1500 ml",
    "longest_side": "380 mm",
    "bashing": 6,
    "cutting": 0,
    "time": 50,
    "fun": -10,
    "skill": "mechanics",
    "price": "250 USD",
    "required_level": 5
  }
]
