[
  {
    "type": "furniture",
    "id": "f_robotics_station",
    "name": "robotics assembly bench",
    "description": "robotics assembly bench",
    "symbol": "=",
    "color": "light_gray",
    "move_cost_mod": -1,
    "required_str": -1,
    "crafting_pseudo_item": "precision_toolkit",
    "flags": [ "CONTAINER", "SEALED" ],
    "examine_action": "reload_furniture",
    "deconstruct": {
      "items": [
        { "item": "pipe", "count": 14 },
        { "item": "precision_toolkit", "count": 1 },
        { "item": "plastic_chunk", "count": [ 3, 6 ] },
        { "item": "sheet_metal", "count": [ 4, 6 ] }
      ]
    }
  }
]
