[
  {
    "type": "material",
    "id": "insulex",
    "name": "Insulex",
    "salvaged_into": "nomex",
    "bash_resist": 1,
    "cut_resist": 1,
    "bash_dmg_verb": "ripped",
    "cut_dmg_verb": "cut",
    "dmg_adj": [ "ripped", "torn", "shredded", "tattered" ],
    "acid_resist": 5,
    "elec_resist": 4,
    "fire_resist": 500,
    "chip_resist": 8,
    "bullet_resist": 1,
    "density": 8
  },
  {
    "type": "material",
    "id": "hardsteelinsulex",
    "name": "Insulated Hard Steel",
    "bash_resist": 10,
    "cut_resist": 16,
    "bash_dmg_verb": "dented",
    "cut_dmg_verb": "scratched",
    "dmg_adj": [ "marked", "dented", "smashed", "shattered" ],
    "acid_resist": 6,
    "elec_resist": 0,
    "fire_resist": 500,
    "chip_resist": 30,
    "bullet_resist": 12,
    "density": 40
  }
]
