[
  {
    "type": "item_group",
    "subtype": "collection",
    "//": "contains clothes for the sniper joes",
    "id": "sniper_robot_clothes",
    "entries": [
      { "group": "joe_legs", "damage-min": 0, "damage-max": 1 },
      { "group": "joe_torso", "damage-min": 0, "damage-max": 1 },
      { "group": "joe_feet", "damage-min": 0, "damage-max": 1 },
      { "group": "joe_gloves", "damage-min": 0, "damage-max": 1, "prob": 30 },
      { "group": "joe_head", "damage-min": 0, "damage-max": 0 }
    ]
  },
  {
    "type": "item_group",
    "subtype": "distribution",
    "//": "items that a sniper joe combat robot would carry",
    "id": "sniper_robot_drops",
    "groups": [ [ "joe_knife", 70 ] ]
  },
  {
    "type": "item_group",
    "subtype": "collection",
    "//": "contains cloth (always), a cash card (10% chance) and a random item (50% chance)",
    "id": "sniper_robot_death_drops",
    "entries": [ { "group": "sniper_robot_clothes" }, { "group": "sniper_robot_drops" }, { "item": "ref_lighter", "prob": 50 } ]
  },
  {
    "type": "GENERIC",
    "id": "broken_tripod",
    "symbol": ",",
    "color": "green",
    "name": { "str": "broken tribot" },
    "category": "other",
    "description": "A broken tribot.  Now that its legs lie broken and immobile, the world seems a little less threatening.  Could be gutted for parts.",
    "price": "10 USD",
    "material": [ "steel", "plastic" ],
    "weight": "430000 g",
    "volume": "187500 ml",
    "bashing": 10,
    "cutting": 6,
    "to_hit": -2,
    "flags": [ "TRADER_AVOID", "NO_REPAIR" ]
  },
  {
    "type": "GENERIC",
    "id": "broken_chickenbot",
    "symbol": ",",
    "color": "green",
    "name": { "str": "broken chickenbot" },
    "category": "other",
    "description": "A broken chicken walker.  Still looks intimidating despite being permanently inoperative, possibly due to the sheer size and mass.  Could be gutted for parts.",
    "price": "10 USD",
    "material": [ "steel", "plastic" ],
    "weight": "1023850 g",
    "volume": "1100 L",
    "bashing": 20,
    "cutting": 15,
    "to_hit": -3,
    "flags": [ "TRADER_AVOID", "NO_REPAIR" ]
  },
  {
    "type": "GENERIC",
    "id": "broken_tankbot",
    "symbol": ",",
    "color": "green",
    "name": { "str": "broken tank drone" },
    "category": "other",
    "description": "A broken tank drone.  Still looks intimidating despite being permanently inoperative, possibly due to the sheer size and mass.  Could be gutted for parts.",
    "price": "10 USD",
    "material": [ "steel", "plastic" ],
    "weight": "1223850 g",
    "volume": "875 L",
    "bashing": 20,
    "cutting": 15,
    "to_hit": -3,
    "flags": [ "TRADER_AVOID", "NO_REPAIR" ]
  },
  {
    "id": "bot_tripod",
    "looks_like": "broken_tripod",
    "type": "TOOL",
    "name": { "str": "inactive tripod" },
    "description": "This is an inactive Honda Regnal.  Using this item involves placing it on the ground, wondering how it fuels its flamethrower and turning it on.  If reprogrammed and rewired successfully the tribot will then identify you as an ally, roam around or follow you, and impale hostiles with its spiked cable weapons.",
    "weight": "120000 g",
    "volume": "92500 ml",
    "price": "1000000 USD",
    "to_hit": -3,
    "bashing": 8,
    "material": [ "steel" ],
    "symbol": ";",
    "color": "light_green",
    "use_action": {
      "type": "place_monster",
      "monster_id": "mon_tripod",
      "friendly_msg": "The tribot rises to its feet and scans the area for contaminants.",
      "hostile_msg": "The tribot glowers down at you and ignites its flamethrower.  Turns out you hate the smell of napalm.",
      "//": "No observed open deployment, likely a prototype or secret project",
      "difficulty": 15,
      "moves": 500,
      "skills": [ "electronics", "computer" ]
    }
  },
  {
    "id": "bot_chickenbot",
    "looks_like": "broken_tripod",
    "type": "TOOL",
    "name": { "str": "inactive chicken walker" },
    "description": "This is an inactive chicken walker.  Using this item involves placing it on the ground, loading the unit with the factory-loaded 5.56 rounds and 40mm cartridge grenades in your inventory (if you wish to divide your ammunition, set aside whatever ammunition you do NOT want to give the robot) and turning it on.  If reprogrammed and rewired successfully the tank drone will then identify you as a friendly, roam around or follow you, and attack all enemies with a built-in firearm and grenade launcher.",
    "weight": "190000 g",
    "//": "cheating a bit with the volume due to lack of proper vehicle storage options",
    "volume": "250 L",
    "price": "1000000 USD",
    "to_hit": -3,
    "bashing": 8,
    "material": [ "steel" ],
    "symbol": ";",
    "color": "light_green",
    "use_action": {
      "type": "place_monster",
      "monster_id": "mon_chickenbot",
      "friendly_msg": "The chicken bot rolls out and begins acquiring targets.",
      "hostile_msg": "The chicken bot swivels its turret and aims directly at you.  Don your brown pants!",
      "//": "Milspec, clearly designed with little concern for collateral damage.  What did you expect of a chicken walker?",
      "difficulty": 10,
      "moves": 500,
      "skills": [ "electronics", "computer" ]
    }
  },
  {
    "id": "bot_tankbot",
    "looks_like": "broken_tankbot",
    "type": "TOOL",
    "name": { "str": "inactive tank drone" },
    "description": "This is an inactive Beagle Mini-Tank UGV.  Using this item involves placing it on the ground, loading the unit with the factory-loaded 5.56 rounds and 40mm cartridge grenades in your inventory (if you wish to divide your ammunition, set aside whatever ammunition you do NOT want to give the robot) and turning it on.  If reprogrammed and rewired successfully the tank drone will then identify you as a friendly, roam around or follow you, and attack all enemies with a built-in firearm and grenade launcher.",
    "weight": "200000 g",
    "//": "cheating a bit with the volume due to lack of proper vehicle storage options",
    "volume": "250 L",
    "price": "1000000 USD",
    "to_hit": -3,
    "bashing": 8,
    "material": [ "steel" ],
    "symbol": ";",
    "color": "light_green",
    "use_action": {
      "type": "place_monster",
      "monster_id": "mon_tankbot",
      "friendly_msg": "The tank drone rolls out and begins acquiring targets.",
      "hostile_msg": "The tank drone swivels its turret and aims directly at you.  Don your brown pants!",
      "//": "Milspec, clearly designed with little concern for collateral damage. What did you expect of a robo-tank?",
      "difficulty": 10,
      "moves": 500,
      "skills": [ "electronics", "computer" ]
    }
  },
  {
    "type": "GENERIC",
    "id": "spidery_legs_big",
    "name": { "str": "set of spidery legs", "str_pl": "sets of spidery legs" },
    "description": "A set of big pointy legs, like the ones found under a tripod.",
    "symbol": "W",
    "color": "light_gray",
    "weight": "40000 g",
    "volume": "20 L",
    "price": "2000 USD",
    "material": [ "steel" ],
    "category": "spare_parts"
  },
  {
    "type": "GENERIC",
    "id": "tripod_chassis",
    "name": { "str_sp": "tripod chassis" },
    "description": "What's left when you remove all moving parts and electronics.  It's the skeleton and armor of the tripod.",
    "symbol": "c",
    "color": "light_gray",
    "weight": "40000 g",
    "volume": "70000 ml",
    "price": "2000 USD",
    "material": [ "steel" ],
    "category": "spare_parts"
  },
  {
    "type": "GENERIC",
    "id": "chickenbot_chassis",
    "name": { "str_sp": "Pathfinder chassis" },
    "description": "What's left when you remove all moving parts and electronics.  It's the skeleton and armor of the pathfinder.",
    "symbol": "c",
    "color": "light_gray",
    "weight": "60000 g",
    "volume": "80000 ml",
    "price": "3000 USD",
    "material": [ "steel" ],
    "category": "spare_parts"
  },
  {
    "type": "GENERIC",
    "id": "tankbot_chassis",
    "name": { "str_sp": "Regulator chassis" },
    "description": "What's left when you remove all moving parts and electronics.  It's the skeleton and armor of the Regulator tank.",
    "symbol": "c",
    "color": "light_gray",
    "weight": "150000 g",
    "volume": "575000 ml",
    "price": "10000 USD",
    "material": [ "steel" ],
    "category": "spare_parts"
  },
  {
    "type": "item_group",
    "id": "tripod",
    "items": [
      { "item": "flamethrower", "prob": 1, "charges-min": 0, "charges-max": 3000 },
      [ "sheet_kevlar_layered", 10 ],
      [ "ceramic_armor", 15 ],
      [ "alloy_plate", 10 ],
      [ "robot_controls", 3 ]
    ]
  },
  {
    "type": "item_group",
    "id": "chickenbot",
    "items": [
      [ "robot_controls", 5 ],
      [ "ai_module", 5 ],
      [ "sensor_module", 5 ],
      [ "memory_module", 5 ],
      [ "pathfinding_module", 5 ],
      [ "identification_module", 5 ],
      [ "reverse_jointed_legs", 40 ],
      [ "chickenbot_chassis", 40 ],
      [ "targeting_module", 5 ],
      [ "gun_module", 30 ],
      [ "mark19", 5 ],
      [ "tazer", 5 ],
      [ "m249", 5 ],
      [ "storage_battery", 5 ],
      [ "plut_cell", 5 ],
      [ "mil_plate", 2 ]
    ]
  },
  {
    "type": "item_group",
    "id": "tankbot",
    "items": [
      [ "tazer", 3 ],
      { "item": "flamethrower", "prob": 1, "charges-min": 0, "charges-max": 3000 },
      [ "556", 8 ],
      [ "alloy_plate", 10 ],
      [ "sheet_kevlar_layered", 10 ],
      [ "ceramic_armor", 10 ],
      [ "hard_plate", 30 ],
      [ "robot_controls", 5 ]
    ]
  },
  {
    "type": "item_group",
    "subtype": "collection",
    "//": "contains cloth (always), a cash card (10% chance) and a random item (50% chance)",
    "id": "met_robot_death_drops",
    "entries": [ { "item": "tonfa" }, { "item": "trenchcoat" }, { "item": "helmet_met", "prob": 50 } ]
  }
]
