[
  {
    "id": "11stick",
    "looks_like": "stanag30",
    "type": "MAGAZINE",
    "name": { "str": "M9887 magazine" },
    "description": "a magazine for the M9887 battle rifle.",
    "weight": "1200 g",
    "volume": "2000 ml",
    "price": "100 USD",
    "price_postapoc": "20 USD",
    "material": [ "steel" ],
    "symbol": "#",
    "color": "light_gray",
    "ammo_type": [ "11mm" ],
    "capacity": 30,
    "reload_time": 260,
    "flags": [ "MAG_BULKY" ],
    "pocket_data": [ { "pocket_type": "MAGAZINE", "rigid": true, "ammo_restriction": { "11mm": 30 } } ]
  },
  {
    "id": "USAS1020mag",
    "looks_like": "shotbelt_20",
    "type": "MAGAZINE",
    "name": { "str": "USAS-20 box magazine" },
    "description": "A removable plastic magazine for the USAS-20 shotgun.  Holds 10 rounds.",
    "weight": "820 g",
    "volume": "360 ml",
    "price": "45 USD",
    "price_postapoc": 100,
    "material": [ "plastic" ],
    "symbol": "#",
    "color": "dark_gray",
    "ammo_type": [ "20x66mm" ],
    "capacity": 10,
    "flags": [ "MAG_COMPACT" ],
    "pocket_data": [ { "pocket_type": "MAGAZINE", "rigid": true, "ammo_restriction": { "20x66mm": 10 } } ]
  },
  {
    "id": "deaglemag66",
    "looks_like": "glock17_17",
    "type": "MAGAZINE",
    "name": { "str": "Desert Eagle magazine" },
    "description": "A standard 7-round steel box magazine for use with the B.A.G Desert Eagle.",
    "weight": "280 g",
    "volume": "400 ml",
    "price": "67 USD",
    "price_postapoc": 100,
    "material": [ "steel" ],
    "symbol": "#",
    "color": "light_gray",
    "ammo_type": [ "660" ],
    "capacity": 7,
    "flags": [ "MAG_COMPACT" ],
    "pocket_data": [ { "pocket_type": "MAGAZINE", "rigid": true, "ammo_restriction": { "660": 7 } } ]
  },
  {
    "id": "USAS2020mag",
    "looks_like": "shotbelt_20",
    "type": "MAGAZINE",
    "name": { "str": "USAS-20 drum magazine" },
    "description": "A removable plastic magazine for the USAS-20 shotgun.  Holds 20 rounds.",
    "weight": "985 g",
    "volume": "1742 ml",
    "price": "110 USD",
    "price_postapoc": 250,
    "material": [ "plastic" ],
    "symbol": "#",
    "color": "dark_gray",
    "ammo_type": [ "20x66mm" ],
    "capacity": 20,
    "reload_time": 110,
    "flags": [ "MAG_BULKY" ],
    "pocket_data": [ { "pocket_type": "MAGAZINE", "rigid": true, "ammo_restriction": { "20x66mm": 20 } } ]
  },
  {
    "id": "50stick",
    "looks_like": "stanag30",
    "type": "MAGAZINE",
    "name": { "str": "ak50 magazine" },
    "//": "yeah i based this off the code for the m107 magazine",
    "description": "a magazine for the ak50.",
    "weight": "1800 g",
    "volume": "2450 ml",
    "price": "100 USD",
    "price_postapoc": "20 USD",
    "material": [ "steel" ],
    "symbol": "#",
    "color": "light_gray",
    "ammo_type": [ "50" ],
    "capacity": 20,
    "reload_time": 350,
    "flags": [ "MAG_BULKY" ],
    "pocket_data": [ { "pocket_type": "MAGAZINE", "rigid": true, "ammo_restriction": { "50": 20 } } ]
  },
  {
    "id": "50Rbox",
    "looks_like": "stanag30",
    "type": "MAGAZINE",
    "name": { "str": "12.7x108 boxmag" },
    "description": "a kord box magazine witha ammo belt inside.",
    "weight": "8000 g",
    "volume": "7000 ml",
    "price": "110 USD",
    "price_postapoc": "30 USD",
    "material": [ "steel" ],
    "symbol": "#",
    "color": "light_gray",
    "ammo_type": [ "50R" ],
    "capacity": 50,
    "reload_time": 500,
    "flags": [ "MAG_BULKY" ],
    "pocket_data": [ { "pocket_type": "MAGAZINE", "rigid": true, "ammo_restriction": { "50R": 50 } } ]
  },
  {
    "id": "33x308stick",
    "looks_like": "stanag30",
    "type": "MAGAZINE",
    "name": { "str": "anti power-armor rifle stick-mag" },
    "//": "yeah i based this off the code for the m107 magazine",
    "description": "a large magazine for some incredibly large round.",
    "weight": "9000 g",
    "volume": "4000 ml",
    "price": "100 USD",
    "price_postapoc": "12 USD",
    "material": [ "steel" ],
    "symbol": "#",
    "color": "light_gray",
    "ammo_type": [ "33x308" ],
    "capacity": 12,
    "reload_time": 450,
    "flags": [ "MAG_BULKY" ],
    "pocket_data": [ { "pocket_type": "MAGAZINE", "rigid": true, "ammo_restriction": { "33x308": 12 } } ]
  },
  {
    "id": "33x308drum",
    "looks_like": "stanag30",
    "type": "MAGAZINE",
    "name": { "str": "anti power-armor rifle drum-mag" },
    "//": "yeah i based this off the code for the m107 magazine",
    "description": "a large magazine for some incredibly large round.",
    "weight": "14000 g",
    "volume": "10000 ml",
    "price": "110 USD",
    "price_postapoc": "30 USD",
    "material": [ "steel" ],
    "symbol": "#",
    "color": "light_gray",
    "ammo_type": [ "33x308" ],
    "capacity": 30,
    "reload_time": 500,
    "flags": [ "MAG_BULKY" ],
    "pocket_data": [ { "pocket_type": "MAGAZINE", "rigid": true, "ammo_restriction": { "33x308": 30 } } ]
  },
  {
    "id": "33x308box",
    "looks_like": "stanag30",
    "type": "MAGAZINE",
    "name": { "str": "anti power-armor rifle box-mag" },
    "//": "yeah i based this off the code for the m107 magazine",
    "description": "a large magazine for some incredibly large round impractically heavy for normal use.",
    "weight": "35000 g",
    "volume": "25000 ml",
    "price": "140 USD",
    "price_postapoc": "22 USD",
    "material": [ "steel" ],
    "symbol": "#",
    "color": "light_gray",
    "ammo_type": [ "33x308" ],
    "capacity": 80,
    "reload_time": 600,
    "flags": [ "MAG_BULKY" ],
    "pocket_data": [ { "pocket_type": "MAGAZINE", "rigid": true, "ammo_restriction": { "33x308": 80 } } ]
  },
  {
    "id": "50R_BOX",
    "looks_like": "stanag30",
    "type": "MAGAZINE",
    "name": { "str": "12.7x108mm boxmag" },
    "//": "yeah i based this off the code for the m107 magazine",
    "description": "a container with a 12.7x108mm belt for feeding into a machine gun.",
    "weight": "8000 g",
    "volume": "6000 ml",
    "price": "140 USD",
    "price_postapoc": "30 USD",
    "material": [ "steel" ],
    "symbol": "#",
    "color": "light_gray",
    "ammo_type": [ "50R" ],
    "capacity": 50,
    "reload_time": 1100,
    "flags": [ "MAG_BULKY" ],
    "pocket_data": [ { "pocket_type": "MAGAZINE", "rigid": true, "ammo_restriction": { "50R": 50 } } ]
  },
  {
    "id": "belt50R",
    "looks_like": "stanag30",
    "copy-from": "magazine_belt",
    "type": "MAGAZINE",
    "name": { "str": "12.7x108mm ammo belt" },
    "ammo_type": [ "50R" ],
    "capacity": 100,
    "count": 100,
    "linkage": "ammolink50",
    "pocket_data": [ { "pocket_type": "MAGAZINE", "rigid": true, "ammo_restriction": { "50R": 100 } } ]
  },
  {
    "id": "33x308belt",
    "looks_like": "stanag30",
    "copy-from": "magazine_belt",
    "type": "MAGAZINE",
    "name": { "str": "33x308mm belt" },
    "ammo_type": [ "33x308" ],
    "capacity": 200,
    "count": 200,
    "pocket_data": [ { "pocket_type": "MAGAZINE", "rigid": true, "ammo_restriction": { "33x308": 200 } } ],
    "linkage": "ammolink33x308"
  },
  {
    "id": "660_speedloader5",
    "looks_like": "glock17_17",
    "type": "MAGAZINE",
    "name": { "str": ".500 5-round speedloader" },
    "description": "This speedloader can hold 5 rounds of .660 and quickly reload a compatible revolver.",
    "weight": "250 g",
    "volume": "440 ml",
    "price": "25 USD",
    "price_postapoc": 140,
    "material": [ "steel" ],
    "symbol": "#",
    "color": "light_gray",
    "ammo_type": [ "660" ],
    "capacity": 5,
    "flags": [ "SPEEDLOADER" ],
    "pocket_data": [ { "pocket_type": "MAGAZINE", "rigid": true, "ammo_restriction": { "660": 5 } } ]
  },
  {
    "id": "14.5x46chainfeed",
    "looks_like": "stanag30",
    "type": "MAGAZINE",
    "name": { "str": "back mounted ammo box/w chainfeed" },
    "//": "yeah i based this off the code for the m107 magazine",
    "description": "a huge ammo box mounted on your back similar to a backpack with thousands of rounds of ammunition, the ammo feeds to the respective weapon via a link with rounds on a belt,when fired you can see the rounds zipping through the chain-feed.",
    "weight": "140000 g",
    "volume": "120000 ml",
    "price": "600 USD",
    "price_postapoc": "120 USD",
    "material": [ "steel" ],
    "symbol": "#",
    "color": "light_gray",
    "ammo_type": [ "14.5x46" ],
    "capacity": 2400,
    "reload_time": 400,
    "flags": [ "MAG_BULKY" ],
    "pocket_data": [ { "pocket_type": "MAGAZINE", "rigid": true, "ammo_restriction": { "14.5x46": 2400 } } ]
  },
  {
    "id": "14.5x46belt",
    "looks_like": "stanag30",
    "copy-from": "magazine_belt",
    "type": "MAGAZINE",
    "name": { "str": "14.5x46mm belt" },
    "ammo_type": [ "14.5x46" ],
    "capacity": 360,
    "count": 360,
    "pocket_data": [ { "pocket_type": "MAGAZINE", "rigid": true, "ammo_restriction": { "14.5x46": 360 } } ],
    "linkage": "ammolink14.5x46"
  },
  {
    "id": "atgmpod_clip",
    "looks_like": "atgm",
    "type": "MAGAZINE",
    "name": { "str": "m220022a1 clip" },
    "//": "yeah i based this off the code for the m107 magazine",
    "description": "A large metal object not dissimilar to those plastic things you find on aluminum cans you know those things you see fish get stuck in.",
    "weight": "12000 g",
    "volume": "8000 ml",
    "price": "100 USD",
    "price_postapoc": "10 USD",
    "material": [ "steel" ],
    "symbol": "#",
    "color": "light_gray",
    "ammo_type": [ "atgm" ],
    "capacity": 4,
    "reload_time": 1200,
    "flags": [ "MAG_BULKY" ],
    "pocket_data": [ { "pocket_type": "MAGAZINE", "rigid": true, "ammo_restriction": { "atgm": 4 } } ]
  }
]
