[
  {
    "type": "profession",
    "id": "roboticist",
    "name": "Roboticist",
    "description": "Fascinated with robots and machines since you were a child, you started a small workshop, building robots for government contracts and neighborhood children alike.",
    "points": 8,
    "skills": [ { "level": 6, "name": "fabrication" }, { "level": 5, "name": "electronics" }, { "level": 5, "name": "mechanics" } ],
    "items": {
      "both": [ "dress_shirt", "leather_belt", "dress_shoes", "pants", "coat_lab", "soldering_iron", "toolbox_empty", "mbag" ],
      "male": [ "boxer_shorts" ],
      "female": [ "bra", "panties" ]
    }
  },
  {
    "type": "profession",
    "id": "biomechanist",
    "name": "Biomechanist",
    "description": "You've always wondered what made things work, and people were no different. Once you had figured out what made it tick, you wanted to improve them, and what better than strapping on a fusion blaster, or implanting a cerebral booster?.",
    "points": 8,
    "skills": [ { "level": 6, "name": "firstaid" }, { "level": 5, "name": "electronics" }, { "level": 1, "name": "mechanics" } ],
    "items": {
      "both": [
        "dress_shirt",
        "gloves_medical",
        "dress_shoes",
        "pants",
        "coat_lab",
        "soldering_iron",
        "briefcase",
        "mask_dust",
        "scalpel"
      ],
      "male": [ "briefs" ],
      "female": [ "bra", "panties" ]
    }
  },
  {
    "type": "profession",
    "id": "mech_pilot",
    "name": "Mech Pilot",
    "description": "You were trained as an elite pilot, to operate the newly prototyped combat mech suits, the government's response to captured Chinese intel.",
    "points": 8,
    "skills": [ { "level": 8, "name": "driving" }, { "level": 1, "name": "pistol" }, { "level": 2, "name": "mechanics" } ],
    "items": {
      "both": [ "jumpsuit", "gloves_tactical", "boots_combat", "sholster", "helmet_mechpilot", "45_super", "45_super", "legrig" ],
      "male": [ "briefs" ],
      "female": [ "sports_bra", "panties" ]
    }
  }
]
