[
  {
    "type": "speech",
    "speaker": "mon_cyborg",
    "sound": "\"I never asked for this!\"",
    "volume": 20
  },
  {
    "type": "speech",
    "speaker": "mon_cyborg",
    "sound": "\"What am I?\"",
    "volume": 10
  },
  {
    "type": "speech",
    "speaker": "mon_cyborg",
    "sound": "\"What have I become?\"",
    "volume": 10
  },
  {
    "type": "speech",
    "speaker": "mon_cyborg",
    "sound": "\"Oh, God!\"",
    "volume": 10
  },
  {
    "type": "speech",
    "speaker": "mon_cyborg",
    "sound": "\"I'm disgusting!\"",
    "volume": 10
  },
  {
    "type": "speech",
    "speaker": "mon_cyborg_heavy",
    "sound": "\"All of my systems are online.\"",
    "volume": 10
  },
  {
    "type": "speech",
    "speaker": "mon_cyborg_heavy",
    "sound": "\"I'm... alive?\"",
    "volume": 10
  },
  {
    "type": "speech",
    "speaker": "mon_cyborg_heavy",
    "sound": "\"Ready for combat!\"",
    "volume": 20
  },
  {
    "type": "speech",
    "speaker": "mon_cyborg_advanced",
    "sound": "\"All systems operational.\"",
    "volume": 10
  },
  {
    "type": "speech",
    "speaker": "mon_cyborg_advanced",
    "sound": "\"Selective cognitive suppressant unit running at maximal efficiency.\"",
    "volume": 10
  },
  {
    "type": "speech",
    "speaker": "mon_cyborg_advanced",
    "sound": "\"Combat systems nominal.\"",
    "volume": 10
  },
  {
    "type": "speech",
    "speaker": "mon_cyborg_advanced",
    "sound": "\"Security program functional.\"",
    "volume": 10
  },
  {
    "type": "speech",
    "speaker": "mon_cyborg_advanced",
    "sound": "\"Unit transmitter online.\"",
    "volume": 10
  }
]
