[
  {
    "type": "vehicle_part",
    "id": "shd_frame",
    "name": "super duty frame",
    "symbol": "h",
    "color": "dark_gray",
    "broken_symbol": "#",
    "broken_color": "light_gray",
    "durability": 1800,
    "item": "shdframe",
    "location": "structure",
    "flags": [ "MOUNTABLE" ],
    "breaks_into": [
      { "item": "steel_lump", "count": [ 8, 12 ] },
      { "item": "steel_chunk", "count": [ 8, 12 ] },
      { "item": "scrap", "count": [ 8, 12 ] }
    ],
    "damage_reduction": { "all": 250 },
    "requirements": {
      "install": { "skills": [ [ "mechanics", 6 ] ], "time": "90 m", "using": [ [ "welding_standard", 20 ] ] },
      "removal": { "skills": [ [ "mechanics", 4 ] ], "time": "30 m", "using": [ [ "vehicle_wrench_2", 1 ] ] },
      "repair": { "skills": [ [ "mechanics", 7 ] ], "time": "45 m", "using": [ [ "welding_standard", 10 ] ] }
    }
  },
  {
    "id": "shdframe_cover",
    "copy-from": "shd_frame",
    "type": "vehicle_part",
    "symbol": "^"
  },
  {
    "id": "shdframe_cross",
    "copy-from": "shd_frame",
    "type": "vehicle_part",
    "symbol": "c",
    "extend": { "flags": [ "INITIAL_PART" ] }
  },
  {
    "id": "shdframe_horizontal",
    "copy-from": "shd_frame",
    "type": "vehicle_part",
    "symbol": "h"
  },
  {
    "id": "shdframe_horizontal_2",
    "copy-from": "shd_frame",
    "type": "vehicle_part",
    "symbol": "="
  },
  {
    "id": "shdframe_ne",
    "copy-from": "shd_frame",
    "type": "vehicle_part",
    "symbol": "u"
  },
  {
    "id": "shdframe_nw",
    "copy-from": "shd_frame",
    "type": "vehicle_part",
    "symbol": "y"
  },
  {
    "id": "shdframe_se",
    "copy-from": "shd_frame",
    "type": "vehicle_part",
    "symbol": "n"
  },
  {
    "id": "shdframe_sw",
    "copy-from": "shd_frame",
    "type": "vehicle_part",
    "symbol": "b"
  },
  {
    "id": "shdframe_vertical",
    "copy-from": "shd_frame",
    "type": "vehicle_part",
    "symbol": "j"
  },
  {
    "id": "shdframe_vertical_2",
    "copy-from": "shd_frame",
    "type": "vehicle_part",
    "symbol": "H"
  },
  {
    "id": "shdframe_cover",
    "copy-from": "shd_frame",
    "type": "vehicle_part",
    "symbol": "^"
  },
  {
    "id": "shdframe_cross",
    "copy-from": "shd_frame",
    "type": "vehicle_part",
    "symbol": "c",
    "extend": { "flags": [ "INITIAL_PART" ] }
  },
  {
    "type": "vehicle_part",
    "id": "shdframe_core",
    "name": "super duty core",
    "symbol": "+",
    "color": "dark_gray",
    "broken_symbol": "#",
    "broken_color": "light_gray",
    "durability": 2000,
    "item": "shdframe",
    "location": "structure",
    "flags": [ "MOUNTABLE" ],
    "breaks_into": [
      { "item": "steel_lump", "count": [ 8, 12 ] },
      { "item": "steel_chunk", "count": [ 8, 12 ] },
      { "item": "scrap", "count": [ 8, 12 ] }
    ],
    "damage_reduction": { "all": 250 },
    "requirements": {
      "install": { "skills": [ [ "mechanics", 9 ] ], "time": "150 m", "using": [ [ "welding_standard", 20 ] ] },
      "removal": { "skills": [ [ "mechanics", 7 ] ], "time": "60 m", "using": [ [ "vehicle_wrench_2", 1 ] ] },
      "repair": { "skills": [ [ "mechanics", 8 ] ], "time": "90 m", "using": [ [ "welding_standard", 10 ] ] }
    }
  },
  {
    "type": "vehicle_part",
    "id": "shd_hatch",
    "name": "bulk head",
    "symbol": "+",
    "color": "dark_gray",
    "broken_symbol": "&",
    "broken_color": "dark_gray",
    "damage_modifier": 80,
    "durability": 1700,
    "size": 150,
    "item": "shdframe",
    "location": "center",
    "flags": [ "CARGO", "OBSTACLE", "OPAQUE", "OPENABLE", "MULTISQUARE", "BOARDABLE" ],
    "breaks_into": [
      { "item": "steel_lump", "count": [ 4, 6 ] },
      { "item": "steel_chunk", "count": [ 4, 6 ] },
      { "item": "scrap", "count": [ 4, 6 ] }
    ],
    "requirements": {
      "install": { "skills": [ [ "mechanics", 5 ] ], "time": "50 m", "using": [ [ "welding_standard", 20 ] ] },
      "removal": { "skills": [ [ "mechanics", 1 ] ], "time": "20 m", "using": [ [ "vehicle_wrench_2", 1 ] ] },
      "repair": { "skills": [ [ "mechanics", 3 ] ], "time": "15 m", "using": [ [ "welding_standard", 10 ] ] }
    }
  },
  {
    "type": "vehicle_part",
    "id": "blast_door",
    "name": "heavy duty blast shutters",
    "symbol": "+",
    "color": "dark_gray",
    "broken_symbol": "0",
    "broken_color": "light_gray",
    "damage_modifier": 20,
    "durability": 1200,
    "bonus": 25,
    "item": "double_mil_plate",
    "location": "on_windshield",
    "flags": [ "OPENABLE", "OPENCLOSE_INSIDE", "OPAQUE", "CURTAIN" ],
    "breaks_into": [ { "item": "scrap", "count": [ 4, 6 ] } ],
    "requirements": {
      "install": { "skills": [ [ "mechanics", 4 ] ], "time": "75 m", "using": [ [ "welding_standard", 20 ] ] },
      "removal": { "skills": [ [ "mechanics", 1 ] ], "time": "30 m", "using": [ [ "vehicle_wrench_2", 1 ] ] },
      "repair": { "skills": [ [ "mechanics", 3 ] ], "time": "25 m", "using": [ [ "welding_standard", 10 ] ] }
    }
  }
]
