[
  {
    "id": "miltow_truck",
    "type": "vehicle",
    "name": "M1070 Oshkosh placeholder",
    "blueprint": [
      [ "       o  " ],
      [ "OO ---+-O-" ],
      [ "OO=|#|#'|H" ],
      [ "++-|o|o'|>" ],
      [ "++-|o+o'|>" ],
      [ "OO=|#|#'|H" ],
      [ "OO ---+=O-" ],
      [ "       o  " ]
    ],
    "parts": [
      { "x": -2, "y": 2, "part": "hdframe_vertical_2" },
      { "x": -2, "y": 2, "part": "box" },
      { "x": -2, "y": 2, "part": "roof" },
      { "x": -2, "y": 3, "part": "hdframe_vertical_2" },
      { "x": -2, "y": 3, "part": "bed" },
      { "x": -2, "y": 3, "part": "roof" },
      { "x": -2, "y": 1, "part": "hdframe_vertical_2" },
      { "x": -2, "y": 1, "part": "box" },
      { "x": -2, "y": 1, "part": "roof" },
      { "x": -2, "y": 4, "part": "hdframe_vertical" },
      { "x": -2, "y": 4, "part": "hdboard_vertical" },
      { "x": -2, "y": 4, "part": "tank", "fuel": "diesel" },
      { "x": -2, "y": 0, "part": "hdframe_vertical_2" },
      { "x": -2, "y": 0, "part": "bed" },
      { "x": -2, "y": 0, "part": "roof" },
      { "x": -2, "y": -1, "part": "hdframe_vertical" },
      { "x": -2, "y": -1, "part": "hdboard_vertical" },
      { "x": -2, "y": -1, "part": "tank", "fuel": "diesel" },
      { "x": -1, "y": 2, "part": "hdframe_horizontal" },
      { "x": -1, "y": 2, "part": "door_internal" },
      { "x": -1, "y": 1, "part": "hdframe_horizontal" },
      { "x": -1, "y": 1, "part": "hdboard_horizontal" },
      { "x": -1, "y": 3, "part": "hdframe_horizontal" },
      { "x": -1, "y": 3, "part": "hdboard_horizontal" },
      { "x": -1, "y": 0, "part": "hdframe_horizontal" },
      { "x": -1, "y": 0, "part": "hdboard_horizontal" },
      { "x": -1, "y": 4, "part": "hdframe_vertical" },
      { "x": -1, "y": 4, "part": "hdboard_vertical" },
      { "x": -1, "y": 4, "part": "tank", "fuel": "diesel" },
      { "x": -1, "y": -1, "part": "hdframe_vertical" },
      { "x": -1, "y": -1, "part": "hdboard_vertical" },
      { "x": -1, "y": -1, "part": "tank", "fuel": "diesel" },
      { "x": -3, "y": 2, "part": "hdframe_horizontal" },
      { "x": -3, "y": 2, "part": "hdboard_horizontal" },
      { "x": -3, "y": 2, "part": "beeper" },
      { "x": -3, "y": 3, "part": "hdframe_horizontal" },
      { "x": -3, "y": 3, "part": "hdboard_horizontal" },
      { "x": -3, "y": 1, "part": "hdframe_horizontal" },
      { "x": -3, "y": 1, "part": "hdboard_horizontal" },
      { "x": -3, "y": 0, "part": "hdframe_horizontal" },
      { "x": -3, "y": 0, "part": "hdboard_horizontal" },
      { "x": -3, "y": 4, "part": "hdframe_vertical" },
      { "x": -3, "y": 4, "part": "hdboard_vertical" },
      { "x": -3, "y": -1, "part": "hdframe_vertical" },
      { "x": -3, "y": -1, "part": "hdboard_vertical" },
      { "x": 0, "y": 1, "part": "hdframe_horizontal" },
      { "x": 0, "y": 1, "part": "box" },
      { "x": 0, "y": 1, "part": "roof" },
      { "x": 0, "y": 3, "part": "hdframe_vertical_2" },
      { "x": 0, "y": 3, "part": "seat" },
      { "x": 0, "y": 3, "part": "seatbelt" },
      { "x": 0, "y": 3, "part": "roof" },
      { "x": 0, "y": 0, "part": "hdframe_vertical_2" },
      { "x": 0, "y": 0, "part": "seat" },
      { "x": 0, "y": 0, "part": "seatbelt" },
      { "x": 0, "y": 0, "part": "roof" },
      { "x": 0, "y": 0, "part": "controls" },
      { "x": 0, "y": 0, "part": "dashboard" },
      { "x": 0, "y": 0, "part": "vehicle_alarm" },
      { "x": 0, "y": 0, "part": "horn_big" },
      { "x": 0, "y": 2, "part": "hdframe_horizontal" },
      { "x": 0, "y": 2, "part": "box" },
      { "x": 0, "y": 2, "part": "roof" },
      { "x": 0, "y": 4, "part": "hdframe_vertical" },
      { "x": 0, "y": 4, "part": "door" },
      { "x": 0, "y": -1, "part": "hdframe_vertical" },
      { "x": 0, "y": -1, "part": "door" },
      { "x": -4, "y": 2, "part": "hdframe_vertical" },
      { "x": -4, "y": 1, "part": "hdframe_vertical" },
      { "x": -4, "y": 3, "part": "hdframe_vertical_2" },
      { "x": -4, "y": 3, "part": "trunk" },
      { "x": -4, "y": 0, "part": "hdframe_vertical_2" },
      { "x": -4, "y": 0, "part": "trunk" },
      { "x": 1, "y": 2, "part": "hdframe_horizontal" },
      { "x": 1, "y": 2, "part": "windshield" },
      { "x": 1, "y": 1, "part": "hdframe_horizontal" },
      { "x": 1, "y": 1, "part": "windshield" },
      { "x": 1, "y": 3, "part": "hdframe_horizontal" },
      { "x": 1, "y": 3, "part": "windshield" },
      { "x": 1, "y": 0, "part": "hdframe_horizontal" },
      { "x": 1, "y": 0, "part": "windshield" },
      { "x": 1, "y": 4, "part": "hdframe_vertical" },
      { "x": 1, "y": 4, "part": "windshield" },
      { "x": 1, "y": 5, "part": "wing_mirror" },
      { "x": 1, "y": -1, "part": "hdframe_vertical" },
      { "x": 1, "y": -1, "part": "windshield" },
      { "x": 1, "y": -2, "part": "wing_mirror" },
      { "x": -5, "y": 2, "part": "hdframe_cross" },
      { "x": -5, "y": 1, "part": "hdframe_cross" },
      { "x": -5, "y": 3, "part": "hdframe_horizontal" },
      { "x": -5, "y": 3, "parts": [ "wheel_mount_medium", "wheel_wide" ] },
      { "x": -5, "y": 0, "part": "hdframe_horizontal" },
      { "x": -5, "y": 0, "parts": [ "wheel_mount_medium", "wheel_wide" ] },
      { "x": -5, "y": 4, "part": "hdframe_horizontal" },
      { "x": -5, "y": 4, "parts": [ "wheel_mount_medium", "wheel_wide" ] },
      { "x": -5, "y": -1, "part": "hdframe_horizontal" },
      { "x": -5, "y": -1, "parts": [ "wheel_mount_medium", "wheel_wide" ] },
      { "x": 2, "y": 2, "part": "hdframe_vertical_2" },
      { "x": 2, "y": 2, "part": "hdhalfboard_vertical_2" },
      { "x": 2, "y": 1, "part": "hdframe_vertical_2" },
      { "x": 2, "y": 1, "part": "hdhalfboard_vertical_2" },
      { "x": 2, "y": 1, "part": "diesel_engine_v8M" },
      { "x": 2, "y": 1, "part": "alternator_truck" },
      { "x": 2, "y": 1, "part": "battery_car" },
      { "x": 2, "y": 3, "part": "hdframe_horizontal" },
      { "x": 2, "y": 3, "part": "hdhalfboard_horizontal" },
      { "x": 2, "y": 0, "part": "hdframe_horizontal" },
      { "x": 2, "y": 0, "part": "hdhalfboard_horizontal" },
      { "x": 2, "y": 4, "part": "hdframe_vertical" },
      { "x": 2, "y": 4, "part": "hdhalfboard_vertical" },
      { "x": 2, "y": 4, "parts": [ "wheel_mount_medium_steerable", "wheel_wide" ] },
      { "x": 2, "y": -1, "part": "hdframe_vertical" },
      { "x": 2, "y": -1, "part": "hdhalfboard_vertical" },
      { "x": 2, "y": -1, "parts": [ "wheel_mount_medium_steerable", "wheel_wide" ] },
      { "x": -6, "y": 2, "part": "hdframe_cross" },
      { "x": -6, "y": 1, "part": "hdframe_cross" },
      { "x": -6, "y": 3, "part": "hdframe_horizontal" },
      { "x": -6, "y": 3, "parts": [ "wheel_mount_medium", "wheel_wide" ] },
      { "x": -6, "y": 0, "part": "hdframe_horizontal" },
      { "x": -6, "y": 0, "parts": [ "wheel_mount_medium", "wheel_wide" ] },
      { "x": -6, "y": 4, "part": "hdframe_horizontal" },
      { "x": -6, "y": 4, "parts": [ "wheel_mount_medium", "wheel_wide" ] },
      { "x": -6, "y": -1, "part": "hdframe_horizontal" },
      { "x": -6, "y": -1, "parts": [ "wheel_mount_medium", "wheel_wide" ] },
      { "x": 3, "y": 2, "part": "hdframe_cover" },
      { "x": 3, "y": 2, "part": "hdhalfboard_horizontal" },
      { "x": 3, "y": 1, "part": "hdframe_cover" },
      { "x": 3, "y": 1, "part": "hdhalfboard_horizontal" },
      { "x": 3, "y": 3, "part": "hdframe_horizontal_2" },
      { "x": 3, "y": 3, "part": "hdhalfboard_horizontal_2" },
      { "x": 3, "y": 3, "part": "headlight" },
      { "x": 3, "y": 0, "part": "hdframe_horizontal_2" },
      { "x": 3, "y": 0, "part": "hdhalfboard_horizontal_2" },
      { "x": 3, "y": 0, "part": "headlight" },
      { "x": 3, "y": 4, "part": "hdframe_vertical" },
      { "x": 3, "y": 4, "part": "hdhalfboard_vertical" },
      { "x": 3, "y": -1, "part": "hdframe_vertical" },
      { "x": 3, "y": -1, "part": "hdhalfboard_vertical" }
    ],
    "items": [
      { "x": 0, "y": 0, "chance": 20, "items": [ "hat_ball" ] },
      { "x": 0, "y": 0, "chance": 10, "items": [ "cig" ] },
      { "x": 0, "y": 0, "chance": 5, "items": [ "choco_coffee_beans" ] },
      { "x": 0, "y": 1, "chance": 5, "items": [ "colamdew" ] },
      { "x": -4, "y": 0, "chance": 12, "item_groups": [ "car_kit" ] },
      { "x": -4, "y": 0, "chance": 5, "item_groups": [ "fuel_diesel" ] },
      { "x": -4, "y": 3, "chance": 10, "item_groups": [ "car_kit" ] }
    ]
  }
]
