[
  {
    "type": "item_group",
    "id": "ammo_pistol_rare",
    "//": "Less common pistol ammo including that only used by police/paramilitary forces.",
    "subtype": "distribution",
    "entries": [
      { "item": "10mm_fmj", "prob": 30 },
      { "item": "9etc", "prob": 10 },
      { "item": "9etcfmj", "prob": 10 },
      { "item": "9etchvp", "prob": 10 },
      { "item": "9etcmatch", "prob": 10 }
    ]
  },
  {
    "type": "item_group",
    "id": "ammo_pistol_milspec",
    "//": "Military specification pistol ammo found at military sites.",
    "subtype": "distribution",
    "entries": [
      { "item": "9etcsap", "prob": 40 }
    ]
  },
  {
    "type": "item_group",
    "id": "ammo_pistol_reloaded",
    "//": "Reloaded pistol ammo balanced according to rarity.",
    "subtype": "distribution",
    "entries": [
      { "item": "reloaded_9etc", "prob": 30 },
      { "item": "reloaded_9etcfmj", "prob": 15 },
      { "item": "reloaded_9etchvp", "prob": 5 }
    ]
  },
  {
    "type": "item_group",
    "id": "ammo_rifle_rare",
    "//": "Less common rifle ammo including that only used by police/paramilitary forces.",
    "subtype": "distribution",
    "entries": [
      { "item": "223blackout", "prob": 75 },
      { "item": "22etc_hp", "prob": 40 },
      { "item": "22etc_match", "prob": 20 },
      { "item": "22etc_microflechette", "prob": 15 }
    ]
  },
  {
    "type": "item_group",
    "id": "ammo_rifle_milspec",
    "//": "Military specification rifle ammo found at military sites.",
    "subtype": "distribution",
    "entries": [
      { "item": "1mm_magmg", "prob": 5 },
      { "item": "22etc_apt", "prob": 40 },
      { "item": "556blackout", "prob": 70 },
      { "item": "556dk", "prob": 35 },
      { "item": "556dk_incendiary", "prob": 15 },
      { "item": "556sap", "prob": 25 },
      { "item": "762ec", "prob": 5 },
      { "item": "762echv", "prob": 30 },
      { "item": "762echv_incendiary", "prob": 5 },
      { "item": "magpin", "prob": 5 }
    ]
  },
  {
    "type": "item_group",
    "id": "ammo_rifle_reloaded",
    "//": "Reloaded rifle ammo balanced according to rarity. Those radioactive 7.62 EC hand loads won't be included here for obvious reasons.",
    "subtype": "distribution",
    "entries": [
      { "item": "reloaded_22etc_hp", "prob": 30 },
      { "item": "reloaded_22etc_match", "prob": 5 },
      { "item": "reloaded_556dk", "prob": 5 },
      { "item": "reloaded_556dk_incendiary", "prob": 1 }
    ]
  },
  {
    "type": "item_group",
    "id": "ammo_shotgun_rare",
    "//": "Less common shotgun ammo including that only used by police/paramilitary forces.",
    "subtype": "distribution",
    "entries": [
      { "item": "410shot_doorbuster", "prob": 20 }
    ]
  },
  {
    "type": "item_group",
    "id": "ammo_shotgun_milspec",
    "//": "Military specification shotgun ammo found at military sites.",
    "subtype": "distribution",
    "entries": [
      { "item": "410shot_flech", "prob": 70 },
      { "item": "410shot_doorbuster", "prob": 20 }
    ]
  },
  {
    "type": "item_group",
    "id": "ammo_shotgun_reloaded",
    "//": "Reloaded shotgun ammo balanced according to rarity.",
    "subtype": "distribution",
    "entries": [
      { "item": "reloaded_410shot_flech", "prob": 4 },
      { "item": "reloaded_410shot_doorbuster", "prob": 1 },
      { "item": "reloaded_shot_antimateriel", "prob": 1 },
      { "item": "reloaded_shot_microflechette", "prob": 1 },
      { "item": "reloaded_shot_tungsten", "prob": 2 }
    ]
  }
]
