[
  {
    "type": "item_group",
    "id": "allclothes",
    "subtype": "distribution",
    "entries": [
      { "item": "tieclip_pick", "prob": 1 }
    ]
  },
  {
    "type": "item_group",
    "id": "dresser",
    "subtype": "distribution",
    "entries": [
      { "item": "barrette_pick", "prob": 1 },
      { "item": "tieclip_pick", "prob": 1 }
    ]
  },
  {
    "type": "item_group",
    "id": "behindcounter",
    "subtype": "distribution",
    "entries": [
      { "item": "ocg_beel", "prob": 3 },
      { "item": "ocg_id10", "prob": 1 },
      { "item": "ocg12s_scuta", "prob": 2 },
      { "item": "ocg410_triarii", "prob": 1 },
      { "item": "ocgl_t9", "prob": 2 }
    ]
  },
  {
    "type": "item_group",
    "id": "lab_dorm",
    "items": [ [ "barrette_pick", 2 ], [ "tieclip_pick", 1 ] ]
  },
  {
    "type": "item_group",
    "id": "subway",
    "items": [ [ "barrette_pick", 1 ], [ "tieclip_pick", 1 ] ]
  },
  {
    "type": "item_group",
    "id": "vault",
    "//": "'That Gun' definitively should be found in such a place. Plus a few very rare conversion kits and ETC rifle ammo spawns",
    "items": [
      [ "etc_adrevolver", 100 ],
      [ "etc_amrevolver", 100 ],
      [ "556dk", 50 ],
      [ "762echv", 50 ],
      [ "etc_hydrogen_gun", 1 ],
      [ "etc_er555ads_pack", 1 ],
      [ "etc_er555car_pack", 1 ],
      [ "etc_er555cqb_pack", 1 ],
      [ "etc_er555saw_pack", 1 ],
      [ "etc_er555sr_pack", 1 ],
      [ "etc_er555udd_pack", 1 ],
      [ "etc_erqr555_pack", 1 ],
      [ "etc_qr555car_pack", 1 ],
      [ "etc_qr555cqb_pack", 1 ],
      [ "etc_qr555dmr_pack", 1 ],
      [ "etc_qr555saw_pack", 1 ],
      [ "etc_qr555smg9_pack", 1 ],
      [ "etc_qrer555_pack", 1 ],
      [ "etc_qsmg9r555_pack", 1 ]
    ]
  },
  {
    "type": "item_group",
    "id": "pawn",
    "items": [
      [ "barrette_pick", 1 ],
      [ "etc_deel", 1 ],
      [ "etc_o92_doublemag", 1 ],
      [ "etc_o9_electromagnum", 1 ],
      [ "etc_ocg_22xlr", 2 ],
      [ "etc_ocg_dbr", 1 ],
      [ "ocg_beel", 4 ],
      [ "ocg12s_scuta", 2 ],
      [ "ocg410_triarii", 1 ],
      [ "ocg_chainsword_off", 1 ],
      [ "ocg_minirifle", 2 ],
      [ "tieclip_pick", 1 ]
    ]
  },
  {
    "type": "item_group",
    "id": "mil_hw",
    "subtype": "distribution",
    "entries": [
      { "item": "etc_er555_saw", "prob": 1 },
      { "item": "etc_seven7", "prob": 3 },
      { "item": "22etc_match", "prob": 10 },
      { "item": "556blackout", "prob": 15 },
      { "item": "556dk", "prob": 8 },
      { "item": "556sap", "prob": 6 },
      { "item": "556dk_incendiary", "prob": 1 },
      { "item": "66mmff_heat", "prob": 4 },
      { "item": "66mmff_nuclear", "prob": 2 },
      { "item": "66mmff_wp", "prob": 8 },
      { "item": "762echv", "prob": 5 },
      { "item": "9etcmatch", "prob": 15 },
      { "item": "etc_chaingun", "prob": 3 },
      { "item": "etc_nanogun", "prob": 1 },
      { "item": "etc_nanogunsd", "prob": 2 },
      { "item": "ocg_lgw", "prob": 10 },
      { "item": "ocg_n10chaingun", "prob": 5 },
      { "item": "qr555_saw", "prob": 10 }
    ]
  },
  {
    "type": "item_group",
    "id": "spider",
    "subtype": "distribution",
    "entries": [
      { "item": "etc_o2038", "prob": 2 },
      { "item": "etc_o2038h", "prob": 1 },
      { "item": "etc_ocg_ssmg", "prob": 1 },
      { "item": "ocg_dmsmg", "prob": 2 },
      { "item": "ocg_xe50_ionmace", "prob": 1 },
      { "item": "ocgl_ym14carbine", "prob": 2 }
    ]
  },
  {
    "type": "item_group",
    "id": "military",
    "//": "Only unique designs like practical infantry gatling guns, 'anti-drone' rifles and the integrally suppressed 5.56 NATO rifles were deployed to the military in the field.",
    "subtype": "distribution",
    "entries": [
      { "item": "10mm_fmj", "prob": 1 },
      { "item": "22etc_apt", "prob": 1 },
      { "item": "22etc_hp", "prob": 6 },
      { "item": "22etc_microflechette", "prob": 2 },
      { "item": "40fmj", "prob": 5 },
      { "item": "40sw", "prob": 3 },
      { "item": "410shot_flech", "prob": 2 },
      { "item": "410shot_doorbuster", "prob": 1 },
      { "item": "66mmff_heat", "prob": 2 },
      { "item": "66mmff_nuclear", "prob": 1 },
      { "item": "66mmff_wp", "prob": 4 },
      { "item": "9etc", "prob": 5 },
      { "item": "9etcsap", "prob": 2 },
      { "item": "9etcmatch", "prob": 1 },
      { "item": "223blackout", "prob": 1 },
      { "item": "556blackout", "prob": 4 },
      { "item": "556sap", "prob": 2 },
      { "item": "556dk", "prob": 2 },
      { "item": "556dk_incendiary", "prob": 1 },
      { "item": "762echv", "prob": 2 },
      { "item": "762echv_incendiary", "prob": 1 },
      { "item": "762ec", "prob": 1 },
      { "item": "etc_chaingun", "prob": 4 },
      { "item": "etc_er555", "prob": 1 },
      { "item": "etc_er555_ads", "prob": 1 },
      { "item": "etc_er555ads_pack", "prob": 1 },
      { "item": "etc_erqr555_pack", "prob": 1 },
      { "item": "etc_nanogun", "prob": 1 },
      { "item": "etc_nanogunsd", "prob": 3 },
      { "item": "etc_qr555car_pack", "prob": 1 },
      { "item": "etc_qr555cqb_pack", "prob": 1 },
      { "item": "etc_qr555dmr_pack", "prob": 1 },
      { "item": "etc_qr555saw_pack", "prob": 1 },
      { "item": "etc_qr555smg9_pack", "prob": 1 },
      { "item": "etc_qrer555_pack", "prob": 1 },
      { "item": "etc_qsmg9r555_pack", "prob": 1 },
      { "item": "ocg_lgw", "prob": 4 },
      { "item": "ocg_n10chaingun", "prob": 2 },
      { "item": "ocg_smc300", "prob": 1 },
      { "item": "ocg_smc308", "prob": 2 },
      { "item": "ocg410a_sbmp", "prob": 1 },
      { "item": "ocg410sd_sicarius", "prob": 2 },
      { "item": "ocgl_smc223", "prob": 3 },
      { "item": "ocgl_ym14carbine", "prob": 1 },
      { "item": "qr555", "prob": 3 },
      { "item": "qr555_car", "prob": 5 },
      { "item": "qr555_cqb", "prob": 4 },
      { "item": "qr555_dmr", "prob": 1 },
      { "item": "qr555_saw", "prob": 1 },
      { "item": "ocg_xnu_laser", "prob": 1 }
    ]
  }
]
