[
  {
    "type": "item_group",
    "id": "guns_energy",
    "//": "Assorted factory crafted energy weapons.",
    "items": [
      { "item": "ocg_plasma_shotgun", "prob": 10 },
      { "item": "ocg_xe50_ionmace", "prob": 25 },
      { "item": "ocg_xnu_laser", "prob": 10 }
    ]
  },
  {
    "type": "item_group",
    "id": "guns_launcher_rocket",
    "//": "Factory manufactured rocket launchers (excludes improvised weapons)",
    "items": [
      [ "ocg_lgw", 150 ],
      [ "66mmff_heat", 150 ],
      [ "66mmff_wp", 200 ]
    ]
  },
  {
    "type": "item_group",
    "id": "guns_pistol_rare",
    "//": "Less common pistols including those only used by police/paramilitary forces.",
    "items": [
      { "item": "ocg_id10", "prob": 70, "charges-min": 0, "charges-max": 6 },
      { "item": "ocg_beel", "prob": 80, "charges-min": 0, "charges-max": 10 },
      { "item": "ocg_aeagle_357", "prob": 65, "charges-min": 0, "charges-max": 9 },
      { "item": "etc_ocg_dbr", "prob": 60, "charges-min": 0, "charges-max": 12 }
    ]
  },
  {
    "type": "item_group",
    "id": "guns_pistol_rare_display",
    "//": "Empty uncommon pistols found exclusively at gun stores.",
    "items": [
      { "item": "ocg_id10", "prob": 70, "charges-min": 0, "charges-max": 0 },
      { "item": "ocg_beel", "prob": 80, "charges-min": 0, "charges-max": 0 },
      { "item": "ocg_aeagle_357", "prob": 65, "charges-min": 0, "charges-max": 0 },
      { "item": "etc_ocg_dbr", "prob": 60, "charges-min": 0, "charges-max": 0 }
    ]
  },
  {
    "type": "item_group",
    "id": "guns_pistol_milspec",
    "//": "Military specification pistols only ever found at military sites.",
    "items": [
      { "item": "etc_adrevolver", "prob": 25, "charges-min": 0, "charges-max": 4 },
      { "item": "etc_amrevolver", "prob": 1, "charges-min": 0, "charges-max": 4 },
      { "item": "etc_ocg_smp", "prob": 30, "charges-min": 0, "charges-max": 30 },
      { "item": "etc_hac", "prob": 40, "charges-min": 0, "charges-max": 24 },
      { "item": "etc_ocg_spistol", "prob": 20, "charges-min": 0, "charges-max": 7 },
      { "item": "ocg_smc300", "prob": 60, "charges-min": 0, "charges-max": 5 },
      { "item": "ocg_smc308", "prob": 50, "charges-min": 0, "charges-max": 4 },
      { "item": "ocgl_smc223", "prob": 40, "charges-min": 0, "charges-max": 14 },
      { "item": "ocgl_923", "prob": 70, "charges-min": 0, "charges-max": 30 }
    ]
  },
  {
    "type": "item_group",
    "id": "guns_pistol_obscure",
    "//": "Imported or otherwise very obscure pistols.",
    "items": [
      { "item": "etc_deel", "prob": 80, "charges-min": 0, "charges-max": 10 },
      { "item": "etc_o92_doublemag", "prob": 50, "charges-min": 0, "charges-max": 8 },
      { "item": "etc_o9_electromagnum", "prob": 100, "charges-min": 0, "charges-max": 8 },
      { "item": "ocgl_45_sixpack", "prob": 70, "charges-min": 0, "charges-max": 6 },
      { "item": "ocgl_460", "prob": 60, "charges-min": 0, "charges-max": 5 },
      { "item": "ocgl_combo912", "prob": 40, "charges-min": 0, "charges-max": 30 },
      { "item": "ocgl_quad9", "prob": 60, "charges-min": 0, "charges-max": 4 },
      { "item": "ocgl_smc223", "prob": 70, "charges-min": 0, "charges-max": 14 },
      { "item": "ocgl_t9", "prob": 90, "charges-min": 0, "charges-max": 9 }

    ]
  },
  {
    "type": "item_group",
    "id": "guns_smg_rare",
    "//": "Less common SMGs including those only used by police/paramilitary forces.",
    "items": [
      { "item": "etc_o2038", "prob": 40, "charges-min": 0, "charges-max": 100 },
      { "item": "etc_o2038h", "prob": 50, "charges-min": 0, "charges-max": 56 },
      { "item": "etc_ocg_ssmg", "prob": 30, "charges-min": 0, "charges-max": 500 }
    ]
  },
  {
    "type": "item_group",
    "id": "guns_smg_milspec",
    "//": "Military specification SMGs only ever found at military sites.",
    "items": [
      { "item": "etc_chaingun", "prob": 50, "charges-min": 0, "charges-max": 500 },
      { "item": "etc_nanogun", "prob": 40, "charges-min": 0, "charges-max": 1000 },
      { "item": "etc_nanogunsd", "prob": 30, "charges-min": 0, "charges-max": 1000 },
      { "item": "etc_o2038hsd", "prob": 50, "charges-min": 0, "charges-max": 56 },
      { "item": "etc_o2038sd", "prob": 40, "charges-min": 0, "charges-max": 100 },
      { "item": "ocg_n10chaingun", "prob": 60, "charges-min": 0, "charges-max": 400 },
      { "item": "qr555_cqb", "prob": 20, "charges-min": 0, "charges-max": 24 },
      { "item": "qsmg9", "prob": 80, "charges-min": 0, "charges-max": 20 }
    ]
  },
  {
    "type": "item_group",
    "id": "guns_rifle_rare",
    "//": "Less common rifles including those only used by police/paramilitary forces.",
    "items": [
      { "item": "etc_er555", "prob": 40, "charges-min": 0, "charges-max": 30 },
      { "item": "etc_er555_car", "prob": 10, "charges-min": 0, "charges-max": 30 },
      { "item": "etc_er555_cqb", "prob": 10, "charges-min": 0, "charges-max": 24 },
      { "item": "etc_er555_saw", "prob": 20, "charges-min": 0, "charges-max": 200 },
      { "item": "etc_er555_sr", "prob": 10, "charges-min": 0, "charges-max": 14 },
      { "item": "etc_ocg_22xlr", "prob": 30, "charges-min": 0, "charges-max": 20 },
      { "item": "etc_ocg_minisniper", "prob": 30, "charges-min": 0, "charges-max": 10 },
      { "item": "ocg_abear_357", "prob": 20, "charges-min": 0, "charges-max": 19 },
      { "item": "ocg_dmsmg", "prob": 40, "charges-min": 0, "charges-max": 40 },
      { "item": "ocg_minirifle", "prob": 40, "charges-min": 0, "charges-max": 20 },
      { "item": "ocgl_ym1carbine", "prob": 20, "charges-min": 0, "charges-max": 30 },
      { "item": "ocgl_ym14carbine", "prob": 40, "charges-min": 0, "charges-max": 30 }
    ]
  },
  {
    "type": "item_group",
    "id": "guns_rifle_rare_display",
    "//": "Less common rifles found exclusively in gun stores.",
    "items": [
      { "item": "etc_ocg_22xlr", "prob": 30, "charges-min": 0, "charges-max": 0 },
      { "item": "ocg_abear_357", "prob": 20, "charges-min": 0, "charges-max": 0 },
      { "item": "ocg_minirifle", "prob": 40, "charges-min": 0, "charges-max": 0 },
      { "item": "ocgl_ym1carbine", "prob": 20, "charges-min": 0, "charges-max": 0 }
    ]
  },
  {
    "type": "item_group",
    "id": "guns_rifle_milspec",
    "//": "Military specification rifles only ever found at military sites.",
    "items": [
      { "item": "etc_dwom", "prob": 2, "charges-min": 0, "charges-max": 20 },
      { "item": "etc_hydrogen_gun", "prob": 1, "charges-min": 0, "charges-max": 7 },
      { "item": "etc_er555_ads", "prob": 10, "charges-min": 0, "charges-max": 14 },
      { "item": "etc_er555_udd", "prob": 20, "charges-min": 0, "charges-max": 24 },
      { "item": "etc_mar7k", "prob": 3, "charges-min": 0, "charges-max": 20 },
      { "item": "etc_ocg_ms400sd", "prob": 35, "charges-min": 0, "charges-max": 10 },
      { "item": "etc_seven7", "prob": 5, "charges-min": 0, "charges-max": 7 },
      { "item": "ocg_gauss_carbine166", "prob": 1, "charges-min": 0, "charges-max": 120 },
      { "item": "ocg_gauss_gun285", "prob": 1, "charges-min": 0, "charges-max": 300 },
      { "item": "ocg_mr9sd", "prob": 60, "charges-min": 0, "charges-max": 40 },
      { "item": "ocg_ssr300", "prob": 30, "charges-min": 0, "charges-max": 14 },
      { "item": "qr555", "prob": 90, "charges-min": 0, "charges-max": 30 },
      { "item": "qr555_car", "prob": 80, "charges-min": 0, "charges-max": 30 },
      { "item": "qr555_dmr", "prob": 20, "charges-min": 0, "charges-max": 14 },
      { "item": "qr555_saw", "prob": 70, "charges-min": 0, "charges-max": 200 }
    ]
  },
  {
    "type": "item_group",
    "id": "guns_shotgun_rare",
    "//": "Less common shotguns including those only used by police/paramilitary forces.",
    "items": [
      { "item": "ocg12s_scuta", "prob": 40, "charges-min": 0, "charges-max": 20 },
      { "item": "ocg410_triarii", "prob": 10, "charges-min": 0, "charges-max": 36 }
    ]
  },
  {
    "type": "item_group",
    "id": "guns_shotgun_rare_display",
    "//": "Uncommon or rare shotguns found in gun stores.",
    "subtype": "distribution",
    "entries": [
      { "item": "ocg12s_scuta", "prob": 40, "charges-min": 0, "charges-max": 0 },
      { "item": "ocg410_triarii", "prob": 10, "charges-min": 0, "charges-max": 0 }
    ]
  },
  {
    "type": "item_group",
    "id": "guns_shotgun_milspec",
    "//": "Military specification shotguns only ever found at military sites.",
    "items": [
      { "item": "ocg12_excidia", "prob": 35, "charges-min": 0, "charges-max": 40 },
      { "item": "ocg410sd_sicarius", "prob": 20, "charges-min": 0, "charges-max": 6 },
      { "item": "ocg410a_sbmp", "prob": 20, "charges-min": 0, "charges-max": 40 }
    ]
  },
  {
    "type": "item_group",
    "id": "guns_shotgun_obscure",
    "//": "Imported or otherwise very obscure shotguns.",
    "items": [
      { "item": "ocgl_12c_stormbolter", "prob": 30, "charges-min": 0, "charges-max": 4 }
    ]
  },
  {
    "type": "item_group",
    "id": "guns_cop",
    "//": "Police issue weapons of all types",
    "items": [
      { "item": "etc_o2038", "prob": 5, "charges-min": 0, "charges-max": 100 },
      { "item": "etc_o2038h", "prob": 5, "charges-min": 0, "charges-max": 56 },
      { "item": "ocg_minirifle", "prob": 20, "charges-min": 0, "charges-max": 20 },
      { "item": "ocgl_ym1carbine", "prob": 15, "charges-min": 0, "charges-max": 30 }
    ]
  },
  {
    "type": "item_group",
    "id": "guns_swat",
    "//": "Guns issued to paramilitary forces in addition to standard police issue.",
    "items": [
      { "item": "etc_ocg_minisniper", "prob": 15, "charges-min": 0, "charges-max": 10 },
      { "item": "ocg_dmsmg", "prob": 40, "charges-min": 0, "charges-max": 40 },
      { "item": "ocg410a_sbmp", "prob": 10, "charges-min": 0, "charges-max": 25 },
      { "item": "ocgl_ym14carbine", "prob": 25, "charges-min": 0, "charges-max": 30 }
    ]
  }
]
