[
  {
    "type": "item_group",
    "id": "rare",
    "//": "Items that should have very low frequencies and or few locations.",
    "magazine": 100,
    "subtype": "distribution",
    "entries": [
      { "item": "1mm_magmg", "prob": 20 },
      { "item": "556etc_speedloader", "prob": 35 },
      { "item": "762ec", "prob": 10 },
      { "item": "762ec_speedloader", "prob": 35 },
      { "item": "762echv", "prob": 25 },
      { "item": "762echv_incendiary", "prob": 15 },
      { "item": "etc_amrevolver", "prob": 30 },
      { "item": "etc_dwom", "prob": 20 },
      { "item": "etc_erqr555_pack", "prob": 50 },
      { "item": "etc_qrer555_pack", "prob": 20 },
      { "item": "etc_hydrogen_gun", "prob": 10 },
      { "item": "etc_mar7k", "prob": 20 },
      { "item": "etc_seven7", "prob": 20 },
      { "item": "gc166mag", "prob": 15 },
      { "item": "gg285mag", "prob": 15 },
      { "item": "magpin", "prob": 50 },
      { "item": "ocg_gauss_carbine166", "prob": 10 },
      { "item": "ocg_gauss_gun285", "prob": 10 },
      { "item": "ocg_plasma_shotgun", "prob": 10 },
      { "item": "ocg_xnu_laser", "prob": 10 },
      { "item": "ocg762e_7", "prob": 40 },
      { "item": "ocg762e_20", "prob": 40 },
      { "item": "ocg762e_30", "prob": 30 },
      { "item": "ocg762e_40", "prob": 20 },
      { "item": "ocg762e_50", "prob": 15 },
      { "item": "ocg762e_66", "prob": 10 },
      { "item": "ocm_xnu_mea_hydrocell", "prob": 15 }
    ]
  },
  {
    "type": "item_group",
    "id": "nanofab_recipes",
    "//": "Very rare high level loot. This list doesnt spawn anywere directly, it is used to create the recipes inside nanofabricator templates. ",
    "magazine": 100,
    "subtype": "distribution",
    "entries": [
      { "item": "556etc_speedloader", "prob": 10 },
      { "item": "66mmff_nuclear", "prob": 10 },
      { "item": "762ec_speedloader", "prob": 10 },
      { "item": "762ec", "prob": 10 },
      { "item": "762echv", "prob": 20 },
      { "item": "762echv_incendiary", "prob": 15 },
      { "item": "etc_amrevolver", "prob": 20 },
      { "item": "etc_dwom", "prob": 20 },
      { "item": "etc_hydrogen_gun", "prob": 10 },
      { "item": "etc_mar7k", "prob": 20 },
      { "item": "etc_seven7", "prob": 20 },
      { "item": "gc166mag", "prob": 15 },
      { "item": "gg285mag", "prob": 15 },
      { "item": "magpin", "prob": 50 },
      { "item": "ocg_gauss_carbine166", "prob": 10 },
      { "item": "ocg_gauss_gun285", "prob": 10 },
      { "item": "ocg_plasma_shotgun", "prob": 10 },
      { "item": "ocg_xnu_laser", "prob": 10 },
      { "item": "ocg762e_7", "prob": 40 },
      { "item": "ocg762e_20", "prob": 40 },
      { "item": "ocg762e_30", "prob": 30 },
      { "item": "ocg762e_40", "prob": 20 },
      { "item": "ocg762e_50", "prob": 15 },
      { "item": "ocg762e_66", "prob": 10 },
      { "item": "ocm_xnu_mea_hydrocell", "prob": 15 },
      { "item": "nuclear_grenade", "prob": 10 }
    ]
  }
]
