[
  {
    "id": "beam_scatterer",
    "copy-from": "beam_scatterer",
    "type": "GUNMOD",
    "name": { "str": "beam scatterer" },
    "description": "A set of optics made to fit on laser weapons, which will diffract the laser beam into several lower powered beams.  This increases point-blank damage, but reduces range.",
    "install_time": "15 m",
    "range_modifier": -12,
    "damage_modifier": { "damage_type": "heat", "amount": 5 },
    "mod_targets": [ "rifle", "pistol", "smg", "shotgun" ]
  },
  {
    "id": "heat_ray_conversion",
    "type": "GUNMOD",
    "name": { "str": "heat ray conversion" },
    "description": "A rare advanced electronics unit that converts a laser weapon into a incendiary heat weapon, at the cost of a decreased damage output and increased power consumption.",
    "weight": "380 g",
    "volume": "1000 ml",
    "price": "840 USD",
    "install_time": "15 m",
    "material": [ "steel" ],
    "symbol": ":",
    "color": "light_gray",
    "location": "lens",
    "mod_targets": [ "rifle", "pistol", "smg", "shotgun" ],
    "range_modifier": -25,
    "damage_modifier": { "damage_type": "heat", "amount": -8 },
    "ups_charges_modifier": 50,
    "ammo_effects": [ "FLAME", "STREAM" ],
    "min_skills": [ [ "weapon", 4 ], [ "electronics", 5 ] ]
  },
  {
    "id": "aux_laser",
    "type": "GUNMOD",
    "name": { "str": "Type-39 auxiliary laser" },
    "description": "The Pan Pacific Consortium Type-39 Laser Auxiliary Weapon System is designed to can be mounted under the barrel of military rifles, allowing continued fighting even when the main weapon's ammunition is exhausted.",
    "weight": "2600 g",
    "volume": "500 ml",
    "price": "5550 USD",
    "install_time": "30 m",
    "material": [ "steel", "plastic" ],
    "symbol": ":",
    "color": "magenta",
    "location": "underbarrel",
    "mod_targets": [ "rifle", "crossbow" ],
    "gun_data": {
      "skill": "rifle",
      "dispersion": 10,
      "durability": 10,
      "range": 28,
      "loudness": 12,
      "ups_charges": 22,
      "ranged_damage": { "damage_type": "heat", "amount": 12, "armor_penetration": 15 },
      "ammo_effects": [ "LASER", "INCENDIARY" ]
    },
    "dispersion_modifier": 15,
    "min_skills": [ [ "rifle", 2 ], [ "electronics", 4 ] ],
    "flags": [ "NEVER_JAMS", "NO_UNLOAD" ]
  },
  {
    "id": "focusing_unit",
    "type": "GUNMOD",
    "name": { "str": "focusing unit" },
    "description": "A set of optics made to fit laser weapons, which will focus the laser beam into a thin high powered beam.  This increases range, but reduces pure damage.",
    "weight": "380 g",
    "volume": "250 ml",
    "price": "840 USD",
    "install_time": "15 m",
    "material": [ "steel" ],
    "symbol": ":",
    "color": "light_gray",
    "location": "lens",
    "mod_targets": [ "rifle", "pistol", "smg", "shotgun" ],
    "range_modifier": 12,
    "damage_modifier": { "damage_type": "heat", "amount": -5 },
    "ammo_effects": [ "SHOT" ],
    "min_skills": [ [ "weapon", 4 ] ]
  },
  {
    "id": "optimized_capacitor",
    "type": "GUNMOD",
    "name": { "str": "optimized capacitor" },
    "description": "A finely tuned optimized capacitor unit. It significantly reduces power consumption of laser weapons in exchange for damage.",
    "weight": "380 g",
    "volume": "250 ml",
    "integral_volume": "0 ml",
    "price": "840 USD",
    "install_time": "30 m",
    "material": [ "steel" ],
    "symbol": ":",
    "color": "light_gray",
    "location": "emitter",
    "mod_targets": [ "rifle", "pistol", "smg", "shotgun" ],
    "damage_modifier": { "damage_type": "heat", "amount": -5 },
    "ups_charges_modifier": -10,
    "min_skills": [ [ "weapon", 4 ], [ "electronics", 5 ] ]
  },
  {
    "id": "high_density_capacitor",
    "copy-from": "high_density_capacitor",
    "description": "A capacitor with a higher energy density increases range and damage; at the cost of a increased power consumption.",
    "type": "GUNMOD",
    "name": { "str": "high density capacitor" },
    "install_time": "15 m",
    "range_modifier": 5,
    "damage_modifier": { "damage_type": "heat", "amount": 5 },
    "ups_charges_modifier": 10,
    "mod_targets": [ "rifle", "pistol", "smg", "shotgun" ]
  }
]
