[
  {
    "type": "item_group",
    "id": "guns_pistol_milspec",
    "//": "Military specification pistols only ever found at military sites.",
    "items": [ [ "v29", 50 ], [ "ABlaser_pistol", 50 ] ]
  },
  {
    "type": "item_group",
    "id": "guns_smg_milspec",
    "//": "Military specification SMGs only ever found at military sites.",
    "items": [ [ "ABlaser_carbine", 50 ] ]
  },
  {
    "type": "item_group",
    "id": "guns_rifle_milspec",
    "//": "Military specification SMGs only ever found at military sites.",
    "items": [ [ "ABlaser_sniper", 50 ] ]
  },
  {
    "type": "item_group",
    "id": "guns_shotgun_milspec",
    "//": "Military specification SMGs only ever found at military sites.",
    "items": [ [ "ABlaser_sniper", 50 ] ]
  },
  {
    "type": "item_group",
    "id": "gunmod_milspec",
    "//": "Military specification gunmods found only at military sites.",
    "items": [
      [ "aux_laser", 10 ],
      [ "heat_ray_conversion", 5 ],
      [ "high_density_capacitor", 20 ],
      [ "optimized_capacitor", 20 ],
      [ "focusing_unit", 20 ],
      [ "beam_scatterer", 20 ]
    ]
  },
  {
    "type": "item_group",
    "id": "guns_energy",
    "//": "Assorted factory crafted energy weapons.",
    "items": [ [ "ABlaser_pistol", 5 ], [ "ABlaser_carbine", 5 ], [ "ABlaser_sniper", 5 ], [ "ABlaser_shotgun", 5 ] ]
  }
]
