[
  {
    "id": "ABlaser_pistol",
    "type": "GUN",
    "name": { "str": "Type-38 laser pistol" },
    "description": "The service sidearm of the Pan Pacific Coalition, the Type-38 is relatively light and nimble laser pistol.",
    "weight": "600 g",
    "volume": "750 ml",
    "longest_side": "200 mm",
    "price": "8500 USD",
    "to_hit": -2,
    "bashing": 5,
    "material": [ "steel", "plastic" ],
    "symbol": "(",
    "color": "magenta",
    "skill": "pistol",
    "range": 28,
    "ranged_damage": { "damage_type": "heat", "amount": 12, "armor_penetration": 14 },
    "dispersion": 200,
    "durability": 8,
    "loudness": 7,
    "ups_charges": 22,
    "reload": 200,
    "valid_mod_locations": [
      [ "accessories", 2 ],
      [ "emitter", 1 ],
      [ "grip", 1 ],
      [ "lens", 1 ],
      [ "rail", 1 ],
      [ "sights", 1 ],
      [ "stock", 1 ],
      [ "underbarrel", 1 ]
    ],
    "ammo_effects": [ "LASER", "INCENDIARY" ],
    "flags": [ "NEVER_JAMS", "NO_UNLOAD" ]
  },
  {
    "id": "ABlaser_carbine",
    "type": "GUN",
    "name": { "str": "Type-40 laser carbine" },
    "description": "A lightweight laser weapon developed by the Pan Pacific Consortium. This carbine compensates for its lack of firepower with rapid fire rate.",
    "weight": "2150 g",
    "volume": "2000 ml",
    "longest_side": "900 mm",
    "price": "11000 USD",
    "to_hit": -1,
    "bashing": 8,
    "material": [ "steel", "plastic" ],
    "symbol": "(",
    "color": "magenta",
    "skill": "smg",
    "range": 28,
    "ranged_damage": { "damage_type": "heat", "amount": 12, "armor_penetration": 14 },
    "dispersion": 150,
    "durability": 8,
    "modes": [ [ "DEFAULT", "semi-auto", 1 ], [ "BURST", "3 rd.", 3 ] ],
    "loudness": 12,
    "ups_charges": 22,
    "reload": 0,
    "valid_mod_locations": [
      [ "accessories", 4 ],
      [ "sling", 1 ],
      [ "emitter", 1 ],
      [ "grip", 1 ],
      [ "lens", 1 ],
      [ "rail", 1 ],
      [ "sights", 1 ],
      [ "stock", 1 ],
      [ "underbarrel", 1 ]
    ],
    "ammo_effects": [ "LASER", "INCENDIARY" ],
    "flags": [ "NEVER_JAMS", "NO_UNLOAD" ]
  },
  {
    "id": "ABlaser_sniper",
    "type": "GUN",
    "name": { "str": "Type-41 laser precision rifle" },
    "description": "A precise, powerful laser weapon with a huge energy consumption. The Pan Pacific Consortium designed this weapon for designated marksmen.",
    "weight": "3850 g",
    "volume": "3500 ml",
    "longest_side": "1230 mm",
    "price": "18500 USD",
    "to_hit": -1,
    "bashing": 11,
    "material": [ "steel", "plastic" ],
    "symbol": "(",
    "color": "magenta",
    "skill": "rifle",
    "range": 38,
    "ranged_damage": { "damage_type": "heat", "amount": 33, "armor_penetration": 14 },
    "dispersion": 20,
    "durability": 8,
    "modes": [ [ "DEFAULT", "semi-auto", 1 ] ],
    "loudness": 12,
    "ups_charges": 55,
    "reload": 500,
    "valid_mod_locations": [
      [ "accessories", 4 ],
      [ "sling", 1 ],
      [ "emitter", 1 ],
      [ "grip", 1 ],
      [ "lens", 1 ],
      [ "rail", 1 ],
      [ "sights", 1 ],
      [ "stock", 1 ],
      [ "underbarrel", 1 ]
    ],
    "ammo_effects": [ "LASER", "INCENDIARY" ],
    "flags": [ "NEVER_JAMS", "NO_UNLOAD" ]
  },
  {
    "id": "ABlaser_shotgun",
    "type": "GUN",
    "name": { "str": "Type-37 scatter laser" },
    "description": "A close-quarter laser weapon developed by the Pan Pacific Consortium. In the early days of laser weapon development, the PPC's engineers came up with the idea of solving the low accuracy of their laser weapons by fastening several barrels together.",
    "weight": "2650 g",
    "volume": "2500 ml",
    "longest_side": "920 mm",
    "price": "11000 USD",
    "to_hit": -1,
    "bashing": 8,
    "material": [ "steel", "plastic" ],
    "symbol": "(",
    "color": "magenta",
    "skill": "shotgun",
    "range": 20,
    "ranged_damage": { "damage_type": "heat", "amount": 15, "armor_penetration": 14 },
    "dispersion": 500,
    "durability": 8,
    "modes": [ [ "DEFAULT", "multi", 4 ] ],
    "loudness": 12,
    "ups_charges": 22,
    "reload": 150,
    "valid_mod_locations": [
      [ "accessories", 4 ],
      [ "sling", 1 ],
      [ "emitter", 1 ],
      [ "grip", 1 ],
      [ "lens", 1 ],
      [ "rail", 1 ],
      [ "sights", 1 ],
      [ "stock", 1 ],
      [ "underbarrel", 1 ]
    ],
    "ammo_effects": [ "LASER", "INCENDIARY" ],
    "flags": [ "NEVER_JAMS", "NO_UNLOAD" ]
  }
]
