[
  {
    "type": "mod_tileset",
    "compatibility": [
      "Chibi_Ultica",
      "UltimateCataclysm",
      "MshockXottoplus",
      "UNDEAD_PEOPLE",
      "UNDEAD_PEOPLE_BASE",
      "UNDEAD_PEOPLE_LEGACY",
      "UlticaShell",
      "MshockXottoplus12",
      "MSX++DEAD_PEOPLE",
      "MXplus12_for_cosmetics",
      "MSXotto+"
    ],
    "tiles-new": [
      {
        "file": "Arsenal_Breach_normal.png",
        "tiles": [
          { "id": "beam_scatterer", "fg": 1, "rotates": false },
          { "id": "overlay_wielded_beam_scatterer", "fg": 1, "rotates": false },
          { "id": "high_density_capacitor", "fg": 2, "rotates": false },
          { "id": "overlay_wielded_high_density_capacitor", "fg": 2, "rotates": false },
          { "id": "ABlaser_sniper", "fg": 3, "bg": 4, "rotates": false },
          { "id": "overlay_wielded_ABlaser_sniper", "fg": 3, "rotates": false },
          { "id": "bg_shadow_item", "fg": 4, "rotates": false }
        ],
        "//": "range 1 to 16",
        "sprite_width": 32,
        "sprite_height": 32,
        "sprite_offset_x": 0,
        "sprite_offset_y": 0
      }
    ]
  }
]
