[
  {
    "id": "afs_10mm_caseless_FMJ",
    "type": "AMMO",
    "name": { "str_sp": "10mm FMJ caseless" },
    "description": "Standardized 10mm ammunition with a brass jacketed projectile.  For as long as you can remember bullets like these have been used for military, law enforcement, and civilian use.",
    "weight": "9 g",
    "volume": "117 ml",
    "price": 400,
    "material": [ "lead" ],
    "symbol": "=",
    "color": "yellow",
    "count": 40,
    "stack_size": 40,
    "ammo_type": "afs_10mm",
    "range": 14,
    "damage": { "damage_type": "bullet", "amount": 29, "armor_penetration": 4 },
    "dispersion": 60,
    "recoil": 650,
    "extend": { "effects": [ "COOKOFF" ], "flags": [ "CASELESS_ROUNDS" ] }
  },
  {
    "id": "afs_10mm_caseless_JHP",
    "type": "AMMO",
    "name": { "str_sp": "10mm JHP caseless" },
    "description": "Standardized 10mm ammunition with a hollow point projectile.  While they have inferior penetration to FMJ rounds, their expansion slightly increases stopping power against unarmed targets and reduces overpenetration.",
    "weight": "7 g",
    "volume": "115 ml",
    "price": 150,
    "material": [ "lead" ],
    "symbol": "=",
    "color": "yellow",
    "count": 40,
    "stack_size": 40,
    "ammo_type": "afs_10mm",
    "range": 14,
    "damage": { "damage_type": "bullet", "amount": 31 },
    "dispersion": 60,
    "recoil": 600,
    "extend": { "effects": [ "COOKOFF" ], "flags": [ "CASELESS_ROUNDS" ] }
  }
]
