[
  {
    "id": "afs_25mm_shot",
    "type": "AMMO",
    "name": { "str_sp": "25mm canister shot" },
    "description": "A 25mm grenade with a canister shot load, deals devastating damage against moderately armored foes within mid to close range.  Relatively low tech and affordable when compared to other 25mm grenades, these are often fielded by frontier outfits due to their adequate performance in anti-drone and close quarters combat.",
    "weight": "130 g",
    "volume": "230 ml",
    "price": 8000,
    "material": [ "superalloy", "powder", "lead" ],
    "symbol": "=",
    "color": "pink",
    "count": 25,
    "stack_size": 1,
    "ammo_type": "afs_25mm",
    "casing": "afs_25_casing",
    "range": 24,
    "damage": { "damage_type": "bullet", "amount": 60, "armor_penetration": 15 },
    "dispersion": 75,
    "recoil": 2200,
    "effects": [ "NEVER_MISFIRES" ]
  },
  {
    "id": "afs_25mm_frag",
    "type": "AMMO",
    "copy-from": "afs_25mm_shot",
    "name": { "str_sp": "25mm FRAG" },
    "description": "Standard issue UICA 25mm rounds, each loading a plastic explosive charge within a frangible ceramic projectile.",
    "//": "expensive illegal ammo",
    "price": "1350 USD",
    "material": [ "steel", "powder", "ceramic" ],
    "symbol": "=",
    "color": "pink",
    "count": 15,
    "ammo_type": "afs_25mm",
    "range": 110,
    "effects": [ "FRAG_25mm", "NEVER_MISFIRES" ],
    "damage": { "damage_type": "bullet", "amount": 40, "armor_penetration": 7 },
    "dispersion": 15
  },
  {
    "id": "afs_25mm_apfsds",
    "type": "AMMO",
    "copy-from": "afs_25mm_shot",
    "name": { "str_sp": "25mm APFSDS" },
    "description": "Standard issue UICA 25mm rounds, each concealing a finned tungsten-alloy kinetic penetrator within a biodegradable plastic sabot.  Designed to defeat modern personal and light-vehicle armor, these are illegal to own, and thus are seldomly seen outside of military armories.",
    "//": "expensive illegal ammo",
    "price": "1350 USD",
    "material": [ "superalloy", "powder", "plastic" ],
    "symbol": "=",
    "color": "pink",
    "count": 5,
    "ammo_type": "afs_25mm",
    "range": 110,
    "damage": { "damage_type": "bullet", "amount": 280, "armor_penetration": 70 },
    "dispersion": 15
  }
]
