[
  {
    "id": "afs_shydrogen",
    "type": "AMMO",
    "name": { "str_sp": "solid hydrogen" },
    "description": "Pressurized and cryo-cooled rods of solidified hydrogen, used within plasma weapons or portable powerplants.",
    "weight": "1 g",
    "volume": "12 ml",
    "price": "10 USD",
    "price_postapoc": "10 USD",
    "material": [ "hydrogen_cell" ],
    "symbol": "=",
    "color": "light_blue",
    "phase": "gas",
    "ammo_type": "afs_shydrogen",
    "range": 0,
    "count": 1,
    "effects": [ "INCENDIARY" ]
  }
]
