[
  {
    "type": "recipe_category",
    "id": "CC_NANO",
    "recipe_subcategories": [
      "CSC_ALL",
      "CSC_NANO_AMMO",
      "CSC_NANO_WIELD",
      "CSC_NANO_WEAR",
      "CSC_NANO_TOOLS",
      "CSC_NANO_MATERIALS",
      "CSC_NANO_NANITES",
      "CSC_NANO_VEHICLE",
      "CSC_NANO_OTHER"
    ]
  },
  {
    "type": "MONSTER_FACTION",
    "name": "nanotech_guards",
    "neutral": [ "science" ]
  },
  {
    "type": "SPECIES",
    "id": "NANOTECH"
  },
  {
    "type": "material",
    "id": "nanite",
    "name": "nanotech",
    "density": 600,
    "bash_resist": 28,
    "cut_resist": 40,
    "bash_dmg_verb": "compressed",
    "cut_dmg_verb": "gouged",
    "repaired_with": "3d_resin_metal",
    "salvaged_into": "nanite_cluster",
    "dmg_adj": [ "80% integrity", "60% integrity", "40% integrity", "20% integrity" ],
    "acid_resist": 20,
    "elec_resist": 12,
    "fire_resist": 10,
    "bullet_resist": 10,
    "chip_resist": 1000,
    "burn_data": [ { "fuel": -50, "smoke": 0, "burn": 0 }, { "immune": true }, { "fuel": 0, "smoke": 0, "burn": 1 } ]
  },
  {
    "type": "tool_quality",
    "id": "NANOTECH",
    "name": { "str": "nanotech" }
  },
  {
    "type": "tool_quality",
    "id": "NANO_FAB",
    "name": { "str": "nanite fabrication" }
  },
  {
    "type": "tool_quality",
    "id": "NANO_PRO",
    "name": { "str": "nanite programming" }
  },
  {
    "type": "ammunition_type",
    "id": "3d_resin",
    "name": "fabrication feedstock",
    "default": "3d_resin"
  },
  {
    "type": "ammunition_type",
    "id": "nanite",
    "name": "nanites",
    "default": "nanite_cluster"
  },
  {
    "type": "ammunition_type",
    "id": "metal_nanopowder",
    "name": "metal nanopowder",
    "default": "metal_nanopowder"
  },
  {
    "type": "ammunition_type",
    "id": "nanite_ammo",
    "name": "nanotech ammo",
    "default": "nanite_dart"
  },
  {
    "type": "ammunition_type",
    "id": "nanite_deathcloud_ammo",
    "name": "nanotech deathcloud",
    "default": "nanite_deathcloud"
  }
]
