[
  {
    "type": "mod_tileset",
    "compatibility": [
      "Chibi_Ultica",
      "UltimateCataclysm",
      "MshockXottoplus",
      "UNDEAD_PEOPLE",
      "UNDEAD_PEOPLE_BASE",
      "UNDEAD_PEOPLE_LEGACY",
      "UlticaShell",
      "MshockXottoplus12",
      "MSX++DEAD_PEOPLE",
      "MXplus12_for_cosmetics",
      "MSXotto+"
    ],
    "tiles-new": [
      {
        "file": "AdvancedGear_CDDA_Mod_normal.png",
        "tiles": [
          { "id": "3d_resin", "fg": 1 },
          { "id": "metal_nanopowder", "fg": 2 },
          { "id": "nanosuit", "fg": 3 },
          { "id": "overlay_wielded_nanosuit", "fg": 3 },
          { "id": "overlay_worn_nanosuit", "fg": 4, "rotates": false },
          { "id": "nanosuit_heated", "fg": 5 },
          { "id": "overlay_wielded_nanosuit_heated", "fg": 5 },
          { "id": "overlay_worn_nanosuit_heated", "fg": 6, "rotates": false },
          { "id": "nanosuit_heated_2", "fg": 7 },
          { "id": "overlay_wielded_nanosuit_heated_2", "fg": 7 },
          { "id": "overlay_worn_nanosuit_heated_2", "fg": 8, "rotates": false },
          { "id": "nanosuit_heated_3", "fg": 9 },
          { "id": "overlay_wielded_nanosuit_heated_3", "fg": 9 },
          { "id": "overlay_worn_nanosuit_heated_3", "fg": 10, "rotates": false },
          { "id": "nanosuit_heated_4", "fg": 11 },
          { "id": "overlay_wielded_nanosuit_heated_4", "fg": 11 },
          { "id": "overlay_worn_nanosuit_heated_4", "fg": 12, "rotates": false },
          { "id": "nanosuit_heated_5", "fg": 13 },
          { "id": "overlay_wielded_nanosuit_heated_5", "fg": 13 },
          { "id": "overlay_worn_nanosuit_heated_5", "fg": 14, "rotates": false },
          { "id": "nano_container", "fg": 15 },
          { "id": "overlay_wielded_nano_container", "fg": 15 },
          { "id": "overlay_worn_nano_container", "fg": 16, "rotates": false },
          { "id": "nano_holster", "fg": 17 },
          { "id": "overlay_wielded_nano_holster", "fg": 17 },
          { "id": "overlay_worn_nano_holster", "fg": 18 },
          { "id": "nano_mag_holder", "fg": 19 },
          { "id": "overlay_wielded_nano_mag_holder", "fg": 19 },
          { "id": "overlay_worn_nano_mag_holder", "fg": 20 },
          { "id": "nano_sheath", "fg": 21 },
          { "id": "overlay_wielded_nano_sheath", "fg": 21 },
          { "id": "overlay_worn_nano_sheath", "fg": 22 },
          { "id": "nano_shield", "fg": 23, "rotates": false },
          { "id": "overlay_wielded_nano_shield", "fg": 24, "rotates": false },
          { "id": "overlay_worn_nano_shield", "fg": 25, "rotates": false },
          { "id": "nano_shield_active", "fg": 26, "rotates": false },
          { "id": "overlay_wielded_nano_shield_active", "fg": 27, "rotates": false },
          { "id": "overlay_worn_nano_shield_active", "fg": 28, "rotates": false },
          { "id": "nano_storage", "fg": 29 },
          { "id": "overlay_wielded_nano_storage", "fg": 29 },
          { "id": "overlay_worn_nano_storage", "fg": 30, "rotates": false },
          { "id": "multitool", "fg": 31 },
          { "id": "overlay_wielded_multitool", "fg": 31 },
          { "id": "nanite_multitool_large", "fg": 32 },
          { "id": "overlay_wielded_nanite_multitool_large", "fg": 33 },
          { "id": "nanite_multitool_small", "fg": 34 },
          { "id": "overlay_wielded_nanite_multitool_small", "fg": 35 },
          { "id": "nanite_multitool_weld", "fg": 36 },
          { "id": "overlay_wielded_nanite_multitool_weld", "fg": 37 },
          { "id": "nanite_blade", "fg": 38, "rotates": false },
          { "id": "overlay_wielded_nanite_blade", "fg": 38, "rotates": false },
          { "id": "nanite_dart", "fg": 39 },
          { "id": "overlay_wielded_nanite_dart", "fg": 39 },
          { "id": "nanite_deathcloud", "fg": 40, "rotates": false },
          { "id": "overlay_wielded_nanite_deathcloud", "fg": 40, "rotates": false },
          { "id": "nanite_wire", "fg": 41, "rotates": false },
          { "id": "overlay_wielded_nanite_wire", "fg": 41, "rotates": false },
          { "id": "nano_blade_mag", "fg": 42 },
          { "id": "overlay_wielded_nano_blade_mag", "fg": 42 },
          { "id": "nano_dart_mag", "fg": 43 },
          { "id": "overlay_wielded_nano_dart_mag", "fg": 43 },
          { "id": "nano_deathcloud_mag", "fg": 44 },
          { "id": "overlay_wielded_nano_deathcloud_mag", "fg": 44 },
          { "id": "nano_wire_mag", "fg": 45 },
          { "id": "overlay_wielded_nano_wire_mag", "fg": 45 },
          { "id": "nano_blade", "fg": 46 },
          { "id": "overlay_wielded_nano_blade", "fg": 47 },
          { "id": "nano_dagger", "fg": 48 },
          { "id": "overlay_wielded_nano_dagger", "fg": 49 },
          { "id": "nano_launcher", "fg": 50 },
          { "id": "overlay_wielded_nano_launcher", "fg": 51 },
          { "id": "nano_pistol", "fg": 52 },
          { "id": "overlay_wielded_nano_pistol", "fg": 53 },
          { "id": "nano_rifle", "fg": 54 },
          { "id": "overlay_wielded_nano_rifle", "fg": 55 },
          { "id": "nano_shredder", "fg": 56 },
          { "id": "overlay_wielded_nano_shredder", "fg": 57, "rotates": false },
          { "id": "nano_smg", "fg": 58 },
          { "id": "overlay_wielded_nano_smg", "fg": 59 },
          { "id": "nano_spear", "fg": 60 },
          { "id": "overlay_wielded_nano_spear", "fg": 61 },
          { "id": "ai_core", "fg": 62 },
          { "id": "overlay_wielded_ai_core", "fg": 62 },
          { "id": "ai_core_blank", "fg": 63 },
          { "id": "overlay_wielded_ai_core_blank", "fg": 63 },
          { "id": "nanite_core_1", "fg": 64 },
          { "id": "overlay_wielded_nanite_core_1", "fg": 64 },
          { "id": "nanite_core_2", "fg": 65 },
          { "id": "overlay_wielded_nanite_core_2", "fg": 65 },
          { "id": "nanite_core_3", "fg": 66 },
          { "id": "overlay_wielded_nanite_core_3", "fg": 66 },
          { "id": "nanite_core_4", "fg": 67 },
          { "id": "overlay_wielded_nanite_core_4", "fg": 67 },
          { "id": "nanite_guide", "fg": 68 },
          { "id": "overlay_wielded_nanite_guide", "fg": 68 },
          { "id": "bio_nanites", "fg": 69, "rotates": false },
          { "id": "overlay_wielded_bio_nanites", "fg": 69, "rotates": false },
          { "id": "bio_nanite_spawned", "fg": 70, "rotates": false },
          { "id": "overlay_wielded_bio_nanite_spawned", "fg": 71, "rotates": false },
          { "id": "bio_nanite_spawning", "fg": 72, "rotates": false },
          { "id": "overlay_wielded_bio_nanite_spawning", "fg": 73, "rotates": false },
          { "id": "nanite_cluster", "fg": 74, "rotates": false },
          { "id": "overlay_wielded_nanite_cluster", "fg": 74, "rotates": false },
          { "id": "3d_resin_electronic", "fg": 75 },
          { "id": "overlay_wielded_3d_resin_electronic", "fg": 75 },
          { "id": "3d_resin_metal", "fg": 76 },
          { "id": "overlay_wielded_3d_resin_metal", "fg": 76 },
          { "id": "nanite_power_cell", "fg": 77 },
          { "id": "overlay_wielded_nanite_power_cell", "fg": 77 },
          { "id": "nanofactory_1", "fg": 78 },
          { "id": "overlay_wielded_nanofactory_1", "fg": 78 },
          { "id": "nanofactory_2", "fg": 79 },
          { "id": "overlay_wielded_nanofactory_2", "fg": 79 },
          { "id": "nanofactory_3", "fg": 80 },
          { "id": "overlay_wielded_nanofactory_3", "fg": 80 },
          { "id": "nanofactory_4", "fg": 81 },
          { "id": "overlay_wielded_nanofactory_4", "fg": 81 },
          { "id": "nanofactory_exp", "fg": 82 },
          { "id": "overlay_wielded_nanofactory_exp", "fg": 82 },
          { "id": "nano_ammo_fab", "fg": 83 },
          { "id": "overlay_wielded_nano_ammo_fab", "fg": 83 },
          { "id": "nano_programmer_1", "fg": 84 },
          { "id": "overlay_wielded_nano_programmer_1", "fg": 84 },
          { "id": "nano_programmer_2", "fg": 85 },
          { "id": "overlay_wielded_nano_programmer_2", "fg": 85 },
          { "id": "overlay_wielded_programming_laptop", "fg": 86 },
          { "id": "programming_laptop", "fg": 86 },
          {
            "id": "vp_nanoboard_horizontal",
            "fg": 87,
            "rotates": true,
            "multitile": true,
            "additional_tiles": [ { "id": "broken", "fg": 88 } ]
          },
          {
            "id": "vp_nanoboard_ne",
            "fg": 89,
            "rotates": true,
            "multitile": true,
            "additional_tiles": [ { "id": "broken", "fg": 90 } ]
          },
          {
            "id": "vp_nanoboard_nw",
            "fg": 91,
            "rotates": true,
            "multitile": true,
            "additional_tiles": [ { "id": "broken", "fg": 92 } ]
          },
          {
            "id": "vp_nanoboard_se",
            "fg": 93,
            "rotates": true,
            "multitile": true,
            "additional_tiles": [ { "id": "broken", "fg": 94 } ]
          },
          {
            "id": "vp_nanoboard_sw",
            "fg": 95,
            "rotates": true,
            "multitile": true,
            "additional_tiles": [ { "id": "broken", "fg": 96 } ]
          },
          {
            "id": "vp_nanoboard_vertical",
            "fg": 97,
            "rotates": true,
            "multitile": true,
            "additional_tiles": [ { "id": "broken", "fg": 98 } ]
          },
          {
            "id": "vp_nanohalfboard_horizontal",
            "fg": 99,
            "rotates": true,
            "multitile": true,
            "additional_tiles": [ { "id": "broken", "fg": 100 } ]
          },
          {
            "id": "vp_nanohalfboard_horizontal_2",
            "fg": 101,
            "rotates": true,
            "multitile": true,
            "additional_tiles": [ { "id": "broken", "fg": 102 } ]
          },
          {
            "id": "vp_nanohalfboard_ne",
            "fg": 103,
            "rotates": true,
            "multitile": true,
            "additional_tiles": [ { "id": "broken", "fg": 104 } ]
          },
          {
            "id": "vp_nanohalfboard_nw",
            "fg": 105,
            "rotates": true,
            "multitile": true,
            "additional_tiles": [ { "id": "broken", "fg": 106 } ]
          },
          {
            "id": "vp_nanohalfboard_se",
            "fg": 107,
            "rotates": true,
            "multitile": true,
            "additional_tiles": [ { "id": "broken", "fg": 108 } ]
          },
          {
            "id": "vp_nanohalfboard_sw",
            "fg": 109,
            "rotates": true,
            "multitile": true,
            "additional_tiles": [ { "id": "broken", "fg": 110 } ]
          },
          {
            "id": "vp_nanohalfboard_vertical",
            "fg": 111,
            "rotates": true,
            "multitile": true,
            "additional_tiles": [ { "id": "broken", "fg": 112 } ]
          },
          {
            "id": "vp_nanohalfboard_vertical_2",
            "fg": 113,
            "rotates": true,
            "multitile": true,
            "additional_tiles": [ { "id": "broken", "fg": 114 } ]
          },
          { "id": "vp_nanotech_frame2_cover", "fg": 115, "rotates": true },
          { "id": "vp_nanotech_frame2_cross", "fg": 116, "rotates": true },
          { "id": "vp_nanotech_frame2_horizontal", "fg": 117, "rotates": true },
          { "id": "vp_nanotech_frame2_horizontal_2", "fg": 118, "rotates": true },
          { "id": "vp_nanotech_frame2_ne", "fg": 119, "rotates": true },
          { "id": "vp_nanotech_frame2_nw", "fg": 120, "rotates": true },
          { "id": "vp_nanotech_frame2_se", "fg": 121, "rotates": true },
          { "id": "vp_nanotech_frame2_sw", "fg": 122, "rotates": true },
          { "id": "vp_nanotech_frame2_vertical", "fg": 123, "rotates": true },
          { "id": "vp_nanotech_frame2_vertical_2", "fg": 124, "rotates": true },
          { "id": "vp_nanotech_frame_cover", "fg": 125, "rotates": true },
          { "id": "vp_nanotech_frame_cross", "fg": 126, "rotates": true },
          { "id": "vp_nanotech_frame_horizontal", "fg": 127, "rotates": true },
          { "id": "vp_nanotech_frame_horizontal_2", "fg": 128, "rotates": true },
          { "id": "vp_nanotech_frame_ne", "fg": 129, "rotates": true },
          { "id": "vp_nanotech_frame_nw", "fg": 130, "rotates": true },
          { "id": "vp_nanotech_frame_se", "fg": 131, "rotates": true },
          { "id": "vp_nanotech_frame_sw", "fg": 132, "rotates": true },
          { "id": "vp_nanotech_frame_vertical", "fg": 133, "rotates": true },
          { "id": "vp_nanotech_frame_vertical_2", "fg": 134, "rotates": true },
          { "id": "nano_frame", "fg": 135 },
          { "id": "overlay_wielded_nano_frame", "fg": 135 },
          { "id": "nanotech_battery", "fg": 136, "rotates": false },
          { "id": "overlay_wielded_nanotech_battery", "fg": 136, "rotates": false },
          {
            "id": "vp_nanotech_battery",
            "fg": 137,
            "rotates": true,
            "multitile": true,
            "additional_tiles": [ { "id": "broken", "fg": 138 } ]
          },
          { "id": "nanotech_generator", "fg": 139, "rotates": false },
          { "id": "overlay_wielded_nanotech_generator", "fg": 139, "rotates": false },
          {
            "id": "vp_nanotech_generator",
            "fg": 140,
            "rotates": true,
            "multitile": true,
            "additional_tiles": [ { "id": "broken", "fg": 141 } ]
          },
          { "id": "nanoturret_pistol", "fg": 142 },
          { "id": "overlay_wielded_nanoturret_pistol", "fg": 142 },
          { "id": "nanoturret_rifle", "fg": 143 },
          { "id": "overlay_wielded_nanoturret_rifle", "fg": 143 },
          { "id": "nanoturret_shredder", "fg": 144 },
          { "id": "overlay_wielded_nanoturret_shredder", "fg": 144 },
          { "id": "nanoturret_smg", "fg": 145 },
          { "id": "overlay_wielded_nanoturret_smg", "fg": 145 },
          { "id": "nano_crawler", "fg": 146, "rotates": false },
          { "id": "overlay_wielded_nano_crawler", "fg": 146, "rotates": false },
          { "id": "nano_turret_pistol", "fg": 147 },
          { "id": "overlay_wielded_nano_turret_pistol", "fg": 148 },
          {
            "id": "vp_nano_turret_pistol",
            "fg": 149,
            "rotates": true,
            "multitile": true,
            "additional_tiles": [ { "id": "broken", "fg": 150 } ]
          },
          { "id": "nano_turret_rifle", "fg": 151 },
          { "id": "overlay_wielded_nano_turret_rifle", "fg": 152 },
          {
            "id": "vp_nano_turret_rifle",
            "fg": 153,
            "rotates": true,
            "multitile": true,
            "additional_tiles": [ { "id": "broken", "fg": 154 } ]
          },
          { "id": "nano_turret_shredder", "fg": 155 },
          { "id": "overlay_wielded_nano_turret_shredder", "fg": 156 },
          {
            "id": "vp_nano_turret_shredder",
            "fg": 157,
            "rotates": true,
            "multitile": true,
            "additional_tiles": [ { "id": "broken", "fg": 158 } ]
          },
          { "id": "nano_turret_smg", "fg": 159 },
          { "id": "overlay_wielded_nano_turret_smg", "fg": 160 },
          {
            "id": "vp_nano_turret_smg",
            "fg": 161,
            "rotates": true,
            "multitile": true,
            "additional_tiles": [ { "id": "broken", "fg": 162 } ]
          },
          { "id": "overlay_wielded_xl_nanite_ai", "fg": 163, "rotates": false },
          { "id": "xl_nanite_ai", "fg": 163, "rotates": false },
          { "id": "overlay_wielded_xl_nanite_cluster", "fg": 164, "rotates": false },
          { "id": "xl_nanite_cluster", "fg": 164, "rotates": false },
          {
            "id": "vp_nanocam",
            "fg": 165,
            "rotates": true,
            "multitile": true,
            "additional_tiles": [ { "id": "broken", "fg": 166 } ]
          },
          {
            "id": "vp_nanofactory_vehicle_1",
            "fg": 167,
            "rotates": true,
            "multitile": true,
            "additional_tiles": [ { "id": "broken", "fg": 168 } ]
          },
          {
            "id": "vp_nanofactory_vehicle_2",
            "fg": 169,
            "rotates": true,
            "multitile": true,
            "additional_tiles": [ { "id": "broken", "fg": 170 } ]
          },
          {
            "id": "vp_nanotech_anima",
            "fg": 171,
            "rotates": true,
            "multitile": true,
            "additional_tiles": [ { "id": "broken", "fg": 172 } ]
          },
          {
            "id": "vp_nanotech_control",
            "fg": 173,
            "rotates": true,
            "multitile": true,
            "additional_tiles": [ { "id": "broken", "fg": 174 } ]
          },
          {
            "id": "vp_nanotech_crawler",
            "fg": 175,
            "rotates": true,
            "multitile": true,
            "additional_tiles": [ { "id": "broken", "fg": 176 } ]
          },
          {
            "id": "vp_nanotech_shockmesh",
            "fg": 177,
            "rotates": true,
            "multitile": true,
            "additional_tiles": [ { "id": "broken", "fg": 178 } ]
          },
          {
            "id": "vp_nano_aisle",
            "fg": 179,
            "rotates": true,
            "multitile": true,
            "additional_tiles": [ { "id": "broken", "fg": 180 } ]
          },
          {
            "id": "vp_nano_boat",
            "fg": 181,
            "rotates": true,
            "multitile": true,
            "additional_tiles": [ { "id": "broken", "fg": 182 } ]
          },
          {
            "id": "vp_nano_door",
            "fg": 183,
            "rotates": true,
            "multitile": true,
            "additional_tiles": [ { "id": "open", "fg": 185 }, { "id": "broken", "fg": 184 } ]
          },
          {
            "id": "vp_nano_door_opaque",
            "fg": 186,
            "rotates": true,
            "multitile": true,
            "additional_tiles": [ { "id": "open", "fg": 188 }, { "id": "broken", "fg": 187 } ]
          },
          {
            "id": "vp_nano_freezer",
            "fg": 189,
            "rotates": true,
            "multitile": true,
            "additional_tiles": [ { "id": "broken", "fg": 190 } ]
          },
          {
            "id": "vp_nano_fridge",
            "fg": 191,
            "rotates": true,
            "multitile": true,
            "additional_tiles": [ { "id": "broken", "fg": 192 } ]
          },
          { "id": "vp_nano_roof", "fg": 193, "rotates": true },
          { "id": "vp_nt_armor_1", "fg": 194, "rotates": true },
          { "id": "vp_nt_armor_2", "fg": 195, "rotates": true },
          { "id": "vp_nt_crafter", "fg": 196, "rotates": true },
          { "id": "nt_fluid_tank_1", "fg": 197, "rotates": false },
          { "id": "overlay_wielded_nt_fluid_tank_1", "fg": 197, "rotates": false },
          {
            "id": "vp_nt_fluid_tank_1",
            "fg": 198,
            "rotates": true,
            "multitile": true,
            "additional_tiles": [ { "id": "broken", "fg": 199 } ]
          },
          { "id": "vp_nt_solar_1", "fg": 200, "rotates": true },
          { "id": "vp_nt_storage", "fg": 201, "rotates": true },
          { "id": "t_nano_door_c", "fg": 202 },
          { "id": "t_nano_door_o", "fg": 203 },
          { "id": "t_nano_floor", "fg": 204 },
          { "id": "t_nano_roof", "fg": 205 },
          {
            "id": "t_nano_wall",
            "fg": 206,
            "rotates": true,
            "multitile": true,
            "additional_tiles": [
              { "id": "center", "fg": 207 },
              { "id": "corner", "fg": [ 208, 209, 210, 211 ] },
              { "id": "t_connection", "fg": [ 218, 219, 220, 221 ] },
              { "id": "edge", "fg": [ 212, 213 ] },
              { "id": "end_piece", "fg": [ 214, 215, 216, 217 ] },
              { "id": "unconnected", "fg": 222 }
            ]
          },
          { "id": "mon_nano_turret_pistol", "fg": 223 },
          { "id": "corpse_mon_nano_turret_pistol", "fg": 224 },
          { "id": "mon_nano_turret_rifle", "fg": 225 },
          { "id": "corpse_mon_nano_turret_rifle", "fg": 226 },
          { "id": "mon_nano_turret_shredder", "fg": 227 },
          { "id": "corpse_mon_nano_turret_shredder", "fg": 228 },
          { "id": "mon_nano_turret_smg", "fg": 229 },
          { "id": "corpse_mon_nano_turret_smg", "fg": 230 },
          { "id": "nano_turret_pistol_weapon", "fg": 231, "rotates": false },
          { "id": "nano_turret_rifle_weapon", "fg": 232, "rotates": false },
          { "id": "nano_turret_shredder_weapon", "fg": 233, "rotates": false },
          { "id": "nano_turret_smg_weapon", "fg": 234, "rotates": false }
        ],
        "//": "range 1 to 240",
        "sprite_width": 32,
        "sprite_height": 32,
        "sprite_offset_x": 0,
        "sprite_offset_y": 0
      }
    ]
  }
]
