[
  {
    "type": "profession",
    "id": "nano_agent",
    "name": "Nanotech Agent",
    "description": "The nanotech project ALMOST finished in time to try to stop things.  But almost doesn't quite cut it these days.  You were tasked with keeping the prototypes safe, and trying to continue the research.",
    "points": 8,
    "items": {
      "both": [
        "dress_shirt",
        "pants",
        "socks",
        "boots",
        "coat_lab",
        "backpack",
        "nano_programmer_2",
        "nanite_core_1",
        "nanite_cluster",
        "nanite_cluster",
        "nanite_cluster",
        "nanite_cluster",
        "nanite_cluster",
        "nanite_cluster",
        "nanite_cluster",
        "nanite_cluster",
        "nanite_cluster",
        "nanite_power_cell",
        "nanite_multitool_small"
      ],
      "male": [ "briefs" ],
      "female": [ "bra", "panties" ]
    }
  }
]
