[
  {
    "id": "hydro",
    "type": "item_group",
    "items": [ [ "cdf_seed_eggplant", 1 ], [ "cdf_eggplant", 2 ], [ "cdf_seed_nubamboo", 1 ], [ "cdf_seed_tea", 1 ] ]
  },
  {
    "id": "farming_seeds",
    "type": "item_group",
    "items": [ [ "cdf_seed_eggplant", 1 ], [ "cdf_seed_nubamboo", 1 ], [ "cdf_seed_tea", 1 ] ]
  },
  {
    "id": "stash_drugs",
    "type": "item_group",
    "items": [ [ "cdf_seed_coca", 20 ] ]
  },
  {
    "id": "cop_evidence",
    "type": "item_group",
    "items": [ [ "cdf_seed_coca", 15 ] ]
  },
  {
    "id": "drugdealer",
    "type": "item_group",
    "items": [ [ "cdf_seed_coca", 10 ] ]
  }
]
