[
  {
    "result": "rubber_harness_dog",
    "type": "recipe",
    "category": "CC_ANIMALS",
    "subcategory": "CSC_ANIMALS_CANINE ARMOR",
    "skill_used": "tailor",
    "difficulty": 2,
    "skills_required": [ "fabrication", 1 ],
    "time": "16 m",
    "autolearn": true,
    "qualities": [ { "id": "SEW", "level": 1 }, { "id": "CUT", "level": 1 } ],
    "components": [
      [ [ "duct_tape", 50 ] ],
      [ [ "sole_rubber", 4 ], [ "boots_rubber", 1 ], [ "gloves_rubber", 2 ], [ "chunk_rubber", 7 ] ],
      [ [ "rag", 10 ] ]
    ]
  },
  {
    "result": "rubber_harness_dog",
    "type": "recipe",
    "id_suffix": "from_scratch",
    "obsolete": true
  }
]
