[
  {
    "type": "AMMO",
    "id": "sole_rubber",
    "copy-from": "sole_rubber",
    "name": { "str": "rubber sole" },
    "material": [ "rubber" ]
  },
  {
    "type": "PET_ARMOR",
    "id": "rubber_harness_dog",
    "copy-from": "rubber_harness_dog",
    "name": { "str": "rubber dog rainsuit" },
    "material": [ "neoprene", "rubber" ]
  },
  {
    "type": "ARMOR",
    "id": "boots_bunker",
    "copy-from": "boots_bunker",
    "repairs_like": "boots_larmor",
    "category": "armor",
    "name": { "str": "pair of turnout boots", "str_pl": "pairs of turnout boots" },
    "material": [ "rubber", "nomex" ]
  },
  {
    "type": "ARMOR",
    "id": "boots_rubber",
    "copy-from": "boots_rubber",
    "repairs_like": "boots",
    "name": { "str": "pair of rubber boots", "str_pl": "pairs of rubber boots" },
    "material": [ "rubber" ]
  },
  {
    "type": "ARMOR",
    "id": "lowtops",
    "copy-from": "lowtops",
    "repairs_like": "boots",
    "name": { "str": "pair of lowtop tennis shoes", "str_pl": "pairs of lowtop tennis shoes" },
    "material": [ "cotton", "rubber" ]
  },
  {
    "type": "ARMOR",
    "id": "swim_fins",
    "copy-from": "swim_fins",
    "name": { "str": "pair of swim fins", "str_pl": "pairs of swim fins" },
    "material": [ "rubber" ]
  },
  {
    "type": "GENERIC",
    "id": "drivebelt",
    "copy-from": "drivebelt",
    "name": { "str": "drive belt" },
    "material": [ "rubber", "steel" ]
  },
  {
    "type": "GENERIC",
    "id": "puck",
    "copy-from": "puck",
    "name": { "str": "hockey puck" },
    "material": [ "rubber" ]
  },
  {
    "type": "ARMOR",
    "id": "gloves_rubber",
    "copy-from": "gloves_rubber",
    "repairs_like": "gauntlets_larmor",
    "name": { "str": "pair of rubber gloves", "str_pl": "pairs of rubber gloves" },
    "material": [ "rubber" ]
  },
  {
    "type": "GENERIC",
    "id": "plunger_toilet",
    "copy-from": "plunger_toilet",
    "name": { "str": "toilet plunger" },
    "material": [ "wood", "rubber" ]
  },
  {
    "type": "GENERIC",
    "id": "plunger_futuristic",
    "copy-from": "plunger_futuristic",
    "name": { "str": "professional plunger" },
    "material": [ "plastic", "rubber" ]
  },
  {
    "//": "TODO: see if `use_action` transfers onto copied object",
    "type": "TOOL",
    "id": "inflatable_boat",
    "copy-from": "inflatable_boat",
    "name": { "str": "inflatable boat" },
    "material": [ "plastic", "rubber" ]
  },
  {
    "type": "PET_ARMOR",
    "id": "rubber_armor_horse",
    "copy-from": "rubber_armor_horse",
    "name": { "str": "horse rain sheet" },
    "material": [ "neoprene", "rubber" ]
  },
  {
    "type": "AMMO",
    "id": "rubber_slug",
    "copy-from": "rubber_slug",
    "name": { "str": "rubber slug" },
    "material": [ "rubber" ]
  },
  {
    "type": "AMMO",
    "id": "arrow_plastic",
    "copy-from": "arrow_plastic",
    "name": { "str": "wooden rubber blunt arrow" },
    "material": [ "wood", "rubber" ]
  },
  {
    "type": "TOOL",
    "id": "hose",
    "copy-from": "hose",
    "name": { "str": "rubber hose" },
    "material": [ "rubber" ]
  },
  {
    "type": "vehicle_part",
    "id": "wheel_10",
    "copy-from": "wheel_10",
    "name": { "str": "wheel" },
    "breaks_into": [
      { "item": "steel_lump", "prob": 50 },
      { "item": "steel_chunk", "count": [ 1, 5 ] },
      { "item": "scrap", "count": [ 1, 5 ] },
      { "item": "chunk_rubber", "count": [ 1, 5 ] }
    ]
  },
  {
    "//": "complete rewrite of the item; base item `base_plastic_silverware` can't be modified without changing legitimate plastic items",
    "type": "GENERIC",
    "id": "spatula",
    "category": "other",
    "name": { "str": "spatula" },
    "description": "A rubber scraper for making sure you get every last scrap of cookie dough.",
    "looks_like": "spoon",
    "symbol": ";",
    "color": "light_gray",
    "price": 10,
    "price_postapoc": "0 cent",
    "weight": "84 g",
    "volume": "50 ml",
    "material": [ "rubber" ],
    "bashing": 1,
    "cutting": 1,
    "to_hit": -2
  },
  {
    "type": "GUN",
    "id": "doublespeargun",
    "copy-from": "doublespeargun",
    "name": { "str": "double speargun" },
    "material": [ "wood", "rubber" ]
  }
]
