[
  {
    "type": "AMMO",
    "id": "chem_guncotton",
    "category": "chems",
    "price": 600,
    "name": { "str": "gun cotton" },
    "symbol": "=",
    "color": "yellow",
    "description": "Wet lumps of nitrated cotton. Can be used to craft explosives or smokeless powder. Highly sensitive to shock when dried.",
    "container": "bag_plastic",
    "material": [ "powder" ],
    "volume": "250 ml",
    "weight": "50 g",
    "count": 5,
    "ammo_type": "components",
    "effects": [ "COOKOFF" ]
  }
]
