[
  {
    "type": "recipe",
    "activity_level": "LIGHT_EXERCISE",
    "result": "chem_guncotton",
    "category": "CC_CHEM",
    "subcategory": "CSC_CHEM_CHEMICALS",
    "skill_used": "cooking",
    "difficulty": 3,
    "time": 40000,
    "batch_time_factors": [ 97, 2 ],
    "charges": 5,
    "book_learn": [ [ "textbook_anarch", 3 ], [ "adv_chemistry", 2 ], [ "textbook_chemistry", 2 ] ],
    "qualities": [ { "id": "BOIL", "level": 2 }, { "id": "CHEM", "level": 1 } ],
    "tools": [ [ [ "water_boiling_heat", 50, "LIST" ] ] ],
    "components": [
      [ [ "cotton_ball", 5 ] ],
      [ [ "chem_nitric_acid", 1 ] ],
      [ [ "chem_sulphuric_acid", 2 ] ],
      [ [ "water", 4 ], [ "water_clean", 4 ] ]
    ]
  },
  {
    "result": "gunpowder",
    "activity_level": "LIGHT_EXERCISE",
    "id_suffix": "from_gun_cotton",
    "type": "recipe",
    "category": "CC_AMMO",
    "subcategory": "CSC_AMMO_COMPONENTS",
    "skill_used": "fabrication",
    "difficulty": 4,
    "skills_required": [ "cooking", 3 ],
    "time": 12000,
    "book_learn": [ [ "textbook_anarch", 4 ], [ "adv_chemistry", 3 ], [ "textbook_chemistry", 3 ] ],
    "qualities": [ { "id": "BOIL", "level": 2 }, { "id": "CHEM", "level": 2 } ],
    "tools": [ [ [ "surface_heat", 25, "LIST" ] ], [ [ "pastaextruder", -1 ] ] ],
    "components": [ [ [ "chem_guncotton", 5 ] ], [ [ "ether", 250 ] ], [ [ "chem_ethanol", 250 ] ] ]
  },
  {
    "result": "dynamite",
    "activity_level": "LIGHT_EXERCISE",
    "id_suffix": "from_gun_cotton",
    "type": "recipe",
    "category": "CC_WEAPON",
    "subcategory": "CSC_WEAPON_EXPLOSIVE",
    "skill_used": "cooking",
    "difficulty": 7,
    "time": 3000,
    "book_learn": [ [ "textbook_anarch", 5 ], [ "adv_chemistry", 6 ], [ "textbook_chemistry", 6 ] ],
    "qualities": [ { "id": "CHEM", "level": 2 } ],
    "tools": [ [ [ "surface_heat", 10, "LIST" ] ] ],
    "components": [ [ [ "paper", 5 ], [ "rolling_paper", 32 ] ], [ [ "chem_guncotton", 10 ] ] ]
  },
  {
    "result": "pipebomb",
    "activity_level": "LIGHT_EXERCISE",
    "type": "recipe",
    "category": "CC_WEAPON",
    "subcategory": "CSC_WEAPON_EXPLOSIVE",
    "skill_used": "fabrication",
    "difficulty": 1,
    "time": 5000,
    "reversible": true,
    "autolearn": true,
    "qualities": [ { "id": "SAW_M", "level": 1 } ],
    "components": [
      [ [ "pipe", 1 ] ],
      [
        [ "gunpowder", 72 ],
        [ "chem_black_powder", 72 ],
        [ "chem_guncotton", 5 ],
        [ "shot_he", 3 ],
        [ "shot_flechette", 12 ],
        [ "shot_00", 12 ],
        [ "shot_slug", 12 ],
        [ "shot_bird", 24 ]
      ],
      [ [ "string_6", 1 ] ]
    ]
  }
]
