[
  {
    "abstract": "afs_scrap_1",
    "type": "GENERIC",
    "category": "spare_parts",
    "name": { "str": "ur-scrap" },
    "description": "A small techno doodad.",
    "looks_like": "e_scrap",
    "price": 500,
    "price_postapoc": 1000,
    "weight": "250 g",
    "volume": "50 ml",
    "to_hit": -3,
    "symbol": "*",
    "color": "light_gray"
  },
  {
    "type": "GENERIC",
    "abstract": "afs_scrap_2",
    "name": { "str": "ur-scrap" },
    "copy-from": "afs_scrap_1",
    "price": 5000,
    "price_postapoc": 10000
  },
  {
    "type": "GENERIC",
    "abstract": "afs_scrap_3",
    "name": { "str": "ur-scrap" },
    "copy-from": "afs_scrap_1",
    "price": 5000,
    "price_postapoc": 50000
  },
  {
    "type": "GENERIC",
    "abstract": "afs_scrap_4",
    "name": { "str": "ur-scrap" },
    "copy-from": "afs_scrap_1",
    "price": 50000,
    "price_postapoc": 100000
  },
  {
    "type": "GENERIC",
    "abstract": "afs_scrap_5",
    "name": { "str": "ur-scrap" },
    "copy-from": "afs_scrap_1",
    "price": 500000,
    "price_postapoc": 1000000
  }
]
