[
  {
    "type": "GENERIC",
    "id": "afs_energy_storage_1",
    "copy-from": "afs_scrap_1",
    "name": { "str": "nanowire battery", "str_pl": "nanowire batteries" },
    "description": "A small battery component with a very high energy density.",
    "looks_like": "scrap"
  },
  {
    "type": "GENERIC",
    "id": "afs_energy_storage_2",
    "copy-from": "afs_scrap_2",
    "name": { "str": "ultracapacitor" },
    "description": "A capacitor made from exotic compounds, capable of storing a high amount of electric charge.",
    "looks_like": "scrap"
  },
  {
    "type": "GENERIC",
    "id": "afs_energy_storage_3",
    "copy-from": "afs_scrap_3",
    "name": { "str": "ultracapacitor array" },
    "description": "Ultracapacitors assembled into a finely tuned energy storage array.",
    "looks_like": "scrap"
  },
  {
    "type": "GENERIC",
    "id": "afs_energy_storage_4",
    "copy-from": "afs_scrap_4",
    "name": { "str": "superconductive coil" },
    "description": "Superconductive wire warped upon itself manipulates the electromagnetic spectrum to store vast amounts of power.",
    "looks_like": "scrap"
  },
  {
    "type": "GENERIC",
    "id": "afs_energy_storage_5",
    "copy-from": "afs_scrap_5",
    "name": { "str": "zero-point energy extractor" },
    "description": "A complex grid pins space-time to the surface of the multiversal hyper-torus, allowing the energies within to leak into our sliver of existence.",
    "looks_like": "scrap"
  }
]
