[
  {
    "id": "nanite_multitool_small",
    "type": "TOOL",
    "symbol": ";",
    "color": "light_gray",
    "name": { "str": "nanite multitool (small)" },
    "description": "Nanite control unit that can mimic many tools, though some require different configurations.  Currently in default form, allowing access to numerous small tools.",
    "looks_like": "knife_rm42",
    "price": 120,
    "price_postapoc": 50,
    "material": [ "nanite" ],
    "weight": "3680 g",
    "volume": "250 ml",
    "bashing": 3,
    "cutting": 12,
    "to_hit": 1,
    "flags": [ "BELT_CLIP", "FIRESTARTER", "SHEATH_KNIFE", "NONCONDUCTIVE", "TRADER_AVOID", "NO_CVD" ],
    "pocket_data": [ { "pocket_type": "MAGAZINE", "rigid": true, "ammo_restriction": { "nanite_ammo": 1 } } ],
    "charges_per_use": 0,
    "turns_per_charge": 0,
    "ammo": [ "nanite_ammo" ],
    "use_action": [
      {
        "type": "transform",
        "target": "nanite_multitool_large",
        "active": false,
        "msg": "You switch your multitool to large tools mode.",
        "menu_text": "Switch tool mode",
        "moves": 150
      },
      "BOLTCUTTERS",
      "GEIGER",
      "HAMMER",
      "HOTPLATE",
      "PICK_LOCK",
      { "type": "firestarter", "moves": 5 },
      { "flame": false, "type": "cauterize" },
      {
        "type": "repair_item",
        "item_action_type": "repair_fabric",
        "materials": [ "cotton", "leather", "wool", "fur", "nomex" ],
        "skill": "tailor",
        "tool_quality": 2,
        "cost_scaling": 0,
        "move_cost": 500
      }
    ],
    "qualities": [
      [ "CUT", 3 ],
      [ "CUT_FINE", 5 ],
      [ "SMOOTH", 1 ],
      [ "HAMMER", 3 ],
      [ "HAMMER_FINE", 1 ],
      [ "HOSE", 1 ],
      [ "SAW_M_FINE", 1 ],
      [ "COOK", 3 ],
      [ "DISTILL", 1 ],
      [ "CHEM", 3 ],
      [ "BOIL", 1 ],
      [ "WRENCH", 3 ],
      [ "WRENCH_FINE", 1 ],
      [ "SCREW", 3 ],
      [ "SCREW_FINE", 1 ],
      [ "BUTCHER", 50 ],
      [ "DRILL", 3 ],
      [ "CHISEL", 3 ],
      [ "LOCKPICK", 50 ]
    ]
  },
  {
    "id": "nanite_multitool_large",
    "type": "TOOL",
    "symbol": ";",
    "color": "light_gray",
    "name": { "str": "nanite multitool (large)" },
    "description": "Nanite control unit that can mimic many tools, though some require different configurations.  Currently expanded into a larger form for bulkier tools.",
    "looks_like": "e_tool",
    "price": 120,
    "price_postapoc": 50,
    "material": [ "nanite" ],
    "weight": "3680 g",
    "volume": "2000 ml",
    "bashing": 16,
    "cutting": 6,
    "to_hit": 2,
    "flags": [ "BELT_CLIP", "FIRESTARTER", "SHEATH_SWORD", "NONCONDUCTIVE", "TRADER_AVOID", "NEEDS_UNFOLD", "NO_CVD" ],
    "pocket_data": [ { "pocket_type": "MAGAZINE", "rigid": true, "ammo_restriction": { "nanite_ammo": 1 } } ],
    "charges_per_use": 0,
    "turns_per_charge": 0,
    "ammo": [ "nanite_ammo" ],
    "use_action": [
      {
        "type": "transform",
        "target": "nanite_multitool_weld",
        "active": false,
        "msg": "You switch your multitool to laser welder mode.",
        "menu_text": "Switch tool mode",
        "moves": 150
      },
      "BOLTCUTTERS",
      "CROWBAR",
      "DIG",
      "HACKSAW",
      "LUMBER",
      "MAKEMOUND",
      "PICKAXE",
      { "type": "firestarter", "moves": 150 }
    ],
    "qualities": [ [ "PRY", 4 ], [ "HAMMER", 3 ], [ "SAW_W", 2 ], [ "SAW_M", 2 ], [ "AXE", 3 ], [ "DIG", 3 ], [ "LOCKPICK", 50 ] ]
  },
  {
    "id": "nanite_multitool_weld",
    "type": "TOOL",
    "symbol": ";",
    "color": "light_gray",
    "name": { "str": "nanite multitool (laser welder)" },
    "description": "Nanite control unit that can mimic many tools, though some require different configurations.  Currently configured as a laser welder.",
    "looks_like": "v29",
    "price": 120,
    "price_postapoc": 50,
    "material": [ "nanite" ],
    "weight": "3680 g",
    "volume": "500 ml",
    "bashing": 8,
    "cutting": 0,
    "to_hit": 0,
    "flags": [
      "FIRE",
      "NEVER_JAMS",
      "FIRESTARTER",
      "WATERPROOF_GUN",
      "NO_UNLOAD",
      "BELT_CLIP",
      "NONCONDUCTIVE",
      "TRADER_AVOID",
      "NEEDS_UNFOLD",
      "NO_CVD"
    ],
    "pocket_data": [ { "pocket_type": "MAGAZINE", "rigid": true, "ammo_restriction": { "nanite_ammo": 1 } } ],
    "charges_per_use": 0,
    "turns_per_charge": 0,
    "ammo": [ "nanite_ammo" ],
    "use_action": [
      {
        "type": "transform",
        "target": "nanite_multitool_small",
        "active": false,
        "msg": "You switch your multitool to small tools mode.",
        "menu_text": "Switch tool mode",
        "moves": 150
      },
      "OXYTORCH",
      { "type": "firestarter", "moves": 5 },
      {
        "type": "repair_item",
        "item_action_type": "repair_metal",
        "materials": [ "kevlar", "plastic", "iron", "steel", "hardsteel", "aluminum", "copper", "superalloy" ],
        "skill": "mechanics",
        "cost_scaling": 0.0,
        "move_cost": 250
      },
      { "flame": false, "type": "cauterize" }
    ],
    "qualities": [ [ "WELD", 4 ] ]
  }
]
