[
  {
    "id": "metal_nanopowder",
    "type": "AMMO",
    "symbol": ";",
    "color": "green",
    "name": { "str": "metal nanopowder" },
    "description": "Incredibly finely powdered metal, it is useless for anything except use in specialized nanotech turrets.",
    "price": "0 cent",
    "price_postapoc": "0 cent",
    "material": [ "steel" ],
    "ammo_type": "metal_nanopowder",
    "damage": { "damage_type": "bullet", "amount": 5, "armor_penetration": 200 },
    "range": 12,
    "dispersion": 0,
    "recoil": 0,
    "count": 100,
    "stack_size": 50,
    "phase": "liquid",
    "weight": "20 g",
    "volume": "250 ml",
    "effects": [ "NOGIB", "NEVER_MISFIRES", "SHOT" ],
    "flags": [ "TRADER_AVOID" ]
  },
  {
    "id": "nanite_dart",
    "type": "AMMO",
    "symbol": ";",
    "color": "green",
    "name": { "str": "monomolecular dart feedstock" },
    "description": "Batch of material with instructions to produce bursts of darts.",
    "price": "120 USD",
    "price_postapoc": "60 USD",
    "material": [ "steel" ],
    "ammo_type": "nanite_ammo",
    "damage": { "damage_type": "bullet", "amount": 5, "armor_penetration": 200 },
    "range": 12,
    "dispersion": 0,
    "recoil": 0,
    "count": 1000,
    "stack_size": 200,
    "weight": "1 g",
    "volume": "200 ml",
    "effects": [ "NOGIB", "NEVER_MISFIRES" ],
    "flags": [ "TRADER_AVOID" ]
  },
  {
    "id": "nanite_blade",
    "type": "AMMO",
    "symbol": ";",
    "color": "green",
    "name": { "str": "monomolecular blade feedstock" },
    "description": "Batch of material with instructions to produce bursts of blades.",
    "price": "120 USD",
    "price_postapoc": "80 USD",
    "material": [ "steel" ],
    "ammo_type": "nanite_ammo",
    "damage": { "damage_type": "bullet", "amount": 35, "armor_penetration": 0 },
    "range": 6,
    "dispersion": 40,
    "recoil": 10,
    "count": 250,
    "stack_size": 50,
    "//": "Intended to be used in small bursts",
    "weight": "4 g",
    "volume": "200 ml",
    "effects": [ "NEVER_MISFIRES" ],
    "flags": [ "TRADER_AVOID" ]
  },
  {
    "id": "nanite_wire",
    "type": "AMMO",
    "symbol": ";",
    "color": "green",
    "name": { "str": "monomolecular wire feedstock" },
    "description": "Batch of material with instructions to produce clouds of twisting wire.  WARNING: DEADLY TO USER!",
    "price": "120 USD",
    "price_postapoc": "80 USD",
    "material": [ "steel" ],
    "ammo_type": "nanite_ammo",
    "damage": { "damage_type": "bullet", "amount": 1, "armor_penetration": 0 },
    "range": 0,
    "dispersion": 50,
    "recoil": 120,
    "count": 50,
    "stack_size": 50,
    "//": "Intended to be used in individual shots",
    "weight": "20 g",
    "volume": "250 ml",
    "effects": [ "NEVER_MISFIRES", "CUSTOM_EXPLOSION" ],
    "explode_in_fire": false,
    "explosion": { "power": 2, "distance_factor": 0.01, "shrapnel": { "casing_mass": 2, "fragment_mass": 0.01 } },
    "flags": [ "TRADER_AVOID" ]
  },
  {
    "id": "nanite_deathcloud",
    "type": "AMMO",
    "symbol": ";",
    "color": "green",
    "name": { "str": "xl monomolecular wire feedstock" },
    "description": "Large block of material for producing large clouds of monomolecular wire.  WARNING: DEADLY TO USER!",
    "price": "120 USD",
    "price_postapoc": "80 USD",
    "material": [ "steel" ],
    "ammo_type": "nanite_deathcloud_ammo",
    "damage": { "damage_type": "bullet", "amount": 0, "armor_penetration": 0 },
    "range": 0,
    "dispersion": 150,
    "recoil": 0,
    "count": 5,
    "stack_size": 5,
    "//": "Intended to be used in individual shots",
    "weight": "200 g",
    "volume": "250 ml",
    "effects": [ "NEVER_MISFIRES", "CUSTOM_EXPLOSION" ],
    "explode_in_fire": false,
    "explosion": { "power": 140, "distance_factor": 0.01, "shrapnel": { "casing_mass": 250, "fragment_mass": 0.15 } },
    "flags": [ "TRADER_AVOID" ]
  }
]
