[
  {
    "id": "nano_blade",
    "type": "GENERIC",
    "name": { "str": "nanotech blade" },
    "category": "weapons",
    "looks_like": "broadsword",
    "description": "An incredibly sharp blade of active nanites with a small handle.  Compresses itself into the handle when not in use.",
    "symbol": "{",
    "color": "light_gray",
    "volume": "250 ml",
    "weight": "50 g",
    "techniques": [ "SPIN", "WIDE", "RAPID" ],
    "cutting": 75,
    "to_hit": 3,
    "price": "500 USD",
    "material": [ "nanite" ],
    "flags": [ "TRADER_AVOID", "SHEATH_KNIFE" ],
    "qualities": [ [ "CUT", 3 ], [ "BUTCHER", 20 ] ]
  },
  {
    "id": "nano_dagger",
    "type": "GENERIC",
    "name": { "str": "nanotech dagger" },
    "category": "weapons",
    "looks_like": "punch_dagger",
    "description": "An incredibly sharp blade of active nanites with a small handle.  Compresses itself into the handle when not in use.  In addition to the typical blade, it can project blades around your fingers to be used as a claw or punching dagger.",
    "symbol": "{",
    "color": "light_gray",
    "volume": "50 ml",
    "weight": "25 g",
    "techniques": [ "RAPID" ],
    "cutting": 45,
    "to_hit": 3,
    "price": "500 USD",
    "material": [ "nanite" ],
    "flags": [ "STAB", "UNARMED_WEAPON", "TRADER_AVOID", "SHEATH_KNIFE" ],
    "qualities": [ [ "CUT", 4 ], [ "CUT_FINE", 7 ], [ "BUTCHER", 80 ] ]
  },
  {
    "id": "nano_spear",
    "type": "GENERIC",
    "name": { "str": "nanotech spear" },
    "category": "weapons",
    "looks_like": "pike",
    "description": "An incredibly sharp spike of active nanites on a long handle, it contains small but powerful boosters for sweeping strikes as a staff as well.  Compresses itself into a small tube when not in use.",
    "symbol": "{",
    "color": "light_gray",
    "volume": "1000 ml",
    "weight": "648 g",
    "techniques": [ "WBLOCK_2", "SWEEP", "SPIN", "WIDE", "RAPID" ],
    "cutting": 45,
    "bashing": 45,
    "to_hit": 3,
    "price": "500 USD",
    "material": [ "nanite" ],
    "flags": [ "TRADER_AVOID", "SHEATH_KNIFE", "SHEATH_SWORD", "SHEATH_SPEAR", "STAB", "REACH_ATTACK", "MESSY" ]
  },
  {
    "id": "nanogun",
    "type": "GUN",
    "name": { "str": "nanotech gun" },
    "description": "You shouldn't see this.",
    "symbol": "(",
    "color": "light_gray",
    "price": "5000 USD",
    "material": [ "nanite" ],
    "ammo": [ "nanite_ammo" ],
    "skill": "rifle",
    "flags": [ "NEVER_JAMS", "NONCONDUCTIVE", "TRADER_AVOID", "WATERPROOF_GUN" ],
    "volume": "250 ml",
    "weight": "300 g",
    "bashing": 0,
    "cutting": 0,
    "to_hit": 0,
    "durability": 10,
    "pocket_data": [
      {
        "pocket_type": "MAGAZINE_WELL",
        "holster": true,
        "max_contains_volume": "20 L",
        "magazine_well": "250 ml",
        "max_contains_weight": "20 kg",
        "item_restriction": [ "nano_dart_mag", "nano_blade_mag", "nano_wire_mag" ]
      }
    ],
    "valid_mod_locations": [
      [ "accessories", 2 ],
      [ "barrel", 1 ],
      [ "grip", 1 ],
      [ "mechanism", 4 ],
      [ "muzzle", 1 ],
      [ "rail", 1 ],
      [ "sights", 1 ],
      [ "stock", 1 ],
      [ "underbarrel", 1 ]
    ]
  },
  {
    "id": "nano_shredder",
    "type": "GUN",
    "name": { "str": "nanotech shredder" },
    "copy-from": "nanogun",
    "description": "Nanotech shotgun, blasts out large clouds of different configurations of monomolecular ammo based on loaded ammo core.",
    "looks_like": "rm614_lmg",
    "weight": "1844 g",
    "volume": "2000 ml",
    "skill": "shotgun",
    "ammo": [ "nanite_ammo" ],
    "ranged_damage": { "damage_type": "stab", "amount": 9 },
    "range": 2,
    "dispersion": 400,
    "sight_dispersion": 80,
    "recoil": 90,
    "modes": [ [ "DEFAULT", "blast", 5, "SIMULTANEOUS" ], [ "BURST", "auto", 20 ] ]
  },
  {
    "id": "nano_pistol",
    "type": "GUN",
    "name": { "str": "nanotech pistol" },
    "copy-from": "nanogun",
    "description": "Nanotech pistol, fires bursts of different configurations of monomolecular ammo based on loaded ammo core.",
    "looks_like": "needlepistol",
    "weight": "1096 g",
    "volume": "1000 ml",
    "price": "2500 USD",
    "skill": "pistol",
    "ranged_damage": { "damage_type": "stab", "amount": 1 },
    "range": 4,
    "dispersion": 60,
    "sight_dispersion": 20,
    "recoil": 10,
    "modes": [ [ "DEFAULT", "semi-auto", 1 ], [ "BURST", "burst", 5, "SIMULTANEOUS" ], [ "AUTO", "auto", 15 ] ]
  },
  {
    "id": "nano_rifle",
    "type": "GUN",
    "name": { "str": "nanotech rifle" },
    "copy-from": "nanogun",
    "description": "Nanotech rifle, fires large bursts of different configurations of monomolecular ammo based on loaded ammo core.",
    "looks_like": "rm11b_sniper_rifle",
    "weight": "1844 g",
    "volume": "2000 ml",
    "skill": "rifle",
    "ranged_damage": { "damage_type": "stab", "amount": 1 },
    "range": 12,
    "dispersion": 0,
    "sight_dispersion": 0,
    "recoil": 10,
    "modes": [ [ "DEFAULT", "semi-auto", 1 ], [ "BURST", "burst", 10, "SIMULTANEOUS" ], [ "AUTO", "auto", 25 ] ]
  },
  {
    "id": "nano_smg",
    "type": "GUN",
    "name": { "str": "nanotech smg" },
    "copy-from": "nanogun",
    "description": "Nanotech smg, fires a storm of different configurations of monomolecular ammo based on loaded ammo core.",
    "looks_like": "rm360_carbine",
    "weight": "1992 g",
    "volume": "1500 ml",
    "price": "3750 USD",
    "skill": "smg",
    "ranged_damage": { "damage_type": "stab", "amount": 4 },
    "range": 2,
    "dispersion": 200,
    "sight_dispersion": 20,
    "recoil": 40,
    "modes": [ [ "DEFAULT", "burst", 5, "SIMULTANEOUS" ], [ "BURST", "auto", 25 ], [ "FULL", "maximum", 50 ] ]
  },
  {
    "id": "nano_launcher",
    "type": "GUN",
    "name": { "str": "nanotech launcher" },
    "copy-from": "nanogun",
    "description": "Nanotech launcher, fires huge masses of monomolecular wire that shreds anything that isn't heavily protected.",
    "looks_like": "mininuke_launcher",
    "weight": "2192 g",
    "volume": "2000 ml",
    "skill": "launcher",
    "ammo": [ "nanite_deathcloud_ammo" ],
    "ranged_damage": { "damage_type": "stab", "amount": 55 },
    "range": 15,
    "dispersion": 800,
    "sight_dispersion": 50,
    "recoil": 550,
    "pocket_data": [
      {
        "pocket_type": "MAGAZINE_WELL",
        "holster": true,
        "max_contains_volume": "20 L",
        "magazine_well": "250 ml",
        "max_contains_weight": "20 kg",
        "item_restriction": [ "nano_deathcloud_mag" ]
      }
    ],
    "modes": [ [ "DEFAULT", "semi-auto", 1 ], [ "BLAST", "blast", 5, "SIMULTANEOUS" ] ]
  }
]
