[
  {
    "type": "overmap_special",
    "id": "prepnet_orchard",
    "overmaps": [ { "point": [ 0, 0, 0 ], "overmap": "prepnet_orchard_north" } ],
    "connections": [ { "point": [ 0, -1, 0 ], "terrain": "road" } ],
    "locations": [ "land" ],
    "city_distance": [ 5, -1 ],
    "city_sizes": [ 2, -1 ],
    "occurrences": [ 0, 1 ]
  },
  {
    "type": "overmap_special",
    "id": "afs_crashed_escape_pod_o",
    "overmaps": [ { "point": [ 0, 0, 0 ], "overmap": "afs_crashed_escape_pod_north" } ],
    "locations": [ "land" ],
    "city_distance": [ 5, -1 ],
    "city_sizes": [ 0, -1 ],
    "occurrences": [ 0, 1 ]
  },
  {
    "id": "municipal_reactor",
    "type": "overmap_special",
    "connections": [ { "point": [ -1, 1, 0 ], "terrain": "road" } ],
    "overmaps": [
      { "point": [ 0, 0, 0 ], "overmap": "municipal_reactor_north" },
      { "point": [ 0, 0, -1 ], "overmap": "municipal_reactor_b_north" },
      { "point": [ 0, 0, -2 ], "overmap": "municipal_reactor_b2_north" },
      { "point": [ 0, 0, -3 ], "overmap": "municipal_reactor_b3_north" },
      { "point": [ 1, 0, 0 ], "overmap": "municipal_reactor_ware_north" },
      { "point": [ 1, 0, -1 ], "overmap": "municipal_reactor_ware_b_north" },
      { "point": [ -1, 1, 0 ], "overmap": "road_ew" },
      { "point": [ 0, 1, 0 ], "overmap": "road_ew" },
      { "point": [ 1, 1, 0 ], "overmap": "road_end_east" },
      { "point": [ 0, 2, 0 ], "overmap": "park_north" },
      { "point": [ 1, 2, 0 ], "overmap": "office_cubical_north" },
      { "point": [ -1, 2, 0 ], "overmap": "pwr_sub_s_north" },
      { "point": [ -1, 0, 0 ], "overmap": "s_lot_north" }
    ],
    "locations": [ "wilderness", "swamp" ],
    "city_distance": [ -1, 6 ],
    "city_sizes": [ 2, 14 ],
    "occurrences": [ 0, 4 ]
  },
  {
    "type": "overmap_special",
    "id": "afs_stratoscom_relay_station",
    "overmaps": [
      { "point": [ 0, 0, -1 ], "overmap": "afs_stratoscomm_relay_s1_north" },
      { "point": [ 0, 0, 0 ], "overmap": "afs_stratoscomm_relay_n1_north" },
      { "point": [ 0, 0, 1 ], "overmap": "afs_stratoscomm_relay_n2_north" }
    ],
    "locations": [ "land" ],
    "city_distance": [ 35, -1 ],
    "city_sizes": [ 0, -1 ],
    "occurrences": [ 0, 1 ],
    "flags": [ "MAN_MADE" ]
  },
  {
    "type": "overmap_special",
    "id": "Sieged Tower",
    "overmaps": [ { "point": [ 0, 0, 0 ], "overmap": "sieged_fungal_tower" } ],
    "locations": [ "wilderness" ],
    "city_distance": [ 5, -1 ],
    "city_sizes": [ 0, 12 ],
    "occurrences": [ 0, 1 ],
    "flags": [ "FUNGAL" ],
    "rotate": false,
    "spawns": { "group": "GROUP_FUNGI_TOWER", "population": [ 125, 175 ], "radius": [ 2, 2 ] }
  },
  {
    "type": "overmap_special",
    "id": "mortuary_2story",
    "overmaps": [
      { "point": [ 0, 0, 0 ], "overmap": "mortuary_2story_north" },
      { "point": [ 0, 0, 1 ], "overmap": "mortuary_2story_second_north" },
      { "point": [ 0, 0, -1 ], "overmap": "mortuary_basement_north" },
      { "point": [ 0, 0, 2 ], "overmap": "mortuary_roof_north" }
    ],
    "connections": [ { "point": [ 0, -1, 0 ], "terrain": "road" } ],
    "locations": [ "land" ],
    "city_distance": [ 5, -1 ],
    "city_sizes": [ 2, -1 ],
    "occurrences": [ 0, 1 ]
  },
  {
    "type": "overmap_special",
    "id": "Strange LMOE Shelter",
    "overmaps": [
      { "point": [ 0, 0, 0 ], "overmap": "whately_lmoe_north" },
      { "point": [ 0, 0, 1 ], "overmap": "whately_lmoe_roof_north" },
      { "point": [ 0, 0, -1 ], "overmap": "whately_lmoe_under_first_floor_north" },
      { "point": [ 0, 0, -2 ], "overmap": "whately_lmoe_under_second_floor_north" }
    ],
    "locations": [ "land" ],
    "city_distance": [ 20, -1 ],
    "city_sizes": [ 0, 12 ],
    "occurrences": [ 0, 0 ],
    "flags": [ "UNIQUE", "MAN_MADE" ]
  },
  {
    "type": "overmap_special",
    "id": "robot_dispatch",
    "locations": [ "land", "swamp" ],
    "city_distance": [ -1, 1 ],
    "city_sizes": [ 1, 12 ],
    "occurrences": [ 0, 3 ],
    "overmaps": [
      { "point": [ 0, 0, 0 ], "overmap": "robot_dispatch_first_north" },
      { "point": [ 0, 0, 1 ], "overmap": "robot_dispatch_second_north" }
    ],
    "flags": [ "MAN_MADE" ]
  }
]
