[
  {
    "id": "hydrogen_gun_atm_barrel",
    "type": "TOOL",
    "category": "mods",
    "name": { "str": "OFG16k air-filled barrel" },
    "description": "The barrel of the OFG16k filled with atmospheric air, resulting in suboptimal muzzle velocity but far more reliable action with no risk of damage to the barrel, plus its gas loading and sealing mechanisms and emergency release. Remove from the OFG16k, load a canister and activate to fill it with hydrogen.",
    "weight": "3100 g",
    "volume": "2250 ml",
    "price": "3000 USD",
    "price_postapoc": "30 USD",
    "to_hit": -1,
    "bashing": 12,
    "material": [ "diamond", "superalloy", "steel" ],
    "symbol": ":",
    "color": "dark_gray",
    "ammo": "plasma",
    "initial_charges": 0,
    "pocket_data": [ { "pocket_type": "MAGAZINE", "rigid": true, "ammo_restriction": { "plasma": 1 } } ],
    "gun_data": {
      "skill": "launcher",
      "ammo": "plasma",
      "clip_size": 1
    },
    "gunmod_data": {
      "location": "barrel",
      "mod_targets": [ "rifle" ],
      "install_time": "15 s",
      "dispersion_modifier": -855,
      "damage_modifier": { "damage_type": "bullet", "amount": 25 },
      "range_modifier": 40
    },
    "use_action": {
      "target": "hydrogen_gun_h_barrel",
      "msg": "You prepare the canister to fill up the barrel and replace atmospheric air with pure hydrogen.",
      "menu_text": "Prepare hydrogen",
      "type": "transform",
      "target_charges": 0,
      "need_charges": 1
    },
    "looks_like": "barrel_big"
  },
  {
    "id": "hydrogen_gun_h_barrel",
    "type": "TOOL",
    "category": "mods",
    "name": { "str": "OFG16k hydrogen-filled barrel" },
    "description": "The barrel of the OFG16k filled with pure hydrogen from an attached canister. The speed of sound is 3.8 times faster inside it, which drastically boosts muzzle velocity but every shot has a chance to damage the barrel. Included with it are the gas loading and sealing mechanisms and emergency release. Activate to vent off all hydrogen and unseal it to the atmosphere.",
    "weight": "3283 g",
    "price": "3000 USD",
    "price_postapoc": "50 USD",
    "//": "including hydrogen canister mass because 'NO_UNLOAD' flag does the same as 'IRREMOVABLE' in a tool that also can be attached as gun mod. The eventual depletion of hydrogen from the canister currently doesn't work.",
    "volume": "2250 ml",
    "to_hit": -1,
    "bashing": 12,
    "material": [ "diamond", "superalloy", "steel" ],
    "symbol": ":",
    "color": "dark_gray",
    "ammo": "plasma",
    "gun_data": {
      "skill": "launcher"
    },
    "gunmod_data": {
      "location": "barrel",
      "mod_targets": [ "rifle" ],
      "dispersion_modifier": -900,
      "install_time": "15 s",
      "damage_modifier": { "damage_type": "bullet", "amount": 63 },
      "handling_modifier": -15,
      "ammo_effects": [ "TRAIL", "INCENDIARY" ],
      "range_modifier": 40,
      "consume_chance": 500,
      "consume_divisor": 10
    },
    "use_action": {
      "target": "hydrogen_gun_atm_barrel",
      "msg": "You vent off hydrogen, expose the barrel to atmospheric air and discard the now empty canister.",
      "menu_text": "Vent off hydrogen",
      "type": "transform"
    },
    "initial_charges": 0,
    "max_charges": 0,
    "turns_per_charge": 200000,
    "revert_to": "hydrogen_gun_atm_barrel",
    "revert_msg": "The OFG16k barrel ran out of hydrogen.",
    "looks_like": "barrel_big"
  },
  {
    "id": "ocg_er555_barrel",
    "copy-from": "barrel_small",
    "type": "GUNMOD",
    "name": { "str": "OCG ER555 standard barrel" },
    "description": "An OCG standard 5.56mm barrel. Long enough for sniper rifles as it is when used together with electrothermal-chemical technology.",
    "price": "0 USD",
    "volume": "750 ml",
    "material": "superalloy",
    "dispersion_modifier": 0,
    "damage_modifier": { "damage_type": "bullet", "amount": 1 },
    "range_modifier": 0,
    "flags": [ "IRREMOVABLE" ]
  },
  {
    "id": "ocg_er555_carbarrel",
    "copy-from": "barrel_small",
    "type": "GUNMOD",
    "name": { "str": "OCG ER555 shortened barrel" },
    "description": "An OCG built in shortened 5.56mm barrel, making a gun easier to carry, maneuver and aim at the expense of damage, accuracy and range. Its handguard rails support two underbarrel attachments.",
    "price": "0 USD",
    "volume": "250 ml",
    "material": "superalloy",
    "dispersion_modifier": 25,
    "damage_modifier": { "damage_type": "bullet", "amount": -4 },
    "range_modifier": -9,
    "add_mod": [ [ "underbarrel", 1 ], [ "stock", 1 ] ],
    "flags": [ "IRREMOVABLE" ]
  },
  {
    "id": "ocg_er555_cqbbarrel",
    "copy-from": "barrel_small",
    "type": "GUNMOD",
    "name": { "str": "OCG ER555 CQB barrel" },
    "description": "An OCG built in very short 5.56mm barrel for close quarters battle, making a gun much easier to carry, maneuver and aim at the expense of damage, accuracy and range. Its handguard rails support two underbarrel attachments.",
    "price": "0 USD",
    "volume": "0 ml",
    "material": "superalloy",
    "dispersion_modifier": 50,
    "damage_modifier": { "damage_type": "bullet", "amount": -5 },
    "range_modifier": -18,
    "//": "because of accuracy loss, not because the round won't travel farther and still remain lethal, as in the AKS-74U",
    "add_mod": [ [ "underbarrel", 1 ], [ "stock", 1 ] ],
    "flags": [ "IRREMOVABLE" ]
  },
  {
    "id": "ocg_er555_lmgbarrel",
    "copy-from": "barrel_small",
    "type": "GUNMOD",
    "name": { "str": "OCG ER555 reinforced barrel" },
    "description": "An OCG built in reinforced 5.56mm barrel for the E/QR555-SAW. Improves the gun's reliability.",
    "price": "0 USD",
    "volume": "750 ml",
    "material": "superalloy",
    "dispersion_modifier": 0,
    "damage_modifier": { "damage_type": "bullet", "amount": 1 },
    "range_modifier": 0,
    "add_mod": [ [ "stock", 1 ] ],
    "flags": [ "IRREMOVABLE" ]
  },
  {
    "id": "qr555_dmrbarrel",
    "copy-from": "barrel_small",
    "type": "GUNMOD",
    "name": { "str": "OCG QR555 DMR barrel" },
    "description": "An OCG DMR 5.56mm match-grade, long-twist barrel, extending the effective range of subsonic 5.56 OCG Noctis rounds beyond 300 meters and of regular 5.56 NATO beyond 400 while maintaining the the former subsonic.",
    "price": "0 USD",
    "volume": "1 L",
    "material": "superalloy",
    "dispersion_modifier": -20,
    "damage_modifier": { "damage_type": "bullet", "amount": 3 },
    "range_modifier": 5,
    "flags": [ "IRREMOVABLE" ]
  }
]
