[
  {
    "id": "retool_ar15_300blk",
    "copy-from": "retool_ar15_300blk",
    "type": "GUNMOD",
    "name": { "str": ".300 AAC Blackout AR-15 conversion kit" },
    "magazine_adaptor": [ [ "300blk", [ "stanag30", "stanag50", "survivor223mag", "ocg556e_30", "ocg556e_50" ] ] ]
  },
  {
    "id": "retool_mr9sd_300blk",
    "copy-from": "retool_ar15_300blk",
    "type": "GUNMOD",
    "name": { "str": ".300 AAC Blackout MR9SD conversion kit" },
    "description": "A complete, even further accurized MR9 upper assembly with a .300 AAC Blackout match-grade barrel and adapted AR-15 pattern lower receiver that converts the MR9SD into a \"suppressed sniper rifle\".",
    "price": "750 USD",
    "price_postapoc": "15 USD",
    "weight": "1750 g",
    "volume": "1 L",
    "mod_targets": [ "ocg_mr9sd" ],
    "magazine_adaptor": [ [ "300blk", [ "ocg556e_14", "ocg556e_30", "ocg556e_50", "stanag5", "stanag10", "stanag20", "stanag30", "stanag40", "stanag50", "survivor223mag" ] ] ],
    "dispersion_modifier": -65,
    "range_modifier": -15,
    "damage_modifier": { "damage_type": "bullet", "amount": -3 }
  }
]