[
  {
    "id": "magazine_battery_mod",
    "copy-from": "magazine_battery_mod",
    "type": "TOOLMOD",
    "name": { "str": "battery compartment mod" },
    "description": "A battery compartment mod that allows using vehicle batteries and small storage batteries in regular tools. You may opt to install it on a gun instead after activating it.",
    "use_action": {
      "target": "magazine_battery_mod_gun",
      "msg": "You decide you will install this on an energy weapon, for now.",
      "menu_text": "Plan to use as weapon mod",
      "type": "transform"
    }
  },
  {
    "id": "magazine_battery_mod_gun",
    "copy-from": "magazine_battery_mod",
    "type": "TOOLMOD",
    "category": "mods",
    "name": { "str": "battery compartment mod (gun)" },
    "description": "A battery compartment mod that allows using vehicle batteries and small storage batteries in some very specific energy guns. You may opt to install it on a tool instead after activating it.",
    "volume": "250 ml",
    "weight": "142 g",
    "flags": [ "IRREMOVABLE" ],
    "gunmod_data": {
      "location": "loading port",
      "mod_targets": [ "rifle", "launcher", "shotgun" ],
      "install_time": "5 s",
      "acceptable_ammo": [ "battery" ],
      "magazine_adaptor": [ [ "battery", [ "small_storage_battery", "battery_car", "battery_motorbike" ] ] ]
    },
    "use_action": {
      "target": "magazine_battery_mod",
      "msg": "You decide you will install this on a tool, for now.",
      "menu_text": "Plan to use as tool mod",
      "type": "transform"
    }
  },
  {
    "id": "magazine_battery_light_mod",
    "copy-from": "magazine_battery_light_mod",
    "type": "TOOLMOD",
    "name": { "str": "light battery mod" },
    "description": "A battery compartment mod that allows the use of light batteries in tools that otherwise could not. You may opt to install it on a gun instead after activating it.",
    "use_action": {
      "target": "magazine_battery_light_mod_gun",
      "msg": "You decide you will install this on an energy weapon, for now.",
      "menu_text": "Plan to use as weapon mod",
      "type": "transform"
    }
  },
  {
    "id": "magazine_battery_light_mod_gun",
    "copy-from": "magazine_battery_light_mod",
    "type": "TOOLMOD",
    "category": "mods",
    "name": { "str": "light battery mod (gun)" },
    "description": "A battery compartment mod that allows the use of light batteries in some very specific energy guns. You may opt to install it on a tool instead after activating it.",
    "volume": "250 ml",
    "weight": "142 g",
    "flags": [ "IRREMOVABLE" ],
    "gunmod_data": {
      "location": "loading port",
      "mod_targets": [ "pistol", "smg", "rifle", "launcher", "shotgun" ],
      "install_time": "5 s",
      "acceptable_ammo": [ "battery" ],
      "magazine_adaptor": [
        [
          "battery",
          [
            "light_minus_battery_cell",
            "light_minus_atomic_battery_cell",
            "light_minus_disposable_cell",
            "light_battery_cell",
            "light_plus_battery_cell",
            "light_atomic_battery_cell",
            "light_disposable_cell"
          ]
        ]
      ]
    },
    "use_action": {
      "target": "magazine_battery_light_mod",
      "msg": "You decide you will install this on a tool, for now.",
      "menu_text": "Plan to use as tool mod",
      "type": "transform"
    }
  },
  {
    "id": "magazine_battery_medium_mod",
    "copy-from": "magazine_battery_medium_mod",
    "type": "TOOLMOD",
    "name": { "str": "medium battery mod" },
    "description": "A battery compartment mod that allows the use of medium batteries in tools that otherwise could not. You may opt to install it on a gun instead after activating it.",
    "use_action": {
      "target": "magazine_battery_medium_mod_gun",
      "msg": "You decide you will install this on an energy weapon, for now.",
      "menu_text": "Plan to use as weapon mod",
      "type": "transform"
    }
  },
  {
    "id": "magazine_battery_medium_mod_gun",
    "copy-from": "magazine_battery_medium_mod",
    "type": "TOOLMOD",
    "category": "mods",
    "name": { "str": "medium battery mod (gun)" },
    "description": "A battery compartment mod that allows the use of medium batteries in some very specific energy guns. You may opt to install it on a tool instead after activating it.",
    "volume": "250 ml",
    "weight": "142 g",
    "flags": [ "IRREMOVABLE" ],
    "gunmod_data": {
      "location": "loading port",
      "mod_targets": [  "pistol", "smg", "rifle", "launcher", "shotgun" ],
      "install_time": "5 s",
      "acceptable_ammo": [ "battery" ],
      "magazine_adaptor": [
        [
          "battery",
          [ "medium_battery_cell", "medium_plus_battery_cell", "medium_atomic_battery_cell", "medium_disposable_cell" ]
        ]
      ]
    },
    "use_action": {
      "target": "magazine_battery_medium_mod",
      "msg": "You decide you will install this on a tool, for now.",
      "menu_text": "Plan to use as tool mod",
      "type": "transform"
    }
  },
  {
    "id": "magazine_battery_heavy_mod",
    "copy-from": "magazine_battery_heavy_mod",
    "type": "TOOLMOD",
    "category": "mods",
    "name": { "str": "heavy battery mod" },
    "description": "A battery compartment mod that allows the use of heavy batteries in tools that otherwise could not. You may opt to install it on a gun instead after activating it.",
    "use_action": {
      "target": "magazine_battery_heavy_mod_gun",
      "msg": "You decide you will install this on an energy weapon, for now.",
      "menu_text": "Plan to use as weapon mod",
      "type": "transform"
    }
  },
  {
    "id": "magazine_battery_heavy_mod_gun",
    "copy-from": "magazine_battery_heavy_mod",
    "type": "TOOLMOD",
    "category": "mods",
    "name": { "str": "heavy battery mod (gun)" },
    "description": "A battery compartment mod that allows the use of heavy batteries in some very specific energy guns. You may opt to install it on a tool instead after activating it.",
    "volume": "250 ml",
    "weight": "142 g",
    "flags": [ "IRREMOVABLE" ],
    "gunmod_data": {
      "location": "loading port",
      "mod_targets": [ "smg", "rifle", "launcher", "shotgun" ],
      "install_time": "5 s",
      "acceptable_ammo": [ "battery" ],
      "magazine_adaptor": [
        [ "battery", [ "heavy_battery_cell", "heavy_plus_battery_cell", "heavy_atomic_battery_cell", "heavy_disposable_cell" ] ]
      ]
    },
    "use_action": {
      "target": "magazine_battery_heavy_mod",
      "msg": "You decide you will install this on a tool, for now.",
      "menu_text": "Plan to use as tool mod",
      "type": "transform"
    }
  }
]