[
  {
    "id": "nanogun_capacitor",
    "type": "GUNMOD",
    "copy-from": "high_density_capacitor",
    "name": { "str": "N8 high density capacitor" },
    "description": "A capacitor for the Nanogun's boosted electrothermal-chemical action, which improves armor penetration at the cost of more power consumption, noise and recoil.",
    "weight": "0 g",
    "price": "0 USD",
    "range_modifier": 0,
    "damage_modifier": { "damage_type": "bullet", "amount": 0 },
    "loudness_modifier": 10,
    "location": "mechanism",
    "mod_targets": [ "smg" ],
    "ups_charges_multiplier": 3,
    "flags": [ "IRREMOVABLE", "ZERO_WEIGHT" ]
  },
  {
    "id": "minisniper_capacitor",
    "type": "GUNMOD",
    "copy-from": "high_density_capacitor",
    "name": { "str": "MS400 high density capacitor" },
    "description": "A capacitor for the overcharged MS400 electrothermal-chemical action, which improves damage, effective range and armor penetration at the cost of more power consumption, noise and recoil.",
    "weight": "0 g",
    "price": "0 USD",
    "range_modifier": 10,
    "damage_modifier": { "damage_type": "bullet", "amount": 5 },
    "loudness_modifier": 20,
    "location": "mechanism",
    "mod_targets": [ "rifle" ],
    "ups_charges_multiplier": 4,
    "flags": [ "IRREMOVABLE", "ZERO_WEIGHT" ]
  },
  {
    "id": "ad_capacitor",
    "type": "GUNMOD",
    "copy-from": "high_density_capacitor",
    "name": { "str": "OCG anti-drone capacitor" },
    "description": "A capacitor for overcharged 5.56 ETC caliber electrothermal-chemical guns, improving penetration against the heaviest drone and power armors at the cost of much more power consumption, noise and recoil.",
    "weight": "0 g",
    "price": "0 USD",
    "range_modifier": 0,
    "damage_modifier": { "damage_type": "bullet", "amount": 0 },
    "loudness_modifier": 80,
    "location": "mechanism",
    "mod_targets": [ "rifle", "pistol" ],
    "ups_charges_multiplier": 4.5,
    "flags": [ "IRREMOVABLE", "ZERO_WEIGHT" ]
  }
]
