[
  {
    "id": "mr9sd_suppressor",
    "copy-from": "suppressor",
    "type": "GUNMOD",
    "name": { "str": "MR9SD integral suppressor" },
    "description": "The integrated suppressor for the MR9SD Styx.",
    "material": "superalloy",
    "damage_modifier": { "damage_type": "bullet", "amount": -7 },
    "weight": "350 g",
    "volume": "0 ml",
    "loudness_modifier": -100,
    "range_modifier": -14,
    "dispersion_modifier": 0,
    "location": "barrel",
    "flags": [ "IRREMOVABLE" ]
  },
  {
    "id": "ms400sd_suppressor",
    "copy-from": "suppressor",
    "type": "GUNMOD",
    "name": { "str": "MS400SD integral suppressor" },
    "description": "A complex and heavy integrated suppressor for a hypervelocity gun.",
    "material": "superalloy",
    "damage_modifier": { "damage_type": "bullet", "amount": -7 },
    "weight": "1 kg",
    "volume": "500 ml",
    "loudness_modifier": -305,
    "range_modifier": -1,
    "dispersion_modifier": 0,
    "location": "barrel",
    "flags": [ "IRREMOVABLE" ]
  },
  {
    "id": "n8sd_suppressors",
    "copy-from": "suppressor",
    "type": "GUNMOD",
    "name": { "str_sp": "N8SD integral suppressors" },
    "description": "Six integrated suppressors for the N8SD nanogun barrels.",
    "material": "superalloy",
    "damage_modifier": { "damage_type": "bullet", "amount": -3 },
    "weight": "1300 g",
    "volume": "0 ml",
    "loudness_modifier": -70,
    "range_modifier": -1,
    "dispersion_modifier": 0,
    "location": "barrel",
    "flags": [ "IRREMOVABLE" ]
  },
  {
    "id": "o2020hsd_suppressor",
    "copy-from": "suppressor",
    "type": "GUNMOD",
    "name": { "str": "O2020HSD integral suppressor" },
    "description": "Integrated suppressor for the O2020HSD.",
    "material": "superalloy",
    "damage_modifier": { "damage_type": "bullet", "amount": -2 },
    "weight": "350 g",
    "volume": "0 ml",
    "loudness_modifier": -61,
    "range_modifier": -4,
    "dispersion_modifier": 0,
    "location": "barrel",
    "flags": [ "IRREMOVABLE" ]
  },
  {
    "id": "o2020sd_suppressor",
    "copy-from": "suppressor",
    "type": "GUNMOD",
    "name": { "str": "O2020SD integral suppressor" },
    "description": "Integrated suppressor for the O2020SD.",
    "material": "superalloy",
    "damage_modifier": { "damage_type": "bullet", "amount": 0 },
    "weight": "220 g",
    "volume": "0 ml",
    "loudness_modifier": -55,
    "range_modifier": -1,
    "dispersion_modifier": 0,
    "location": "barrel",
    "flags": [ "IRREMOVABLE" ]
  },
  {
    "id": "ocg410sd_suppressor",
    "copy-from": "suppressor",
    "type": "GUNMOD",
    "name": { "str": "OCG410SD integral suppressor" },
    "description": "A big, vaguely bucket-shaped suppressor for the Sicarius .410 shotgun, making it only slightly louder than a MP5SD or equivalent.",
    "material": "superalloy",
    "damage_modifier": { "damage_type": "bullet", "amount": -2 },
    "weight": "1200 g",
    "volume": "500 ml",
    "loudness_modifier": -72,
    "range_modifier": -2,
    "dispersion_modifier": 0,
    "mod_targets": [ "shotgun" ],
    "flags": [ "IRREMOVABLE" ]
  },
  {
    "id": "qr555_suppressor",
    "copy-from": "suppressor",
    "type": "GUNMOD",
    "name": { "str": "QR555 integral suppressor" },
    "description": "Integrated suppressor for the \"Quiet\" Rifle 555 platform, it won't make justice to such name without subsonic loads.",
    "material": "superalloy",
    "damage_modifier": { "damage_type": "bullet", "amount": 0 },
    "weight": "750 g",
    "volume": "0 ml",
    "loudness_modifier": -65,
    "range_modifier": 0,
    "dispersion_modifier": 0,
    "location": "barrel",
    "flags": [ "IRREMOVABLE" ]
  },
  {
    "id": "smp_suppressor",
    "copy-from": "suppressor",
    "type": "GUNMOD",
    "name": { "str": "SMP integral suppressor" },
    "description": "Integrated suppressor for the Stealth Machine Pistol.",
    "material": "superalloy",
    "damage_modifier": { "damage_type": "bullet", "amount": -1 },
    "weight": "200 g",
    "volume": "0 ml",
    "loudness_modifier": -58,
    "range_modifier": -2,
    "dispersion_modifier": 0,
    "location": "barrel",
    "flags": [ "IRREMOVABLE" ]
  },
  {
    "id": "spistol_suppressor",
    "copy-from": "suppressor",
    "type": "GUNMOD",
    "name": { "str": "Stealth Pistol integral suppressor" },
    "description": "Integrated suppressor for the Stealth Pistol, curiously made of a ceramic matrix composite.",
    "material": "ceramic",
    "damage_modifier": { "damage_type": "bullet", "amount": 0 },
    "weight": "140 g",
    "volume": "0 ml",
    "loudness_modifier": -62,
    "range_modifier": -4,
    "dispersion_modifier": 0,
    "location": "barrel",
    "flags": [ "IRREMOVABLE" ]
  },
  {
    "id": "ssr300_suppressor",
    "copy-from": "suppressor",
    "type": "GUNMOD",
    "name": { "str": "SSR300 integral suppressor" },
    "description": "Heavy and large integrated suppressor for the SSR300 Wisp. Incredibly effective, it puts the Whisper in .300, even supersonic rounds while still loud won't make too much noise.",
    "material": "superalloy",
    "damage_modifier": { "damage_type": "bullet", "amount": 0 },
    "weight": "1 kg",
    "volume": "0 ml",
    "//": "Volume added to conversion kit's volume instead",
    "loudness_modifier": -130,
    "range_modifier": 0,
    "dispersion_modifier": 0,
    "location": "barrel",
    "flags": [ "IRREMOVABLE" ]
  }
]

