[
  {
    "id": "ocg_grippod_bipod",
    "copy-from": "bipod",
    "type": "GUNMOD",
    "name": { "str_sp": "grip/pod bipod" },
    "description": "All-in-one bipod and forward grip for recoil control. This is the bipod component, usable only on certain surfaces, a bit less effective than a dedicated bipod but faster to equip.",
    "weight": "310 g",
    "volume": "250 ml",
    "mod_targets": [ "rifle", "shotgun", "smg", "launcher" ],
    "handling_modifier": 12,
    "flags": [ "BIPOD", "IRREMOVABLE" ]
  },
  {
    "id": "ocg_grippod_fg",
    "copy-from": "grip",
    "type": "GUNMOD",
    "name": { "str_sp": "grip/pod forward grip" },
    "description": "All-in-one bipod and forward grip for recoil control. This is the grip component, it is slightly less effective than a dedicated forward grip.",
    "weight": "90 g",
    "handling_modifier": 5,
    "add_mod": [ [ "underbarrel", 1 ] ],
    "flags": [ "IRREMOVABLE" ]
  },
  {
    "id": "ocg_lgw_mode2",
    "type": "GUNMOD",
    "name": { "str": "LGW Mode 2" },
    "description": "Secondary fire control system of the LGW, linked to the lower half of its launch tubes.",
    "weight": "3 kg",
    "volume": "3 L",
    "price": "10000 USD",
    "price_postapoc": "10 USD",
    "install_time": "0 s",
    "material": [ "superalloy" ],
    "symbol": ":",
    "color": "light_red",
    "location": "underbarrel",
    "mod_targets": [ "launcher" ],
    "gun_data": {
      "ammo": "66mmff",
      "skill": "launcher",
      "dispersion": 0,
      "sight_dispersion": 0,
      "durability": 10,
      "clip_size": 2
    },
    "pocket_data": [ { "pocket_type": "MAGAZINE", "rigid": true, "ammo_restriction": { "66mmff": 2 } } ],
    "flags": [ "IRREMOVABLE", "RELOAD_ONE" ]
  },
  {
    "id": "ocgl_combo912_shotgun",
    "type": "GUNMOD",
    "name": { "str": "Combo 912 shotgun" },
    "description": "A minimalist double barrel shotgun based upon the 12C Storm Bolter, except with longer barrels.  It allows a total of four shotgun shells to be loaded and fired.",
    "weight": "2180 g",
    "volume": "1470 ml",
    "price": "950 USD",
    "price_postapoc": "20 USD",
    "install_time": "0 s",
    "material": [ "superalloy", "steel", "plastic" ],
    "symbol": ":",
    "color": "light_red",
    "location": "underbarrel",
    "mod_targets": [ "pistol", "smg" ],
    "gun_data": {
      "ammo": "shot",
      "skill": "shotgun",
      "dispersion": 510,
      "durability": 10,
      "clip_size": 4,
      "modes": [ [ "DEFAULT", "shot", 1 ], [ "DOUBLE", "2-shot", 2, "SIMULTANEOUS" ] ]
    },
    "pocket_data": [ { "pocket_type": "MAGAZINE", "rigid": true, "ammo_restriction": { "shot": 4 } } ],
    "flags": [ "RELOAD_ONE", "IRREMOVABLE" ]
  },
  {
    "id": "int_rm42i_bayonet",
    "type": "GUNMOD",
    "name": { "str": "RM42I bayonet" },
    "description": "A licensed integrated variant of the RM42 fighting knife for the ER555-CQB and QR555-SMG with a shorter blade.",
    "weight": "123 g",
    "volume": "290 ml",
    "price": "400 USD",
    "price_postapoc": "30 USD",
    "install_time": "0 s",
    "to_hit": -1,
    "cutting": 19,
    "material": [ "ceramic", "plastic" ],
    "symbol": ":",
    "color": "dark_gray",
    "location": "underbarrel",
    "mod_targets": [ "shotgun", "rifle" ],
    "dispersion_modifier": 10,
    "mode_modifier": [ [ "REACH", "bayonet", 2, [ "MELEE", "REACH_ATTACK" ] ] ],
    "qualities": [ [ "CUT", 1 ], [ "COOK", 1 ], [ "BUTCHER", -18 ] ],
    "flags": [ "DURABLE_MELEE", "IRREMOVABLE", "STAB", "NO_CVD" ]
  }
]