[
  {
    "type": "recipe",
    "activity_level": "MODERATE_EXERCISE",
    "result": "faction_base_modular_firestation1_workbench",
    "description": "Let's get a nice workbench built to improve our work.  Place it next to the anvil.",
    "category": "CC_BUILDING",
    "subcategory": "CSC_BUILDING_BASES",
    "skill_used": "fabrication",
    "autolearn": false,
    "never_learn": true,
    "construction_blueprint": "fbmc_firestation1_workbench",
    "blueprint_name": "build a workbench",
    "blueprint_requires": [ { "id": "fbmc_firestation1_tools" } ],
    "blueprint_provides": [ { "id": "fbmc_firestation1_workbench" }, { "id": "blacksmith_recipes_5" } ],
    "blueprint_excludes": [ { "id": "fbmc_firestation1_workbench" } ]
  },
  {
    "type": "recipe",
    "activity_level": "MODERATE_EXERCISE",
    "result": "faction_base_modular_shelter_craftspot",
    "description": "Let's build a work bench.",
    "category": "CC_BUILDING",
    "subcategory": "CSC_BUILDING_BASES",
    "autolearn": false,
    "never_learn": true,
    "construction_blueprint": "fbmc_shelter_craftspot",
    "blueprint_name": "build a work bench",
    "blueprint_requires": [ { "id": "fbmc_shelter_fire" } ],
    "blueprint_provides": [ { "id": "fbmc_shelter_craftspot" }, { "id": "tool_storage" } ],
    "blueprint_excludes": [ { "id": "fbmc_shelter_craftspot" } ]
  },
  {
    "type": "recipe",
    "activity_level": "MODERATE_EXERCISE",
    "result": "faction_base_modular_shelter_1_craftspot",
    "description": "Let's build a work bench.",
    "category": "CC_BUILDING",
    "subcategory": "CSC_BUILDING_BASES",
    "autolearn": false,
    "never_learn": true,
    "construction_blueprint": "fbmc_shelter_1_craftspot",
    "blueprint_name": "build a work bench",
    "blueprint_requires": [ { "id": "fbmc_shelter_1_fire" } ],
    "blueprint_provides": [ { "id": "fbmc_shelter_1_craftspot" }, { "id": "tool_storage" } ],
    "blueprint_excludes": [ { "id": "fbmc_shelter_1_craftspot" } ]
  },
  {
    "type": "recipe",
    "activity_level": "MODERATE_EXERCISE",
    "result": "faction_base_modular_workshop_room6_rock_north",
    "description": "Let's expand our production by adding a rock walled pottery kiln area.",
    "category": "CC_BUILDING",
    "subcategory": "CSC_BUILDING_BASES",
    "autolearn": false,
    "never_learn": true,
    "construction_blueprint": "fbmw_room6_rock_north",
    "blueprint_name": "north pottery wall",
    "blueprint_requires": [ { "id": "fbmw_center" } ],
    "blueprint_provides": [ { "id": "fbmw_north" }, { "id": "blacksmith_recipes_4" } ],
    "blueprint_excludes": [ { "id": "fbmw_north", "amount": 2 } ],
    "blueprint_resources": [ "tongs", "chisel", "hammer", "swage" ],
    "components": [ [ [ "tongs", 1 ] ], [ [ "chisel", 1 ] ], [ [ "hammer", 1 ] ], [ [ "swage", 1 ] ] ]
  },
  {
    "type": "recipe",
    "activity_level": "MODERATE_EXERCISE",
    "result": "faction_base_modular_workshop_room2_common_northeast",
    "description": "Let's install an anvil, some quenching containers and a workbench.",
    "category": "CC_BUILDING",
    "subcategory": "CSC_BUILDING_BASES",
    "autolearn": false,
    "never_learn": true,
    "construction_blueprint": "fbmw_room2_common_northeast",
    "blueprint_name": "anvil and workbench",
    "blueprint_requires": [ { "id": "fbmw_northeast", "amount": 2 } ],
    "blueprint_provides": [ { "id": "fbmw_northeast" }, { "id": "blacksmith_recipes_2" } ],
    "blueprint_excludes": [ { "id": "fbmw_northeast", "amount": 3 } ],
    "blueprint_resources": [ "anvil" ],
    "components": [ [ [ "anvil", 1 ] ], [ [ "55gal_drum", 1 ] ], [ [ "30gal_drum", 1 ] ] ]
  },
  {
    "type": "recipe",
    "activity_level": "MODERATE_EXERCISE",
    "result": "faction_base_modular_workshop_room6_log_north",
    "description": "Let's expand our production by adding a log walled pottery kiln area.",
    "category": "CC_BUILDING",
    "subcategory": "CSC_BUILDING_BASES",
    "autolearn": false,
    "never_learn": true,
    "construction_blueprint": "fbmw_room6_log_north",
    "blueprint_name": "north pottery wall",
    "blueprint_requires": [ { "id": "fbmw_center" } ],
    "blueprint_provides": [ { "id": "fbmw_north" }, { "id": "blacksmith_recipes_4" } ],
    "blueprint_excludes": [ { "id": "fbmw_north", "amount": 2 } ],
    "blueprint_resources": [ "tongs", "chisel", "hammer", "swage" ],
    "components": [ [ [ "tongs", 1 ] ], [ [ "chisel", 1 ] ], [ [ "hammer", 1 ] ], [ [ "swage", 1 ] ] ]
  },
  {
    "type": "recipe",
    "activity_level": "MODERATE_EXERCISE",
    "result": "faction_base_modular_workshop_room6_migo_resin_north",
    "description": "Let's expand our production by adding a mi-go resin walled pottery kiln area.",
    "category": "CC_BUILDING",
    "subcategory": "CSC_BUILDING_BASES",
    "autolearn": false,
    "never_learn": true,
    "construction_blueprint": "fbmw_room6_migo_resin_north",
    "blueprint_name": "north pottery wall",
    "blueprint_requires": [ { "id": "fbmw_center" } ],
    "blueprint_provides": [ { "id": "fbmw_north" }, { "id": "blacksmith_recipes_4" } ],
    "blueprint_excludes": [ { "id": "fbmw_north", "amount": 2 } ],
    "blueprint_resources": [ "tongs", "chisel", "hammer", "swage" ],
    "components": [ [ [ "tongs", 1 ] ], [ [ "chisel", 1 ] ], [ [ "hammer", 1 ] ], [ [ "swage", 1 ] ] ]
  },
  {
    "type": "recipe",
    "activity_level": "MODERATE_EXERCISE",
    "result": "faction_base_modular_workshop_room6_rammed_earth_north",
    "description": "Let's expand our production by adding a rammed earth walled pottery kiln area.",
    "category": "CC_BUILDING",
    "subcategory": "CSC_BUILDING_BASES",
    "autolearn": false,
    "never_learn": true,
    "construction_blueprint": "fbmw_room6_rammed_earth_north",
    "blueprint_name": "north pottery wall",
    "blueprint_requires": [ { "id": "fbmw_center" } ],
    "blueprint_provides": [ { "id": "fbmw_north" }, { "id": "blacksmith_recipes_4" } ],
    "blueprint_excludes": [ { "id": "fbmw_north", "amount": 2 } ],
    "blueprint_resources": [ "tongs", "chisel", "hammer", "swage" ],
    "components": [ [ [ "tongs", 1 ] ], [ [ "chisel", 1 ] ], [ [ "hammer", 1 ] ], [ [ "swage", 1 ] ] ]
  },
  {
    "type": "recipe",
    "activity_level": "MODERATE_EXERCISE",
    "result": "faction_base_modular_workshop_room6_wad_north",
    "description": "Let's expand our production by adding a wattle and daub walled pottery kiln area.",
    "category": "CC_BUILDING",
    "subcategory": "CSC_BUILDING_BASES",
    "autolearn": false,
    "never_learn": true,
    "construction_blueprint": "fbmw_room6_wad_north",
    "blueprint_name": "north pottery wall",
    "blueprint_requires": [ { "id": "fbmw_center" } ],
    "blueprint_provides": [ { "id": "fbmw_north" }, { "id": "blacksmith_recipes_4" } ],
    "blueprint_excludes": [ { "id": "fbmw_north", "amount": 2 } ],
    "blueprint_resources": [ "tongs", "chisel", "hammer", "swage" ],
    "components": [ [ [ "tongs", 1 ] ], [ [ "chisel", 1 ] ], [ [ "hammer", 1 ] ], [ [ "swage", 1 ] ] ]
  },
  {
    "type": "recipe",
    "activity_level": "MODERATE_EXERCISE",
    "result": "faction_base_modular_workshop_room6_wad_north",
    "description": "Let's expand our production by adding a wattle and daub walled pottery kiln area.",
    "category": "CC_BUILDING",
    "subcategory": "CSC_BUILDING_BASES",
    "autolearn": false,
    "never_learn": true,
    "construction_blueprint": "fbmw_room6_wad_north",
    "blueprint_name": "north pottery wall",
    "blueprint_requires": [ { "id": "fbmw_center" } ],
    "blueprint_provides": [ { "id": "fbmw_north" }, { "id": "blacksmith_recipes_4" } ],
    "blueprint_excludes": [ { "id": "fbmw_north", "amount": 2 } ],
    "blueprint_resources": [ "tongs", "chisel", "hammer", "swage" ],
    "components": [ [ [ "tongs", 1 ] ], [ [ "chisel", 1 ] ], [ [ "hammer", 1 ] ], [ [ "swage", 1 ] ] ]
  },
  {
    "type": "recipe",
    "activity_level": "MODERATE_EXERCISE",
    "result": "faction_base_modular_workshop_room6_wood_north",
    "description": "Let's expand our production by adding a pottery kiln area.",
    "category": "CC_BUILDING",
    "subcategory": "CSC_BUILDING_BASES",
    "autolearn": false,
    "never_learn": true,
    "construction_blueprint": "fbmw_room6_wood_north",
    "blueprint_name": "north pottery wall",
    "blueprint_requires": [ { "id": "fbmw_center" } ],
    "blueprint_provides": [ { "id": "fbmw_north" }, { "id": "blacksmith_recipes_4" } ],
    "blueprint_excludes": [ { "id": "fbmw_north", "amount": 2 } ],
    "blueprint_resources": [ "tongs", "chisel", "hammer", "swage" ],
    "components": [ [ [ "tongs", 1 ] ], [ [ "chisel", 1 ] ], [ [ "hammer", 1 ] ], [ [ "swage", 1 ] ] ]
  }
]
