[
  {
    "//": "A group for any advanced civilian piece of clothing",
    "id": "afs_wintersuit_civilian_advanced",
    "type": "item_group",
    "subtype": "distribution",
    "items": [ { "group": "afs_wintersuit_science_advanced", "prob": 2 }, { "group": "afs_wintersuit_generic_advanced", "prob": 2 } ]
  },
  {
    "//": "A group for any generic-flavour advanced civilian piece of clothing",
    "id": "afs_wintersuit_generic_advanced",
    "type": "item_group",
    "subtype": "distribution",
    "items": [ { "group": "afs_frontier_cryo_g", "prob": 20 }, { "group": "afs_cryopod_g", "prob": 1 } ]
  },
  {
    "//": "A group for any science-flavour advanced civilian piece of clothing",
    "id": "afs_wintersuit_science_advanced",
    "type": "item_group",
    "subtype": "distribution",
    "items": [ { "group": "afs_magellan_g", "prob": 2 } ]
  },
  {
    "id": "afs_frontier_cryo_g",
    "type": "item_group",
    "//": "The matching frontier-cryosuit set. Includes suit, mask and possible future accessories",
    "subtype": "collection",
    "entries": [ { "item": "afs_frontier_cryo" }, { "item": "afs_frontier_cryomask", "prob": 90 } ]
  },
  {
    "id": "afs_cryopod_g",
    "type": "item_group",
    "//": "The high tech outfit you get cryo-sepulted in",
    "subtype": "collection",
    "entries": [ { "item": "afs_cryopod_bodyglove" } ]
  },
  {
    "id": "afs_magellan_g",
    "type": "item_group",
    "//": "The matching Magellan Exosuit set. Includes suit, mask and possible future accessories",
    "subtype": "collection",
    "entries": [ { "item": "afs_magellan_suit" }, { "item": "afs_magellan_suit_helmet", "prob": 90 } ]
  }
]
