[
  {
    "id": "1mm_magmg",
    "copy-from": "nail",
    "type": "AMMO",
    "category": "ammo",
    "name": { "str": "1.06mm magmg" },
    "description": "1g magnetic metal glass flechette for the GG285 Gauss Gun by OmniCorp. Its amorphous metal alloy has better magnetic qualities than cobalt or iron but is extremely expensive.",
    "material": "mmglass",
    "color": "dark_gray",
    "proportional": {
      "price": 50,
      "price_postapoc": 40
    },
    "ammo_type": "1magmg",
    "count": 1200,
    "stack_size": 100,
    "volume": "83 ml",
    "weight": "1 g",
    "range": 125,
    "dispersion": 20,
    "looks_like": "combatnail"
  }
]
