[
  {
    "id": "223blackout",
    "copy-from": "223",
    "type": "AMMO",
    "name": { "str": ".223 OCG Umbra" },
    "description": "5.56x45mm ammunition with subsonic 131gr tungsten bullets, a PDW version of the heavier 5.56 OCG Noctis. Trades range and power for low recoil, noise and good armor penetration.",
    "material": [ "brass", "powder", "tungsten" ],
    "//": "320 m/s muzzle velocity.",
    "weight": "11 g",
    "price": "9225 cent",
    "price_postapoc": "11 USD",
    "relative": {
      "damage": { "damage_type": "bullet", "amount": -19, "armor_penetration": 15 },
      "dispersion": 20
    },
    "proportional": { "range": 0.59, "recoil": 0.38 },
    "loudness": 67,
    "looks_like": "223",
    "extend": { "effects": [ "NEVER_MISFIRES" ] }
  },
  {
    "id": "556blackout",
    "copy-from": "223",
    "type": "AMMO",
    "name": { "str": "5.56 OCG Noctis" },
    "description": "5.56x45mm ammunition with subsonic 154gr depleted uranium bullets. While weaker and shorter ranged than dedicated subsonic rounds such as 9x39mm, they are more compact and can cut armor like a hot knife through butter.",
    "material": [ "brass", "powder", "uranium" ],
    "//": "320 m/s muzzle velocity.",
    "weight": "13 g",
    "price": "11160 cent",
    "price_postapoc": "17 USD",
    "relative": {
      "damage": { "damage_type": "bullet", "amount": -17, "armor_penetration": 26 },
      "dispersion": 7
    },
    "proportional": { "range": 0.73, "recoil": 0.45 },
    "loudness": 68,
    "looks_like": "556",
    "extend": { "effects": [ "NEVER_MISFIRES" ] }
  },
  {
    "id": "bp_223blackout",
    "copy-from": "reloaded_223blackout",
    "type": "AMMO",
    "name": { "str": ".223 OCG Umbra, black powder" },
    "description": "5.56x45mm ammunition with subsonic 92gr JHP lead bullets. Carefully designed to achieve the best possible ballistics against soft targets, it has low recoil but lacks the armor penetration of a factory-made subsonic round.",
    "material": [ "brass", "powder" ],
    "//": "Not sure if this would ever be useful, added it regardless.",
    "weight": "11 g",
    "proportional": {
      "price": 0.3,
      "damage": { "damage_type": "bullet", "amount": 0.9, "armor_penetration": 0.5 },
      "recoil": 0.8,
      "dispersion": 1.2
    },
    "loudness": 66,
    "looks_like": "bp_223",
    "extend": { "effects": [ "BLACKPOWDER", "MUZZLE_SMOKE" ] }
  },
  {
    "id": "reloaded_223blackout",
    "copy-from": "223blackout",
    "type": "AMMO",
    "name": { "str": ".223 OCG Umbra, reloaded" },
    "description": "5.56x45mm ammunition with subsonic 92gr JHP lead bullets. Carefully designed to achieve the best possible ballistics against soft targets, it has low recoil but lacks the armor penetration of a factory-made subsonic round.",
    "material": [ "brass", "powder" ],
    "//": "320 m/s muzzle velocity. 18 base dmg with a 25% JHP bonus. Russians invented 9x39mm to replace subsonic 5.45mm rounds for a good reason.",
    "weight": "10 g",
    "price": "140 cent",
    "price_postapoc": "450 cent",
    "relative": {
      "damage": { "damage_type": "bullet", "amount": -3, "armor_penetration": -15 }
    },
    "proportional": { "dispersion": 1.1, "recoil": 0.71 },
    "loudness": 66,
    "looks_like": "reloaded_223",
    "extend": { "effects": [ "RECYCLED" ] },
    "delete": { "effects": [ "NEVER_MISFIRES" ], "flags": [ "IRREPLACEABLE_CONSUMABLE" ] }
  }
]
