[
  {
    "id": "22etc_apt",
    "copy-from": "22etc_match",
    "type": "AMMO",
    "name": { "str": ".22 ETC TB" },
    "description": ".22 Electrothermal-chemical ammunition with subsonic 100gr tungsten ball bullets designed for the Stealth MP. Made for stopping power and 'silence' above all else, it falters against body armor but causes an impressive amount of damage against soft targets considering its size.",
    "weight": "7 g",
    "price": "120 USD",
    "material": [ "brass", "tungsten", "powder" ],
    "count": 200,
    "recoil": 200,
    "loudness": 64,
    "proportional": {
      "range": 0.75,
      "damage": { "damage_type": "bullet", "amount": 1.5, "armor_penetration": 0.000000001 },
      "dispersion": 0.8
    },
    "//": "295 m/s. 282 J. 50% damage bonus over APM. ~17 base damage value significantly boosted as justified by momentum, density, ballistics and having a reason to exist.",
    "looks_like": "22_cb",
    "extend": { "effects": [ "NOGIB" ] }
  },
  {
    "id": "22etc_hp",
    "copy-from": "22etc_match",
    "type": "AMMO",
    "name": { "str": ".22 ETC APF" },
    "description": ".22 Electrothermal-chemical ammunition with 33gr armor-piercing fragmenting bullets, a combination of hollow point terminal ballistics and decent armor penetration. Higher muzzle velocity than .22 LR and great stopping power for such a small round. It becomes relatively 'silent' when fired from specialized guns.",
    "relative": {
      "range": -2,
      "recoil": -20,
      "dispersion": 10,
      "loudness": -26
    },
    "proportional": {
      "damage": { "damage_type": "bullet", "amount": 1.25, "armor_penetration": 0.59 }
    },
    "//": "530 m/s. 300J. ~18 base damage, given 25% damage bonus over APM to have a purpose.",
    "looks_like": "22_lr"
  },
  {
    "id": "22etc_match",
    "copy-from": "22_lr",
    "type": "AMMO",
    "name": { "str": ".22 ETC APM" },
    "description": ".22 Electrothermal-chemical ammunition with 42gr armor-piercing match bullets. Great armor penetration but only marginally better in stopping power compared to conventional .22 LR.",
    "price": "4 USD",
    "price_postapoc": "15 USD",
    "material": [ "brass", "lead", "powder" ],
    "symbol": "=",
    "color": "yellow",
    "ammo_type": "22etc",
    "range": 16,
    "relative": {
      "damage": { "damage_type": "bullet", "amount": 3, "armor_penetration": 17 },
      "dispersion": -20,
      "recoil": 90
    },
    "loudness": 98,
    "//": "518 m/s muzzle velocity. 365J muzzle energy . 18 base damage with no modifiers applied within Bright Nights balance",
    "looks_like": "22_fmj"
  },
  {
    "id": "22etc_microflechette",
    "//": "Pretty much a 'poor man's 5x50mm flechette'",
    "copy-from": "22etc_match",
    "type": "AMMO",
    "name": { "str": ".22 ETC micro-flechette" },
    "description": "A .22 Electrothermal-chemical cartridge loaded with tiny tungsten flechettes contained within a fragmenting plastic capsule. Short range, very low stopping power but it can hit targets and penetrate armor with greater ease.",
    "count": 100,
    "dispersion": 0,
    "proportional": {
      "range": 0.6,
      "damage": { "damage_type": "bullet", "amount": 0.5, "armor_penetration": 2.5 },
      "recoil": 0.5,
      "loudness": 2
    },
    "looks_like": "22_ratshot",
    "extend": { "effects": [ "SHOT", "NOGIB" ] }
  },
  {
    "id": "reloaded_22etc_hp",
    "copy-from": "22etc_hp",
    "type": "AMMO",
    "name": { "str": "handloaded .22 ETC APF" },
    "proportional": { "price": 0.7, "damage": { "damage_type": "bullet", "amount": 0.9 }, "dispersion": 1.1 },
    "looks_like": "reloaded_22_lr",
    "extend": { "effects": [ "RECYCLED" ] },
    "delete": { "effects": [ "NEVER_MISFIRES" ], "flags": [ "IRREPLACEABLE_CONSUMABLE" ] }
  },
  {
    "id": "reloaded_22etc_match",
    "copy-from": "22etc_match",
    "type": "AMMO",
    "name": { "str": "handloaded .22 ETC APM" },
    "proportional": { "price": 0.7, "damage": { "damage_type": "bullet", "amount": 0.9 }, "dispersion": 1.1 },
    "looks_like": "reloaded_22_fmj",
    "extend": { "effects": [ "RECYCLED" ] },
    "delete": { "effects": [ "NEVER_MISFIRES" ], "flags": [ "IRREPLACEABLE_CONSUMABLE" ] }
  }
]
