[
  {
    "id": "556dk",
    "copy-from": "556",
    "type": "AMMO",
    "name": { "str": "5.56 DK" },
    "description": "5.56x45mm electrothermal-chemical ammunition with 16gr drone killer bullets. A hypervelocity round with great range, armor penetration and accuracy, close in stopping power to the 6.5 Grendel and 6.8 Remington SPC rounds.",
    "//": "2600m/s muzzle velocity, even higher in overcharged guns like the ADR. Damage reduced by 12 due to very lightweight round.",
    "price": "660 cent",
    "price_postapoc": "15 USD",
    "ammo_type": "556etc",
    "range": 100,
    "relative": {
      "damage": { "damage_type": "bullet", "amount": 5, "armor_penetration": 45 },
      "recoil": 1050,
      "dispersion": -5
    },
    "looks_like": "556",
    "flags": [ "IRREPLACEABLE_CONSUMABLE" ],
    "effects": [ "COOKOFF" ]
  },
  {
    "id": "556eb",
    "type": "AMMO",
    "name": { "str": "5.56 Electro Blackout" },
    "description": "Test item. A preternaturally dense, subsonic 5.56x45mm electrothermal-chemical ammunition with 1466gr AP bullets made from some extradimensional unobtainium.",
    "copy-from": "556dk",
    "//": "270m/s muzzle velocity",
    "proportional": { "weight": 19, "price": 1000, "range": 0.83, "damage": { "damage_type": "bullet", "amount": 1.52, "armor_penetration": 0.98 }, "dispersion": 1.66, "recoil": 0.92 },
    "loudness": 78,
    "looks_like": "556",
    "effects": [ "COOKOFF" ]
  },
  {
    "id": "556sap",
    "type": "AMMO",
    "name": { "str": "5.56 SAP" },
    "description": "5.56x45mm electrothermal-chemical ammunition with a depleted uranium 185gr subsonic armor piercing bullet. OCG quickly made a conventional 5.56 NATO version of this round with some compromises and kept producing both before the Cataclysm.",
    "copy-from": "556dk",
    "material": [ "brass", "powder", "uranium" ],
    "//": "320m/s muzzle velocity. Pitiful muzzle energy for a ETC rifle round but great ballistic coefficient, terminal ballistics and very dense round make up for it.",
    "proportional": {
      "weight": 0.95,
      "price": 2,
      "price_postapoc": 1.1,
      "range": 0.55,
      "damage": { "damage_type": "bullet", "amount": 0.77, "armor_penetration": 0.55 },
      "dispersion": 2.5,
      "recoil": 0.27
    },
    "loudness": 68,
    "looks_like": "223",
    "effects": [ "COOKOFF" ]
  },
  {
    "id": "556dk_incendiary",
    "copy-from": "556dk",
    "type": "AMMO",
    "name": { "str": "5.56 DK tracer" },
    "description": "This ammunition is a one-in-five mix of tracer rounds to help keep the weapon they are fired from on target.",
    "looks_like": "556_incendiary",
    "extend": { "effects": [ "INCENDIARY" ] }
  },
  {
    "id": "reloaded_556dk",
    "copy-from": "556dk",
    "type": "AMMO",
    "name": { "str": "reloaded 5.56 DK" },
    "proportional": { "price": 0.7, "damage": { "damage_type": "bullet", "amount": 0.9 }, "dispersion": 1.1 },
    "extend": { "effects": [ "RECYCLED" ] },
    "looks_like": "reloaded_556",
    "delete": { "effects": [ "NEVER_MISFIRES" ], "flags": [ "IRREPLACEABLE_CONSUMABLE" ] }
  },
  {
    "id": "reloaded_556dk_incendiary",
    "copy-from": "556dk_incendiary",
    "type": "AMMO",
    "name": { "str": "reloaded 5.56 DK tracer" },
    "proportional": { "price": 0.7, "damage": { "damage_type": "bullet", "amount": 0.9 }, "dispersion": 1.1 },
    "extend": { "effects": [ "RECYCLED" ] },
    "looks_like": "reloaded_556_incendiary",
    "delete": { "effects": [ "NEVER_MISFIRES" ], "flags": [ "IRREPLACEABLE_CONSUMABLE" ] }
  }
]
