[
  {
    "type": "AMMO",
    "id": "66mmff_heat",
    "copy-from": "66mm_HEAT",
    "looks_like": "66mm_HEAT",
    "price": "8000 USD",
    "name": "66mm GREAT",
    "description": "A 66mm guided really-explosive anti-tank rocket. State-of-the-art optical guidance with advanced pattern-matching heuristics. Other than the guidance system, it's very similar to the LAW rocket.",
    "ammo_type": "66mmff",
    "price_postapoc": "100 USD",
    "volume": "1300 ml",
    "longest_side": "522 mm",
    "weight": "3 kg",
    "range": 70,
    "dispersion": 0,
    "count": 2
  },
  {
    "type": "AMMO",
    "id": "66mmff_nuclear",
    "copy-from": "66mmff_heat",
    "looks_like": "66mm_HEAT",
    "price": "11000 USD",
    "name": "66mm BFG",
    "description": "A 66mm boosted fission grenade rocket with a 10 grams uranium-233 warhead encasing a very tiny deuterium-tritium fusion core booster. State-of-the-art nuclear miniaturization and optical guidance with advanced pattern-matching heuristics. Highly experimental yet safer than hand throwing. When in doubt, always fire it from the farthest possible distance.",
    "//": "Total warhead mass: 800g. Blast energy: 94.8 tons.",
    "ammo_type": "66mmff",
    "material": [ "steel", "uranium", "powder" ],
    "longest_side": "547 mm",
    "damage": { "damage_type": "bullet", "amount": 53 },
    "range": 55,
    "count": 1,
    "stack_size" : 2,
    "extend": { "effects": [ "NUCLEAR_RPG" ] },
    "delete": { "effects": [ "EXPLOSIVE_BIG" ] },
    "flags": [ "LEAK_DAM", "RADIOACTIVE" ]
  },
  {
    "type": "AMMO",
    "id": "66mmff_wp",
    "copy-from": "66mmff_heat",
    "looks_like": "66mm_HEAT",
    "price": "6500 USD",
    "name": "66mm GWP",
    "description": "A 66mm guided white phosphorus rocket. State-of-the-art optical guidance with advanced pattern-matching heuristics. You really don't want to be inside its blast radius. The maximum range of 12 gauge 00 shot is the recommended minimum range for this according to the LGW manual.",
    "ammo_type": "66mmff",
    "longest_side": "534 mm",
    "damage": { "damage_type": "heat", "amount": 30 },
    "range": 60,
    "extend": { "effects": [ "WOOLYPETER_BIG", "INCENDIARY" ] },
    "delete": { "effects": [ "EXPLOSIVE_BIG" ] }
  }
]
