[
  {
    "id": "762ec",
    "copy-from": "762_51",
    "type": "AMMO",
    "name": { "str": "7.62x51mm EC orbital" },
    "description": "7.62x51mm electrothermal, electrically charged round with a discarding sabot encasing a 4gr microflechette and an integrated liquid core nanoreactor replacing an UPS. Its microflechette accelerates to the point of spontaneous combustion.",
    "//": "Damage increased by 6. 7850 m/s muzzle velocity in barrel filled with pure hydrogen. 4000 m/s under normal atmosphere, 2080 J when fired from most guns. 8KJ in hydrogen-filled barrel = 89",
    "price": "15 USD",
    "price_postapoc": "23 USD",
    "material": [ "brass", "powder", "lead" ],
    "flags": [ "LEAK_DAM", "RADIOACTIVE", "IRREPLACEABLE_CONSUMABLE" ],
    "ammo_type": "762ec",
    "range": 200,
    "relative": {
      "damage": { "damage_type": "bullet", "amount": -7, "armor_penetration": 49, "armor_multiplier": -0.75 },
      "recoil": 200
    },
    "proportional": { "dispersion": 0.6 },
    "looks_like": "308",
    "effects": [ "COOKOFF", "INCENDIARY", "TRAIL", "NEVER_MISFIRES" ]
  },
  {
    "id": "762echv",
    "copy-from": "762ec",
    "type": "AMMO",
    "name": { "str": "7.62x51mm EC HV" },
    "description": "7.62x51mm electrothermal, electrically charged round with a 54gr hypervelocity bullet and a liquid core nanoreactor replacing an UPS.",
    "//": "2010 m/s muzzle velocity, 7070J under normal atmosphere, much more optimized for it than the 'orbital' bullets",
    "looks_like": "762_51",
    "relative": {
        "damage": { "damage_type": "bullet", "amount": 33, "armor_penetration": 0,  "armor_multiplier": 0.75 },
        "range": -80,
        "dispersion": 2
    },
    "proportional": { "recoil": 2.1 },
    "delete": { "effects": [ "TRAIL", "INCENDIARY" ] }
  },
  {
    "id": "762echv_incendiary",
    "copy-from": "762echv",
    "type": "AMMO",
    "name": { "str": "7.62x51mm EC HV tracer" },
    "description": "This ammunition is a one-in-five mix of tracer rounds to help keep the weapon they are fired from on target.",
    "looks_like": "762_51_incendiary",
    "extend": { "effects": [ "INCENDIARY" ] }
  },
  {
    "id": "handloaded_762ec",
    "copy-from": "762ec",
    "type": "AMMO",
    "name": "handloaded 7.62x51mm EC orbital",
    "proportional": { "price": 0.7, "damage": { "damage_type": "bullet", "amount": 0.9 }, "dispersion": 1.1 },
    "extend": { "effects": [ "RECYCLED" ] },
    "looks_like": "reloaded_308",
    "delete": { "effects": [ "NEVER_MISFIRES" ], "flags": [ "IRREPLACEABLE_CONSUMABLE" ] }
  },
  {
    "id": "handloaded_762echv",
    "copy-from": "762echv",
    "type": "AMMO",
    "name": "handloaded 7.62x51mm EC HV",
    "proportional": { "price": 0.7, "damage": { "damage_type": "bullet", "amount": 0.9 }, "dispersion": 1.1 },
    "extend": { "effects": [ "RECYCLED" ] },
    "looks_like": "reloaded_762_51",
    "delete": { "effects": [ "NEVER_MISFIRES" ], "flags": [ "IRREPLACEABLE_CONSUMABLE" ] }
  },
  {
    "id": "handloaded_762echv_incendiary",
    "copy-from": "762echv_incendiary",
    "type": "AMMO",
    "name": "handloaded 7.62x51mm EC HV tracer",
    "proportional": { "price": 0.7, "damage": { "damage_type": "bullet", "amount": 0.9 }, "dispersion": 1.1 },
    "extend": { "effects": [ "RECYCLED" ] },
    "looks_like": "reloaded_762_51_incendiary",
    "delete": { "effects": [ "NEVER_MISFIRES" ], "flags": [ "IRREPLACEABLE_CONSUMABLE" ] }
  },
  {
    "id": "reloaded_762ec",
    "copy-from": "762ec",
    "type": "AMMO",
    "name": "reloaded 7.62x51mm EC orbital",
    "description": "7.62x51mm electrothermal, electrically charged round with a discarding sabot encasing a 4gr microflechette and integrated handmade radioactive hazard replacing an UPS. Its microflechette accelerates to the point of spontaneous combustion. Dangerous to shooter and targets alike.",
    "proportional": { "damage": { "damage_type": "bullet", "amount": 0.9 }, "dispersion": 1.1 },
    "price": "0 USD",
    "price_postapoc": "0 USD",
    "extend": { "effects": [ "RECYCLED" ], "flags": [ "LEAK_ALWAYS" ] },
    "looks_like": "reloaded_308",
    "delete": { "effects": [ "NEVER_MISFIRES" ], "flags": [ "IRREPLACEABLE_CONSUMABLE", "LEAK_DAM", "TRADER_AVOID" ] }
  },
  {
    "id": "reloaded_762echv",
    "copy-from": "762echv",
    "type": "AMMO",
    "name": "reloaded 7.62x51mm EC HV",
    "description": "7.62x51mm electrothermal, electrically charged round with a 54gr hypervelocity bullet and a handmade radioactive hazard replacing an UPS. Dangerous to shooter and targets alike.",
    "proportional": { "damage": { "damage_type": "bullet", "amount": 0.9 }, "dispersion": 1.1 },
    "price": "0 USD",
    "price_postapoc": "0 USD",
    "extend": { "effects": [ "RECYCLED" ], "flags": [ "LEAK_ALWAYS" ] },
    "looks_like": "reloaded_762_51",
    "delete": { "effects": [ "NEVER_MISFIRES" ], "flags": [ "IRREPLACEABLE_CONSUMABLE", "LEAK_DAM", "TRADER_AVOID" ] }
  },
  {
    "id": "reloaded_762echv_incendiary",
    "copy-from": "762echv_incendiary",
    "type": "AMMO",
    "name": "reloaded 7.62x51mm EC HV tracer",
    "description": "7.62x51mm electrothermal, electrically charged round with a 54gr hypervelocity bullet, a handmade radioactive hazard replacing an UPS, plus an one-in-five mix of tracer rounds. Dangerous to shooter and targets alike.",
    "proportional": { "damage": { "damage_type": "bullet", "amount": 0.9 }, "dispersion": 1.1 },
    "price": "0 USD",
    "price_postapoc": "0 USD",
    "extend": { "effects": [ "RECYCLED" ], "flags": [ "LEAK_ALWAYS" ] },
    "looks_like": "reloaded_762_51_incendiary",
    "delete": { "effects": [ "NEVER_MISFIRES" ], "flags": [ "IRREPLACEABLE_CONSUMABLE", "LEAK_DAM", "TRADER_AVOID" ] }
  }
]
