[
  {
    "id": "9etc",
    "copy-from": "9mm",
    "type": "AMMO",
    "name": { "str": "9x19mm ETC HVHP" },
    "description": "9x19mm Electrothermal-chemical ammunition with a 116gr high velocity hollow point bullet. HVHP rounds maximize stopping power at about 150% higher muzzle velocity than conventional 9mm JHP.",
    "//": "600 m/s muzzle velocity. 37 base damage.",
    "price": "350 cent",
    "price_postapoc": "6 USD",
    "ammo_type": "9etc",
    "range": 16,
    "proportional": {
     "damage": { "damage_type": "bullet", "amount": 1.5 },
     "dispersion": 0.5,
     "recoil": 1.6
    },
    "loudness": 105,
    "looks_like": "9mm"
  },
  {
    "id": "9etcfmj",
    "copy-from": "9etc",
    "type": "AMMO",
    "name": { "str": "9x19mm ETC FMJ" },
    "description": "9x19mm Electrothermal-chemical ammunition with a brass jacketed 115gr bullet.  A popular round for military, law enforcement, and civilian use even after almost 150 years, adapted to a new ballistic propulsion technology.",
    "looks_like": "9mmfmj",
    "relative": {
      "damage": { "damage_type": "bullet", "amount": 0, "armor_penetration": 19 },
      "loudness": 15
    }
  },
  {
    "id": "9etcfmj",
    "copy-from": "9etcfmj",
    "type": "AMMO",
    "name": { "str": "9x19mm ETC FMJ" },
    "looks_like": "9mmfmj",
    "//": "One little and seemingly needed workaround",
    "proportional": {
     "damage": { "damage_type": "bullet", "amount": 0.8 }
    }
  },
  {
    "id": "9etchvp",
    "copy-from": "9etcfmj",
    "type": "AMMO",
    "name": "9x19mm ETC HVAP",
    "description": "9x19mm Electrothermal-chemical ammunition with a high velocity armor-piercing 60gr bullet, which should suffice for anything besides power armor.",
    "//": "750 m/s muzzle velocity",
    "price": "5 USD",
    "price_postapoc": "7 USD",
    "count": 50,
    "relative": {
       "damage": { "damage_type": "bullet", "amount": -2, "armor_penetration": 19 },
       "range": 1,
       "dispersion": -15,
       "loudness": 35
     },
    "looks_like": "9mmP",
    "proportional": { "recoil": 1.15 }
  },
  {
    "id": "9etcmatch",
    "copy-from": "9etchvp",
    "type": "AMMO",
    "name": { "str": "9x19mm ETC HAPM" },
    "description": "Electrothermal-chemical ammunition with a superalloy 40gr hypervelocity armor-piercing match bullet with a tungsten core. Designed to defeat power armor, it can exceed 1100 meters per second. It is inefficient against unarmored threats.",
    "price": "780 cent",
    "price_postapoc": "11 USD",
    "material": [ "brass", "powder", "superalloy" ],
    "count": 25,
    "relative": {
      "damage": { "damage_type": "bullet", "amount": -2, "armor_penetration": 19 },
      "range": 13,
      "dispersion": -5,
      "loudness": 150
    },
    "looks_like": "9mmP2",
    "proportional": { "recoil": 1.13 }
  },
  {
    "id": "9etcsap",
    "copy-from": "9etcfmj",
    "type": "AMMO",
    "name": { "str": "9x19mm ETC SAP" },
    "description": "Electrothermal-chemical ammunition with a depleted uranium 262gr subsonic armor-piercing bullet. A quiet, heavy, accurate, low recoil round with better armor penetration than HVAP. Negligible overpenetration compensates lower muzzle energy.",
    "//": "310 m/s muzzle velocity.",
    "weight": "17 g",
    "price": "9 USD",
    "price_postapoc": "20 USD",
    "material": [ "brass", "powder", "uranium" ],
    "count": 50,
    "relative": {
      "damage": { "damage_type": "bullet", "amount": -4, "armor_penetration": 1 },
      "range": 3,
      "dispersion": -20
    },
    "loudness": 65,
    "looks_like": "9mmP2",
    "proportional": { "recoil": 0.65 }
  },
  {
    "id": "reloaded_9etc",
    "copy-from": "9etc",
    "type": "AMMO",
    "name": { "str": "reloaded 9x19mm ETC HVHP" },
    "proportional": { "price": 0.7, "damage": { "damage_type": "bullet", "amount": 0.9 }, "dispersion": 1.1 },
    "extend": { "effects": [ "RECYCLED" ] },
    "looks_like": "reloaded_9mm",
    "delete": { "effects": [ "NEVER_MISFIRES" ], "flags": [ "IRREPLACEABLE_CONSUMABLE" ] }
  },
  {
    "id": "reloaded_9etcfmj",
    "copy-from": "9etcfmj",
    "type": "AMMO",
    "name": { "str": "reloaded 9x19mm ETC FMJ" },
    "proportional": { "price": 0.7, "damage": { "damage_type": "bullet", "amount": 0.9 }, "dispersion": 1.1 },
    "extend": { "effects": [ "RECYCLED" ] },
    "looks_like": "reloaded_9mmfmj",
    "delete": { "effects": [ "NEVER_MISFIRES" ], "flags": [ "IRREPLACEABLE_CONSUMABLE" ] }
  },
  {
    "id": "reloaded_9etchvp",
    "copy-from": "9etchvp",
    "type": "AMMO",
    "name": { "str": "reloaded 9x19mm ETC HVAP" },
    "proportional": { "price": 0.7, "damage": { "damage_type": "bullet", "amount": 0.9 }, "dispersion": 1.1 },
    "extend": { "effects": [ "RECYCLED" ] },
    "looks_like": "reloaded_9mmP",
    "delete": { "effects": [ "NEVER_MISFIRES" ], "flags": [ "IRREPLACEABLE_CONSUMABLE" ] }
  }
]
