[
  {
    "id": "chem_sulphuric_acid",
    "copy-from": "chem_sulphuric_acid",
    "type": "AMMO",
    "//": "Converted into ammo for acid version of the water cannon. Why drink this anyway? Base damage is kinda weak but it's craftable with a chemistry set, silent and when fired from the acid cannon damages multiple lined up zombies with a single shot.",
    "name": { "str_sp": "sulfuric acid" },
    "ammo_type": "acid",
    "extend": { "effects": [ "NEVER_MISFIRES" ] },
    "damage": { "damage_type": "acid", "amount": 10, "armor_multiplier": 0.5 }
  }
]