[
  {
    "id": "magpin",
    "copy-from": "nail",
    "type": "AMMO",
    "category": "ammo",
    "name": "magpin",
    "description": "3d-printed 4g iron flechette for the GC166 Gauss Carbine by OmniCorp. It is not compatible with nail guns or handcrafted coilguns.",
    "color": "dark_gray",
    "count": 3600,
    "stack_size": 120,
    "ammo_type": "magpin",
    "looks_like": "combatnail",
    "proportional": {
      "price": 8,
      "price_postapoc": 5,
      "damage": { "damage_type": "bullet", "amount": 6, "armor_penetration": 3 },
      "range": 6,
      "dispersion": 0.5
    }
  }
]
