[
  {
    "type": "AMMO",
    "abstract": "nanopowder",
    "name": { "str": "nano powder" },
    "description": "Ultra-fine powder",
    "category": "chems",
    "price": 50,
    "weight": "200 g",
    "volume": "16 ml",
    "symbol": "=",
    "color": "yellow",
    "material": [ "powder_nonflam" ],
    "ammo_type": "components",
    "container": "bottle_plastic_small",
    "count": 100
  },
  {
    "type": "AMMO",
    "copy-from": "nanopowder",
    "id": "nanopowder_rubber",
    "name": { "str_sp": "rubber nanopowder" },
    "symbol": "=",
    "description": "Ultra-fine powder of rubber. Can be used in crafting recipes.",
    "volume": "16 ml",
    "weight": "200 mg"
  },
  {
    "type": "AMMO",
    "copy-from": "nanopowder",
    "id": "nanopowder_plastic",
    "name": { "str_sp": "plastic nanopowder" },
    "symbol": "=",
    "description": "Ultra-fine powder of plastic. Can be used in crafting recipes.",
    "volume": "16 ml",
    "weight": "200 mg"
  },
  {
    "type": "AMMO",
    "copy-from": "nanopowder",
    "id": "nanopowder_polymer",
    "name": { "str_sp": "polymer nanopowder" },
    "symbol": "=",
    "description": "Ultra-fine powder of polymer. Can be used in crafting recipes.",
    "volume": "16 ml",
    "weight": "200 mg"
  },
  {
    "type": "AMMO",
    "copy-from": "nanopowder",
    "id": "nanopowder_iron",
    "name": { "str_sp": "iron nanopowder" },
    "symbol": "=",
    "description": "Ultra-fine powder of iron. Can be used in crafting recipes.",
    "volume": "16 ml",
    "weight": "200 mg"
  },
  {
    "type": "AMMO",
    "copy-from": "nanopowder",
    "id": "nanopowder_carbon",
    "name": { "str_sp": "carbon nanopowder" },
    "symbol": "=",
    "description": "Ultra-fine powder of carbon. Can be used in crafting recipes.",
    "volume": "16 ml",
    "weight": "200 mg"
  },
  {
    "type": "AMMO",
    "copy-from": "nanopowder",
    "id": "nanopowder_ceramic",
    "name": { "str_sp": "ceramic nanopowder" },
    "symbol": "=",
    "description": "Ultra-fine powder of ceramic materials. Can be used in crafting recipes.",
    "volume": "16 ml",
    "weight": "200 mg"
  },
  {
    "type": "AMMO",
    "copy-from": "nanopowder",
    "id": "nanopowder_copper",
    "name": { "str_sp": "copper nanopowder" },
    "symbol": "=",
    "description": "Ultra-fine powder of copper. Can be used in crafting recipes.",
    "volume": "16 ml",
    "weight": "200 mg"
  },
  {
    "type": "AMMO",
    "copy-from": "nanopowder",
    "id": "nanopowder_glass",
    "name": { "str_sp": "glass nanopowder" },
    "symbol": "=",
    "description": "Ultra-fine powder of glass. Can be used in crafting recipes.",
    "volume": "16 ml",
    "weight": "200 mg"
  }
]
