[
  {
    "type": "GENERIC",
    "id": "chunk_polymer",
    "copy-from": "plastic_chunk",
    "name": { "str": "polymer chunk" },
    "description": "A piece of high-quality polymer. Could be used to fabricate, repair, or reinforce polymer items, as well as in crafting.",
    "symbol": ",",
    "color": "light_blue",
    "material": [ "polymer" ]
  },
  {
    "type": "GENERIC",
    "id": "polymer_lens",
    "name": { "str": "polymer lens", "str_pl": "polymer lenses" },
    "description": "Transparent polymer lens, with the focal point adjustable via low-power electrical current. Lighter and more durable than its glass counterpart.",
    "symbol": ".",
    "color": "light_blue",
    "category": "spare_parts",
    "price": "120 USD",
    "material": [ "polymer" ],
    "weight": "7 g",
    "volume": "1 ml"
  }
]
