[
  {
    "type": "COMESTIBLE",
    "id": "BioCo_Food_Bar",
    "name": { "str": "BioCo Food Bar" },
    "weight": "110 g",
    "color": "light_gray",
    "comestible_type": "FOOD",
    "symbol": "%",
    "healthy": -2,
    "calories": 535,
    "//": "(Dehydrated Meat 348 + Dehydrated Veggies 348 + Dehydrated Fruit 278 + Flour 492 /3 for portions) * 1.1 for cooking gains",
    "description": "An on-the-go food bar created by BioCo. While the texture is certainly off putting, you're confident in its edibility.",
    "price": 500,
    "charges": 3,
    "quench": -5,
    "vitamins": [ [ "calcium", 3 ], [ "iron", 4 ], [ "vitA", 3 ], [ "vitB", 3 ], [ "vitC", 4 ] ],
    "volume": "300 ml"
  },
  {
    "type": "COMESTIBLE",
    "id": "BioCo_Food_Slurry",
    "name": { "str": "BioCo Food Slurry" },
    "weight": "110 g",
    "color": "light_gray",
    "comestible_type": "FOOD",
    "symbol": "%",
    "healthy": -2,
    "calories": 535,
    "//": "(Dehydrated Meat 348 + Dehydrated Veggies 348 + Dehydrated Fruit 278 /2 for portions) * 1.1 for cooking gains",
    "description": "A thick slurry of calories and nutrients. Suprisingly tasty!",
    "price": 500,
    "phase": "liquid",
    "fun": 3,
    "charges": 1,
    "quench": 40,
    "vitamins": [ [ "calcium", 3 ], [ "iron", 4 ], [ "vitA", 3 ], [ "vitB", 3 ], [ "vitC", 4 ] ],
    "volume": "250 ml"
  }
]
