[
  {
    "id": "afs_magellan_suit",
    "type": "TOOL_ARMOR",
    "category": "armor",
    "name": { "str": "Magellan exosuit" },
    "description": "A high-quality, civilian grade EVA suit often employed by well-established frontier research and exploration associations.  Designed to support the exploration of challenging terrain, it offers respectable protection against common environmental hazards like extreme temperatures, inhospitable atmospheres, and light radiation.  It leaves arms and hands relatively unencumbered to aid the manipulation of scientific instruments.\n\nAn integral battery allows the suit to operate for up to 34 hours, but complicates field recharging.",
    "weight": "7800 g",
    "volume": "14 L",
    "price": "4 kUSD",
    "material": [ "nomex", "steel" ],
    "symbol": "[",
    "looks_like": "robofac_enviro_suit",
    "color": "light_gray",
    "ammo": "battery",
    "charges_per_use": 1,
    "use_action": {
      "type": "transform",
      "msg": "You activate your %s.",
      "target": "afs_magellan_suit_on",
      "active": true,
      "need_charges": 1,
      "need_charges_msg": "The %s's batteries are dead."
    },
    "armor": [
      { "covers": [ "torso" ], "coverage": 100, "encumbrance": 25 },
      { "covers": [ "leg_l", "leg_r" ], "coverage": 100, "encumbrance": 25 },
      { "covers": [ "arm_l", "arm_r" ], "coverage": 100, "encumbrance": 15 },
      { "covers": [ "hand_l", "hand_r" ], "coverage": 100, "encumbrance": 10 },
      { "covers": [ "foot_l", "foot_r" ], "coverage": 100, "encumbrance": 15 }
    ],
    "pocket_data": [ { "pocket_type": "MAGAZINE", "rigid": true, "ammo_restriction": { "battery": 1000 } } ],
    "warmth": 20,
    "material_thickness": 2,
    "valid_mods": [ "steel_padded" ],
    "environmental_protection": 15,
    "flags": [
      "VARSIZE",
      "WATERPROOF",
      "GAS_PROOF",
      "POCKETS",
      "RAINPROOF",
      "STURDY",
      "RAD_RESIST",
      "RECHARGE",
      "OUTER",
      "NO_RELOAD",
      "NO_UNLOAD"
    ]
  },
  {
    "id": "afs_magellan_suit_on",
    "copy-from": "afs_magellan_suit",
    "repairs_like": "afs_magellan_suit",
    "type": "TOOL_ARMOR",
    "name": { "str": "Magellan exosuit (on)", "str_pl": "Magellan exosuits (on)" },
    "looks_like": "afs_cryopod_bodyglove",
    "description": "The temperature control units of this high-tech garment are currently active, and continuously draining battery power.  Use it to turn them off.",
    "power_draw": 8170,
    "warmth": 150,
    "revert_to": "afs_magellan_suit",
    "use_action": { "type": "transform", "menu_text": "Turn off", "msg": "Your %s deactivates.", "target": "afs_magellan_suit" },
    "extend": { "flags": [ "CLIMATE_CONTROL" ] }
  },
  {
    "id": "afs_frontier_cryo",
    "type": "TOOL_ARMOR",
    "category": "armor",
    "name": { "str": "frontier cryo suit" },
    "description": "A sturdy suit meant to protect against the freezing cold, made from a pair of jumpsuits that have been woven around a heavy insulation layer and crisscrossed with the thermal tubing of a heat regulation unit.  The thick insulation allows the suit to function with unrivaled efficiency, but also makes all types of movement difficult.",
    "weight": "7800 g",
    "volume": "14 L",
    "price": "75 USD",
    "material": [ "cotton", "plastic" ],
    "symbol": "[",
    "looks_like": "robofac_enviro_suit",
    "color": "cyan",
    "ammo": "battery",
    "charges_per_use": 1,
    "use_action": {
      "type": "transform",
      "msg": "You activate your %s.",
      "target": "afs_frontier_cryo_on",
      "active": true,
      "need_charges": 1,
      "need_charges_msg": "The %s's batteries are dead."
    },
    "armor": [
      { "covers": [ "head" ], "coverage": 100, "encumbrance": 5 },
      { "covers": [ "torso" ], "coverage": 100, "encumbrance": 35 },
      { "covers": [ "leg_l", "leg_r" ], "coverage": 100, "encumbrance": 25 },
      { "covers": [ "arm_l", "arm_r" ], "coverage": 100, "encumbrance": 25 },
      { "covers": [ "hand_l", "hand_r" ], "coverage": 100, "encumbrance": 25 },
      { "covers": [ "foot_l", "foot_r" ], "coverage": 100, "encumbrance": 15 }
    ],
    "pocket_data": [
      {
        "pocket_type": "MAGAZINE_WELL",
        "rigid": true,
        "flag_restriction": [ "BATTERY_MEDIUM" ],
        "default_magazine": "medium_battery_cell"
      }
    ],
    "warmth": 20,
    "material_thickness": 4,
    "valid_mods": [ "steel_padded" ],
    "environmental_protection": 2,
    "flags": [ "VARSIZE", "WATERPROOF", "POCKETS", "HELMET_COMPAT", "RAINPROOF", "STURDY", "OUTER" ]
  },
  {
    "id": "afs_frontier_cryo_on",
    "copy-from": "afs_frontier_cryo",
    "repairs_like": "afs_frontier_cryo",
    "type": "TOOL_ARMOR",
    "name": { "str": "frontier cryo suit (on)", "str_pl": "frontier cryo suits (on)" },
    "looks_like": "afs_cryopod_bodyglove",
    "description": "The temperature control units of this high-tech garment are currently active, and continuously draining battery power.  Use it to turn them off.",
    "power_draw": 6944,
    "warmth": 150,
    "revert_to": "afs_frontier_cryo",
    "use_action": { "type": "transform", "menu_text": "Turn off", "msg": "Your %s deactivates.", "target": "afs_frontier_cryo" },
    "extend": { "flags": [ "CLIMATE_CONTROL" ] }
  }
]
