[
  {
    "id": "bionics",
    "type": "item_group",
    "copy-from": "bionics",
    "extend": {
      "items": [
        [ "bn_bio_solar", 10 ],
        [ "afs_bio_missiles", 10 ],
        [ "afs_bio_linguistic_coprocessor", 10 ],
        [ "afs_bio_dopamine_stimulators", 10 ],
        [ "afs_bio_neurosoft_aeronautics", 5 ],
        [ "bio_forcefield_bash_cut_weak", 25 ],
        [ "afs_bio_translocator", 5 ],
        [ "bio_shock_absorber", 2 ],
        [ "afs_bio_skullgun", 5 ]
      ]
    }
  },
  {
    "id": "bionics_common",
    "type": "item_group",
    "copy-from": "bionics_common",
    "extend": { "items": [ [ "bn_bio_solar", 10 ], [ "afs_bio_linguistic_coprocessor", 8 ], [ "bio_forcefield_bash_cut_weak", 25 ] ] }
  },
  {
    "id": "bionics_mil",
    "type": "item_group",
    "copy-from": "bionics_mil",
    "extend": {
      "items": [
        [ "afs_bio_neurosoft_aeronautics", 10 ],
        [ "afs_bio_melee_counteraction", 10 ],
        [ "afs_bio_melee_optimization_unit", 10 ],
        [ "bio_forcefield_bash_cut_medium", 16 ],
        [ "bio_forcefield_bash_cut_heavy", 3 ],
        [ "bio_forcefield_ballistic_weak", 10 ],
        [ "bio_forcefield_ballistic_medium", 10 ],
        [ "afs_bio_translocator", 5 ],
        [ "bio_shock_absorber", 2 ],
        [ "afs_bio_skullgun", 2 ]
      ]
    }
  },
  {
    "id": "bionics_sci",
    "type": "item_group",
    "copy-from": "bionics_sci",
    "extend": { "items": [ [ "bn_bio_solar", 5 ] ] }
  },
  {
    "id": "bionics_op",
    "type": "item_group",
    "items": [
      [ "bn_bio_solar", 15 ],
      [ "afs_bio_missiles", 10 ],
      [ "afs_bio_melee_counteraction", 10 ],
      [ "afs_bio_melee_optimization_unit", 10 ],
      [ "afs_bio_neurosoft_aeronautics", 10 ],
      [ "afs_bio_dopamine_stimulators", 10 ],
      [ "bio_forcefield_ballistic_heavy", 1 ],
      [ "afs_bio_translocator", 5 ],
      [ "bio_shock_absorber", 2 ],
      [ "afs_bio_skullgun", 2 ]
    ]
  },
  {
    "type": "item_group",
    "id": "nanofab_recipes",
    "copy-from": "nanofab_recipes",
    "extend": {
      "items": [
        [ "bn_bio_solar", 15 ],
        [ "afs_bio_wind_turbine", 10 ],
        [ "afs_bio_missiles", 10 ],
        [ "afs_bio_melee_counteraction", 10 ],
        [ "afs_bio_melee_optimization_unit", 10 ],
        [ "afs_bio_neurosoft_aeronautics", 10 ],
        [ "afs_bio_dopamine_stimulators", 10 ],
        [ "afs_bio_translocator", 5 ],
        [ "afs_bio_skullgun", 2 ]
      ]
    }
  },
  {
    "id": "afs_bionics_power",
    "type": "item_group",
    "items": [ [ "bio_power_storage_mkII", 1 ], [ "bio_power_storage", 14 ] ]
  },
  {
    "id": "afs_bionic_toolkit",
    "type": "item_group",
    "items": [ [ "afs_complete_bionic_toolkit", 1 ], [ "bionic_maintenance_toolkit", 14 ] ]
  },
  {
    "id": "bionics_subs",
    "type": "item_group",
    "items": [ [ "afs_bio_missiles", 10 ], [ "afs_bio_dopamine_stimulators", 15 ] ]
  },
  {
    "id": "CBM_SUBS",
    "type": "harvest",
    "entries": [
      {
        "drop": "bio_power_storage",
        "type": "bionic",
        "flags": [ "FILTHY", "NO_STERILE", "NO_PACKED" ],
        "faults": [ "fault_bionic_salvaged" ]
      },
      {
        "drop": "bionics_subs",
        "type": "bionic_group",
        "flags": [ "FILTHY", "NO_STERILE", "NO_PACKED" ],
        "faults": [ "fault_bionic_salvaged" ]
      },
      {
        "drop": "bionics_subs",
        "type": "bionic_group",
        "flags": [ "FILTHY", "NO_STERILE", "NO_PACKED" ],
        "faults": [ "fault_bionic_salvaged" ]
      },
      { "drop": "meat_tainted", "type": "flesh", "mass_ratio": 0.25 },
      { "drop": "fat_tainted", "type": "flesh", "mass_ratio": 0.08 },
      { "drop": "bone_tainted", "type": "bone", "mass_ratio": 0.1 }
    ]
  }
]
