[
  {
    "id": "nuclear_waste",
    "type": "item_group",
    "subtype": "collection",
    "entries": [ { "item": "nuclear_waste", "container-item": "hazardous_waste_drum", "charges": 10 } ]
  },
  {
    "id": "nuclear_reactor",
    "type": "item_group",
    "subtype": "collection",
    "entries": [
      { "item": "nuclear_waste", "count-min": 5, "count-max": 10 },
      { "item": "nuclear_fuel", "count-min": 1, "count-max": 10 }
    ]
  },
  {
    "id": "reactor_gear",
    "type": "item_group",
    "subtype": "collection",
    "entries": [
      { "item": "hazmat_suit", "prob": 33 },
      { "item": "prussian_blue", "prob": 33 },
      { "item": "rad_monitor", "prob": 33 },
      { "item": "iodine", "prob": 33 },
      { "item": "flashlight", "prob": 33 },
      { "group": "full_1st_aid", "prob": 15 },
      { "item": "geiger_off", "prob": 15 }
    ]
  }
]
