[
  {
    "id": "mounted_gauss_166",
    "copy-from": "turret",
    "type": "vehicle_part",
    "name": { "str": "mounted GC166 Gauss carbine" },
    "item": "ocg_gauss_carbine166",
    "color": "magenta",
    "broken_color": "magenta",
    "looks_like": "mounted_hk_g80",
    "breaks_into": [ { "item": "scrap", "count": 4 }, { "item": "steel_chunk", "count": 4 }, { "item": "steel_lump", "count": 1 } ],
    "requirements": {
      "install": { "skills": [ [ "mechanics", 5 ], [ "electronics", 5 ] ] },
      "removal": { "skills": [ [ "mechanics", 3 ] ] }
    }
  },
  {
    "id": "mounted_gauss_285",
    "copy-from": "turret",
    "type": "vehicle_part",
    "name": { "str": "mounted GG285 Gauss gun" },
    "item": "ocg_gauss_gun285",
    "color": "magenta",
    "broken_color": "magenta",
    "looks_like": "mounted_hk_g80",
    "breaks_into": [ { "item": "scrap", "count": 5 }, { "item": "steel_chunk", "count": 4 }, { "item": "steel_lump", "count": 2 } ],
    "requirements": {
      "install": { "skills": [ [ "mechanics", 5 ], [ "electronics", 5 ] ] },
      "removal": { "skills": [ [ "mechanics", 3 ] ] }
    }
  },
  {
    "id": "mounted_x12p_plasma_shotgun",
    "copy-from": "turret",
    "type": "vehicle_part",
    "name": { "str": "mounted X12P plasma shotgun" },
    "item": "ocg_plasma_shotgun",
    "color": "magenta",
    "broken_color": "magenta",
    "looks_like": "mounted_plasma_gun",
    "breaks_into": [ { "item": "scrap", "count": 10 }, { "item": "steel_chunk", "count": 5 }, { "item": "steel_lump", "count": 2 } ],
    "requirements": {
      "install": { "skills": [ [ "mechanics", 6 ], [ "electronics", 6 ] ] },
      "removal": { "skills": [ [ "mechanics", 4 ] ] }
    }
  },
  {
    "id": "mounted_xnu_laser",
    "copy-from": "turret",
    "type": "vehicle_part",
    "name": { "str": "mounted XNU laser" },
    "item": "ocg_xnu_laser",
    "color": "magenta",
    "broken_color": "magenta",
    "looks_like": "mounted_emp_gun",
    "breaks_into": [ { "item": "scrap", "count": 18 }, { "item": "steel_chunk", "count": 6 }, { "item": "steel_lump", "count": 2 } ],
    "extend": { "flags": [ "USE_TANKS" ] },
    "requirements": {
      "install": { "skills": [ [ "mechanics", 5 ], [ "electronics", 5 ] ] },
      "removal": { "skills": [ [ "mechanics", 3 ] ] }
    }
  },
  {
    "id": "mounted_excidia",
    "copy-from": "turret",
    "type": "vehicle_part",
    "name": { "str": "mounted Excidia autoshotgun" },
    "item": "ocg12_excidia",
    "color": "green",
    "broken_color": "green",
    "looks_like": "mounted_bigun",
    "breaks_into": [ { "item": "scrap", "count": 7 }, { "item": "steel_chunk", "count": 3 }, { "item": "steel_lump", "count": 3 } ],
    "requirements": { "install": { "skills": [ [ "mechanics", 3 ], [ "shotgun", 1 ] ] }, "removal": { "skills": [ [ "mechanics", 1 ] ] } }
  },
  {
    "id": "mounted_ocges_biorifle",
    "copy-from": "turret",
    "type": "vehicle_part",
    "name": { "str": "mounted OCGES Biorifle" },
    "item": "ocges_biorifle",
    "default_ammo": "chem_sulphuric_acid",
    "color": "blue",
    "broken_color": "blue",
    "looks_like": "watercannon",
    "breaks_into": [ { "item": "scrap", "count": 60 }, { "item": "steel_chunk", "count": 32 }, { "item": "steel_lump", "count": 14 } ],
    "requirements": { "install": { "skills": [ [ "mechanics", 3 ], [ "electronics", 1 ] ] }, "removal": { "skills": [ [ "mechanics", 1 ] ] } },
    "extend": { "flags": [ "USE_TANKS" ] }
  },
  {
    "id": "mounted_n8_nanogun",
    "copy-from": "turret",
    "type": "vehicle_part",
    "name": { "str": "mounted N8 Nanogun" },
    "item": "etc_nanogun",
    "color": "cyan",
    "broken_color": "cyan",
    "looks_like": "mounted_m134",
    "breaks_into": [ { "item": "scrap", "count": 3 }, { "item": "steel_chunk", "count": 3 }, { "item": "steel_lump", "count": 1 } ],
    "requirements": { "install": { "skills": [ [ "mechanics", 3 ], [ "rifle", 1 ], [ "electronics", 1 ] ] }, "removal": { "skills": [ [ "mechanics", 1 ] ] } }
  },
  {
    "id": "mounted_n8sd_nanogun",
    "copy-from": "turret",
    "type": "vehicle_part",
    "name": { "str": "mounted N8SD Nanogun" },
    "item": "etc_nanogunsd",
    "color": "cyan",
    "broken_color": "cyan",
    "looks_like": "mounted_m134",
    "breaks_into": [ { "item": "scrap", "count": 3 }, { "item": "steel_chunk", "count": 3 }, { "item": "steel_lump", "count": 1 } ],
    "requirements": { "install": { "skills": [ [ "mechanics", 4 ], [ "rifle", 2 ], [ "electronics", 1 ] ] }, "removal": { "skills": [ [ "mechanics", 2 ] ] } }
  },
  {
    "id": "mounted_n9a1_chaingun",
    "copy-from": "turret",
    "type": "vehicle_part",
    "name": { "str": "mounted N9A1 Chaingun" },
    "item": "etc_chaingun",
    "color": "cyan",
    "broken_color": "cyan",
    "looks_like": "mounted_m134",
    "breaks_into": [ { "item": "scrap", "count": 6 }, { "item": "steel_chunk", "count": 6 }, { "item": "steel_lump", "count": 2 } ],
    "requirements": { "install": { "skills": [ [ "mechanics", 3 ], [ "rifle", 1 ], [ "electronics", 1 ] ] }, "removal": { "skills": [ [ "mechanics", 1 ] ] } }
  },
  {
    "id": "mounted_n10_chaingun",
    "copy-from": "turret",
    "type": "vehicle_part",
    "name": { "str": "mounted N10 Chaingun" },
    "item": "ocg_n10chaingun",
    "color": "cyan",
    "broken_color": "cyan",
    "looks_like": "mounted_m134",
    "breaks_into": [ { "item": "scrap", "count": 6 }, { "item": "steel_chunk", "count": 6 }, { "item": "steel_lump", "count": 3 } ],
    "requirements": { "install": { "skills": [ [ "mechanics", 4 ], [ "rifle", 2 ] ] }, "removal": { "skills": [ [ "mechanics", 2 ] ] } }
  },
  {
    "id": "mounted_etc_ssmg",
    "copy-from": "turret",
    "type": "vehicle_part",
    "name": { "str": "mounted Super SMG" },
    "item": "etc_ocg_ssmg",
    "color": "cyan",
    "broken_color": "cyan",
    "looks_like": "m249",
    "breaks_into": [ { "item": "scrap", "count": 3 }, { "item": "steel_chunk", "count": 3 }, { "item": "steel_lump", "count": 1 } ],
    "requirements": { "install": { "skills": [ [ "mechanics", 3 ], [ "rifle", 1 ], [ "electronics", 1 ] ] }, "removal": { "skills": [ [ "mechanics", 1 ] ] } }
  },
  {
    "id": "mounted_er555_saw",
    "copy-from": "turret",
    "type": "vehicle_part",
    "name": { "str": "mounted ER555-SAW" },
    "item": "etc_er555_saw",
    "color": "cyan",
    "broken_color": "cyan",
    "looks_like": "m249",
    "breaks_into": [ { "item": "scrap", "count": 7 }, { "item": "steel_chunk", "count": 6 }, { "item": "steel_lump", "count": 1 } ],
    "requirements": { "install": { "skills": [ [ "mechanics", 3 ], [ "rifle", 1 ], [ "electronics", 1 ] ] }, "removal": { "skills": [ [ "mechanics", 1 ] ] } }
  },
  {
    "id": "mounted_qr555_cqb",
    "copy-from": "turret",
    "type": "vehicle_part",
    "name": { "str": "mounted QR555-SMG" },
    "item": "qr555_cqb",
    "color": "cyan",
    "broken_color": "cyan",
    "looks_like": "m249",
    "breaks_into": [ { "item": "scrap", "count": 7 }, { "item": "steel_chunk", "count": 3 }, { "item": "steel_lump", "count": 1 } ],
    "extend": { "flags": [ "SHARP" ] },
    "//": "If a blade from a lawnmower can do it, so can a top-tier integrated bayonet in a gun that can almost compete with a proper short spear in melee combat. Ramming with this is stupid though.",
    "requirements": { "install": { "skills": [ [ "mechanics", 3 ], [ "rifle", 1 ] ] }, "removal": { "skills": [ [ "mechanics", 1 ] ] } }
  },
  {
    "id": "mounted_qr555_saw",
    "copy-from": "turret",
    "type": "vehicle_part",
    "name": { "str": "mounted QR555-SAW" },
    "item": "qr555_saw",
    "color": "cyan",
    "broken_color": "cyan",
    "looks_like": "m249",
    "breaks_into": [ { "item": "scrap", "count": 7 }, { "item": "steel_chunk", "count": 6 }, { "item": "steel_lump", "count": 1 } ],
    "requirements": { "install": { "skills": [ [ "mechanics", 3 ], [ "rifle", 1 ] ] }, "removal": { "skills": [ [ "mechanics", 1 ] ] } }
  }
]
