[
  {
    "id": "mon_pig_piglet",
    "type": "MONSTER",
    "name": { "str": "piglet" },
    "description": "A skittish piglet that snorts and roots randomly about the ground.  Much easier to domesticate than feral adults.",
    "default_faction": "pig",
    "bodytype": "pig",
    "categories": [ "WILDLIFE" ],
    "species": [ "MAMMAL" ],
    "volume": "10000 ml",
    "weight": "10000 g",
    "hp": 5,
    "speed": 80,
    "material": [ "flesh" ],
    "symbol": "p",
    "color": "pink",
    "looks_like": "mon_pig",
    "aggression": -10,
    "morale": 10,
    "melee_skill": 1,
    "melee_dice": 1,
    "melee_dice_sides": 2,
    "melee_cut": 1,
    "dodge": 4,
    "harvest": "mammal_small_leather",
    "path_settings": { "max_dist": 10 },
    "fear_triggers": [ "SOUND", "PLAYER_CLOSE" ],
    "placate_triggers": [ "MEAT" ],
    "upgrades": { "age_grow": 20, "into": "mon_pig" },
    "biosignature": { "biosig_item": "feces_manure", "biosig_timer": 7 },
    "special_attacks": [ [ "EAT_FOOD", 40 ] ],
    "petfood": { "food": [ "CATTLEFOOD" ], "feed": "The %s seems to like you! It lets you pat its head and seems friendly." },
    "flags": [ "ANIMAL", "HEARS", "KEENNOSE", "PATH_AVOID_DANGER_1", "PET_MOUNTABLE", "SEES", "SMELLS", "WARM" ]
  },
  {
    "id": "mon_pig",
    "type": "MONSTER",
    "name": { "str": "pig" },
    "description": "A domesticated omnivore descended from the wild boar, intelligent and inquisitive.  Left to its own devices, it can easily go feral but can be re-tamed with sufficient time and trainer ability.",
    "default_faction": "pig",
    "bodytype": "pig",
    "categories": [ "WILDLIFE" ],
    "species": [ "MAMMAL" ],
    "volume": "200000 ml",
    "weight": "200000 g",
    "hp": 50,
    "speed": 100,
    "material": [ "flesh" ],
    "symbol": "p",
    "color": "pink",
    "aggression": 10,
    "morale": 30,
    "melee_skill": 4,
    "melee_dice": 1,
    "melee_dice_sides": 8,
    "melee_cut": 4,
    "dodge": 2,
    "harvest": "mammal_large_leather",
    "reproduction": { "baby_monster": "mon_pig_piglet", "baby_count": 3, "baby_timer": 10 },
    "baby_flags": [ "SPRING", "AUTUMN" ],
    "biosignature": { "biosig_item": "feces_manure", "biosig_timer": 2 },
    "path_settings": { "max_dist": 10 },
    "anger_triggers": [ "PLAYER_WEAK", "FRIEND_ATTACKED" ],
    "fear_triggers": [ "SOUND", "PLAYER_CLOSE" ],
    "placate_triggers": [ "MEAT" ],
    "special_attacks": [ [ "EAT_FOOD", 20 ] ],
    "petfood": { "food": [ "CATTLEFOOD" ], "feed": "The %s seems to like you! It lets you pat its head and seems friendly." },
    "flags": [ "ANIMAL", "HEARS", "KEENNOSE", "PATH_AVOID_DANGER_1", "PET_MOUNTABLE", "SEES", "SMELLS", "WARM" ]
  }
]
