[
  {
    "type": "construction",
    "category": "CONSTRUCT",
    "id": "c_working_server",
    "group": "build_working_server",
    "required_skills": [ [ "fabrication", 3 ] ],
    "time": "30 m",
    "qualities": [ [ { "id": "SCREW", "level": 1 } ] ],
    "components": [
      [ [ "sheet_metal_small", 6 ] ],
      [ [ "plastic_chunk", 12 ] ],
      [ [ "pipe", 8 ] ],
      [ [ "processor", 12 ] ],
      [ [ "RAM", 24 ] ],
      [ [ "power_supply", 12 ] ],
      [ [ "cable", 24 ] ]
    ],
    "pre_special": "check_empty",
    "post_terrain": "f_server_working"
  }
]
