[
  {
    "type": "recipe",
    "activity_level": "LIGHT_EXERCISE",
    "result": "laptop_working",
    "id_suffix": "from_dead",
    "//": "working laptop from an existing broken one",
    "category": "CC_ELECTRONIC",
    "subcategory": "CSC_ELECTRONIC_TOOLS",
    "skill_used": "fabrication",
    "difficulty": 3,
    "skills_required": [ "electronics", 2 ],
    "time": "20 m",
    "reversible": true,
    "book_learn": [ [ "textbook_electronics", 2 ] ],
    "using": [ [ "soldering_standard", 10 ] ],
    "qualities": [ { "id": "SCREW", "level": 1 } ],
    "components": [ [ [ "laptop", 1 ] ], [ [ "plastic_chunk", 1 ], [ "scrap", 2 ] ] ]
  },
  {
    "type": "recipe",
    "activity_level": "LIGHT_EXERCISE",
    "result": "laptop_working",
    "//": "working laptop from scratch",
    "category": "CC_ELECTRONIC",
    "subcategory": "CSC_ELECTRONIC_TOOLS",
    "skill_used": "fabrication",
    "difficulty": 4,
    "skills_required": [ "electronics", 3 ],
    "time": "60 m",
    "reversible": true,
    "book_learn": [ [ "textbook_electronics", 3 ] ],
    "using": [ [ "soldering_standard", 30 ] ],
    "qualities": [ { "id": "SCREW", "level": 1 } ],
    "components": [
      [ [ "processor", 1 ] ],
      [ [ "RAM", 4 ] ],
      [ [ "cable", 6 ] ],
      [ [ "amplifier", 1 ] ],
      [ [ "plastic_chunk", 6 ] ],
      [ [ "plastic_chunk", 1 ], [ "scrap", 2 ] ],
      [ [ "small_lcd_screen", 1 ] ]
    ]
  }
]
