[
  {
    "type": "recipe",
    "activity_level": "LIGHT_EXERCISE",
    "result": "laptop_working_ubuntu",
    "category": "CC_ELECTRONIC",
    "subcategory": "CSC_ELECTRONIC_OTHER",
    "skill_used": "electronics",
    "difficulty": 1,
    "time": "30 m",
    "//": "MODDERS: installation time may need to be adjusted for a given OS; assume similar baseline hardware",
    "reversible": true,
    "book_learn": [ [ "textbook_electronics", 1 ] ],
    "components": [ [ [ "laptop_working", 1 ] ], [ [ "software_os_ubuntu", 1 ] ] ]
  }
]
