[
  {
    "type": "palette",
    "id": "afs_formless_ruins",
    "terrain": {
      ".": "t_metal_floor",
      "!": "t_door_locked_interior",
      "-": "t_wall_metal",
      "|": "t_concrete_wall",
      "/": "t_wall_prefab_metal",
      "#": "t_broken_prefab",
      "Q": "t_wall_prefab_glass_shutters",
      ":": "t_door_glass_c",
      ";": "t_door_locked",
      "o": "t_wall_prefab_glass",
      "(": "t_reinforced_glass",
      "X": "t_door_metal_locked",
      "3": "t_door_metal_c",
      "4": "t_door_metal_pickable",
      "ó": "t_metal_ventilation_shutter",
      "R": "t_railing",
      ">": "t_stairs_down",
      "<": "t_stairs_up"
    },
    "furniture": {
      "$": "f_safe_l",
      "A": "f_neuralnet_inserter",
      "0": "f_cryo_pod",
      "&": "f_toilet",
      "%": "f_console_broken",
      "5": "f_console",
      "B": "f_bed",
      "?": "f_sofa",
      "S": "f_sink",
      "b": "f_bench",
      "c": "f_counter",
      "d": "f_desk",
      "h": "f_chair",
      "H": "f_utility_shelf",
      "l": "f_locker",
      "k": "f_bookcase",
      "r": "f_trashcan",
      "s": "f_sink",
      "t": "f_table",
      "f": "f_filing_cabinet",
      "^": "f_indoor_plant"
    },
    "toilets": { "&": {  } }
  }
]
