[
  {
    "type": "palette",
    "id": "arcology_exterior",
    "terrain": {
      " ": "t_region_groundcover_urban",
      "_": [ "t_thconc_floor", "t_thconc_r", "t_thconc_y" ],
      ",": [ "t_pavement", "t_region_groundcover_urban", "t_railroad_rubble" ],
      "!": "t_door_locked_interior",
      "O": "t_metal_floor",
      ".": "t_wall_metal",
      "|": "t_strconc_wall",
      "/": "t_wall_prefab_metal",
      "#": "t_broken_prefab",
      "Q": "t_wall_prefab_glass_shutters",
      ":": "t_door_glass_c",
      ";": "t_door_locked",
      "o": "t_wall_prefab_glass",
      "(": "t_reinforced_glass",
      "X": "t_door_metal_locked",
      "3": "t_door_metal_c",
      "4": "t_door_metal_pickable",
      "ó": "t_metal_ventilation_shutter",
      "R": "t_railing",
      "U": "t_ladder_up",
      "D": "t_ladder_down",
      ">": "t_stairs_down",
      "<": "t_stairs_up"
    },
    "furniture": {
      "$": "f_safe_l",
      "A": "f_neuralnet_inserter",
      "0": "f_cryo_pod",
      "&": "f_toilet",
      "%": "f_console_broken",
      "5": "f_console",
      "c": "f_counter",
      "H": "f_utility_shelf",
      "l": "f_locker",
      "r": "f_trashcan"
    },
    "toilets": { "&": {  } }
  },
  {
    "type": "palette",
    "id": "arcology_mall_chunks",
    "terrain": {
      " ": "t_linoleum_white",
      "_": [ "t_thconc_floor", "t_thconc_r", "t_thconc_y" ],
      ",": [ "t_pavement", "t_region_groundcover_urban", "t_railroad_rubble" ],
      "!": "t_door_locked_interior",
      "O": "t_metal_floor",
      ".": "t_wall_metal",
      "/": "t_wall_prefab_metal",
      "#": "t_broken_prefab",
      "Q": "t_wall_prefab_glass_shutters",
      ":": "t_door_glass_c",
      ";": "t_door_locked",
      "o": "t_wall_prefab_glass",
      "(": "t_reinforced_glass",
      "X": "t_door_metal_locked",
      "3": "t_door_metal_c",
      "4": "t_door_metal_pickable",
      "ó": "t_metal_ventilation_shutter",
      "R": "t_railing",
      "U": "t_ladder_up",
      "D": "t_ladder_down",
      ">": "t_stairs_down",
      "<": "t_stairs_up"
    },
    "furniture": {
      "$": "f_safe_l",
      "A": "f_neuralnet_inserter",
      "0": "f_cryo_pod",
      "&": "f_toilet",
      "%": "f_console_broken",
      "5": "f_console",
      "c": "f_counter",
      "H": "f_utility_shelf",
      "l": "f_locker",
      "r": "f_trashcan"
    },
    "toilets": { "&": {  } }
  }
]
