[
  {
    "type": "recipe",
    "activity_level": "LIGHT_EXERCISE",
    "result": "BioCo_Assembly_Machine",
    "category": "CC_ELECTRONIC",
    "subcategory": "CSC_ELECTRONIC_TOOLS",
    "skill_used": "electronics",
    "skills_required": [ [ "fabrication", 6 ], [ "computer", 5 ] ],
    "difficulty": 7,
    "time": 500000,
    "reversible": true,
    "decomp_learn": 7,
    "book_learn": [ [ "recipe_lab_elec", 6 ], [ "recipe_mil_augs", 5 ] ],
    "using": [ [ "soldering_standard", 14 ] ],
    "qualities": [ { "id": "SCREW", "level": 1 } ],
    "components": [
      [ [ "e_scrap", 30 ] ],
      [ [ "cable", 200 ] ],
      [ [ "circuit", 10 ] ],
      [ [ "scrap", 20 ] ],
      [ [ "plut_cell", 5 ] ],
      [ [ "burnt_out_bionic", 1 ] ],
      [ [ "sheet_metal", 5 ] ],
      [ [ "motor_small", 1 ] ],
      [ [ "BioCo_AutoDoc_Core", 1 ] ],
      [ [ "Autonmous_Machine_Parts", 5 ] ]
    ]
  },
  {
    "type": "recipe",
    "activity_level": "LIGHT_EXERCISE",
    "result": "BioCo_Chemical_Engine",
    "category": "CC_ELECTRONIC",
    "subcategory": "CSC_ELECTRONIC_TOOLS",
    "skill_used": "electronics",
    "skills_required": [ [ "fabrication", 6 ], [ "computer", 5 ] ],
    "difficulty": 7,
    "time": 500000,
    "reversible": true,
    "decomp_learn": 7,
    "book_learn": [ [ "recipe_lab_elec", 6 ], [ "recipe_mil_augs", 5 ] ],
    "using": [ [ "soldering_standard", 14 ] ],
    "qualities": [ { "id": "SCREW", "level": 1 } ],
    "components": [
      [ [ "e_scrap", 30 ] ],
      [ [ "cable", 200 ] ],
      [ [ "circuit", 10 ] ],
      [ [ "scrap", 20 ] ],
      [ [ "plut_cell", 5 ] ],
      [ [ "burnt_out_bionic", 1 ] ],
      [ [ "sheet_metal", 5 ] ],
      [ [ "motor_small", 1 ] ],
      [ [ "hotplate", 1 ] ],
      [ [ "flask_glass", 3 ] ],
      [ [ "Autonmous_Machine_Parts", 1 ] ]
    ]
  },
  {
    "type": "recipe",
    "activity_level": "LIGHT_EXERCISE",
    "result": "BioCo_AutoDoc",
    "category": "CC_ELECTRONIC",
    "subcategory": "CSC_ELECTRONIC_TOOLS",
    "skill_used": "electronics",
    "skills_required": [ [ "fabrication", 6 ], [ "computer", 5 ] ],
    "difficulty": 7,
    "time": 500000,
    "reversible": true,
    "decomp_learn": 7,
    "book_learn": [ [ "recipe_lab_elec", 6 ] ],
    "using": [ [ "soldering_standard", 14 ] ],
    "qualities": [ { "id": "SCREW", "level": 1 }, { "id": "BIOASSEMBLE", "level": 3 } ],
    "tools": [ [ [ "Software_BioCo_AutoDoc_Designs", -1 ] ] ],
    "components": [
      [ [ "e_scrap", 30 ] ],
      [ [ "cable", 200 ] ],
      [ [ "circuit", 10 ] ],
      [ [ "scrap", 20 ] ],
      [ [ "sheet_metal", 5 ] ],
      [ [ "plut_cell", 5 ] ],
      [ [ "motor_small", 1 ] ],
      [ [ "BioCo_AutoDoc_Core", 1 ] ],
      [ [ "Autonmous_Machine_Parts", 1 ] ],
      [ [ "Pristine_Bionic_Components", 4 ] ],
      [ [ "RAM", 10 ] ],
      [ [ "amplifier", 4 ] ],
      [ [ "processor", 2 ] ],
      [ [ "small_lcd_screen", 2 ] ],
      [ [ "power_supply", 4 ] ]
    ]
  },
  {
    "type": "recipe",
    "activity_level": "LIGHT_EXERCISE",
    "result": "BioCo_AutoDoc_Couch",
    "category": "CC_ELECTRONIC",
    "subcategory": "CSC_ELECTRONIC_TOOLS",
    "skill_used": "electronics",
    "skills_required": [ [ "fabrication", 6 ], [ "computer", 5 ] ],
    "difficulty": 7,
    "time": 500000,
    "reversible": true,
    "decomp_learn": 7,
    "book_learn": [ [ "recipe_lab_elec", 6 ] ],
    "using": [ [ "soldering_standard", 14 ] ],
    "qualities": [ { "id": "SCREW", "level": 1 } ],
    "components": [
      [ [ "e_scrap", 30 ] ],
      [ [ "cable", 200 ] ],
      [ [ "circuit", 10 ] ],
      [ [ "scrap", 20 ] ],
      [ [ "2x4", 12 ] ],
      [ [ "rag", 30 ], [ "blanket", 1 ] ],
      [ [ "nail", 20 ] ],
      [ [ "Pristine_Bionic_Components", 4 ] ]
    ]
  }
]
