[
  {
    "type": "furniture",
    "id": "f_BioCo_Assembly_Machine",
    "name": "BioCo Assembly Machine",
    "description": "A BioCo Assembly Machine, capable of creating a wide range of BioCo tech.",
    "symbol": "^",
    "color": "blue",
    "move_cost_mod": -1,
    "required_str": 16,
    "crafting_pseudo_item": "BioCo_Assembly_Machine_USE",
    "deconstruct": { "items": [ { "item": "BioCo_Assembly_Machine", "count": 1 } ] },
    "flags": [ "TRANSPARENT", "NOITEM", "EASY_DECONSTRUCT" ],
    "bash": {
      "str_min": 4,
      "str_max": 8,
      "sound": "crunch!",
      "sound_fail": "whump.",
      "items": [ { "item": "BioCo_Assembly_Machine", "count": 1 } ]
    }
  },
  {
    "type": "furniture",
    "id": "f_BioCo_Chemical_Engine",
    "name": "BioCo Chemical Engine",
    "description": "A BioCo Chemical Engine, capable of creating a wide BioCo concoction.",
    "symbol": "^",
    "color": "blue",
    "move_cost_mod": -1,
    "required_str": 16,
    "crafting_pseudo_item": "BioCo_Chemical_Engine_USE",
    "deconstruct": { "items": [ { "item": "BioCo_Chemical_Engine", "count": 1 } ] },
    "flags": [ "TRANSPARENT", "NOITEM", "EASY_DECONSTRUCT" ],
    "bash": {
      "str_min": 4,
      "str_max": 8,
      "sound": "crunch!",
      "sound_fail": "whump.",
      "items": [ { "item": "BioCo_Chemical_Engine", "count": 1 } ]
    }
  }
]
