[
  {
    "type": "furniture",
    "id": "f_autodoc",
    "copy-from": "f_autodoc",
    "name": "Autodoc Mk. XI",
    "symbol": "&",
    "description": "A surgical apparatus used for installation and uninstallation of bionics.  It's only as skilled as its operator.",
    "color": "light_cyan",
    "looks_like": "f_robotic_arm",
    "move_cost_mod": -1,
    "required_str": -1,
    "flags": [ "TRANSPARENT", "AUTODOC" ],
    "examine_action": "autodoc",
    "deconstruct": {
      "items": [
        { "item": "processor", "count": [ 1, 2 ] },
        { "item": "RAM", "count": [ 4, 8 ] },
        { "item": "cable", "charges": [ 4, 6 ] },
        { "item": "small_lcd_screen", "count": [ 1, 2 ] },
        { "item": "e_scrap", "count": [ 10, 16 ] },
        { "item": "circuit", "count": [ 6, 10 ] },
        { "item": "power_supply", "count": [ 2, 4 ] },
        { "item": "amplifier", "count": [ 2, 4 ] },
        { "item": "plastic_chunk", "count": [ 10, 12 ] },
        { "item": "Autonmous_Machine_Parts", "count": [ 2, 5 ] },
        { "item": "BioCo_AutoDoc_Core", "prob": 80 },
        { "item": "scrap", "count": [ 6, 8 ] }
      ]
    },
    "bash": {
      "str_min": 8,
      "str_max": 150,
      "sound": "crunch!",
      "sound_fail": "whack!",
      "items": [
        { "item": "processor", "prob": 25 },
        { "item": "RAM", "count": [ 0, 2 ], "prob": 50 },
        { "item": "cable", "charges": [ 1, 2 ], "prob": 50 },
        { "item": "small_lcd_screen", "prob": 25 },
        { "item": "e_scrap", "count": [ 1, 4 ], "prob": 50 },
        { "item": "circuit", "count": [ 0, 2 ], "prob": 50 },
        { "item": "power_supply", "prob": 25 },
        { "item": "amplifier", "prob": 25 },
        { "item": "plastic_chunk", "count": [ 4, 10 ], "prob": 50 },
        { "item": "scrap", "count": [ 2, 6 ], "prob": 50 }
      ]
    }
  },
  {
    "type": "furniture",
    "id": "f_robotic_arm",
    "name": "robotic arm",
    "description": "This is a robotic arm.",
    "symbol": "&",
    "bgcolor": "yellow",
    "move_cost_mod": 3,
    "required_str": 18,
    "flags": [ "TRANSPARENT", "MOUNTABLE" ],
    "deconstruct": {
      "items": [
        { "item": "processor", "prob": 75 },
        { "item": "RAM", "prob": 80 },
        { "item": "power_supply", "prob": 70 },
        { "item": "amplifier", "prob": 90 },
        { "item": "steel_chunk", "count": [ 1, 4 ] },
        { "item": "spring", "prob": 80 },
        { "item": "steel_lump", "prob": 60 },
        { "item": "sheet_metal", "prob": 50 },
        { "item": "motor", "prob": 60 },
        { "item": "Autonmous_Machine_Parts", "count": [ 2, 5 ] }
      ]
    },
    "bash": {
      "str_min": 8,
      "str_max": 45,
      "sound": "smash!",
      "sound_fail": "thunk.",
      "items": [
        { "item": "processor", "prob": 15 },
        { "item": "RAM", "prob": 30 },
        { "item": "power_supply", "prob": 50 },
        { "item": "amplifier", "prob": 70 },
        { "item": "steel_chunk", "count": [ 1, 3 ] },
        { "item": "spring", "prob": 80 },
        { "item": "steel_lump", "prob": 50 },
        { "item": "sheet_metal", "prob": 30 },
        { "item": "scrap", "count": [ 2, 5 ] },
        { "item": "motor", "prob": 30 }
      ]
    }
  }
]
