[
  {
    "id": "armor_alloyplate",
    "type": "ARMOR",
    "name": { "str": "superalloy plate armor" },
    "copy-from": "armor_lightplate",
    "description": "A suit of Gothic plate armor. Handmade from superalloy plates, for better protection at lower weight.",
    "weight": "7000 g",
    "price": "1200 USD",
    "material": [ "superalloy", "leather" ],
    "material_thickness": 5,
    "armor": [ { "encumbrance": 18, "coverage": 100, "covers": [ "torso", "leg_l", "leg_r", "arm_l", "arm_r" ] } ]
  },
  {
    "id": "survivor_lightplate",
    "type": "ARMOR",
    "name": { "str": "survivor plate armor" },
    "copy-from": "armor_lightplate",
    "description": "A suit of Gothic plate armor, reinforced with kevlar at the joints for better protection.",
    "weight": "13000 g",
    "volume": "18 L",
    "price": "800 USD",
    "material": [ "steel", "kevlar" ],
    "warmth": 25,
    "environmental_protection": 2,
    "flags": [ "VARSIZE", "OUTER", "STURDY" ],
    "armor": [ { "encumbrance": 24, "coverage": 100, "covers": [ "torso", "leg_l", "leg_r", "arm_l", "arm_r" ] } ]
  },
  {
    "id": "survivor_alloyplate",
    "type": "ARMOR",
    "name": { "str": "survivor alloy plate armor" },
    "copy-from": "armor_alloyplate",
    "description": "A suit of superalloy Gothic plate armor, reinforced with kevlar at the joints for better protection.",
    "weight": "9000 g",
    "volume": "18 L",
    "price": "1600 USD",
    "material": [ "superalloy", "kevlar" ],
    "warmth": 25,
    "environmental_protection": 2,
    "flags": [ "VARSIZE", "OUTER", "STURDY" ],
    "armor": [ { "encumbrance": 22, "coverage": 100, "covers": [ "torso", "leg_l", "leg_r", "arm_l", "arm_r" ] } ]
  },
  {
    "id": "survivor_skinsuit",
    "type": "ARMOR",
    "category": "armor",
    "name": { "str": "survivor skinsuit" },
    "description": "A lightweight, home-built, skin-tight suit of kevlar and fabric. Minor protection from harm while keeping everything squared away under your other armor. Accentuates your... survivability.",
    "weight": "2100 g",
    "volume": "4000 ml",
    "price": "300 USD",
    "material": [ "kevlar", "cotton" ],
    "symbol": "[",
    "color": "green",
    "warmth": 10,
    "material_thickness": 1,
    "environmental_protection": 2,
    "pocket_data": [
      { "pocket_type": "CONTAINER", "max_contains_volume": "500 ml", "max_contains_weight": "2 kg", "moves": 45 },
      { "pocket_type": "CONTAINER", "max_contains_volume": "500 ml", "max_contains_weight": "2 kg", "moves": 45 }
    ],
    "flags": [ "VARSIZE", "RAINPROOF", "STURDY", "SKINTIGHT" ],
    "armor": [ { "encumbrance": [ 3, 9 ], "coverage": 100, "covers": [ "torso", "arm_l", "arm_r", "leg_l", "leg_r" ] } ]
  },
  {
    "id": "environmental_skinsuit",
    "copy-from": "survivor_skinsuit",
    "type": "ARMOR",
    "category": "armor",
    "name": { "str": "environmental survivor skinsuit" },
    "description": "A lightweight, home-built, skin-tight suit of kevlar, fabric, rubber, and wire. Specially designed to protect against acid and electricity while providing minor protection from general harm and keeping everything squared away under your other armor. Accentuates your... survivability.",
    "weight": "3200 g",
    "volume": "5000 ml",
    "price": "600 USD",
    "material": [ "kevlar", "plastic" ],
    "symbol": "[",
    "color": "light_red",
    "warmth": 30,
    "material_thickness": 1,
    "environmental_protection": 4,
    "flags": [ "VARSIZE", "RAINPROOF", "STURDY", "ELECTRIC_IMMUNE", "SKINTIGHT" ],
    "armor": [
      {
        "encumbrance": 10,
        "coverage": 100,
        "covers": [ "head", "torso", "arm_l", "arm_r", "hand_l", "hand_r", "leg_l", "leg_r", "foot_l", "foot_r" ]
      }
    ]
  },
  {
    "id": "armored_pack",
    "type": "ARMOR",
    "name": { "str": "armored survivor backpack" },
    "description": "A custom-built backpack. Durable and carefully crafted to hold as much stuff as possible. This one is made from kevlar reinforced with thin metal sheets in hopes of protecting it and its contents.",
    "weight": "1200 g",
    "volume": "3750 ml",
    "price": "480 USD",
    "material": [ "kevlar", "steel", "leather" ],
    "symbol": "[",
    "color": "brown",
    "pocket_data": [
      {
        "pocket_type": "CONTAINER",
        "max_contains_volume": "14 L",
        "max_contains_weight": "18 kg",
        "max_item_length": "22 cm",
        "moves": 265
      },
      {
        "pocket_type": "CONTAINER",
        "max_contains_volume": "2 L",
        "max_contains_weight": "3 kg",
        "max_item_length": "15 cm",
        "moves": 235
      },
      {
        "pocket_type": "CONTAINER",
        "max_contains_volume": "1 L",
        "max_contains_weight": "2 kg",
        "max_item_length": "12 cm",
        "moves": 215
      }
    ],
    "material_thickness": 2,
    "flags": [ "WATER_FRIENDLY", "STURDY", "BELTED" ],
    "armor": [ { "encumbrance": [ 3, 12 ], "coverage": 30, "covers": [ "torso" ] } ]
  }
]
