[
  {
    "type": "COMESTIBLE",
    "id": "atomic_irish_coffee",
    "copy-from": "irish_coffee",
    "name": { "str_sp": "atomic Irish coffee" },
    "fatigue_mod": 90,
    "stim": 30,
    "healthy": -5,
    "addiction_potential": 8,
    "calories": 330,
    "description": "Sweetened atomic coffee and whiskey topped with milk.  Start your day the closeted alcoholic way with the power of the atom.",
    "price": "7 USD",
    "price_postapoc": "3 USD",
    "material": [ "alcohol", "water", "milk" ],
    "primary_material": "alcohol",
    "volume": "250 ml",
    "phase": "liquid",
    "fun": 32,
    "flags": [ "EATEN_HOT" ]
  }
]