[
  {
    "type": "ammunition_type",
    "id": "1magmg",
    "name": "1.06mm magmetal glass",
    "default": "1mm_magmg"
  },
  {
    "type": "ammunition_type",
    "id": "22etc",
    "name": ".22 electrothermal",
    "default": "22etc_match"
  },
  {
    "type": "ammunition_type",
    "id": "556etc",
    "name": "5.56 electrothermal",
    "default": "556dk"
  },
  {
    "type": "ammunition_type",
    "id": "66mmff",
    "name": "66mm fire-and-forget",
    "default": "66mmff_heat"
  },
  {
    "type": "ammunition_type",
    "id": "762ec",
    "name": "7.62x51mm electrothermal",
    "default": "762echv"
  },
  {
    "type": "ammunition_type",
    "id": "9etc",
    "name": "9x19mm electrothermal",
    "default": "9etc"
  },
  {
    "type": "ammunition_type",
    "id": "acid",
    "name": "acid",
    "default": "chem_sulphuric_acid"
  },
  {
    "type": "ammunition_type",
    "id": "magpin",
    "name": "magpin",
    "default": "magpin"
  }
]
