[
  {
    "id": "ammolink22etc",
    "copy-from": "ammolink",
    "type": "GENERIC",
    "name": { "str": ".22 ETC ammo belt linkage" },
    "looks_like": "ammolink223",
    "use_action": { "type": "ammobelt", "belt": "belt22etc" }
  },
  {
    "id": "ammolink556etc",
    "copy-from": "ammolink",
    "type": "GENERIC",
    "name": { "str": "5.56 ETC ammo belt linkage" },
    "looks_like": "ammolink223",
    "use_action": { "type": "ammobelt", "belt": "belt556etc" }
  },
  {
    "id": "ammolink9etc",
    "copy-from": "ammolink",
    "type": "GENERIC",
    "name": { "str": "9mm ETC ammo belt linkage" },
    "looks_like": "ammolink223",
    "use_action": { "type": "ammobelt", "belt": "belt9etc" }
  },
  {
    "id": "ammolink10mm",
    "copy-from": "ammolink",
    "type": "GENERIC",
    "name": { "str": "10mm Auto ammo belt linkage" },
    "looks_like": "ammolink223",
    "use_action": { "type": "ammobelt", "belt": "belt10mm" }
  },
  {
    "id": "ammolink40sw",
    "copy-from": "ammolink",
    "type": "GENERIC",
    "name": { "str": ".40 S&W ammo belt linkage" },
    "looks_like": "ammolink223",
    "use_action": { "type": "ammobelt", "belt": "belt40sw" }
  }
]
