[
  {
    "id": "etc_er555ads_pack",
    "type": "ARMOR",
    "copy-from": "briefcase",
    "name": { "str": "OCG ER555-ADS conversion pack" },
    "category": "other",
    "description": "A briefcase with an ER555 Anti-Drone Sniper conversion kit, recommended accessories and magazines. Activate or disassemble to unpack.",
    "price": "4225 USD",
    "price_postapoc": "4225 cent",
    "weight": "4800 g",
    "pocket_data": [],
    "material": [ "plastic", "steel" ],
    "looks_like": "briefcase",
    "use_action": "DISASSEMBLE"
  },
  {
    "id": "etc_er555ads_kit",
    "type": "GENERIC",
    "name": { "str": "OCG ER555-ADS conversion kit" },
    "category": "spare_parts",
    "symbol": ")",
    "color": "light_gray",
    "description": "All the parts necessary to convert an ER555 to an Anti-Drone Sniper, a long range drone killer. In order to reconfigure an already-configured ER555, you'll need to disassemble it to the base model, then assemble with the parts you prefer.",
    "price": "3295 USD",
    "price_postapoc": "3295 cent",
    "weight": "2050 g",
    "volume": "2500 ml",
    "to_hit": -2,
    "looks_like": "l_dsr_223_kit",
    "material": [ "superalloy", "plastic", "steel" ]
  },
  {
    "id": "etc_er555car_pack",
    "type": "ARMOR",
    "copy-from": "briefcase",
    "name": { "str": "OCG ER555-CAR conversion pack" },
    "category": "other",
    "description": "A briefcase with an ER555 Carbine conversion kit, recommended accessories and magazines. Activate or disassemble to unpack.",
    "price": "2350 USD",
    "price_postapoc": "2350 cent",
    "weight": "4260 g",
    "pocket_data": [],
    "looks_like": "briefcase",
    "material": [ "plastic", "steel" ],
    "use_action": "DISASSEMBLE"
  },
  {
    "id": "etc_er555car_kit",
    "type": "GENERIC",
    "name": { "str": "OCG ER555-CAR conversion kit" },
    "category": "spare_parts",
    "symbol": ")",
    "color": "light_gray",
    "description": "All the parts necessary to convert an ER555 to a Carbine, a jack-of-all-trades.  In order to reconfigure an already-configured ER555, you'll need to disassemble it to the base model, then assemble with the parts you prefer.",
    "price": "1150 USD",
    "price_postapoc": "1150 cent",
    "weight": "1100 g",
    "volume": "750 ml",
    "to_hit": -2,
    "looks_like": "l_mbr_223_kit",
    "material": [ "superalloy", "plastic", "steel" ]
  },
  {
    "id": "etc_er555cqb_pack",
    "type": "ARMOR",
    "copy-from": "briefcase",
    "name": { "str": "OCG ER555-CQB conversion pack" },
    "category": "other",
    "description": "A briefcase with an ER555 Close Quarters Battle conversion kit, recommended accessories and magazines. Activate or disassemble to unpack.",
    "price": "2540 USD",
    "price_postapoc": "2540 cent",
    "weight": "4040 g",
    "pocket_data": [],
    "looks_like": "briefcase",
    "material": [ "plastic", "steel" ],
    "use_action": "DISASSEMBLE"
  },
  {
    "id": "etc_er555cqb_kit",
    "type": "GENERIC",
    "name": { "str": "OCG ER555-CQB conversion kit" },
    "category": "spare_parts",
    "symbol": ")",
    "color": "light_gray",
    "description": "All the parts necessary to convert an ER555 to Close Quarters Battle configuration, an all-in-one firearm and polearm good in both roles.  In order to reconfigure an already-configured ER555, you'll need to disassemble it to the base model, then assemble with the parts you prefer.",
    "price": "1250 USD",
    "price_postapoc": "1250 cent",
    "weight": "970 g",
    "volume": "750 ml",
    "to_hit": -2,
    "looks_like": "l_car_223_kit",
    "material": [ "superalloy", "plastic", "steel" ]
  },
  {
    "id": "etc_er555saw_pack",
    "type": "ARMOR",
    "copy-from": "briefcase",
    "name": { "str": "OCG ER555-SAW conversion pack" },
    "category": "other",
    "description": "A briefcase with an ER555 Squad Automatic Weapon conversion kit, recommended accessories and one ammo belt in a separate fireproof container. Activate or disassemble to unpack.",
    "price": "3800 USD",
    "price_postapoc": "3800 cent",
    "weight": "8330 g",
    "pocket_data": [],
    "looks_like": "briefcase",
    "material": [ "plastic", "steel" ],
    "use_action": "DISASSEMBLE"
  },
  {
    "id": "etc_er555saw_kit",
    "type": "GENERIC",
    "name": { "str": "OCG ER555-SAW conversion kit" },
    "category": "spare_parts",
    "symbol": ")",
    "color": "light_gray",
    "description": "All the parts necessary to convert an ER555 to a Squad Automatic Weapon, which also serves as battle rifle. In order to reconfigure an already-configured ER555, you'll need to disassemble it to the base model, then assemble with the parts you prefer.",
    "price": "2470 USD",
    "price_postapoc": "2470 cent",
    "weight": "2480 g",
    "volume": "2500 ml",
    "to_hit": -2,
    "looks_like": "l_lmg_223_kit",
    "material": [ "superalloy", "plastic", "steel" ]
  },
  {
    "id": "etc_er555sr_pack",
    "type": "ARMOR",
    "copy-from": "briefcase",
    "name": { "str": "OCG ER555-SR conversion pack" },
    "category": "other",
    "description": "A briefcase with an ER555 Sniper Rifle conversion kit, recommended accessories and magazines. Activate or disassemble to unpack.",
    "price": "2345 USD",
    "price_postapoc": "2345 cent",
    "weight": "4730 g",
    "pocket_data": [],
    "looks_like": "briefcase",
    "material": [ "plastic", "steel" ],
    "use_action": "DISASSEMBLE"
  },
  {
    "id": "etc_er555sr_kit",
    "type": "GENERIC",
    "name": { "str": "OCG ER555-SR conversion kit" },
    "category": "spare_parts",
    "symbol": ")",
    "color": "light_gray",
    "description": "All the parts necessary to convert an ER555 to a Sniper Rifle, highly accurate within its effective range. In order to reconfigure an already-configured ER555, you'll need to disassemble it to the base model, then assemble with the parts you prefer.",
    "price": "1545 USD",
    "price_postapoc": "1545 cent",
    "weight": "1850 g",
    "volume": "2250 ml",
    "to_hit": -2,
    "looks_like": "l_dsr_223_kit",
    "material": [ "superalloy", "plastic", "steel" ]
  },
  {
    "id": "etc_er555udd_pack",
    "type": "ARMOR",
    "copy-from": "briefcase",
    "name": { "str": "OCG ER555-UDD conversion pack" },
    "category": "other",
    "description": "A briefcase with an ER555 Urban Drone Destroyer conversion kit, recommended accessories, some grenades and magazines. Activate or disassemble to unpack.",
    "price": "7280 USD",
    "price_postapoc": "7280 cent",
    "weight": "7260 g",
    "pocket_data": [],
    "looks_like": "briefcase",
    "material": [ "plastic", "steel" ],
    "use_action": "DISASSEMBLE"
  },
  {
    "id": "etc_er555udd_kit",
    "type": "GENERIC",
    "name": { "str": "OCG ER555-UDD conversion kit" },
    "category": "spare_parts",
    "symbol": ")",
    "color": "light_gray",
    "description": "All the parts necessary to convert an ER555 to an Urban Drone Destroyer, OmniCorp's close-quarters drone killer.  In order to reconfigure an already-configured ER555, you'll need to disassemble it to the base model, then assemble with the parts you prefer.",
    "price": "3470 USD",
    "price_postapoc": "3470 cent",
    "weight": "1330 g",
    "volume": "500 ml",
    "to_hit": -2,
    "looks_like": "l_car_223_kit",
    "material": [ "superalloy", "plastic", "steel" ]
  },
  {
    "id": "etc_erqr555_pack",
    "type": "ARMOR",
    "copy-from": "briefcase",
    "name": { "str": "OCG ER-QR555 conversion pack" },
    "category": "other",
    "description": "A briefcase with an ER555 to QR555 Battle Rifle conversion kit, recommended accessories, grenades and magazines. Activate or disassemble to unpack.",
    "price": "8050 USD",
    "price_postapoc": "8050 cent",
    "weight": "5490 g",
    "pocket_data": [],
    "looks_like": "briefcase",
    "material": [ "plastic", "steel" ],
    "use_action": "DISASSEMBLE"
  },
  {
    "id": "etc_erqr555_kit",
    "type": "GENERIC",
    "name": { "str": "OCG ER-QR555 conversion kit" },
    "category": "spare_parts",
    "symbol": ")",
    "color": "light_gray",
    "description": "All the parts necessary to convert a base Electrothermal Rifle 555 to a purely chemical propelled, integrally suppressed \"Quiet\" Rifle 555.  In order to convert an already-configured ER555 to QR555, you'll need to disassemble it to the base model first. The QR555 has its own line of conversion kits.",
    "price": "4750 USD",
    "price_postapoc": "4750 cent",
    "weight": "1150 g",
    "volume": "500 ml",
    "to_hit": -2,
    "looks_like": "l_mbr_223_kit",
    "material": [ "superalloy", "plastic", "steel" ]
  },
  {
    "id": "etc_qr555car_pack",
    "type": "ARMOR",
    "copy-from": "briefcase",
    "name": { "str": "OCG QR555-CAR conversion pack" },
    "category": "other",
    "description": "A briefcase with a QR555 Carbine conversion kit, recommended accessories and magazines. Activate or disassemble to unpack.",
    "price": "2350 USD",
    "price_postapoc": "2350 cent",
    "weight": "4260 g",
    "pocket_data": [],
    "looks_like": "briefcase",
    "material": [ "plastic", "steel" ],
    "use_action": "DISASSEMBLE"
  },
  {
    "id": "etc_qr555car_kit",
    "type": "GENERIC",
    "name": { "str": "OCG QR555-CAR conversion kit" },
    "category": "spare_parts",
    "symbol": ")",
    "color": "light_gray",
    "description": "All the parts necessary to convert a QR555 to a Carbine, a short ranged jack-of-all-trades.  In order to reconfigure an already-configured QR555, you'll need to disassemble it to the base model, then assemble with the parts you prefer.",
    "price": "1150 USD",
    "price_postapoc": "1150 cent",
    "weight": "1100 g",
    "volume": "750 ml",
    "to_hit": -2,
    "looks_like": "l_mbr_223_kit",
    "material": [ "superalloy", "plastic", "steel" ]
  },
  {
    "id": "etc_qr555cqb_pack",
    "type": "ARMOR",
    "copy-from": "briefcase",
    "name": { "str": "OCG QR555-SMG conversion pack" },
    "category": "other",
    "description": "A briefcase with a QR555 Submachinegun conversion kit, recommended accessories and magazines. Activate or disassemble to unpack.",
    "price": "2540 USD",
    "price_postapoc": "2540 cent",
    "weight": "4180 g",
    "pocket_data": [],
    "looks_like": "briefcase",
    "material": [ "plastic", "steel" ],
    "use_action": "DISASSEMBLE"
  },
  {
    "id": "etc_qr555cqb_kit",
    "type": "GENERIC",
    "name": { "str": "OCG QR555-SMG conversion kit" },
    "category": "spare_parts",
    "symbol": ")",
    "color": "light_gray",
    "description": "All the parts necessary to convert a QR555 to a Submachinegun, sort of like a suppressed P90 on steroids with bayonet. In order to reconfigure an already-configured QR555, you'll need to disassemble it to the base model, then assemble with the parts you prefer.",
    "price": "1250 USD",
    "price_postapoc": "1250 cent",
    "weight": "970 g",
    "volume": "750 ml",
    "to_hit": -2,
    "looks_like": "l_car_223_kit",
    "material": [ "superalloy", "plastic", "steel" ]
  },
  {
    "id": "etc_qr555dmr_pack",
    "type": "ARMOR",
    "copy-from": "briefcase",
    "name": { "str": "OCG QR555-DMR conversion pack" },
    "category": "other",
    "description": "A briefcase with a QR555 Designated Marksman Rifle conversion kit, recommended accessories and magazines. Activate or disassemble to unpack.",
    "price": "3275 USD",
    "price_postapoc": "3275 cent",
    "weight": "4420 g",
    "pocket_data": [],
    "looks_like": "briefcase",
    "material": [ "plastic", "steel" ],
    "use_action": "DISASSEMBLE"
  },
  {
    "id": "etc_qr555dmr_kit",
    "type": "GENERIC",
    "name": { "str": "OCG QR555-DMR conversion kit" },
    "category": "spare_parts",
    "symbol": ")",
    "color": "light_gray",
    "description": "All the parts necessary to convert a QR555 to a Designated Marksman Rifle, highly accurate with any ammo and \"silent\" with subsonic rounds. In order to reconfigure an already-configured QR555, you'll need to disassemble it to the base model, then assemble with the parts you prefer.",
    "price": "1345 USD",
    "price_postapoc": "1345 cent",
    "weight": "1850 g",
    "volume": "1500 ml",
    "to_hit": -2,
    "looks_like": "l_dsr_223_kit",
    "material": [ "superalloy", "plastic", "steel" ]
  },
  {
    "id": "etc_qr555saw_pack",
    "type": "ARMOR",
    "copy-from": "briefcase",
    "name": { "str": "OCG QR555-SAW conversion pack" },
    "category": "other",
    "description": "A briefcase with a QR555 Squad Automatic Weapon conversion kit, recommended accessories and one ammo belt assembly kit for up to 500 subsonic rounds in a separate fireproof container. Activate or disassemble to unpack.",
    "price": "3988 USD",
    "price_postapoc": "3988 cent",
    "weight": "12810 g",
    "pocket_data": [],
    "looks_like": "briefcase",
    "material": [ "plastic", "steel" ],
    "use_action": "DISASSEMBLE"
  },
  {
    "id": "etc_qr555saw_kit",
    "type": "GENERIC",
    "name": { "str": "OCG QR555-SAW conversion kit" },
    "category": "spare_parts",
    "symbol": ")",
    "color": "light_gray",
    "description": "All the parts necessary to convert a QR555 to a Squad Automatic Weapon, sort of like a suppressed P90 on double steroids with bipod. In order to reconfigure an already-configured ER555, you'll need to disassemble it to the base model, then assemble with the parts you prefer.",
    "price": "1750 USD",
    "price_postapoc": "1750 cent",
    "weight": "2260 g",
    "volume": "2500 ml",
    "to_hit": -2,
    "looks_like": "l_lmg_223_kit",
    "material": [ "superalloy", "plastic", "steel" ]
  },
  {
    "id": "etc_qrer555_pack",
    "type": "ARMOR",
    "copy-from": "briefcase",
    "name": { "str": "OCG QR-ER555 conversion pack" },
    "category": "other",
    "description": "A briefcase with a QR555 to ER555 Battle Rifle conversion kit and recommended magazines. Activate or disassemble to unpack.",
    "price": "1110 USD",
    "price_postapoc": "1110 cent",
    "weight": "2870 g",
    "pocket_data": [],
    "looks_like": "briefcase",
    "material": [ "plastic", "steel" ],
    "use_action": "DISASSEMBLE"
  },
  {
    "id": "etc_qrer555_kit",
    "type": "GENERIC",
    "name": { "str": "OCG QR-ER555 conversion kit" },
    "category": "spare_parts",
    "symbol": ")",
    "color": "light_gray",
    "description": "All the parts necessary to convert a \"Quiet\" Rifle 555 to a louder, UPS-consuming and more powerful Electrothermal Rifle 555.  In order to convert an already-configured QR555 to ER555, you'll need to disassemble it to the base model first. The ER555 has its own line of conversion kits.",
    "price": "850 USD",
    "price_postapoc": "850 cent",
    "weight": "550 g",
    "volume": "500 ml",
    "to_hit": -2,
    "looks_like": "l_mbr_223_kit",
    "material": [ "superalloy", "plastic", "steel" ]
  },
  {
    "id": "etc_qr555smg9_pack",
    "type": "ARMOR",
    "copy-from": "briefcase",
    "name": { "str": "OCG QR555-QSMG conversion pack" },
    "category": "other",
    "description": "A briefcase with a QR555 to QSMG-9 conversion kit and recommended magazines. Activate or disassemble to unpack.",
    "price": "1110 USD",
    "price_postapoc": "1110 cent",
    "weight": "2870 g",
    "pocket_data": [],
    "looks_like": "briefcase",
    "material": [ "plastic", "steel" ],
    "use_action": "DISASSEMBLE"
  },
  {
    "id": "etc_qr555smg9_kit",
    "type": "GENERIC",
    "name": { "str": "OCG QR555-QSMG conversion kit" },
    "category": "spare_parts",
    "symbol": ")",
    "color": "light_gray",
    "description": "All the parts necessary to rechamber a \"Quiet\" Rifle 555 to a more compact 9mm submachinegun, at the expense of stopping power or armor penetration.  In order to rechamber an already-configured QR555 to QSMG-9, you'll need to disassemble it to the base model first.",
    "price": "850 USD",
    "price_postapoc": "850 cent",
    "weight": "550 g",
    "volume": "500 ml",
    "to_hit": -2,
    "looks_like": "l_mbr_223_kit",
    "material": [ "superalloy", "plastic", "steel" ]
  },
  {
    "id": "etc_qsmg9r555_pack",
    "type": "ARMOR",
    "copy-from": "briefcase",
    "name": { "str": "OCG QSMG9-QR555 conversion pack" },
    "category": "other",
    "description": "A briefcase with a QSMG-9 to QR555 conversion kit and recommended magazines. Activate or disassemble to unpack.",
    "price": "8050 USD",
    "price_postapoc": "8050 cent",
    "weight": "5490 g",
    "pocket_data": [],
    "looks_like": "briefcase",
    "material": [ "plastic", "steel" ],
    "use_action": "DISASSEMBLE"
  },
  {
    "id": "etc_qsmg9r555_kit",
    "type": "GENERIC",
    "name": { "str": "OCG QSMG9-QR555 conversion kit" },
    "category": "spare_parts",
    "symbol": ")",
    "color": "light_gray",
    "description": "All the parts necessary to rechamber a \"Quiet\" Submachinegun 9mm to a more powerful 5.56 NATO QR555, with the drawback of requiring subsonic loads to not draw attention across several blocks.",
    "price": "850 USD",
    "price_postapoc": "850 cent",
    "weight": "550 g",
    "volume": "500 ml",
    "to_hit": -2,
    "looks_like": "l_mbr_223_kit",
    "material": [ "superalloy", "plastic", "steel" ]
  }
]

