[
  {
    "id": "beelmag",
    "type": "MIGRATION",
    "replace": "deelmag"
  },
  {
    "id": "etc_o2038",
    "type": "MIGRATION",
    "replace": "etc_o2020"
  },
  {
    "id": "etc_o2038h",
    "type": "MIGRATION",
    "replace": "etc_o2020h"
  },
  {
    "id": "etc_o2038hsd",
    "type": "MIGRATION",
    "replace": "etc_o2020hsd"
  },
  {
    "id": "o2038hsd_suppressor",
    "type": "MIGRATION",
    "replace": "o2020hsd_suppressor"
  },
  {
    "id": "etc_o2038sd",
    "type": "MIGRATION",
    "replace": "etc_o2020sd"
  },
  {
    "id": "o2038sd_suppressor",
    "type": "MIGRATION",
    "replace": "o2020sd_suppressor"
  },
  {
    "id": "o2038_100_mag",
    "type": "MIGRATION",
    "replace": "o2020_100_mag"
  },
  {
    "id": "o2038h_56_mag",
    "type": "MIGRATION",
    "replace": "o2020h_56_mag"
  },
  {
    "id": "ocg556_14",
    "type": "MIGRATION",
    "replace": "ocg556e_14"
  },
  {
    "id": "ocg556_24",
    "type": "MIGRATION",
    "replace": "ocg556e_20"
  },
  {
    "id": "ocg556e_24",
    "type": "MIGRATION",
    "replace": "ocg556e_20"
  },
  {
    "id": "ocg556_30",
    "type": "MIGRATION",
    "replace": "ocg556e_30"
  },
  {
    "id": "ocg556_50",
    "type": "MIGRATION",
    "replace": "ocg556e_50"
  },
  {
    "id": "ocg556_60",
    "type": "MIGRATION",
    "replace": "ocg556e_60"
  },
  {
    "id": "ocg556_100",
    "type": "MIGRATION",
    "replace": "ocg556e_100"
  },
  {
    "id": "l_def_12",
    "type": "MIGRATION",
    "replace": "ocgl_12c_stormbolter"
  },
  {
    "id": "l_def_12_lrf",
    "type": "MIGRATION",
    "replace": "ocgl_12c_stormbolter"
  },
  {
    "id": "l_sp_9mm",
    "type": "MIGRATION",
    "replace": "ocgl_923"
  },
  {
    "id": "l_mp_9mm",
    "type": "MIGRATION",
    "replace": "ocgl_923"
  },
  {
    "id": "l_lookout_9mm",
    "type": "MIGRATION",
    "replace": "ocgl_quad9"
  },
  {
    "id": "9mm_speedloader7",
    "type": "MIGRATION",
    "replace": "9etc_speedloader"
  },
  {
    "id": "l_enforcer_45",
    "type": "MIGRATION",
    "replace": "ocgl_460"
  },
  {
    "id": "l_bak_223",
    "type": "MIGRATION",
    "replace": "ocgl_smc223"
  },
  {
    "id": "460_speedloader6",
    "type": "MIGRATION",
    "replace": "ocgl_460speedloader5"
  },
  {
    "id": "ocg_stabilizer",
    "type": "MIGRATION",
    "replace": "stabilizer"
  },
  {
    "id": "ocg_recoil_stock",
    "type": "MIGRATION",
    "replace": "recoil_stock"
  }
]