[
  {
    "id": "barrette_pick",
    "type": "TOOL",
    "copy-from": "barrette",
    "name": { "str": "barrette pick" },
    "description": "A barrette with lots of ornament and hidden locksmith tools. Their quality is too good for a novelty item or prop. This might be a true spy gadget.",
    "weight": "300 g",
    "price": "208 USD",
    "price_postapoc": "21 USD",
    "material": [ "superalloy", "plastic" ],
    "qualities": [ [ "LOCKPICK", 5 ] ],
    "armor_data": { }
  },
  {
    "id": "tieclip_pick",
    "type": "TOOL",
    "copy-from": "tieclip",
    "name": { "str": "tie clip pick" },
    "description": "A tie clip with hidden locksmith tools. Their quality is too good for a novelty item or prop. This might be a true spy gadget.",
    "weight": "590 g",
    "price": "500 USD",
    "price_postapoc": "21 USD",
    "material": [ "superalloy", "silver" ],
    "qualities": [ [ "LOCKPICK", 5 ] ],
    "armor_data": { }
  }
]