[
  {
    "type": "palette",
    "id": "afs_bridge_pallette",
    "terrain": {
      " ": "t_open_air",
      ",": "t_pavement",
      ".": "t_pavement_hw_air",
      ":": "t_pavement_y_hw_air",
      "_": "t_sidewalk_hw_air",
      "-": "t_region_groundcover",
      "=": "t_guardrail_hw_air",
      "|": "t_wall_metal",
      ">": "t_ladder_down",
      "<": "t_ladder_up",
      "#": "t_bridge"
    }
  },
  {
    "type": "mapgen",
    "method": "json",
    "om_terrain": [ "bridge" ],
    "weight": 5000000,
    "object": {
      "fill_ter": "t_open_air",
      "rows": [
        "  =|.......##.......|=  ",
        "  =_.......##......._=  ",
        "  =_.......##......._=  ",
        "  =_.......##......._=  ",
        "  =_.......##......._=  ",
        "  =_.......##......._=  ",
        "  =_.......##......._=  ",
        "  =_.......##......._=  ",
        "  =|.......##.......|=  ",
        "  =_.......##......._=  ",
        "  =_.......##......._=  ",
        "  =_.......##......._=  ",
        "  =_.......##......._=  ",
        "  =_.......##......._=  ",
        "  =_.......##......._=  ",
        "  =_.......##......._=  ",
        "  =|.......##.......|=  ",
        "  =_.......##......._=  ",
        "  =_.......##......._=  ",
        "  =_.......##......._=  ",
        "  =_.......##......._=  ",
        "  =_.......##......._=  ",
        "  =_.......##......._=  ",
        "  =_.......##......._=  "
      ],
      "palettes": [ "afs_bridge_pallette" ]
    }
  },
  {
    "type": "mapgen",
    "method": "json",
    "om_terrain": [ "bridge" ],
    "weight": 500000,
    "object": {
      "fill_ter": "t_open_air",
      "rows": [
        "  =|..  ...##.......|=  ",
        "  =_..         ....._=  ",
        "  =_..          ...._=  ",
        "  =_..           ..._=  ",
        "  =_.              ._=  ",
        "  =_.               _=  ",
        "  =_.               _=  ",
        "  =_.               _=  ",
        "  =|                |=  ",
        "   _                _   ",
        "   _                _   ",
        "   _                _   ",
        "   _                _   ",
        "   _                _   ",
        "   _                _   ",
        "   _                _   ",
        "   |                |   ",
        "   _                _   ",
        "  =_                _   ",
        "  =_.              ._=  ",
        "  =_.             .._=  ",
        "  =_.            ..._=  ",
        "  =_.  .  .##     .._=  ",
        "  =_.......##......._=  "
      ],
      "palettes": [ "afs_bridge_pallette" ]
    }
  },
  {
    "type": "mapgen",
    "method": "json",
    "om_terrain": [ "bridge_road" ],
    "weight": 5000000,
    "object": {
      "fill_ter": "t_open_air",
      "rows": [
        "  =#=              =#=  ",
        "  =#=              =#=  ",
        "  =#=              =#=  ",
        "  =#=              =#=  ",
        "  =#================#=  ",
        "  =##################=  ",
        "  =#================#=  ",
        "  =#=              =#=  ",
        "  =#=              =#=  ",
        "  =#=              =#=  ",
        "  =#=              =#=  ",
        "  =#=              =#=  ",
        "  =#=              =#=  ",
        "  =#=              =#=  ",
        "  =#=              =#=  ",
        "  =#=              =#=  ",
        "  =#=              =#=  ",
        "  =#================#=  ",
        "  =##################=  ",
        "  =#================#=  ",
        "  =#=              =#=  ",
        "  =#=              =#=  ",
        "  =#=              =#=  ",
        "  =#=              =#=  "
      ],
      "palettes": [ "afs_bridge_pallette" ]
    }
  },
  {
    "type": "mapgen",
    "method": "json",
    "om_terrain": [ "bridgehead_ground" ],
    "weight": 5000000,
    "object": {
      "predecessor_mapgen": "ravine_edge",
      "rows": [
        "--,,,,,,,,,,,,,,,,,,,,--",
        "----,,,,,,,,,,,,,,,,----",
        "------,,,,,,,,,,,,,,,---",
        "----,,,,,,,,,,,,,,------",
        "----,,,,,,,,,,,---,,----",
        "----,,,,,,,,,--,,,,,----",
        "----,-,,,,,,,,,,,,,,,---",
        "----,-,,,,,,,,,,,,------",
        "---,,,,,,,,,,,,,,,,,,,--",
        "----,,,,,,,,,,,,,,,--,--",
        "-------,,,,,,,,,--,-----",
        "---,,,,,,,,,,,,--,,,,,--",
        "-----,,,,,,,,,,,---,,,--",
        "-----,,,,,,,,,,,,,---=--",
        "--=,,,,,,,,,,,,,,,,,,=--",
        " -|........##........|=-",
        "  =........##........<= ",
        "  =........##........== ",
        "  =........##........=  ",
        "  =........##........=  ",
        "  =........##........=  ",
        "  =........##........=  ",
        "  =........##........=  ",
        "  =........##........=  "
      ],
      "palettes": [ "afs_bridge_pallette" ]
    }
  },
  {
    "type": "mapgen",
    "method": "json",
    "om_terrain": [ "bridgehead_ramp" ],
    "weight": 5000000,
    "object": {
      "fill_ter": "t_open_air",
      "rows": [
        "                        ",
        "                        ",
        "                        ",
        "                        ",
        "                        ",
        "                        ",
        "                        ",
        "                        ",
        "                        ",
        "                        ",
        "                        ",
        "                        ",
        "                        ",
        "                        ",
        "  ====================  ",
        "  =##################== ",
        "  =#================#>= ",
        "  =#=              =#== ",
        "  =#=              =#=  ",
        "  =#=              =#=  ",
        "  =#=              =#=  ",
        "  =#=              =#=  ",
        "  =#=              =#=  ",
        "  =#=              =#=  "
      ],
      "palettes": [ "afs_bridge_pallette" ]
    }
  }
]
