[
  {
    "id": "mon_dog_train_atk",
    "type": "TOOL",
    "category": "other",
    "name": { "str": "train labrador" },
    "description": "You have nearly finished training this Labrador as an attack dog.  Activate to reward it with a treat.",
    "weight": "3 g",
    "volume": "3 ml",
    "price": "0 cent",
    "to_hit": -3,
    "material": [ "flesh" ],
    "symbol": "d",
    "color": "light_gray",
    "use_action": {
      "type": "place_monster",
      "monster_id": "mon_dog_atk",
      "friendly_msg": "You finish training the dog and reward it with a treat.",
      "difficulty": 0,
      "moves": 1000,
      "place_randomly": true
    },
    "flags": [ "NO_SALVAGE", "NO_UNWIELD", "TRADER_AVOID" ]
  },
  {
    "id": "mon_dog_bull_train_atk",
    "type": "TOOL",
    "category": "other",
    "name": { "str": "train bulldog" },
    "description": "You have nearly finished training this American Bulldog as an attack dog.  Activate to reward it with a treat.",
    "weight": "3 g",
    "volume": "3 ml",
    "price": "0 cent",
    "to_hit": -3,
    "material": [ "flesh" ],
    "symbol": "d",
    "color": "light_gray",
    "use_action": {
      "type": "place_monster",
      "monster_id": "mon_dog_atkbull",
      "friendly_msg": "You finish training the dog and reward it with a treat.",
      "difficulty": 0,
      "moves": 1000,
      "place_randomly": true
    },
    "flags": [ "NO_SALVAGE", "NO_UNWIELD", "TRADER_AVOID" ]
  },
  {
    "id": "mon_dog_auscattle_train_atk",
    "type": "TOOL",
    "category": "other",
    "name": { "str": "train cattle dog" },
    "description": "You have nearly finished training this Australian Cattle Dog as an attack dog.  Activate to reward it with a treat.",
    "weight": "3 g",
    "volume": "3 ml",
    "price": "0 cent",
    "to_hit": -3,
    "material": [ "flesh" ],
    "symbol": "d",
    "color": "light_gray",
    "use_action": {
      "type": "place_monster",
      "monster_id": "mon_dog_atkauscattle",
      "friendly_msg": "You finish training the dog and reward it with a treat.",
      "difficulty": 0,
      "moves": 1000,
      "place_randomly": true
    },
    "flags": [ "NO_SALVAGE", "NO_UNWIELD", "TRADER_AVOID" ]
  },
  {
    "id": "mon_dog_pitbullmix_train_atk",
    "type": "TOOL",
    "category": "other",
    "name": { "str": "train pit bull mix" },
    "description": "You have nearly finished training this Pit Bull mix as an attack dog.  Activate to reward it with a treat.",
    "weight": "3 g",
    "volume": "3 ml",
    "price": "0 cent",
    "to_hit": -3,
    "material": [ "flesh" ],
    "symbol": "d",
    "color": "light_gray",
    "use_action": {
      "type": "place_monster",
      "monster_id": "mon_dog_atkpitbullmix",
      "friendly_msg": "You finish training the dog and reward it with a treat.",
      "difficulty": 0,
      "moves": 1000,
      "place_randomly": true
    },
    "flags": [ "NO_SALVAGE", "NO_UNWIELD", "TRADER_AVOID" ]
  },
  {
    "id": "mon_dog_beagle_train_atk",
    "type": "TOOL",
    "category": "other",
    "name": { "str": "train beagle" },
    "description": "You have nearly finished training this Beagle as an attack dog.  Activate to reward it with a treat.",
    "weight": "3 g",
    "volume": "3 ml",
    "price": "0 cent",
    "to_hit": -3,
    "material": [ "flesh" ],
    "symbol": "d",
    "color": "light_gray",
    "use_action": {
      "type": "place_monster",
      "monster_id": "mon_dog_atkbeagle",
      "friendly_msg": "You finish training the dog and reward it with a treat.",
      "difficulty": 0,
      "moves": 1000,
      "place_randomly": true
    },
    "flags": [ "NO_SALVAGE", "NO_UNWIELD", "TRADER_AVOID" ]
  },
  {
    "id": "mon_dog_bcollie_train_atk",
    "type": "TOOL",
    "category": "other",
    "name": { "str": "train border collie" },
    "description": "You have nearly finished training this Border Collie as an attack dog.  Activate to reward it with a treat.",
    "weight": "3 g",
    "volume": "3 ml",
    "price": "0 cent",
    "to_hit": -3,
    "material": [ "flesh" ],
    "symbol": "d",
    "color": "light_gray",
    "use_action": {
      "type": "place_monster",
      "monster_id": "mon_dog_atkbcollie",
      "friendly_msg": "You finish training the dog and reward it with a treat.",
      "difficulty": 0,
      "moves": 1000,
      "place_randomly": true
    },
    "flags": [ "NO_SALVAGE", "NO_UNWIELD", "TRADER_AVOID" ]
  },
  {
    "id": "mon_dog_boxer_train_atk",
    "type": "TOOL",
    "category": "other",
    "name": { "str": "train boxer mastiff" },
    "description": "You have nearly finished training this Boxer Mastiff as an attack dog.  Activate to reward it with a treat.",
    "weight": "3 g",
    "volume": "3 ml",
    "price": "0 cent",
    "to_hit": -3,
    "material": [ "flesh" ],
    "symbol": "d",
    "color": "light_gray",
    "use_action": {
      "type": "place_monster",
      "monster_id": "mon_dog_atkboxer",
      "friendly_msg": "You finish training the dog and reward it with a treat.",
      "difficulty": 0,
      "moves": 1000,
      "place_randomly": true
    },
    "flags": [ "NO_SALVAGE", "NO_UNWIELD", "TRADER_AVOID" ]
  },
  {
    "id": "mon_dog_chihuahua_train_atk",
    "type": "TOOL",
    "category": "other",
    "name": { "str": "train chihuahua" },
    "description": "You have nearly finished training this Chihuahua as an attack dog.  Activate to reward it with a treat.",
    "weight": "3 g",
    "volume": "3 ml",
    "price": "0 cent",
    "to_hit": -3,
    "material": [ "flesh" ],
    "symbol": "d",
    "color": "light_gray",
    "use_action": {
      "type": "place_monster",
      "monster_id": "mon_dog_atkchihuahua",
      "friendly_msg": "You finish training the dog and reward it with a treat.",
      "difficulty": 0,
      "moves": 1000,
      "place_randomly": true
    },
    "flags": [ "NO_SALVAGE", "NO_UNWIELD", "TRADER_AVOID" ]
  },
  {
    "id": "mon_dog_dachshund_train_atk",
    "type": "TOOL",
    "category": "other",
    "name": { "str": "train dachshund" },
    "description": "You have nearly finished training this Dachshund as an attack dog.  Activate to reward it with a treat.",
    "weight": "3 g",
    "volume": "3 ml",
    "price": "0 cent",
    "to_hit": -3,
    "material": [ "flesh" ],
    "symbol": "d",
    "color": "light_gray",
    "use_action": {
      "type": "place_monster",
      "monster_id": "mon_dog_atkdachshund",
      "friendly_msg": "You finish training the dog and reward it with a treat.",
      "difficulty": 0,
      "moves": 1000,
      "place_randomly": true
    },
    "flags": [ "NO_SALVAGE", "NO_UNWIELD", "TRADER_AVOID" ]
  },
  {
    "id": "mon_dog_gshepherd_train_atk",
    "type": "TOOL",
    "category": "other",
    "name": { "str": "train german shepherd" },
    "description": "You have nearly finished training this German Shepherd as an attack dog.  Activate to reward it with a treat.",
    "weight": "3 g",
    "volume": "3 ml",
    "price": "0 cent",
    "to_hit": -3,
    "material": [ "flesh" ],
    "symbol": "d",
    "color": "light_gray",
    "use_action": {
      "type": "place_monster",
      "monster_id": "mon_dog_atkgshepherd",
      "friendly_msg": "You finish training the dog and reward it with a treat.",
      "difficulty": 0,
      "moves": 1000,
      "place_randomly": true
    },
    "flags": [ "NO_SALVAGE", "NO_UNWIELD", "TRADER_AVOID" ]
  },
  {
    "id": "mon_dog_gpyrenees_train_atk",
    "type": "TOOL",
    "category": "other",
    "name": { "str": "train great pyrenees" },
    "description": "You have nearly finished training this Great Pyrenees as an attack dog.  Activate to reward it with a treat.",
    "weight": "3 g",
    "volume": "3 ml",
    "price": "0 cent",
    "to_hit": -3,
    "material": [ "flesh" ],
    "symbol": "d",
    "color": "light_gray",
    "use_action": {
      "type": "place_monster",
      "monster_id": "mon_dog_atkgpyrenees",
      "friendly_msg": "You finish training the dog and reward it with a treat.",
      "difficulty": 0,
      "moves": 1000,
      "place_randomly": true
    },
    "flags": [ "NO_SALVAGE", "NO_UNWIELD", "TRADER_AVOID" ]
  },
  {
    "id": "mon_dog_rottweiler_train_atk",
    "type": "TOOL",
    "category": "other",
    "name": { "str": "train rottweiler" },
    "description": "You have nearly finished training this Rottweiler as an attack dog.  Activate to reward it with a treat.",
    "weight": "3 g",
    "volume": "3 ml",
    "price": "0 cent",
    "to_hit": -3,
    "material": [ "flesh" ],
    "symbol": "d",
    "color": "light_gray",
    "use_action": {
      "type": "place_monster",
      "monster_id": "mon_dog_atkrottweiler",
      "friendly_msg": "You finish training the dog and reward it with a treat.",
      "difficulty": 0,
      "moves": 1000,
      "place_randomly": true
    },
    "flags": [ "NO_SALVAGE", "NO_UNWIELD", "TRADER_AVOID" ]
  }
]
