[
  {
    "id": "mon_dog_crate",
    "type": "TOOL",
    "category": "other",
    "name": { "str": "crated labrador mutt" },
    "description": "A Labrador Retriever in a crate.  You can train it as an attack dog or release it from the crate.",
    "weight": "44969 g",
    "volume": "17250 ml",
    "price": "100 USD",
    "to_hit": -3,
    "material": [ "flesh" ],
    "symbol": "d",
    "color": "light_gray",
    "use_action": {
      "type": "place_monster",
      "monster_id": "mon_dog",
      "friendly_msg": "You release the dog from its crate.",
      "difficulty": 0,
      "moves": 100,
      "place_randomly": true
    }
  },
  {
    "id": "mon_dog_atk_crate",
    "copy-from": "mon_dog_crate",
    "type": "TOOL",
    "name": { "str": "crated attack labrador" },
    "description": "An attack Labrador Retriever in a crate.  You can release it from the crate.",
    "relative": { "price": 3000 },
    "use_action": {
      "type": "place_monster",
      "monster_id": "mon_dog_atk",
      "friendly_msg": "You release the dog from its crate.",
      "difficulty": 0,
      "moves": 100,
      "place_randomly": true
    }
  },
  {
    "id": "mon_dog_bull_crate",
    "copy-from": "mon_dog_crate",
    "type": "TOOL",
    "name": { "str": "crated bulldog" },
    "description": "An American Bulldog in a crate.  You can train it as an attack dog or release it from the crate.",
    "weight": "63969 g",
    "volume": "17 L",
    "use_action": {
      "type": "place_monster",
      "monster_id": "mon_dog_bull",
      "friendly_msg": "You release the dog from its crate.",
      "difficulty": 0,
      "moves": 100,
      "place_randomly": true
    }
  },
  {
    "id": "mon_dog_atkbull_crate",
    "copy-from": "mon_dog_bull_crate",
    "type": "TOOL",
    "name": { "str": "crated attack bulldog" },
    "description": "An attack American Bulldog in a crate.  You can release it from the crate.",
    "relative": { "price": 3000 },
    "use_action": {
      "type": "place_monster",
      "monster_id": "mon_dog_atkbull",
      "friendly_msg": "You release the dog from its crate.",
      "difficulty": 0,
      "moves": 100,
      "place_randomly": true
    }
  },
  {
    "id": "mon_dog_auscattle_crate",
    "copy-from": "mon_dog_crate",
    "type": "TOOL",
    "name": { "str": "crated cattle dog" },
    "description": "An Australian Cattle Dog in a crate.  You can train it as an attack dog or release it from the crate.",
    "weight": "32969 g",
    "volume": "13500 ml",
    "use_action": {
      "type": "place_monster",
      "monster_id": "mon_dog_auscattle",
      "friendly_msg": "You release the dog from its crate.",
      "difficulty": 0,
      "moves": 100,
      "place_randomly": true
    }
  },
  {
    "id": "mon_dog_atkauscattle_crate",
    "copy-from": "mon_dog_auscattle_crate",
    "type": "TOOL",
    "name": { "str": "crated attack cattle dog" },
    "description": "An attack Australian Cattle Dog in a crate.  You can release it from the crate.",
    "relative": { "price": 3000 },
    "use_action": {
      "type": "place_monster",
      "monster_id": "mon_dog_atkauscattle",
      "friendly_msg": "You release the dog from its crate.",
      "difficulty": 0,
      "moves": 100,
      "place_randomly": true
    }
  },
  {
    "id": "mon_dog_pitbullmix_crate",
    "copy-from": "mon_dog_crate",
    "type": "TOOL",
    "name": { "str": "crated pit bull mix" },
    "description": "A Pit Bull mix in a crate.  You can train it as an attack dog or release it from the crate.",
    "weight": "39969 g",
    "volume": "13500 ml",
    "use_action": {
      "type": "place_monster",
      "monster_id": "mon_dog_pitbullmix",
      "friendly_msg": "You release the dog from its crate.",
      "difficulty": 0,
      "moves": 100,
      "place_randomly": true
    }
  },
  {
    "id": "mon_dog_atkpitbullmix_crate",
    "copy-from": "mon_dog_pitbullmix_crate",
    "type": "TOOL",
    "name": { "str": "crated attack pit bull mix" },
    "description": "An attack Pit Bull mix in a crate.  You can release it from the crate.",
    "relative": { "price": 3000 },
    "use_action": {
      "type": "place_monster",
      "monster_id": "mon_dog_atkpitbullmix",
      "friendly_msg": "You release the dog from its crate.",
      "difficulty": 0,
      "moves": 100,
      "place_randomly": true
    }
  },
  {
    "id": "mon_dog_beagle_crate",
    "copy-from": "mon_dog_crate",
    "type": "TOOL",
    "name": { "str": "crated beagle" },
    "description": "A Beagle in a crate.  You can train it as an attack dog or release it from the crate.",
    "weight": "24969 g",
    "volume": "10500 ml",
    "use_action": {
      "type": "place_monster",
      "monster_id": "mon_dog_beagle",
      "friendly_msg": "You release the dog from its crate.",
      "difficulty": 0,
      "moves": 100,
      "place_randomly": true
    }
  },
  {
    "id": "mon_dog_atkbeagle_crate",
    "copy-from": "mon_dog_beagle_crate",
    "type": "TOOL",
    "name": { "str": "crated attack beagle" },
    "description": "An attack Beagle in a crate.  You can release it from the crate.",
    "relative": { "price": 3000 },
    "use_action": {
      "type": "place_monster",
      "monster_id": "mon_dog_atkbeagle",
      "friendly_msg": "You release the dog from its crate.",
      "difficulty": 0,
      "moves": 100,
      "place_randomly": true
    }
  },
  {
    "id": "mon_dog_bcollie_crate",
    "copy-from": "mon_dog_crate",
    "type": "TOOL",
    "name": { "str": "crated border collie" },
    "description": "A Border Collie in a crate.  You can train it as an attack dog or release it from the crate.",
    "weight": "30969 g",
    "volume": "15500 ml",
    "use_action": {
      "type": "place_monster",
      "monster_id": "mon_dog_bcollie",
      "friendly_msg": "You release the dog from its crate.",
      "difficulty": 0,
      "moves": 100,
      "place_randomly": true
    }
  },
  {
    "id": "mon_dog_atkbcollie_crate",
    "copy-from": "mon_dog_bcollie_crate",
    "type": "TOOL",
    "name": { "str": "crated attack border collie" },
    "description": "An attack Border Collie in a crate.  You can release it from the crate.",
    "relative": { "price": 3000 },
    "use_action": {
      "type": "place_monster",
      "monster_id": "mon_dog_atkbcollie",
      "friendly_msg": "You release the dog from its crate.",
      "difficulty": 0,
      "moves": 100,
      "place_randomly": true
    }
  },
  {
    "id": "mon_dog_boxer_crate",
    "copy-from": "mon_dog_crate",
    "type": "TOOL",
    "name": { "str": "crated boxer mastiff" },
    "description": "A Boxer Mastiff in a crate.  You can train it as an attack dog or release it from the crate.",
    "weight": "42469 g",
    "volume": "17250 ml",
    "use_action": {
      "type": "place_monster",
      "monster_id": "mon_dog_boxer",
      "friendly_msg": "You release the dog from its crate.",
      "difficulty": 0,
      "moves": 100,
      "place_randomly": true
    }
  },
  {
    "id": "mon_dog_atkboxer_crate",
    "copy-from": "mon_dog_boxer_crate",
    "type": "TOOL",
    "name": { "str": "crated attack boxer mastiff" },
    "description": "An attack Boxer Mastiff in a crate.  You can release it from the crate.",
    "relative": { "price": 3000 },
    "use_action": {
      "type": "place_monster",
      "monster_id": "mon_dog_atkboxer",
      "friendly_msg": "You release the dog from its crate.",
      "difficulty": 0,
      "moves": 100,
      "place_randomly": true
    }
  },
  {
    "id": "mon_dog_chihuahua_crate",
    "copy-from": "mon_dog_crate",
    "type": "TOOL",
    "name": { "str": "crated chihuahua" },
    "description": "A Chihuahua in a crate.  You can train it as an attack dog or release it from the crate.",
    "weight": "4922 g",
    "volume": "5750 ml",
    "use_action": {
      "type": "place_monster",
      "monster_id": "mon_dog_chihuahua",
      "friendly_msg": "You release the dog from its crate.",
      "difficulty": 0,
      "moves": 100,
      "place_randomly": true
    }
  },
  {
    "id": "mon_dog_atkchihuahua_crate",
    "copy-from": "mon_dog_chihuahua_crate",
    "type": "TOOL",
    "name": { "str": "crated attack chihuahua" },
    "description": "An attack Chihuahua in a crate.  You can release it from the crate.",
    "relative": { "price": 3000 },
    "use_action": {
      "type": "place_monster",
      "monster_id": "mon_dog_atkchihuahua",
      "friendly_msg": "You release the dog from its crate.",
      "difficulty": 0,
      "moves": 100,
      "place_randomly": true
    }
  },
  {
    "id": "mon_dog_dachshund_crate",
    "copy-from": "mon_dog_crate",
    "type": "TOOL",
    "name": { "str": "crated dachshund" },
    "description": "A Dachshund in a crate.  You can train it as an attack dog or release it from the crate.",
    "weight": "24969 g",
    "volume": "6500 ml",
    "use_action": {
      "type": "place_monster",
      "monster_id": "mon_dog_dachshund",
      "friendly_msg": "You release the dog from its crate.",
      "difficulty": 0,
      "moves": 100,
      "place_randomly": true
    }
  },
  {
    "id": "mon_dog_atkdachshund_crate",
    "copy-from": "mon_dog_dachshund_crate",
    "type": "TOOL",
    "name": { "str": "crated attack dachshund" },
    "description": "An attack Dachshund in a crate.  You can release it from the crate.",
    "relative": { "price": 3000 },
    "use_action": {
      "type": "place_monster",
      "monster_id": "mon_dog_atkdachshund",
      "friendly_msg": "You release the dog from its crate.",
      "difficulty": 0,
      "moves": 100,
      "place_randomly": true
    }
  },
  {
    "id": "mon_dog_gshepherd_crate",
    "copy-from": "mon_dog_crate",
    "type": "TOOL",
    "name": { "str": "crated german shepherd" },
    "description": "A German Shepherd in a crate.  You can train it as an attack dog or release it from the crate.",
    "weight": "53469 g",
    "volume": "18 L",
    "use_action": {
      "type": "place_monster",
      "monster_id": "mon_dog_gshepherd",
      "friendly_msg": "You release the dog from its crate.",
      "difficulty": 0,
      "moves": 100,
      "place_randomly": true
    }
  },
  {
    "id": "mon_dog_atkgshepherd_crate",
    "copy-from": "mon_dog_gshepherd_crate",
    "type": "TOOL",
    "name": { "str": "crated attack german shepherd" },
    "description": "An attack German Shepherd in a crate.  You can release it from the crate.",
    "relative": { "price": 3000 },
    "use_action": {
      "type": "place_monster",
      "monster_id": "mon_dog_atkgshepherd",
      "friendly_msg": "You release the dog from its crate.",
      "difficulty": 0,
      "moves": 100,
      "place_randomly": true
    }
  },
  {
    "id": "mon_dog_gpyrenees_crate",
    "copy-from": "mon_dog_crate",
    "type": "TOOL",
    "name": { "str": "crated great pyrenees" },
    "description": "A Great Pyrenees in a crate.  You can train it as an attack dog or release it from the crate.",
    "weight": "67469 g",
    "volume": "18 L",
    "use_action": {
      "type": "place_monster",
      "monster_id": "mon_dog_gpyrenees",
      "friendly_msg": "You release the dog from its crate.",
      "difficulty": 0,
      "moves": 100,
      "place_randomly": true
    }
  },
  {
    "id": "mon_dog_atkgpyrenees_crate",
    "copy-from": "mon_dog_gpyrenees_crate",
    "type": "TOOL",
    "name": { "str": "crated attack great pyrenees" },
    "description": "An attack Great Pyrenees in a crate.  You can release it from the crate.",
    "relative": { "price": 3000 },
    "use_action": {
      "type": "place_monster",
      "monster_id": "mon_dog_atkgpyrenees",
      "friendly_msg": "You release the dog from its crate.",
      "difficulty": 0,
      "moves": 100,
      "place_randomly": true
    }
  },
  {
    "id": "mon_dog_rottweiler_crate",
    "copy-from": "mon_dog_crate",
    "type": "TOOL",
    "name": { "str": "crated rottweiler" },
    "description": "A Rottweiler in a crate.  You can train it as an attack dog or release it from the crate.",
    "weight": "64969 g",
    "volume": "18 L",
    "use_action": {
      "type": "place_monster",
      "monster_id": "mon_dog_rottweiler",
      "friendly_msg": "You release the dog from its crate.",
      "difficulty": 0,
      "moves": 100,
      "place_randomly": true
    }
  },
  {
    "id": "mon_dog_atkrottweiler_crate",
    "copy-from": "mon_dog_rottweiler_crate",
    "type": "TOOL",
    "name": { "str": "crated attack rottweiler" },
    "description": "An attack Rottweiler in a crate.  You can release it from the crate.",
    "relative": { "price": 3000 },
    "use_action": {
      "type": "place_monster",
      "monster_id": "mon_dog_atkrottweiler",
      "friendly_msg": "You release the dog from its crate.",
      "difficulty": 0,
      "moves": 100,
      "place_randomly": true
    }
  }
]
