[
  {
    "type": "mapgen",
    "method": "json",
    "nested_mapgen_id": "afs_tunnel_base",
    "object": {
      "mapgensize": [ 24, 24 ],
      "rows": [
        "************************",
        "************************",
        "************************",
        "************************",
        "************************",
        "************************",
        "************************",
        "************************",
        "************************",
        "************************",
        "************************",
        "************************",
        "************************",
        "************************",
        "************************",
        "************************",
        "************************",
        "************************",
        "************************",
        "************************",
        "************************",
        "************************",
        "************************",
        "************************"
      ],
      "flags": [ "ALLOW_TERRAIN_UNDER_OTHER_DATA" ],
      "palettes": [ "afs_tunnel_any" ]
    }
  },
  {
    "type": "mapgen",
    "method": "json",
    "nested_mapgen_id": "tunnel_natural_feature_large",
    "object": {
      "mapgensize": [ 24, 24 ],
      "rows": [
        ",,,,,   ,,  ,,,,        ",
        "  ,    ,,,,,,,,,,,      ",
        "      ,,,,,,,wwww,,,,,, ",
        "          ,,,,,www,, ,,,",
        "      ,,,,,,wwwww,,,,,  ",
        "      ,,,,www###,,  ,,,,",
        "    ,,,wwwwwwwwww,,,,ww,",
        "   ,,,,w0wwww,,,,, wwww,",
        "  ,,,,wwww,,,wwws  ,,,,,",
        "   ,,,,,s,,,,wwww ,, ,, ",
        "   ,,,,,,,wwwwwwww  ,,  ",
        "  ,,,,,s,,,,wwww,,,,,,  ",
        " ,,,,wwwwww,,,,,,,ww,,  ",
        " , www0ww,,,,,,,,ssww,, ",
        ",,,wwww#I,,,s,,,s,s0www ",
        " , ,,,,,,s, ww,s,wwwww  ",
        "  ,,,,s,,,,wwwww,,ss,,  ",
        "  ,,,,,,,wwww0w,,,,,,,  ",
        "    ,,,ss,swww#,,,,,,,, ",
        "  ,,, wwww##www#,,,,,   ",
        "   ,,,,,wwwwww,,,,,,    ",
        "  ,,,,,,,,,ww,, ,,,     ",
        "   ,,   ,,, ,,,         ",
        "         ,,,,           "
      ],
      "flags": [ "ALLOW_TERRAIN_UNDER_OTHER_DATA" ],
      "palettes": [ "afs_tunnel_any" ],
      "place_loot": [ { "group": "afs_dead_survivor", "x": [ 0, 23 ], "y": [ 0, 23 ], "chance": 80, "repeat": [ 0, 2 ] } ]
    }
  },
  {
    "type": "mapgen",
    "method": "json",
    "nested_mapgen_id": "tunnel_natural_feature",
    "object": {
      "mapgensize": [ 12, 12 ],
      "rows": [
        "            ",
        "  ,, ,,,    ",
        " ,,,,,,  ,, ",
        "  ,,IssI,,, ",
        "   ,s,ww,,, ",
        "  ,,,sww ,  ",
        "  ,,Iww,,,, ",
        "  ,wwI,, ,  ",
        "    ww,I    ",
        "   , ,,,    ",
        "   ,    ,,  ",
        "            "
      ],
      "flags": [ "ALLOW_TERRAIN_UNDER_OTHER_DATA" ],
      "palettes": [ "afs_tunnel_any" ]
    }
  },
  {
    "type": "mapgen",
    "method": "json",
    "nested_mapgen_id": "tunnel_natural_feature",
    "object": {
      "mapgensize": [ 12, 12 ],
      "rows": [
        "            ",
        "            ",
        "            ",
        "  ,##  ##   ",
        "  ##  ,###  ",
        "    ,,ss,   ",
        "  ##ss ,,,  ",
        "  ###   s   ",
        "   #  ww##  ",
        "         ## ",
        "    ######  ",
        "      ##    "
      ],
      "flags": [ "ALLOW_TERRAIN_UNDER_OTHER_DATA" ],
      "palettes": [ "afs_tunnel_any" ]
    }
  },
  {
    "type": "mapgen",
    "method": "json",
    "nested_mapgen_id": "tunnel_natural_feature",
    "object": {
      "mapgensize": [ 12, 12 ],
      "rows": [
        "            ",
        " ,,I    ,   ",
        " ,,,   ,,,  ",
        "s,,#,I ,,,, ",
        "  #sss,,,#, ",
        ",Iss,,ss,,, ",
        ",,,,,sss,,, ",
        " ,,,,  II,  ",
        " ,,#,,,,##,,",
        ",,,I ,,  ## ",
        "     I#,,#, ",
        "         ,, "
      ],
      "flags": [ "ALLOW_TERRAIN_UNDER_OTHER_DATA" ],
      "palettes": [ "afs_tunnel_any" ]
    }
  },
  {
    "type": "mapgen",
    "method": "json",
    "nested_mapgen_id": "tunnel_natural_feature_large",
    "object": {
      "mapgensize": [ 24, 24 ],
      "rows": [
        ",,,,,   ,,  ,,,,        ",
        "  ,    ,,,,,,,,,,,      ",
        "      ,,,,,,,wwww,,,,,, ",
        "          ,,,,,www,, ,,,",
        "      ,,,,,,wwwww,,,,,  ",
        "      ,,,,www###,,  ,,,,",
        "    ,,,wwwwwwwwww,,,,ww,",
        "   ,,,,w0wwww,,,,, wwww,",
        "  ,,,,wwww,,,wwws  ,,,,,",
        "   ,,,,,s,,,,wwww ,, ,, ",
        "   ,,,,,,,wwwwwwww  ,,  ",
        "  ,,,,,s,,,,wwww,,,,,,  ",
        " ,,,,wwwwww,,,,,,,ww,,  ",
        " , www0ww,,,,,,,,ssww,, ",
        ",,,wwww#I,,,s,,,s,s0www ",
        " , ,,,,,,s, ww,s,wwwww  ",
        "  ,,,,s,,,,wwwww,,ss,,  ",
        "  ,,,,,,,wwww0w,,,,,,,  ",
        "    ,,,ss,swww#,,,,,,,, ",
        "  ,,, wwww##www#,,,,,   ",
        "   ,,,,,wwwwww,,,,,,    ",
        "  ,,,,,,,,,ww,, ,,,     ",
        "   ,,   ,,, ,,,         ",
        "         ,,,,           "
      ],
      "flags": [ "ALLOW_TERRAIN_UNDER_OTHER_DATA" ],
      "palettes": [ "afs_tunnel_any" ],
      "place_loot": [ { "group": "afs_dead_survivor", "x": [ 0, 23 ], "y": [ 0, 23 ], "chance": 80, "repeat": [ 1, 2 ] } ]
    }
  },
  {
    "type": "mapgen",
    "method": "json",
    "nested_mapgen_id": "tunnel_natural_feature_large",
    "object": {
      "mapgensize": [ 24, 24 ],
      "rows": [
        ",,,,,   ,,  ,,,,        ",
        "  ,   s,,,,,,,,,,,      ",
        "      ,,,,,,,,s,,,,,,,, ",
        "   ,,,,,,,,,,,,,,,,, ,,,",
        "  ,,ss,,,,,,,,,,,,,,s,  ",
        "    ,,,,,,,,,,,,,,  ,,,,",
        "   ,,s,,,,,,,,,,sss,,,,,",
        "   ,,,,,,,,,,,,,,,,,,,,,",
        "  ,,,,,,,,,,,,,,,,,,,,,,",
        "   ,,,,,,s,,,,,,,,,, ,, ",
        "   ,,,,,,ss,,,,,,,,,,,  ",
        "  ,,,,,,,,,,,,,,,,ss,,  ",
        " ,,,,,,,,,,s,,,,,,,,,,  ",
        " , ,,,,,,,,,,,,,,,,,,,,,",
        ",,,,,,s,,,,,,,,,,ss,,,, ",
        " , ,,,,,,,,,,,,,,,,,,,  ",
        "  ,,,,,,,,,,,,,,,,,s,,  ",
        "  ,,s,,,,,,,,,,,,,,,,,  ",
        "    ,,,,,,,,sss,,,,,,,, ",
        "  ,,, ,,,,sss,,,s,,,,   ",
        "   ,,,,s,,,,,,ss,,,,    ",
        "  ,,,,,,,,,,,,,,,,,     ",
        "   s,   ,,, ,,, ,,      ",
        " ,       ,,,,    ,,     "
      ],
      "flags": [ "ALLOW_TERRAIN_UNDER_OTHER_DATA" ],
      "palettes": [ "afs_tunnel_any" ],
      "place_loot": [ { "group": "afs_dead_survivor", "x": [ 0, 23 ], "y": [ 0, 23 ], "chance": 80, "repeat": [ 1, 2 ] } ]
    }
  },
  {
    "type": "mapgen",
    "method": "json",
    "nested_mapgen_id": "tunnel_natural_feature_large",
    "object": {
      "mapgensize": [ 24, 24 ],
      "rows": [
        "            ,,,         ",
        "        ,,,,,,,,,,      ",
        "           ,,#,,#,,,    ",
        "           ,,, ###,,    ",
        "       ,,,,,,####,,     ",
        "      ,,,,######,,      ",
        "     ,,,#########,,     ",
        "      ,,0####,,,,,      ",
        "    ,,,,,,,,,,, s  ,    ",
        "     ,,,s,,,,,s   ,,    ",
        "     ,,,,,,,,,s,,       ",
        "    s,,s,,,,I,, ,,,,    ",
        "   ,,,###s,,,,,,,,,,    ",
        "   , ####,,,,,,,,,,     ",
        "   #####I,,,s,,,,,,     ",
        "   ,# ,,,s, ##,s,       ",
        "  , ,,s  ,,#####,,      ",
        "  ,,  ,, s#####,,,      ",
        "       ss,,####,,       ",
        "          ##,,##        ",
        "                        ",
        "                        ",
        "                        ",
        "                        "
      ],
      "flags": [ "ALLOW_TERRAIN_UNDER_OTHER_DATA" ],
      "palettes": [ "afs_tunnel_any" ],
      "place_loot": [ { "group": "afs_dead_survivor", "x": [ 0, 23 ], "y": [ 0, 23 ], "chance": 80, "repeat": [ 1, 2 ] } ]
    }
  },
  {
    "type": "mapgen",
    "method": "json",
    "nested_mapgen_id": "tunnel_rocks",
    "object": {
      "mapgensize": [ 24, 24 ],
      "set": [
        { "point": "furniture", "id": "f_boulder_medium", "x": [ 0, 23 ], "y": [ 0, 23 ], "repeat": [ 8, 30 ] },
        { "point": "furniture", "id": "f_boulder_large", "x": [ 0, 23 ], "y": [ 0, 23 ], "repeat": [ 8, 14 ] }
      ],
      "flags": [ "ALLOW_TERRAIN_UNDER_OTHER_DATA" ]
    }
  },
  {
    "type": "mapgen",
    "nested_mapgen_id": "afs_tunnel_curved_alien_ruin",
    "method": "json",
    "object": {
      "mapgensize": [ 24, 24 ],
      "rows": [
        "########################",
        "########################",
        "########################",
        "####################### ",
        "###########s,#######--  ",
        "#########s,,,,s,###--s  ",
        "######ss,,,,,ss#---- s  ",
        "#######,,I,I,,,,,-s,,   ",
        "######0,,,,ss ####,,L   ",
        "####,,,,ss,######- ,,,  ",
        "##  # -s,,,####xx--,L   ",
        "##------,,--#sxxx---s  x",
        "#--sxxL-- -xx         xx",
        "#-sxP x,,,xxx   s   xx  ",
        "#-sxPxxxxxx x Lxx       ",
        "#--sxxL--x xxx   --xx   ",
        "##------xx  x  --xxs    ",
        "#####- xx s,,,xx        ",
        "#####--xx ,,,,,x     ## ",
        "####  - xxxxxx -  ##0## ",
        "####   ---xxs -    #0#  ",
        "##      sss x s  0######",
        "###         xx   0######",
        "##                 # ###"
      ],
      "flags": [ "ERASE_ALL_BEFORE_PLACING_TERRAIN" ],
      "palettes": [ "afs_tunnel_any" ],
      "terrain": { "x": "t_coral_floor_no_roof", "-": "t_coral_wall", "P": "t_coral_floor_no_roof", "L": "t_coral_floor_no_roof" },
      "furniture": { "P": "f_coral_pedestal", "L": "f_coral_obelisk" },
      "items": { "P": { "item": "alienciv_artifact_5", "chance": 60 } },
      "place_monsters": [ { "monster": "AFS_GROUP_RUIN_MOXIE", "x": [ 0, 23 ], "y": [ 0, 23 ], "density": 0.25 } ]
    }
  },
  {
    "type": "mapgen",
    "method": "json",
    "nested_mapgen_id": "tunnel_alienciv_ruin",
    "object": {
      "mapgensize": [ 12, 12 ],
      "rows": [
        "         -- ",
        "     L     -",
        "  Lxxxxx   -",
        "  -xxx---   ",
        " x-xxx-x--  ",
        " x-xxxxxx-- ",
        " x-xxxxxxP- ",
        "  --xxxxx-- ",
        " ,--xxxx-x  ",
        " , --xxxx   ",
        " L,,---xxx  ",
        ",,,,, --    "
      ],
      "flags": [ "ALLOW_TERRAIN_UNDER_OTHER_DATA" ],
      "palettes": [ "afs_tunnel_any" ],
      "terrain": { "x": "t_coral_floor_no_roof", "-": "t_coral_wall", "P": "t_coral_floor_no_roof", "L": "t_coral_floor_no_roof" },
      "furniture": { "P": "f_coral_pedestal", "L": "f_coral_obelisk" },
      "items": { "P": { "item": "alienciv_artifact_5", "chance": 60 } },
      "place_monsters": [ { "monster": "AFS_GROUP_RUIN_MOXIE", "x": [ 0, 5 ], "y": [ 0, 5 ], "density": 0.1, "chance": 80 } ]
    }
  },
  {
    "type": "mapgen",
    "method": "json",
    "nested_mapgen_id": "tunnel_alienciv_ruin",
    "object": {
      "mapgensize": [ 12, 12 ],
      "rows": [
        "          - ",
        "     L      ",
        "  Lxxxxx    ",
        "  -xxx-     ",
        " x  xx   -  ",
        "   xxxxxxx- ",
        " x-xxxxxxx- ",
        "  --xxxxx-- ",
        " ,-sxxxs-x  ",
        " ,xxxxxxx   ",
        " L-sxxxsx-  ",
        ",,,,, xx    "
      ],
      "flags": [ "ALLOW_TERRAIN_UNDER_OTHER_DATA" ],
      "palettes": [ "afs_tunnel_any" ],
      "terrain": { "x": "t_coral_floor_no_roof", "-": "t_coral_wall", "P": "t_coral_floor_no_roof", "L": "t_coral_floor_no_roof" },
      "furniture": { "L": "f_coral_obelisk" },
      "place_monsters": [ { "monster": "AFS_GROUP_RUIN_MOXIE", "x": [ 0, 5 ], "y": [ 0, 5 ], "density": 0.1, "chance": 80 } ]
    }
  },
  {
    "type": "mapgen",
    "method": "json",
    "nested_mapgen_id": "tunnel_alienciv_ruin",
    "object": {
      "mapgensize": [ 12, 12 ],
      "rows": [
        "            ",
        " -          ",
        "  ss        ",
        " s----xxL  x",
        " s-xxx    x ",
        "  -xx   x   ",
        "  -sxLx -   ",
        "  s   xx-   ",
        " - xxxxx-s  ",
        " xLxx----s  ",
        "x  xxx ss   ",
        "            "
      ],
      "flags": [ "ALLOW_TERRAIN_UNDER_OTHER_DATA" ],
      "palettes": [ "afs_tunnel_any" ],
      "terrain": { "x": "t_coral_floor_no_roof", "-": "t_coral_wall", "P": "t_coral_floor_no_roof", "L": "t_coral_floor_no_roof" },
      "furniture": { "P": "f_coral_pedestal", "L": "f_coral_obelisk" },
      "items": { "P": { "item": "alienciv_artifact_5", "chance": 60 } },
      "place_monsters": [ { "monster": "AFS_GROUP_RUIN_MOXIE", "x": [ 0, 5 ], "y": [ 0, 5 ], "density": 0.1, "chance": 80 } ]
    }
  },
  {
    "type": "mapgen",
    "method": "json",
    "nested_mapgen_id": "tunnel_alienciv_ruin",
    "object": {
      "mapgensize": [ 12, 12 ],
      "rows": [
        "    ,,      ",
        "   ,,L,     ",
        "  Lxxxxx    ",
        "  xxxxxxx   ",
        " xxxxxxxxx  ",
        " xxxxPxxxxL ",
        "Lxxxxxxxxx  ",
        "  xxxxxxs,  ",
        "   xxxxxLs  ",
        "    L,,,,,s ",
        "    sss,,I  ",
        "      Is    "
      ],
      "flags": [ "ALLOW_TERRAIN_UNDER_OTHER_DATA" ],
      "palettes": [ "afs_tunnel_any" ],
      "terrain": { "x": "t_coral_floor_no_roof", "P": "t_coral_floor_no_roof", "L": "t_coral_floor_no_roof" },
      "furniture": { "P": "f_coral_pedestal", "L": "f_coral_obelisk" },
      "items": { "P": { "item": "alienciv_artifact_5", "chance": 60 } },
      "place_monsters": [ { "monster": "AFS_GROUP_RUIN_MOXIE", "x": [ 0, 5 ], "y": [ 0, 5 ], "density": 0.1, "chance": 80 } ]
    }
  }
]
