[
  {
    "type": "mapgen",
    "method": "json",
    "om_terrain": [ "afs_tunnel_ravine_edge" ],
    "weight": 5000000,
    "object": {
      "rows": [
        "##0.................####",
        "###0................00##",
        "###00..............00###",
        "####0.............00####",
        "####000..........000####",
        "####00............00####",
        "####0.............00####",
        "####000...........00####",
        "######0...........00####",
        "######0...........0#####",
        "######0..........0######",
        "######0..........0######",
        "######0..........0######",
        "######0..........0######",
        "######0..........0######",
        "000000..'......'.0000000",
        "''''''''''...'..''''''''",
        "''''''''''''''''''''''''",
        "''''''''''''''''''''''''",
        "''''''''''''''''''''''''",
        "''''''''''''''''''''''''",
        "''''''''''''''''''''''''",
        "''''''''''''''''''''''''",
        "''''''''''''''''''''''''"
      ],
      "palettes": [ "afs_tunnel_any" ],
      "place_nested": [
        { "else_chunks": [ "tunnel_corner_l" ], "x": 0, "y": 15, "neighbors": { "west": "ravine" } },
        { "else_chunks": [ "tunnel_corner_r" ], "x": 15, "y": 15, "neighbors": { "east": "ravine" } }
      ]
    }
  },
  {
    "type": "mapgen",
    "method": "json",
    "nested_mapgen_id": "tunnel_corner_l",
    "object": {
      "mapgensize": [ 9, 9 ],
      "rows": [
        "#####    ",
        "####     ",
        "####     ",
        "####     ",
        "####     ",
        "####     ",
        "####     ",
        "#####    ",
        "######## "
      ],
      "flags": [ "ALLOW_TERRAIN_UNDER_OTHER_DATA" ],
      "palettes": [ "afs_tunnel" ]
    }
  },
  {
    "type": "mapgen",
    "method": "json",
    "nested_mapgen_id": "tunnel_corner_r",
    "object": {
      "mapgensize": [ 9, 9 ],
      "rows": [
        "  #######",
        "    #####",
        "      ###",
        "     ####",
        "       ##",
        "      ###",
        "      ###",
        "    #####",
        " ## #####"
      ],
      "flags": [ "ALLOW_TERRAIN_UNDER_OTHER_DATA" ],
      "palettes": [ "afs_tunnel" ]
    }
  }
]
