[
  {
    "id": "660spent",
    "copy-from": "casing",
    "type": "GENERIC",
    "name": { "str": ".660 supermag casing" },
    "description": "An empty casing from a .660 supermag round.",
    "weight": "30 g",
    "volume": "30ml"
  },
  {
    "id": "11spent",
    "copy-from": "casing",
    "type": "GENERIC",
    "name": { "str": "11mm casing" },
    "description": "An empty casing from a 11mm round.",
    "weight": "100 g",
    "volume": "200ml"
  },
  {
    "id": "50Rspent",
    "copy-from": "casing",
    "type": "GENERIC",
    "name": { "str": "12.7x108mm casing" },
    "description": "An empty casing from a 12.7x108mm round.",
    "weight": "180 g",
    "volume": "300ml"
  },
  {
    "id": "14.5x46spent",
    "copy-from": "casing",
    "type": "GENERIC",
    "name": { "str": "14.5x46mm casing" },
    "description": "An empty casing from a 14.5x46mm round.",
    "weight": "140 g",
    "volume": "280ml"
  },
  {
    "id": "33x308spent",
    "copy-from": "casing",
    "type": "GENERIC",
    "name": { "str": "33x308mm casing" },
    "description": "An empty casing from a 33x308mm round.",
    "weight": "800 g",
    "volume": "500ml"
  },
  {
    "id": "65x465spent",
    "copy-from": "casing",
    "type": "GENERIC",
    "name": { "str": "65x465mm casing" },
    "description": "An empty casing from a 65x465mm round.",
    "weight": "3055 g",
    "volume": "2950ml"
  },
  {
    "abstract": "heavylink",
    "type": "GENERIC",
    "category": "spare_parts",
    "name": { "str": "ammo belt linkage" },
    "description": "A small metal linkage from a disintegrating ammo belt.",
    "weight": "50 g",
    "volume": "40ml",
    "stackable": true,
    "material": [ "steel" ],
    "symbol": "=",
    "color": "yellow",
    "damage_states": [ 0, 0 ]
  },
  {
    "id": "ammolink33x308",
    "copy-from": "heavylink",
    "type": "GENERIC",
    "name": { "str": "33x308mm belt linkage" },
    "use_action": { "type": "ammobelt", "belt": "33x308belt" }
  },
  {
    "id": "ammolink14.5x46",
    "copy-from": "heavylink",
    "type": "GENERIC",
    "name": { "str": "14.5x46mm belt linkage" },
    "use_action": { "type": "ammobelt", "belt": "14.5x46belt" }
  }
]
