[
  {
    "type": "AMMO",
    "id": "6mm",
    "price": "750 USD",
    "name": { "str": "6x36mm" },
    "symbol": "=",
    "color": "dark_gray",
    "description": "A small prototype round for the military's 'low-power, high-capacity' applications, this particular round was designed for testing in weapons primarily used while mounted.",
    "material": [ "steel" ],
    "volume": "2 L",
    "longest_side": "36 mm",
    "weight": "1200 g",
    "bashing": 1,
    "cutting": 0,
    "to_hit": 0,
    "ammo_type": "6mm",
    "casing": "6mm_casing",
    "damage": { "damage_type": "bullet", "amount": 14, "armor_penetration": 10 },
    "range": 14,
    "dispersion": 6,
    "recoil": 7,
    "count": 1000,
    "effects": [ "COOKOFF" ]
  },
  {
    "type": "AMMO",
    "id": "11mm",
    "price": "750 USD",
    "name": { "str": "11mm" },
    "symbol": "=",
    "color": "dark_gray",
    "description": "A large rifle round almost as large as .50bmg though not nearly as long or heavy it is still a massive round, uses a steel case to help deal with high pressures.",
    "material": [ "steel", "powder" ],
    "volume": "110 ml",
    "weight": "70 g",
    "bashing": 1,
    "cutting": 0,
    "to_hit": 0,
    "ammo_type": "11mm",
    "casing": "11spent",
    "damage": { "damage_type": "bullet", "amount": 80, "armor_penetration": 11 },
    "range": 14,
    "dispersion": 200,
    "recoil": 9000,
    "count": 30,
    "stack_size": 30,
    "effects": [ "COOKOFF" ]
  },
  {
    "id": "50R",
    "type": "AMMO",
    "name": { "str": "12.7x108mm" },
    "description": "to simplify it is the ruski counterpart to .50 bmg a bit longer but the size is identicle otherwise.",
    "weight": "130 g",
    "volume": "280 ml",
    "price": "22 USD",
    "price_postapoc": "30 USD",
    "flags": [ "IRREPLACEABLE_CONSUMABLE" ],
    "material": [ "brass", "powder" ],
    "symbol": "=",
    "color": "dark_gray",
    "count": 25,
    "stack_size": 10,
    "ammo_type": "50R",
    "casing": "50Rspent",
    "range": 130,
    "damage": { "damage_type": "bullet", "amount": 135, "armor_penetration": 40 },
    "dispersion": 150,
    "recoil": 29000,
    "effects": [ "COOKOFF", "NEVER_MISFIRES" ]
  },
  {
    "id": "50R_AP",
    "type": "AMMO",
    "name": { "str": "12.7x108mm" },
    "description": "fmj variant of the 12.7x108mm round.",
    "weight": "130 g",
    "volume": "280 ml",
    "price": "24 USD",
    "price_postapoc": "34 USD",
    "flags": [ "IRREPLACEABLE_CONSUMABLE" ],
    "material": [ "brass", "powder" ],
    "symbol": "=",
    "color": "dark_gray",
    "count": 25,
    "stack_size": 10,
    "ammo_type": "50R",
    "casing": "50Rspent",
    "range": 130,
    "damage": { "damage_type": "bullet", "amount": 130, "armor_penetration": 55 },
    "dispersion": 150,
    "recoil": 29000,
    "effects": [ "COOKOFF", "NEVER_MISFIRES" ]
  },
  {
    "type": "AMMO",
    "id": ".660_supermag",
    "price": 800,
    "price_postapoc": 28,
    "name": { "str": ".660 supermagnum" },
    "symbol": ",",
    "color": "dark_gray",
    "description": "A large ...handgun? round for killing everything short of a mammoth.",
    "material": [ "steel", "powder" ],
    "volume": "80 ml",
    "weight": "400 g",
    "ammo_type": "660",
    "casing": "660spent",
    "damage": { "damage_type": "bullet", "amount": 95 },
    "range": 20,
    "dispersion": 60,
    "recoil": 5000,
    "effects": [ "NEVER_MISFIRES" ]
  },
  {
    "type": "AMMO",
    "id": ".660_supermag_ex",
    "price": 800,
    "price_postapoc": 28,
    "name": { "str": ".660 supermagnum H.E." },
    "symbol": ",",
    "color": "dark_gray",
    "description": "A large ...handgun? round for killing everything short of a mammoth.",
    "material": [ "steel", "powder" ],
    "volume": "80 ml",
    "weight": "450 g",
    "ammo_type": "660",
    "casing": "660spent",
    "damage": { "damage_type": "bullet", "amount": 85 },
    "range": 20,
    "dispersion": 60,
    "recoil": 5600,
    "effects": [ "NEVER_MISFIRES", "EXPLOSIVE_20x66", "FLARE" ]
  },
  {
    "type": "AMMO",
    "id": ".666_supermag",
    "price": 800,
    "price_postapoc": 28,
    "name": { "str": ".666 supermagnum +p penatrator" },
    "symbol": ",",
    "color": "dark_gray",
    "description": "A large ...handgun? round for killing everything including a mammoth.",
    "material": [ "steel", "powder" ],
    "volume": "88 ml",
    "weight": "455 g",
    "ammo_type": "660",
    "casing": "660spent",
    "damage": { "damage_type": "bullet", "amount": 121, "armor_penetration": 10 },
    "range": 22,
    "dispersion": 95,
    "recoil": 6400,
    "effects": [ "NEVER_MISFIRES", "MUZZLE_SMOKE" ]
  },
  {
    "type": "AMMO",
    "id": "14.5x46",
    "price": "20 USD",
    "price_postapoc": 100,
    "name": { "str": "14.5x46mm ball" },
    "symbol": ",",
    "color": "dark_gray",
    "description": "A medium low-velocity shell still very large compared to other ammunition.",
    "material": [ "steel", "powder" ],
    "volume": "400 ml",
    "weight": "700 g",
    "ammo_type": "14.5x46",
    "casing": "14.5x46spent",
    "damage": { "damage_type": "bullet", "amount": 80, "armor_penetration": 5 },
    "range": 27,
    "dispersion": 30,
    "recoil": 4000,
    "effects": [ "NEVER_MISFIRES" ]
  },
  {
    "type": "AMMO",
    "id": "14.5x46p",
    "price": "20 USD",
    "price_postapoc": 135,
    "name": { "str": "14.5x46mm +p" },
    "symbol": ",",
    "color": "dark_gray",
    "description": "A medium low-velocity shell still very large compared to other ammunition, this one has a increased powder load.",
    "material": [ "steel", "powder" ],
    "volume": "400 ml",
    "weight": "720 g",
    "ammo_type": "14.5x46",
    "casing": "14.5x46spent",
    "damage": { "damage_type": "bullet", "amount": 95, "armor_penetration": 8 },
    "range": 29,
    "dispersion": 26,
    "recoil": 4450,
    "effects": [ "NEVER_MISFIRES", "LARGE_BEANBAG" ]
  },
  {
    "type": "AMMO",
    "id": "14.5x46i",
    "price": "20 USD",
    "price_postapoc": 130,
    "name": { "str": "14.5x46mm incendiary" },
    "symbol": ",",
    "color": "dark_gray",
    "description": "A medium low-velocity shell still very large compared to other ammunition this one lights a small area on fire.",
    "material": [ "steel", "powder" ],
    "volume": "400 ml",
    "weight": "680 g",
    "ammo_type": "14.5x46",
    "casing": "14.5x46spent",
    "damage": { "damage_type": "bullet", "amount": 75, "armor_penetration": 5 },
    "range": 27,
    "dispersion": 30,
    "recoil": 3800,
    "effects": [ "NEVER_MISFIRES", "FLAME", "INCENDIARY" ]
  },
  {
    "type": "AMMO",
    "id": "14.5x46fr",
    "price": "20 USD",
    "price_postapoc": 160,
    "name": { "str": "14.5x46mm frag" },
    "symbol": ",",
    "color": "dark_gray",
    "description": "A low-velocity shell still very large compared to other ammunition, this one causes fragmentation.",
    "material": [ "steel", "powder" ],
    "volume": "400 ml",
    "weight": "700 g",
    "ammo_type": "14.5x46",
    "casing": "14.5x46spent",
    "damage": { "damage_type": "bullet", "amount": 50, "armor_penetration": 4 },
    "range": 27,
    "dispersion": 30,
    "recoil": 1500,
    "effects": [ "NEVER_MISFIRES", "FRAG" ]
  },
  {
    "type": "AMMO",
    "id": "33x308",
    "price": "20 USD",
    "price_postapoc": 100,
    "name": { "str": "33x308mm ball" },
    "symbol": ",",
    "color": "dark_gray",
    "description": "A large hypervelocity-shell over twice the size of a .50 browning machinegun round and many times as heavy.",
    "material": [ "steel", "powder" ],
    "volume": "1000 ml",
    "weight": "2450 g",
    "ammo_type": "33x308",
    "casing": "33x308spent",
    "damage": { "damage_type": "bullet", "amount": 195, "armor_penetration": 60 },
    "range": 30,
    "dispersion": 40,
    "recoil": 15000,
    "effects": [ "NEVER_MISFIRES" ]
  },
  {
    "type": "AMMO",
    "id": "33x308tr",
    "price": "20 USD",
    "price_postapoc": 100,
    "name": { "str": "33x308mm tracer" },
    "symbol": ",",
    "color": "dark_gray",
    "description": "A large hypervelocity-shell this one wont emit any smoke and might light things on fire.",
    "material": [ "steel", "powder" ],
    "volume": "1000 ml",
    "weight": "2450 g",
    "ammo_type": "33x308",
    "casing": "33x308spent",
    "damage": { "damage_type": "bullet", "amount": 200, "armor_penetration": 60 },
    "range": 30,
    "dispersion": 30,
    "recoil": 16000,
    "effects": [ "NAPALM", "NEVER_MISFIRES" ]
  },
  {
    "type": "AMMO",
    "id": "33x308hvhe",
    "price": "20 USD",
    "price_postapoc": 100,
    "name": { "str": "33x308mm high velocity explosive" },
    "symbol": ",",
    "color": "dark_gray",
    "description": "A large hypervelocity-shell this one is made for extreme penatration.",
    "material": [ "steel", "powder" ],
    "volume": "1000 ml",
    "weight": "2900 g",
    "ammo_type": "33x308",
    "casing": "33x308spent",
    "damage": { "damage_type": "bullet", "amount": 300, "armor_penetration": 100 },
    "range": 30,
    "dispersion": 10,
    "recoil": 20000,
    "effects": [ "EXPLOSIVE_m433", "NEVER_MISFIRES" ]
  },
  {
    "type": "AMMO",
    "id": "33x308ex",
    "price": "20 USD",
    "price_postapoc": 100,
    "name": { "str": "33x308mm high explosive" },
    "symbol": ",",
    "color": "dark_gray",
    "description": "A large explosive-shell about twice the size of a .50 browning machinegun round and many times as heavy.",
    "material": [ "steel", "powder" ],
    "volume": "1000 ml",
    "weight": "2700 g",
    "ammo_type": "33x308",
    "casing": "33x308spent",
    "damage": { "damage_type": "bullet", "amount": 80, "armor_penetration": 20 },
    "range": 30,
    "dispersion": 60,
    "recoil": 3000,
    "effects": [ "EXPLOSIVE_m430a1", "NEVER_MISFIRES" ]
  },
  {
    "type": "AMMO",
    "id": "33x308iheat",
    "price": "20 USD",
    "price_postapoc": 100,
    "name": { "str": "33x308mm IHEAT" },
    "symbol": ",",
    "color": "dark_gray",
    "description": "A large shell with a label near the bottom of the casing; WARNING DO NOT FIRE WITHIN 80FT OF FREINDLY UNITS. this is probably very explosive.",
    "material": [ "steel", "powder" ],
    "volume": "1000 ml",
    "weight": "2700 g",
    "ammo_type": "33x308",
    "casing": "33x308spent",
    "damage": { "damage_type": "bullet", "amount": 120, "armor_penetration": 100 },
    "range": 30,
    "dispersion": 60,
    "recoil": 24000,
    "effects": [ "EXPLOSIVE_66mmHEAT", "NEVER_MISFIRES" ]
  },
  {
    "type": "AMMO",
    "id": "65x465",
    "price": "20 USD",
    "price_postapoc": 100,
    "name": { "str": "65x465mm shell" },
    "symbol": ",",
    "color": "dark_gray",
    "description": "A huge shell this and uh yeah this kills shit dead.",
    "material": [ "steel", "powder" ],
    "volume": "3000 ml",
    "weight": "17400 g",
    "ammo_type": "65x465",
    "casing": "65x465spent",
    "damage": { "damage_type": "bullet", "amount": 850, "armor_penetration": 200 },
    "range": 30,
    "dispersion": 30,
    "recoil": 60000,
    "effects": [ "MUZZLE_SMOKE", "EXPLOSIVE_ATGMHEAT", "TRAIL", "NEVER_MISFIRES" ]
  },
  {
    "type": "AMMO",
    "id": "65x465n",
    "price": "20 USD",
    "price_postapoc": 100,
    "name": { "str": "65x465mm shell NUCLEAR." },
    "symbol": ",",
    "color": "dark_gray",
    "description": "A huge shell this and uh yeah this kills shit extra-dead.",
    "material": [ "steel", "powder" ],
    "volume": "3000 ml",
    "weight": "19400 g",
    "ammo_type": "65x465",
    "casing": "65x465spent",
    "damage": { "damage_type": "bullet", "amount": 1600, "armor_penetration": 500 },
    "range": 30,
    "dispersion": 30,
    "recoil": 60000,
    "effects": [ "MUZZLE_SMOKE", "EXPLOSIVE_ATGMHEAT", "MININUKE_MOD", "LIGHTNING", "PLASMA", "STREAM_BIG", "NEVER_MISFIRES" ]
  },
  {
    "type": "AMMO",
    "id": "6mm_casing",
    "category": "spare_parts",
    "price": "50 USD",
    "name": { "str": "6x36mm casing" },
    "symbol": "=",
    "color": "dark_gray",
    "description": "An empty casing from a 6x36mm round.",
    "material": [ "steel" ],
    "volume": "1 ml",
    "longest_side": "36 mm",
    "weight": "1 g",
    "bashing": 1,
    "cutting": 0,
    "to_hit": 0,
    "ammo_type": "components",
    "damage": { "damage_type": "bullet", "amount": 0, "armor_penetration": 0 },
    "range": 0,
    "dispersion": 0,
    "recoil": 0,
    "count": 2000
  },
  {
    "type": "AMMO",
    "id": "20mm",
    "price": "750 USD",
    "name": { "str": "20mm slugs" },
    "symbol": "=",
    "color": "blue",
    "description": "Ammunition for a prototype railgun in development by the military. Since the weapon was never offically approved, this ammo will probably be somewhat scarce.",
    "material": [ "steel" ],
    "volume": "11 ml",
    "longest_side": "100 mm",
    "weight": "16 g",
    "bashing": 1,
    "cutting": 0,
    "to_hit": 0,
    "ammo_type": "20mm",
    "damage": { "damage_type": "bullet", "amount": 8, "armor_penetration": 40 },
    "range": 70,
    "dispersion": 2,
    "recoil": 10,
    "count": 20,
    "stack_size": 80,
    "effects": [ "COOKOFF" ]
  }
]
