[
  {
    "type": "ARMOR",
    "id": "helmet_robot",
    "category": "armor",
    "name": { "str": "robot helmet" },
    "weight": "2043 g",
    "color": "green",
    "techniques": [ "WBLOCK_1" ],
    "to_hit": -1,
    "symbol": "[",
    "description": "A tough green helmet built from durable materials, designed as armor for combat robots, but suitable for humans.",
    "price": "325 USD",
    "material": [ "superalloy", "plastic" ],
    "volume": "2500 ml",
    "longest_side": "380 mm",
    "cutting": 0,
    "warmth": 30,
    "phase": "solid",
    "bashing": 12,
    "flags": [ "WATERPROOF", "STURDY", "SUN_GLASSES" ],
    "armor": [
      {
        "encumbrance": 20,
        "coverage": 100,
        "covers": [ "head", "eyes", "mouth" ],
        "material": [ "superalloy", "plastic" ],
        "material_thickness": 5,
        "environmental_protection": 4
      }
    ]
  },
  {
    "type": "ARMOR",
    "id": "helmet_met",
    "category": "armor",
    "name": { "str": "steel helmet" },
    "weight": "1683 g",
    "color": "dark_gray",
    "techniques": [ "WBLOCK_1" ],
    "to_hit": -1,
    "symbol": "[",
    "description": "A dull gray steel helmet with a skirt on the rear to protect against shrapnel and provide extra coverage.",
    "price": "250 USD",
    "material": [ "steel", "plastic" ],
    "volume": "2 L",
    "longest_side": "380 mm",
    "cutting": 0,
    "warmth": 10,
    "phase": "solid",
    "bashing": 10,
    "flags": [ "VARSIZE", "WATERPROOF", "STURDY" ],
    "armor": [
      {
        "encumbrance": 20,
        "coverage": 95,
        "covers": [ "head" ],
        "material": [ "steel", "plastic" ],
        "material_thickness": 3,
        "environmental_protection": 0
      }
    ]
  },
  {
    "type": "ARMOR",
    "id": "helmet_mechpilot",
    "category": "armor",
    "name": { "str": "pilot helmet" },
    "weight": "2287 g",
    "color": "dark_gray",
    "techniques": [ "WBLOCK_1" ],
    "to_hit": -1,
    "symbol": "[",
    "description": "A thick helmet, encasing the entire head, with a large reflective visor, allowing a wide field of vision.",
    "price": "2500 USD",
    "material": [ "superalloy", "plastic" ],
    "volume": "3 L",
    "longest_side": "380 mm",
    "cutting": 0,
    "warmth": 30,
    "phase": "solid",
    "bashing": 12,
    "flags": [ "WATCH", "WATERPROOF", "STURDY", "SUN_GLASSES" ],
    "armor": [
      {
        "encumbrance": 30,
        "coverage": 100,
        "covers": [ "head", "eyes", "mouth" ],
        "material": [ "superalloy", "plastic" ],
        "material_thickness": 6,
        "environmental_protection": 8
      }
    ]
  }
]
