[
  {
    "id": "laux_fuel_pod",
    "type": "GENERIC",
    "category": "container",
    "symbol": "0",
    "color": "dark_gray",
    "name": { "str": "large auxilliary fuel pod" },
    "description": "A gigantic steel pod designed to carry mass amounts of gasoline.",
    "price": "0 cent",
    "weight": "93400 g",
    "volume": "450 L",
    "longest_side": "1000 mm",
    "bashing": 8,
    "to_hit": -9,
    "cutting": 0,
    "material": [ "hardsteel" ],
    "pocket_data": [
      {
        "pocket_type": "CONTAINER",
        "watertight": true,
        "rigid": true,
        "max_contains_volume": "400 L",
        "max_contains_weight": "50000 g"
      }
    ]
  },
  {
    "id": "saux_fuel_pod",
    "type": "GENERIC",
    "category": "container",
    "symbol": "0",
    "color": "light_blue",
    "name": { "str": "small auxilliary fuel pod" },
    "description": "A small fuel pod designed to hold large amounts of gasoline.",
    "price": "0 cent",
    "weight": "75600 g",
    "volume": "250 L",
    "longest_side": "800 mm",
    "bashing": 8,
    "cutting": 0,
    "to_hit": -5,
    "material": [ "hardsteel" ],
    "pocket_data": [
      {
        "pocket_type": "CONTAINER",
        "watertight": true,
        "rigid": true,
        "max_contains_volume": "200 L",
        "max_contains_weight": "30000 g"
      }
    ]
  }
]
