[
  {
    "type": "item_group",
    "id": "joe_torso",
    "items": [ [ "jacket_leather", 70 ], [ "trenchcoat", 30 ] ]
  },
  {
    "type": "item_group",
    "id": "joe_legs",
    "items": [ [ "pants_leather", 60 ], [ "jeans", 40 ] ]
  },
  {
    "type": "item_group",
    "id": "joe_feet",
    "items": [ [ "boots", 70 ], [ "boots_combat", 30 ] ]
  },
  {
    "type": "item_group",
    "id": "joe_gloves",
    "items": [ [ "gloves_fingerless", 70 ], [ "gloves_leather", 15 ], [ "gloves_tactical", 15 ] ]
  },
  {
    "type": "item_group",
    "id": "joe_head",
    "items": [ [ "helmet_robot", 1 ] ]
  },
  {
    "type": "item_group",
    "id": "joe_knife",
    "items": [ [ "knife_trench", 50 ], [ "knife_combat", 35 ], [ "tanto", 15 ] ]
  }
]
