[
  {
    "type": "monstergroup",
    "name": "GROUP_ROBOT",
    "monsters": [
      { "monster": "mon_skitterbot", "weight": 220, "cost_multiplier": 0 },
      { "monster": "mon_secubot", "weight": 150, "cost_multiplier": 0 },
      { "monster": "mon_copbot", "weight": 0, "cost_multiplier": 0 },
      { "monster": "mon_molebot", "weight": 40, "cost_multiplier": 0 },
      { "monster": "mon_tripod", "weight": 110, "cost_multiplier": 0 },
      { "monster": "mon_chickenbot", "weight": 60, "cost_multiplier": 0 },
      { "monster": "mon_met", "weight": 90, "cost_multiplier": 0 },
      { "monster": "mon_sniper", "weight": 70, "cost_multiplier": 0 },
      { "monster": "mon_tankbot", "weight": 20, "cost_multiplier": 0 },
      { "monster": "mon_manhack", "weight": 240 }
    ]
  }
]
