[
  {
    "type": "GENERIC",
    "id": "broken_sniper",
    "symbol": ",",
    "color": "green",
    "name": { "str": "broken sniper joe" },
    "category": "other",
    "description": "A broken sniper joe. Much less threatening now that it lies limp on solid ground. Could be gutted for parts.",
    "price": "500 USD",
    "material": [ "steel", "superalloy" ],
    "weight": "135000 g",
    "volume": "19500 ml",
    "longest_side": "2000 mm",
    "bashing": 6,
    "cutting": 6,
    "to_hit": -6
  },
  {
    "type": "GENERIC",
    "id": "broken_met",
    "symbol": ",",
    "color": "green",
    "name": { "str": "broken met" },
    "category": "other",
    "description": "A broken met. Much less threatening now that it lies limp on solid ground. Could be gutted for parts.",
    "price": "200 USD",
    "material": [ "steel", "plastic" ],
    "weight": "40000 g",
    "volume": "17500 ml",
    "longest_side": "2000 mm",
    "bashing": 6,
    "cutting": 6,
    "to_hit": -6
  },
  {
    "type": "GENERIC",
    "id": "broken_cyborg",
    "symbol": ",",
    "color": "light_green",
    "name": { "str": "destroyed cyborg" },
    "category": "other",
    "description": "This is a heavily damaged cyborg, composed of a previously dead human, several bionic upgrades, and some limiters and control systems.",
    "price": "6000 USD",
    "material": [ "hflesh", "steel" ],
    "weight": "86700 g",
    "volume": "19250 ml",
    "longest_side": "2000 mm",
    "bashing": 6,
    "cutting": 0,
    "to_hit": -10
  },
  {
    "type": "GENERIC",
    "id": "broken_cyborg_heavy",
    "symbol": ",",
    "color": "light_green",
    "name": { "str": "destroyed heavy cyborg" },
    "category": "other",
    "description": "This is a heavily damaged cyborg, sturdy in it's construction, with many pieces of extra hardware attached, and a thick steel skin, covering it's advanced electronics and life sustaining systems. It it's current state, this cyborg is probably less man than machine.",
    "price": "18000 USD",
    "material": [ "hardsteel", "hflesh" ],
    "weight": "93000 g",
    "volume": "19750 ml",
    "bashing": 8,
    "cutting": 0,
    "to_hit": -12
  },
  {
    "type": "GENERIC",
    "id": "broken_cyborg_advanced",
    "symbol": ",",
    "color": "light_green",
    "name": { "str": "destroyed advanced cyborg" },
    "category": "other",
    "description": "A sturdy mechanical body, with little in the way of organic matter visible. It has what appears to be segments of power armor grafted to its skin and steel frame, with cybernetic augmentations protruding.",
    "price": "19500 USD",
    "material": [ "hardsteel", "hflesh" ],
    "weight": "117000 g",
    "volume": "23250 ml",
    "longest_side": "2000 mm",
    "bashing": 12,
    "cutting": 0,
    "to_hit": -16
  }
]
