[
  {
    "type": "MONSTER",
    "id": "mon_sniper",
    "name": { "str": "sniper joe" },
    "species": "ROBOT",
    "default_faction": "bot",
    "symbol": "@",
    "color": "green",
    "material": [ "steel" ],
    "diff": 3,
    "aggression": 100,
    "morale": 100,
    "speed": 100,
    "melee_skill": 4,
    "melee_dice": 2,
    "melee_dice_sides": 3,
    "melee_cut": 3,
    "dodge": 2,
    "armor_bash": 14,
    "armor_cut": 14,
    "armor_bullet": 11,
    "death_drops": "sniper_robot_death_drops",
    "luminance": 0,
    "hp": 180,
    "death_function": { "corpse_type": "BROKEN" },
    "special_attacks": [ [ "BRANDISH", 7 ] ],
    "description": "A humanoid robot, designed for combat and stealth, it is fairly well armored, and quite intimidating. Rumored to be named for a young revolutionary.",
    "flags": [ "SEES", "HEARS", "NO_BREATHE", "ATTACKMON", "ELECTRONIC", "BASHES", "NIGHT_INVISIBILITY" ]
  },
  {
    "id": "mon_tripod",
    "looks_like": "mon_eyebot",
    "type": "MONSTER",
    "name": { "str": "tripod" },
    "description": "The Honda Crop King.  Originally designed for agriculture, it has a trio of spiked retractable cables and where it used to mount pesticide sprayer the PrepNet Phyle have modified it to have a flamethrower for their war against the Mycus.",
    "default_faction": "PrepNet",
    "species": [ "ROBOT" ],
    "diff": 20,
    "volume": "92500 ml",
    "weight": "120 kg",
    "hp": 80,
    "speed": 90,
    "material": [ "steel" ],
    "symbol": "R",
    "color": "white",
    "aggression": 0,
    "morale": 100,
    "melee_skill": 10,
    "melee_dice": 3,
    "melee_dice_sides": 12,
    "melee_cut": 6,
    "armor_bash": 12,
    "armor_cut": 8,
    "armor_bullet": 6,
    "path_settings": { "max_dist": 5 },
    "revert_to_itype": "bot_tripod",
    "starting_ammo": { "napalm": 10000 },
    "special_attacks": [
      {
        "type": "gun",
        "cooldown": 1,
        "gun_type": "rm451_flamethrower",
        "ammo_type": "napalm",
        "fake_skills": [ [ "gun", 4 ], [ "launcher", 5 ] ],
        "fake_dex": 10,
        "no_ammo_sound": "hiss!",
        "ranges": [ [ 0, 10, "DEFAULT" ] ],
        "require_targeting_player": true,
        "require_targeting_npc": true,
        "require_targeting_monster": true,
        "targeting_cost": 200,
        "targeting_timeout_extend": -10,
        "targeting_sound": "\"Hostile Detected.\"",
        "targeting_volume": 10
      }
    ],
    "death_drops": { "groups": [ [ "robots", 4 ], [ "tripod", 1 ] ] },
    "death_function": { "corpse_type": "BROKEN" },
    "flags": [ "SEES", "HEARS", "GOODHEARING", "BASHES", "NO_BREATHE", "ELECTRONIC", "CLIMBS", "PRIORITIZE_TARGETS", "FIREPROOF" ]
  },
  {
    "id": "mon_chickenbot",
    "looks_like": "mon_talon_m202a1",
    "type": "MONSTER",
    "name": { "str": "Wraitheon Pathfinder" },
    "description": "The Wraitheon Pathfinder is a massive, house-height armored robot.  It is armed to the teeth with a 40mm anti-material grenade launcher, a 5.56 anti-personnel gun, and an electroshock capability to defend against melee strikes.  Manufactured by Wraitheon for the ESCA military, it was used along with infantry thanks to the flexibility of its reverse-jointed legs.",
    "default_faction": "WraitheonRobotics",
    "species": [ "ROBOT" ],
    "diff": 20,
    "volume": "92500 ml",
    "weight": "120 kg",
    "hp": 90,
    "speed": 115,
    "material": [ "steel" ],
    "symbol": "R",
    "color": "red",
    "aggression": 50,
    "morale": 100,
    "melee_skill": 3,
    "melee_dice": 3,
    "melee_dice_sides": 3,
    "melee_cut": 0,
    "armor_bash": 18,
    "armor_cut": 14,
    "armor_bullet": 11,
    "vision_day": 50,
    "vision_night": 35,
    "revert_to_itype": "bot_chickenbot",
    "starting_ammo": { "40x46mm_m433": 100, "556": 1000 },
    "path_settings": { "max_dist": 10 },
    "special_attacks": [ [ "CHICKENBOT", 4 ] ],
    "death_function": { "corpse_type": "BROKEN" },
    "flags": [ "SEES", "HEARS", "BASHES", "NO_BREATHE", "ELECTRONIC", "PRIORITIZE_TARGETS", "DROPS_AMMO" ]
  },
  {
    "id": "mon_tankbot",
    "looks_like": "mon_talon_m202a1",
    "type": "MONSTER",
    "name": { "str": "Wraitheon Regulator" },
    "description": "Designed by Wraitheon, the Regulator is a refrigerator-sized UGV designed for high-risk urban fighting.  Armed with an anti-material missile launcher, a 40mm grenade launcher, and several anti-personnel weapons, it's designed to match the fervor of freedom fighters with the industrial might of Earth.",
    "default_faction": "WraitheonRobotics",
    "species": [ "ROBOT" ],
    "diff": 30,
    "volume": "875000 ml",
    "weight": "200 kg",
    "hp": 240,
    "speed": 75,
    "material": [ "steel" ],
    "symbol": "R",
    "color": "dark_gray",
    "aggression": 50,
    "morale": 100,
    "melee_skill": 5,
    "melee_dice": 5,
    "melee_dice_sides": 5,
    "melee_cut": 0,
    "armor_bash": 90,
    "armor_cut": 90,
    "armor_bullet": 72,
    "vision_day": 50,
    "revert_to_itype": "bot_tankbot",
    "starting_ammo": { "40x46mm_m433": 200, "556": 3000 },
    "path_settings": { "max_dist": 20 },
    "special_attacks": [ [ "MULTI_ROBOT", 3 ] ],
    "death_function": { "corpse_type": "BROKEN" },
    "flags": [
      "SEES",
      "HEARS",
      "GOODHEARING",
      "NOHEAD",
      "BASHES",
      "DESTROYS",
      "NO_BREATHE",
      "ELECTRONIC",
      "PRIORITIZE_TARGETS",
      "DROPS_AMMO"
    ]
  },
  {
    "type": "MONSTER",
    "id": "mon_met",
    "name": { "str": "met" },
    "species": "ROBOT",
    "default_faction": "cop_bot",
    "symbol": "@",
    "color": "light_gray",
    "material": [ "steel" ],
    "diff": 2,
    "aggression": 0,
    "morale": 100,
    "speed": 80,
    "melee_skill": 1,
    "melee_dice": 0,
    "melee_dice_sides": 0,
    "melee_cut": 0,
    "dodge": 1,
    "armor_bash": 8,
    "armor_cut": 10,
    "armor_bullet": 8,
    "death_drops": { "groups": [ [ "robots", 4 ], [ "met_robot_death_drops", 1 ] ] },
    "luminance": 0,
    "hp": 90,
    "death_function": { "corpse_type": "BROKEN" },
    "special_attacks": [ [ "TAZER", 10 ] ],
    "description": "A human shaped robot with an empty expression on it's immobile steel face. Deployed as city watchmen and riot troopers.",
    "flags": [ "SEES", "HEARS", "NO_BREATHE", "NIGHT_INVISIBILITY", "ELECTRONIC", "BASHES" ]
  },
  {
    "type": "MONSTER",
    "id": "mon_cyborg",
    "name": { "str": "cyborg" },
    "species": "CYBORG",
    "default_faction": "player",
    "symbol": "@",
    "color": "cyan",
    "material": [ "steel" ],
    "diff": 3,
    "aggression": 100,
    "morale": 100,
    "speed": 100,
    "melee_skill": 4,
    "melee_dice": 2,
    "melee_dice_sides": 3,
    "melee_cut": 3,
    "dodge": 2,
    "armor_bash": 12,
    "armor_cut": 12,
    "armor_bullet": 9,
    "luminance": 0,
    "hp": 200,
    "death_function": { "corpse_type": "BROKEN" },
    "special_attacks": [
      {
        "type": "gun",
        "cooldown": 2,
        "gun_type": "hk_mp5",
        "ammo_type": "9mm",
        "max_ammo": 1000,
        "fake_str": 16,
        "fake_dex": 8,
        "fake_per": 12,
        "fake_skills": [ [ "gun", 4 ], [ "smg", 8 ] ],
        "move_cost": 150,
        "targeting_cost": 100,
        "ranges": [ [ 0, 18, "DEFAULT" ] ],
        "description": "The turret fires its smg!",
        "targeting_sound": "beep-beep-beep!",
        "targeting_volume": 6,
        "no_ammo_sound": "a chk!"
      }
    ],
    "starting_ammo": { "9mm": 500 },
    "description": "An artifically reanimated human corpse, now twisted with mechanical and electronic components, this is essentially a zombie of steel, not decayed flesh.",
    "flags": [ "SEES", "HEARS", "BONES", "WARM", "ATTACKMON", "BASHES", "ELECTRONIC", "NIGHT_INVISIBILITY" ]
  },
  {
    "type": "MONSTER",
    "id": "mon_cyborg_heavy",
    "name": { "str": "heavy cyborg" },
    "species": "CYBORG",
    "default_faction": "player",
    "symbol": "@",
    "color": "cyan",
    "material": [ "steel" ],
    "diff": 3,
    "aggression": 100,
    "morale": 100,
    "speed": 100,
    "melee_skill": 4,
    "melee_dice": 2,
    "melee_dice_sides": 3,
    "melee_cut": 3,
    "dodge": 2,
    "armor_bash": 18,
    "armor_cut": 18,
    "armor_bullet": 14,
    "luminance": 0,
    "hp": 450,
    "death_function": { "corpse_type": "BROKEN" },
    "special_attacks": [ [ "MULTI_ROBOT", 1 ] ],
    "starting_ammo": { "500_Magnum": 100 },
    "description": "An upgraded cyborg, with a better frame and more armor, it is also a cleaner construction, the areas where flesh and metal meet are less patchwork, and a submachine gun mounted inside one of it's arms.",
    "flags": [ "SEES", "HEARS", "BONES", "WARM", "ATTACKMON", "BASHES", "ELECTRONIC", "NIGHT_INVISIBILITY" ]
  },
  {
    "type": "MONSTER",
    "id": "mon_cyborg_advanced",
    "name": { "str": "advanced cyborg" },
    "species": "CYBORG",
    "default_faction": "player",
    "symbol": "@",
    "color": "cyan",
    "material": [ "hardsteel" ],
    "diff": 3,
    "aggression": 100,
    "morale": 100,
    "speed": 90,
    "melee_skill": 6,
    "melee_dice": 3,
    "melee_dice_sides": 3,
    "melee_cut": 3,
    "dodge": 2,
    "armor_bash": 32,
    "armor_cut": 32,
    "armor_bullet": 25,
    "luminance": 0,
    "hp": 625,
    "death_function": { "corpse_type": "BROKEN" },
    "special_attacks": [ [ "MULTI_ROBOT", 2 ] ],
    "starting_ammo": { "500_Magnum": 100, "556": 200 },
    "description": "A walking mass of hardened steel, the likeness of a human ends with it's face and silhouette. It's body is mostly composed of metal, with the delicate flesh components protected inside. What appears to be sections of power armor are welded onto it, and a state-of-the-art cerberus laser mounted on one of the arms.",
    "flags": [ "SEES", "HEARS", "BONES", "WARM", "ATTACKMON", "BASHES", "ELECTRONIC", "NIGHT_INVISIBILITY" ]
  }
]
