[
  {
    "id": "heavy_railgun",
    "type": "GUN",
    "symbol": "(",
    "color": "light_gray",
    "name": { "str": "M35-H railgun" },
    "description": "A military developed railgun prototype, designed for mounted applications. Built in decent numbers for extensive field testing. Although it was never offically deployed before the cataclysm struck, it was in the process of being approved. Due to high recoil, and unwieldly size, this weapon is only possible to use deployed or in mounted applications.",
    "price": "12500 USD",
    "material": [ "hardsteel" ],
    "flags": [ "USE_UPS", "NEVER_JAMS", "MOUNTED_GUN" ],
    "skill": "rifle",
    "ammo": [ "20mm" ],
    "weight": "6326 g",
    "volume": "6500 ml",
    "longest_side": "2500 mm",
    "bashing": 14,
    "cutting": 0,
    "to_hit": -1,
    "ranged_damage": { "damage_type": "stab", "amount": 65 },
    "range": 15,
    "dispersion": 40,
    "recoil": 20,
    "durability": 8,
    "clip_size": 20,
    "pocket_data": [ { "pocket_type": "MAGAZINE", "rigid": true, "ammo_restriction": { "20mm": 20 } } ],
    "reload": 950,
    "valid_mod_locations": [
      [ "accessories", 4 ],
      [ "grip", 1 ],
      [ "mechanism", 4 ],
      [ "rail", 1 ],
      [ "sights", 1 ],
      [ "stock", 1 ],
      [ "underbarrel", 1 ]
    ]
  },
  {
    "id": "USAS_20",
    "type": "GUN",
    "reload_noise_volume": 10,
    "name": { "str": "USAS 20" },
    "description": "The USAS 20 looks like a boxy upsized caricature of the M16A2.  Like its Auto Assault-12 predecessor, it is a select-fire shotgun fed from large box or drum magazines.  The in-line recoil system and sheer weight make for pleasant shooting.",
    "weight": "6550 g",
    "volume": "4995 ml",
    "longest_side": "960 mm",
    "looks_like": "saiga_12",
    "price": "3000 USD",
    "price_postapoc": "50 USD",
    "to_hit": -1,
    "bashing": 12,
    "material": [ "steel", "plastic" ],
    "symbol": "(",
    "color": "dark_gray",
    "ammo": [ "20x66mm" ],
    "skill": "shotgun",
    "range": 6,
    "dispersion": 510,
    "durability": 6,
    "barrel_volume": "54 ml",
    "valid_mod_locations": [
      [ "accessories", 2 ],
      [ "mechanism", 4 ],
      [ "barrel", 1 ],
      [ "sling", 1 ],
      [ "muzzle", 1 ],
      [ "grip", 1 ],
      [ "brass catcher", 1 ],
      [ "rail mount", 1 ],
      [ "sights mount", 1 ],
      [ "underbarrel mount", 1 ]
    ],
    "modes": [ [ "DEFAULT", "semi-auto", 1 ], [ "AUTO", "auto", 5 ] ],
    "pocket_data": [
      {
        "pocket_type": "MAGAZINE_WELL",
        "holster": true,
        "max_contains_volume": "20 L",
        "magazine_well": "250 ml",
        "max_contains_weight": "20 kg",
        "item_restriction": [ "USAS1020mag", "USAS2020mag" ]
      }
    ]
  },
  {
    "id": "deagle_660",
    "looks_like": "glock_17",
    "type": "GUN",
    "reload_noise_volume": 15,
    "name": { "str": "Desert Eagle .660" },
    "description": "One of the most recognizable handguns due to its popularity in movies and video games, the Desert Eagle is better known for its menacing appearance than its performance.  It's a large pistol, but its heavy weight reduces recoil. this one has been manufactured and upsized to use .660 supermag.",
    "weight": "5740 g",
    "volume": "2550 ml",
    "longest_side": "300 mm",
    "price": "900 USD",
    "price_postapoc": "35 USD",
    "to_hit": -2,
    "bashing": 15,
    "material": [ "steel", "rubber" ],
    "symbol": "(",
    "color": "light_gray",
    "ammo": [ "660" ],
    "skill": "pistol",
    "ranged_damage": { "damage_type": "stab", "amount": 2 },
    "dispersion": 480,
    "durability": 8,
    "min_cycle_recoil": 1850,
    "valid_mod_locations": [
      [ "accessories", 2 ],
      [ "barrel", 1 ],
      [ "brass catcher", 1 ],
      [ "grip", 1 ],
      [ "mechanism", 4 ],
      [ "muzzle", 1 ],
      [ "rail", 1 ],
      [ "sights", 1 ],
      [ "stock", 1 ],
      [ "underbarrel", 1 ]
    ],
    "faults": [ "fault_gun_blackpowder", "fault_gun_dirt", "fault_gun_chamber_spent" ],
    "pocket_data": [
      {
        "pocket_type": "MAGAZINE_WELL",
        "holster": true,
        "max_contains_volume": "20 L",
        "magazine_well": "250 ml",
        "max_contains_weight": "20 kg",
        "item_restriction": [ "deaglemag66" ]
      }
    ]
  },
  {
    "id": "ar50",
    "looks_like": "ar15",
    "type": "GUN",
    "reload_noise_volume": 12,
    "name": { "str": "M9887" },
    "description": "what looks to be a ar15 scaled up and bored out to use 11mm rounds.",
    "weight": "5400 g",
    "volume": "4400 ml",
    "longest_side": "991 mm",
    "price": "2900 USD",
    "price_postapoc": "90 USD",
    "to_hit": -1,
    "bashing": 12,
    "material": [ "steel", "plastic" ],
    "symbol": "(",
    "color": "brown",
    "ammo": [ "11mm" ],
    "skill": "rifle",
    "dispersion": 200,
    "durability": 5,
    "modes": [ [ "DEFAULT", "semi-auto", 1 ], [ "BURST", "burst", 2 ], [ "AUTO", "auto", 4 ] ],
    "valid_mod_locations": [
      [ "accessories", 4 ],
      [ "barrel", 1 ],
      [ "brass catcher", 1 ],
      [ "grip", 1 ],
      [ "mechanism", 4 ],
      [ "muzzle", 1 ],
      [ "rail mount", 1 ],
      [ "sights mount", 1 ],
      [ "sling", 1 ],
      [ "stock", 1 ],
      [ "underbarrel mount", 1 ]
    ],
    "pocket_data": [
      {
        "pocket_type": "MAGAZINE_WELL",
        "holster": true,
        "max_contains_volume": "20 L",
        "magazine_well": "250 ml",
        "max_contains_weight": "20 kg",
        "item_restriction": [ "11stick" ]
      }
    ]
  },
  {
    "id": "ak50",
    "looks_like": "ar15",
    "type": "GUN",
    "reload_noise_volume": 12,
    "name": { "str": "AK50" },
    "description": "One of the most recognizable assault rifles ever made, converted by some youtuber to use .50 bmg.",
    "weight": "6000 g",
    "volume": "5500 ml",
    "longest_side": "1230 mm",
    "price": "2900 USD",
    "price_postapoc": "90 USD",
    "to_hit": -1,
    "bashing": 12,
    "material": [ "steel", "wood" ],
    "symbol": "(",
    "color": "brown",
    "ammo": [ "50" ],
    "skill": "rifle",
    "dispersion": 200,
    "durability": 6,
    "modes": [ [ "DEFAULT", "semi-auto", 1 ], [ "AUTO", "auto", 2 ] ],
    "valid_mod_locations": [
      [ "accessories", 4 ],
      [ "barrel", 1 ],
      [ "grip", 1 ],
      [ "mechanism", 2 ],
      [ "muzzle", 1 ],
      [ "sights mount", 1 ],
      [ "stock", 1 ]
    ],
    "pocket_data": [
      {
        "pocket_type": "MAGAZINE_WELL",
        "holster": true,
        "max_contains_volume": "20 L",
        "magazine_well": "250 ml",
        "max_contains_weight": "20 kg",
        "item_restriction": [ "50stick" ]
      }
    ]
  },
  {
    "id": "KORD",
    "copy-from": "gun_base",
    "looks_like": "m2browning_sawn",
    "type": "GUN",
    "name": { "str": "K.O.R.D HMG" },
    "description": "A heavy machine gun used by the Russian military. tends to be mounted on vehicles due to its massive recoil and size However it has a fairly low weight and given a strong enough person it could be weilded effectively unlike the m2 browning.",
    "weight": "25500 g",
    "volume": "6 L",
    "longest_side": "1980 mm",
    "price": "28000 USD",
    "price_postapoc": "250 USD",
    "to_hit": -2,
    "bashing": 12,
    "material": "steel",
    "ammo": [ "50R" ],
    "skill": "rifle",
    "range": 120,
    "dispersion": 280,
    "durability": 6,
    "reload": 460,
    "barrel_volume": "1130 ml",
    "modes": [ [ "DEFAULT", "semi-auto", 1 ], [ "AUTO", "auto", 4 ] ],
    "valid_mod_locations": [
      [ "accessories", 4 ],
      [ "barrel", 1 ],
      [ "brass catcher", 1 ],
      [ "sights", 1 ],
      [ "sling", 1 ],
      [ "mechanism", 4 ],
      [ "muzzle", 1 ],
      [ "rail mount", 1 ],
      [ "underbarrel mount", 1 ]
    ],
    "pocket_data": [
      {
        "pocket_type": "MAGAZINE_WELL",
        "holster": true,
        "max_contains_volume": "20 L",
        "magazine_well": "250 ml",
        "max_contains_weight": "20 kg",
        "item_restriction": [ "belt50R", "50Rbox" ]
      }
    ]
  },
  {
    "id": "S660R",
    "copy-from": "pistol_revolver",
    "looks_like": "sw_619",
    "type": "GUN",
    "name": { "str": "S M85-V1.1" },
    "description": "A hulking mass of a revolver even dwarfing the Model 500 and extremely heavy.",
    "weight": "6260 g",
    "volume": "1650 ml",
    "longest_side": "370 mm",
    "price": "1100 USD",
    "price_postapoc": "55 USD",
    "to_hit": -1,
    "bashing": 11,
    "material": [ "steel", "rubber" ],
    "symbol": "(",
    "color": "light_gray",
    "ammo": [ "660" ],
    "ranged_damage": { "damage_type": "stab", "amount": 40 },
    "dispersion": 240,
    "durability": 9,
    "blackpowder_tolerance": 65,
    "pocket_data": [
      {
        "pocket_type": "MAGAZINE_WELL",
        "holster": true,
        "max_contains_volume": "20 L",
        "magazine_well": "250 ml",
        "max_contains_weight": "20 kg",
        "item_restriction": [ "660_speedloader5" ]
      }
    ],
    "valid_mod_locations": [
      [ "accessories", 2 ],
      [ "grip", 1 ],
      [ "mechanism", 4 ],
      [ "rail", 1 ],
      [ "sights", 1 ],
      [ "stock mount", 1 ],
      [ "underbarrel mount", 1 ]
    ]
  },
  {
    "id": "atgmpod",
    "type": "GUN",
    "symbol": "(",
    "color": "dark_gray",
    "name": { "str": "M220022a2 SPLASH" },
    "description": "A shoulder mounted atgm system designed to replace the old disposable rocket launchers with the use of power armor.  It has four barrels made to store atgm rockets.",
    "price": "47000 USD",
    "price_postapoc": "200 USD",
    "material": "steel",
    "skill": "launcher",
    "ammo": [ "atgm" ],
    "weight": "70600 g",
    "volume": "20 L",
    "longest_side": "1200 mm",
    "reload_noise_volume": 12,
    "bashing": 12,
    "to_hit": -3,
    "dispersion": 200,
    "durability": 8,
    "modes": [ [ "DEFAULT", "single shot", 1 ], [ "BURST", "all barrels", 4 ] ],
    "pocket_data": [
      {
        "pocket_type": "MAGAZINE_WELL",
        "holster": true,
        "max_contains_volume": "20 L",
        "magazine_well": "250 ml",
        "max_contains_weight": "20 kg",
        "item_restriction": [ "atgmpod_clip" ]
      }
    ],
    "reload": 1200,
    "loudness": 230,
    "valid_mod_locations": [ [ "accessories", 4 ], [ "grip", 1 ], [ "sling", 1 ] ],
    "flags": [ "BACKBLAST", "NEVER_JAMS" ]
  },
  {
    "id": "33x308_smac",
    "type": "GUN",
    "symbol": "(",
    "color": "light_gray",
    "name": { "str": "M14070a1 Bolt" },
    "description": "A military developed anti power armor weapon mounted on the shoulder similar to a rocket launcher, designed for armored infantry against enemy armored infantry. only a few exist numbering in the few hundreds. never deployed in any war and in perfect condition.",
    "price": "20500 USD",
    "material": [ "hardsteel" ],
    "flags": [ "NEVER_JAMS" ],
    "skill": "rifle",
    "ammo": [ "33x308" ],
    "weight": "44800 g",
    "volume": "11250 ml",
    "longest_side": "2175 mm",
    "bashing": 14,
    "cutting": 0,
    "to_hit": -1,
    "ranged_damage": { "damage_type": "stab", "amount": 65 },
    "range": 29,
    "dispersion": 120,
    "durability": 9,
    "modes": [ [ "DEFAULT", "semi-auto", 1 ], [ "BURST", "duo", 2 ], [ "AUTO", "high-auto", 4 ] ],
    "barrel_volume": "2400 ml",
    "pocket_data": [
      {
        "pocket_type": "MAGAZINE_WELL",
        "holster": true,
        "max_contains_volume": "20 L",
        "magazine_well": "250 ml",
        "max_contains_weight": "20 kg",
        "item_restriction": [ "33x308stick", "33x308drum", "33x308box" ]
      }
    ],
    "reload": 700,
    "loudness": 260,
    "valid_mod_locations": [
      [ "accessories", 4 ],
      [ "barrel", 1 ],
      [ "brass catcher", 1 ],
      [ "sights mount", 1 ],
      [ "grip", 1 ],
      [ "mechanism", 4 ],
      [ "rail", 1 ],
      [ "stock", 1 ],
      [ "underbarrel", 1 ]
    ]
  },
  {
    "id": "33x308_shmg",
    "type": "GUN",
    "symbol": "(",
    "color": "light_gray",
    "name": { "str": "M14083 Storm" },
    "description": "A military developed anti power armor machine cannon weilded by only supersoldiers with power armor,made for shredding vehicles and people alike. only a few exist numbering in the 50's. never deployed in any war and in perfect condition.",
    "price": "20500 USD",
    "material": [ "hardsteel" ],
    "flags": [ "NEVER_JAMS" ],
    "skill": "rifle",
    "ammo": [ "33x308" ],
    "weight": "96 kg",
    "volume": "16250 ml",
    "longest_side": "2175 mm",
    "bashing": 16,
    "cutting": 0,
    "to_hit": -2,
    "ranged_damage": { "damage_type": "stab", "amount": 55 },
    "range": 26,
    "dispersion": 150,
    "durability": 9,
    "modes": [ [ "DEFAULT", "trio", 3 ], [ "AUTO", "full auto", 6 ] ],
    "barrel_volume": "2000 ml",
    "pocket_data": [
      {
        "pocket_type": "MAGAZINE_WELL",
        "holster": true,
        "max_contains_volume": "20 L",
        "magazine_well": "250 ml",
        "max_contains_weight": "20 kg",
        "item_restriction": [ "33x308stick", "33x308drum", "33x308box", "33x308belt" ]
      }
    ],
    "reload": 800,
    "loudness": 250,
    "valid_mod_locations": [
      [ "accessories", 4 ],
      [ "barrel", 1 ],
      [ "brass catcher", 1 ],
      [ "sights mount", 1 ],
      [ "grip", 1 ],
      [ "mechanism", 4 ],
      [ "rail", 1 ],
      [ "stock", 1 ],
      [ "underbarrel", 1 ]
    ]
  },
  {
    "id": "14.5x65_shmg",
    "type": "GUN",
    "symbol": "(",
    "color": "light_gray",
    "name": { "str": "M14024a4 Hail" },
    "description": "A military developed anti infantry superheavy machine gun weilded by only those with power armor,made for shredding enemy infantry en masse.",
    "price": "20500 USD",
    "material": [ "hardsteel" ],
    "flags": [ "NEVER_JAMS" ],
    "skill": "rifle",
    "ammo": [ "14.5x46" ],
    "weight": "65 kg",
    "volume": "10 L",
    "longest_side": "1760 mm",
    "bashing": 16,
    "cutting": 0,
    "to_hit": -2,
    "ranged_damage": { "damage_type": "stab", "amount": 40 },
    "range": 26,
    "dispersion": 130,
    "durability": 9,
    "modes": [ [ "DEFAULT", "semi", 1 ], [ "BURST", "low-auto", 5 ], [ "AUTO", "high-auto", 12 ] ],
    "barrel_volume": "1600 ml",
    "pocket_data": [
      {
        "pocket_type": "MAGAZINE_WELL",
        "holster": true,
        "max_contains_volume": "235 L",
        "magazine_well": "250 ml",
        "max_contains_weight": "445 kg",
        "item_restriction": [ "14.5x46belt" ]
      }
    ],
    "reload": 1500,
    "loudness": 200,
    "valid_mod_locations": [
      [ "accessories", 4 ],
      [ "barrel", 1 ],
      [ "brass catcher", 1 ],
      [ "sights mount", 1 ],
      [ "grip", 1 ],
      [ "mechanism", 4 ],
      [ "rail", 1 ],
      [ "stock", 1 ],
      [ "underbarrel", 1 ]
    ]
  },
  {
    "id": "14.5x65_mrc",
    "type": "GUN",
    "symbol": "(",
    "color": "light_gray",
    "name": { "str": "M14026a1 Rend" },
    "description": "the apex of anti infantry weapon, none compare to its ground vs ground infantry shreading power.",
    "price": "20500 USD",
    "material": [ "hardsteel" ],
    "flags": [ "NEVER_JAMS" ],
    "skill": "rifle",
    "ammo": [ "14.5x46" ],
    "weight": "145 kg",
    "volume": "22500 ml",
    "longest_side": "1760 mm",
    "bashing": 16,
    "cutting": 0,
    "to_hit": -2,
    "ranged_damage": { "damage_type": "stab", "amount": 40 },
    "range": 28,
    "dispersion": 110,
    "durability": 9,
    "modes": [ [ "DEFAULT", "low-auto", 10 ], [ "BURST", "high-auto", 25 ], [ "AUTO", "over-auto", 50 ] ],
    "barrel_volume": "1600 ml",
    "pocket_data": [
      {
        "pocket_type": "MAGAZINE_WELL",
        "holster": true,
        "max_contains_volume": "235 L",
        "magazine_well": "250 ml",
        "max_contains_weight": "445 kg",
        "item_restriction": [ "14.5x46chainfeed", "14.5x46belt" ]
      }
    ],
    "reload": 1800,
    "loudness": 200,
    "valid_mod_locations": [ [ "accessories", 4 ], [ "brass catcher", 1 ], [ "grip", 1 ], [ "mechanism", 4 ], [ "rail", 1 ], [ "underbarrel", 1 ] ]
  },
  {
    "id": "65x465c",
    "type": "GUN",
    "symbol": "(",
    "color": "dark_gray",
    "name": { "str": "M14092" },
    "description": "bigass shoulder mounted cannon for mobile bunker busting but seriously this thing is huge.",
    "price": "12500 USD",
    "material": [ "hardsteel" ],
    "flags": [ "BACKBLAST", "NEVER_JAMS" ],
    "skill": "rifle",
    "ammo": [ "65x465" ],
    "weight": "102006 g",
    "volume": "18 L",
    "longest_side": "1840 mm",
    "bashing": 14,
    "cutting": 0,
    "to_hit": -1,
    "ranged_damage": { "damage_type": "stab", "amount": 65 },
    "range": 32,
    "dispersion": 40,
    "durability": 8,
    "clip_size": 1,
    "pocket_data": [ { "pocket_type": "MAGAZINE", "rigid": true, "ammo_restriction": { "65x465": 1 } } ],
    "reload": 950,
    "loudness": 290,
    "valid_mod_locations": [ [ "accessories", 4 ], [ "grip", 1 ] ]
  },
  {
    "id": "light_railgun",
    "type": "GUN",
    "symbol": "(",
    "color": "light_gray",
    "name": { "str": "M34-L railgun" },
    "description": "A military developed railgun prototype, designed for infanty usage. Has a rotating cylinder, holding twelve H&K 12mm ferromagnetic slugs.",
    "price": "9500 USD",
    "material": [ "steel" ],
    "flags": [ "USE_UPS", "NEVER_JAMS", "RELOAD_ONE" ],
    "skill": "rifle",
    "ammo": [ "12mm" ],
    "weight": "3825 g",
    "volume": "2500 ml",
    "longest_side": "1020 mm",
    "bashing": 8,
    "cutting": 0,
    "to_hit": -1,
    "ranged_damage": { "damage_type": "stab", "amount": 50 },
    "range": 0,
    "dispersion": 30,
    "recoil": 9,
    "durability": 8,
    "clip_size": 12,
    "pocket_data": [ { "pocket_type": "MAGAZINE", "rigid": true, "ammo_restriction": { "12mm": 12 } } ],
    "reload": 200,
    "valid_mod_locations": [
      [ "accessories", 4 ],
      [ "grip", 1 ],
      [ "mechanism", 4 ],
      [ "rail", 1 ],
      [ "sights", 1 ],
      [ "stock", 1 ],
      [ "underbarrel", 1 ]
    ]
  },
  {
    "id": "gatling",
    "type": "GUN",
    "symbol": "(",
    "color": "dark_gray",
    "name": { "str": "M26-b Gatling" },
    "description": "A large cannon, consisting of a large motor, belt feed system, and firing mechanism, employing eight long barrels mounted on a rotating disc. The use of eight barrels allows high rates of fire, and increased heat dissipation. Firing this weapon is impossible without a mount, due to the sheer size and weight.",
    "price": "18000 USD",
    "material": [ "hardsteel" ],
    "flags": [ "USE_UPS", "MODE_BURST", "MOUNTED_GUN" ],
    "skill": "rifle",
    "ammo": [ "50" ],
    "weight": "122 kg",
    "volume": "11500 ml",
    "longest_side": "1170 mm",
    "bashing": 12,
    "cutting": 0,
    "to_hit": -1,
    "ranged_damage": { "damage_type": "stab", "amount": 1 },
    "range": 65,
    "dispersion": 70,
    "recoil": 15,
    "durability": 8,
    "clip_size": 1500,
    "pocket_data": [ { "pocket_type": "MAGAZINE", "rigid": true, "ammo_restriction": { "50": 1500 } } ],
    "reload": 800,
    "valid_mod_locations": [
      [ "accessories", 4 ],
      [ "barrel", 1 ],
      [ "bore", 1 ],
      [ "sights", 1 ],
      [ "mechanism", 4 ],
      [ "muzzle", 1 ],
      [ "sights", 1 ]
    ]
  }
]
