[
  {
    "type": "recipe",
    "activity_level": "LIGHT_EXERCISE",
    "result": "atunbio_blade_weapon",
    "category": "CC_WEAPON",
    "subcategory": "CSC_WEAPON_RANGED",
    "skill_used": "fabrication",
    "skills_required": [ "melee", 4 ],
    "difficulty": 6,
    "time": 30000,
    "reversible": false,
    "autolearn": false,
    "book_learn": [ [ "recipe_lab_elec", 5 ] ],
    "qualities": [ { "id": "SCREW_FINE", "level": 1 } ],
    "proficiencies": [
      { "proficiency": "prof_metalworking" },
      { "proficiency": "prof_blacksmithing" },
      { "proficiency": "prof_bladesmith" }
    ],
    "tools": [
      [ [ "soldering_iron", 20 ], [ "toolset", 2 ], [ "small_repairkit", 20 ], [ "large_repairkit", 10 ] ],
      [ [ "mold_plastic", -1 ] ],
      [ [ "hotplate", 10 ], [ "toolset", 1 ], [ "surface_heat", 1, "LIST" ] ]
    ],
    "components": [ [ [ "bio_blade", 1 ] ], [ [ "steel_chunk", 1 ] ] ]
  },
  {
    "type": "recipe",
    "activity_level": "LIGHT_EXERCISE",
    "result": "ehdframe",
    "category": "CC_OTHER",
    "subcategory": "CSC_OTHER_VEHICLE",
    "skill_used": "fabrication",
    "skills_required": [ "mechanics", 6 ],
    "difficulty": 4,
    "time": "1 h 30 m",
    "reversible": true,
    "autolearn": true,
    "flags": [ "BLIND_EASY" ],
    "qualities": [ { "id": "GLARE", "level": 1 } ],
    "tools": [
      [ [ "crucible", -1 ], [ "crucible_clay", -1 ] ],
      [ [ "welder", 50 ], [ "welder_crude", 75 ], [ "toolset", 75 ], [ "forge", 50 ], [ "oxy_torch", 10 ] ]
    ],
    "components": [ [ [ "hdframe", 3 ], [ "slime_scrap", 150 ] ] ]
  },
  {
    "type": "recipe",
    "activity_level": "LIGHT_EXERCISE",
    "result": "hdroof_wrollcage",
    "category": "CC_OTHER",
    "subcategory": "CSC_OTHER_VEHICLE",
    "skill_used": "fabrication",
    "skills_required": [ "mechanics", 6 ],
    "difficulty": 4,
    "time": "2 h 00 m",
    "reversible": true,
    "autolearn": true,
    "flags": [ "BLIND_EASY" ],
    "qualities": [ { "id": "GLARE", "level": 1 } ],
    "tools": [
      [ [ "crucible", -1 ], [ "crucible_clay", -1 ] ],
      [ [ "welder", 150 ], [ "welder_crude", 225 ], [ "toolset", 225 ], [ "forge", 150 ], [ "oxy_torch", 30 ] ]
    ],
    "components": [ [ [ "hdframe", 1 ], [ "double_mil_plate", 1 ] ] ]
  },
  {
    "type": "recipe",
    "activity_level": "LIGHT_EXERCISE",
    "result": "shdframe",
    "category": "CC_OTHER",
    "subcategory": "CSC_OTHER_VEHICLE",
    "skill_used": "fabrication",
    "skills_required": [ "mechanics", 9 ],
    "difficulty": 4,
    "time": "4 h 00 m",
    "reversible": true,
    "autolearn": true,
    "flags": [ "BLIND_EASY" ],
    "qualities": [ { "id": "GLARE", "level": 1 } ],
    "tools": [
      [ [ "crucible", -1 ], [ "crucible_clay", -1 ] ],
      [ [ "welder", 200 ], [ "welder_crude", 300 ], [ "toolset", 300 ], [ "forge", 200 ], [ "oxy_torch", 40 ] ]
    ],
    "components": [ [ [ "ehdframe", 2 ], [ "double_mil_plate", 2 ], [ "slime_scrap", 200 ] ] ]
  },
  {
    "type": "recipe",
    "activity_level": "LIGHT_EXERCISE",
    "result": "v8M_diesel",
    "category": "CC_OTHER",
    "subcategory": "CSC_OTHER_VEHICLE",
    "skill_used": "fabrication",
    "skills_required": [ "mechanics", 13 ],
    "difficulty": 5,
    "time": "32 h 0 m",
    "reversible": true,
    "autolearn": true,
    "qualities": [
      { "id": "GLARE", "level": 1 },
      { "id": "HAMMER", "level": 3 },
      { "id": "ANVIL", "level": 3 },
      { "id": "CHISEL", "level": 3 }
    ],
    "tools": [
      [ [ "crucible", -1 ], [ "crucible_clay", -1 ] ],
      [ [ "welder", 600 ], [ "welder_crude", 900 ], [ "toolset", 900 ], [ "forge", 600 ] ]
    ],
    "components": [
      [
        [ "hdframe", 2 ],
        [ "steel_plate", 24 ],
        [ "motor_oil", 12000 ],
        [ "bearing", 300 ],
        [ "pump_complex", 2 ],
        [ "glowplug", 8 ],
        [ "drivebelt", 3 ],
        [ "steel_lump", 60 ],
        [ "motor_tiny", 2 ],
        [ "hose", 4 ],
        [ "scrap", 200 ],
        [ "filter_air", 2 ],
        [ "cable", 120 ]
      ]
    ]
  },
  {
    "type": "recipe",
    "activity_level": "LIGHT_EXERCISE",
    "result": "v8M_diesel",
    "category": "CC_OTHER",
    "subcategory": "CSC_OTHER_VEHICLE",
    "skill_used": "fabrication",
    "skills_required": [ "mechanics", 16 ],
    "difficulty": 7,
    "time": "48 h 0 m",
    "reversible": true,
    "autolearn": true,
    "qualities": [
      { "id": "GLARE", "level": 1 },
      { "id": "HAMMER", "level": 3 },
      { "id": "ANVIL", "level": 3 },
      { "id": "CHISEL", "level": 3 }
    ],
    "tools": [
      [ [ "crucible", -1 ], [ "crucible_clay", -1 ] ],
      [ [ "welder", 800 ], [ "welder_crude", 1200 ], [ "toolset", 1200 ], [ "forge", 800 ] ]
    ],
    "components": [
      [
        [ "hdframe", 3 ],
        [ "steel_plate", 30 ],
        [ "motor_oil", 16000 ],
        [ "bearing", 400 ],
        [ "pump_complex", 4 ],
        [ "glowplug", 32 ],
        [ "drivebelt", 4 ],
        [ "steel_lump", 80 ],
        [ "motor_tiny", 4 ],
        [ "hose", 8 ],
        [ "scrap", 300 ],
        [ "filter_air", 4 ],
        [ "cable", 140 ]
      ]
    ]
  },
  {
    "type": "recipe",
    "activity_level": "LIGHT_EXERCISE",
    "result": "viewport",
    "category": "CC_OTHER",
    "subcategory": "CSC_OTHER_VEHICLE",
    "skill_used": "fabrication",
    "skills_required": [ "fabrication", 8 ],
    "difficulty": 5,
    "time": "4 h 45 m",
    "reversible": true,
    "autolearn": true,
    "qualities": [
      { "id": "GLARE", "level": 1 },
      { "id": "HAMMER", "level": 3 },
      { "id": "ANVIL", "level": 3 },
      { "id": "CHISEL", "level": 3 }
    ],
    "tools": [
      [ [ "crucible", -1 ], [ "crucible_clay", -1 ] ],
      [ [ "welder", 400 ], [ "welder_crude", 600 ], [ "toolset", 600 ], [ "forge", 200 ] ]
    ],
    "components": [ [ [ "hdframe", 1 ], [ "reinforced_glass_sheet", 1 ], [ "double_mil_plate", 1 ] ] ]
  },
  {
    "type": "recipe",
    "activity_level": "LIGHT_EXERCISE",
    "result": "mil_bullbar",
    "category": "CC_OTHER",
    "subcategory": "CSC_OTHER_VEHICLE",
    "skill_used": "fabrication",
    "skills_required": [ "fabrication", 8 ],
    "difficulty": 3,
    "time": "3 h 30 m",
    "reversible": true,
    "autolearn": true,
    "qualities": [ { "id": "GLARE", "level": 1 }, { "id": "HAMMER", "level": 3 }, { "id": "ANVIL", "level": 3 } ],
    "tools": [
      [ [ "crucible", -1 ], [ "crucible_clay", -1 ] ],
      [ [ "welder", 400 ], [ "welder_crude", 600 ], [ "toolset", 600 ], [ "forge", 200 ] ]
    ],
    "components": [ [ [ "ehdframe", 2 ], [ "hdframe", 2 ] ] ]
  },
  {
    "type": "recipe",
    "activity_level": "LIGHT_EXERCISE",
    "result": "mil_rambar",
    "category": "CC_OTHER",
    "subcategory": "CSC_OTHER_VEHICLE",
    "skill_used": "fabrication",
    "skills_required": [ "fabrication", 12 ],
    "difficulty": 3,
    "time": "5 h 30 m",
    "reversible": true,
    "autolearn": true,
    "qualities": [
      { "id": "GLARE", "level": 1 },
      { "id": "HAMMER", "level": 3 },
      { "id": "ANVIL", "level": 3 },
      { "id": "CHISEL", "level": 3 }
    ],
    "tools": [
      [ [ "crucible", -1 ], [ "crucible_clay", -1 ] ],
      [ [ "welder", 600 ], [ "welder_crude", 900 ], [ "toolset", 900 ], [ "forge", 400 ] ]
    ],
    "components": [ [ [ "ehdframe", 1 ], [ "mil_bullbar", 2 ] ] ]
  },
  {
    "type": "recipe",
    "activity_level": "LIGHT_EXERCISE",
    "result": "double_mil_plate",
    "category": "CC_OTHER",
    "subcategory": "CSC_OTHER_VEHICLE",
    "skill_used": "fabrication",
    "skills_required": [ "fabrication", 6 ],
    "difficulty": 4,
    "time": "2 h 00 m",
    "reversible": true,
    "autolearn": true,
    "flags": [ "BLIND_EASY" ],
    "qualities": [ { "id": "ANVIL", "level": 3 }, { "id": "HAMMER", "level": 3 }, { "id": "GLARE", "level": 1 } ],
    "tools": [
      [ [ "crucible", -1 ], [ "crucible_clay", -1 ] ],
      [ [ "welder", 100 ], [ "welder_crude", 150 ], [ "toolset", 150 ], [ "forge", 100 ], [ "oxy_torch", 20 ] ]
    ],
    "components": [ [ [ "mil_plate", 3 ] ] ]
  }
]
