[
  {
    "type": "snippet",
    "category": "flier",
    "text": [
      {
        "id": "adv_tech_flier_1",
        "text": "This is an advertisement for Wily Industries's Geologically Unstable Terrain Surveyor.  It shows large robot wearing a construction hardhat preventing a fallen boulder from crushing a worker."
      }
    ]
  },
  {
    "type": "snippet",
    "category": "flier",
    "text": [
      {
        "id": "adv_tech_flier_2",
        "text": "This is one of the many posters printed by Wily Industries, before the cataclysm. This poster features a sniper robot's green helmet, with the trademark eerily glowing eye. The caption reads, in bold  \"KEEP QUIET, CARELESS TALK COSTS LIVES.\""
      }
    ]
  },
  {
    "type": "snippet",
    "category": "flier",
    "text": [
      {
        "id": "adv_tech_flier_3",
        "text": "This is a poster printed by Wily Industries. This poster depicts a Met Civil Protector robot, in black, red and white. The caption reads, in bold  \"WE WILL KEEP YOU SAFE.\""
      }
    ]
  },
  {
    "type": "snippet",
    "category": "flier",
    "text": [
      {
        "id": "adv_tech_flier_4",
        "text": "This is a poster printed by Wily Industries. This poster depicts a Met Civil Protector robot, in black, red and white. The caption reads, in bold  \"DO NOT COMPROMISE YOUR SAFETY.\""
      }
    ]
  },
  {
    "type": "snippet",
    "category": "note",
    "text": [
      {
        "id": "adv_tech_flier_5",
        "text": "\"Those creepy-ass mets aren't as tough as the helmet robots, but they don't seem to do much anyways.\""
      }
    ]
  }
]
