[
  {
    "id": "precision_toolkit",
    "type": "TOOL",
    "symbol": ";",
    "color": "light_gray",
    "name": { "str": "robotics toolkit" },
    "description": "This is a cutting-edge piece of technology: a portable, laser precision, computer assisted, miniature robotics work shop. Designed to construct small electronics and similar devices, it features an easy to use GUI and is capable of creating sophisticated electronics and high grade robotics. May also be suitable for gunsmithing.",
    "price": "400 USD",
    "material": [ "steel", "plastic" ],
    "weight": "32000 g",
    "volume": "7 L",
    "longest_side": "400 mm",
    "bashing": 8,
    "cutting": 0,
    "to_hit": -2,
    "pocket_data": [ { "pocket_type": "MAGAZINE", "rigid": true, "ammo_restriction": { "battery": 2000 } } ],
    "charges_per_use": 50,
    "turns_per_charge": 0,
    "ammo": [ "battery" ],
    "use_action": "GUN_REPAIR",
    "qualities": [
      [ "CUT", 1 ],
      [ "HAMMER", 2 ],
      [ "SAW_M", 1 ],
      [ "SAW_W", 1 ],
      [ "WRENCH", 1 ],
      [ "SCREW", 1 ],
      [ "HAMMER_FINE", 1 ],
      [ "SAW_M_FINE", 1 ],
      [ "WRENCH_FINE", 1 ],
      [ "SCREW_FINE", 1 ]
    ]
  },
  {
    "type": "TOOL",
    "id": "atunbio_blade_weapon",
    "name": { "str": "monomolecular machete" },
    "description": "A foot-long blade made from high-tech alloy and edged with bonded nanocrystals, removed from a cyborg, and converted into a machete.",
    "weight": "300 g",
    "to_hit": 3,
    "max_charges": 0,
    "initial_charges": 0,
    "charges_per_use": 0,
    "turns_per_charge": 0,
    "color": "dark_gray",
    "symbol": "/",
    "material": [ "superalloy" ],
    "techniques": [ "WBLOCK_1" ],
    "volume": "1000 ml",
    "longest_side": "500 mm",
    "bashing": 4,
    "cutting": 36,
    "flags": [ "STAB", "UNBREAKABLE_MELEE", "SHEATH_SWORD" ],
    "category": "weapons",
    "price": "500 USD",
    "qualities": [ [ "CUT", 1 ], [ "BUTCHER", 20 ] ]
  }
]
