[
  {
    "type": "vehicle",
    "id": "mech_wolverine",
    "name": "Wolverine Mech",
    "blueprint": [
      [ "XXX=X" ],
      [ "XX||-" ],
      [ "XX+#'" ],
      [ "XX||-" ],
      [ "XXX=X" ]
    ],
    "parts": [
      { "x": 0, "y": 0, "part": "ehdframe_core" },
      { "x": 0, "y": 0, "part": "engine_electric" },
      { "x": 0, "y": 0, "part": "seat" },
      { "x": 0, "y": 0, "part": "seatbelt_heavyduty" },
      { "x": 0, "y": 0, "part": "hdroof" },
      { "x": 0, "y": 0, "part": "controls" },
      { "x": 0, "y": 1, "part": "hdframe_sw" },
      { "x": 0, "y": 1, "part": "storage_battery" },
      { "x": 0, "y": 1, "part": "hdboard_sw" },
      { "x": 0, "y": 2, "part": "hdframe_vertical_2" },
      { "x": 0, "y": 2, "part": "wheel_mount_medium_steerable" },
      { "x": 0, "y": 2, "part": "medium_mech_leg" },
      { "x": 0, "y": 2, "part": "turret_mount" },
      { "x": 0, "y": 2, "part": "mounted_gatling" },
      { "x": 0, "y": -1, "part": "hdframe_se" },
      { "x": 0, "y": -1, "part": "storage_battery" },
      { "x": 0, "y": -1, "part": "hdboard_se" },
      { "x": 0, "y": -2, "part": "hdframe_vertical_2" },
      { "x": 0, "y": -2, "part": "wheel_mount_medium_steerable" },
      { "x": 0, "y": -2, "part": "medium_mech_leg" },
      { "x": 0, "y": -2, "part": "turret_mount" },
      { "x": 0, "y": -2, "part": "mounted_gatling" },
      { "x": 1, "y": 0, "part": "hdframe_horizontal" },
      { "x": 1, "y": 0, "part": "reinforced_windshield" },
      { "x": 1, "y": 0, "part": "headlight_reinforced" },
      { "x": 1, "y": 1, "part": "hdframe_ne" },
      { "x": 1, "y": 1, "part": "hdboard_ne" },
      { "x": 1, "y": -1, "part": "hdframe_nw" },
      { "x": 1, "y": -1, "part": "hdboard_nw" },
      { "x": -1, "y": 0, "part": "hdframe_horizontal" },
      { "x": -1, "y": 0, "part": "ehd_hatch" },
      { "x": -1, "y": -1, "part": "hdframe_sw" },
      { "x": -1, "y": -1, "part": "hdboard_sw" },
      { "x": -1, "y": 1, "part": "hdframe_se" },
      { "x": -1, "y": 1, "part": "hdboard_se" }
    ],
    "items": [ { "x": 0, "y": 2, "chance": 25, "items": [ "6mm" ] }, { "x": 0, "y": -2, "chance": 25, "items": [ "6mm" ] } ]
  },
  {
    "type": "vehicle",
    "id": "mech_cerberus",
    "name": "Prototype Cerberus Mech",
    "blueprint": [
      [ "XXX=X" ],
      [ "XX||-" ],
      [ "XX+#'" ],
      [ "XX||-" ],
      [ "XXX=X" ]
    ],
    "parts": [
      { "x": 0, "y": 0, "part": "ehdframe_core" },
      { "x": 0, "y": 0, "part": "engine_electric" },
      { "x": 0, "y": 0, "part": "seat" },
      { "x": 0, "y": 0, "part": "seatbelt_heavyduty" },
      { "x": 0, "y": 0, "part": "hdroof" },
      { "x": 0, "y": 0, "part": "controls" },
      { "x": 0, "y": 1, "part": "ehdframe_sw" },
      { "x": 0, "y": 1, "part": "storage_battery" },
      { "x": 0, "y": 1, "part": "hdboard_sw" },
      { "x": 0, "y": 1, "part": "plating_military_double" },
      { "x": 0, "y": 2, "part": "ehdframe_vertical_2" },
      { "x": 0, "y": 2, "part": "wheel_mount_medium_steerable" },
      { "x": 0, "y": 2, "part": "medium_mech_leg" },
      { "x": 0, "y": 2, "part": "turret_mount" },
      { "x": 0, "y": 2, "part": "mounted_railgun" },
      { "x": 0, "y": 2, "part": "plating_military_double" },
      { "x": 0, "y": -1, "part": "hdframe_se" },
      { "x": 0, "y": -1, "part": "storage_battery" },
      { "x": 0, "y": -1, "part": "hdboard_se" },
      { "x": 0, "y": -1, "part": "plating_military_double" },
      { "x": 0, "y": -2, "part": "ehdframe_vertical_2" },
      { "x": 0, "y": -2, "part": "wheel_mount_medium_steerable" },
      { "x": 0, "y": -2, "part": "medium_mech_leg" },
      { "x": 0, "y": -2, "part": "turret_mount" },
      { "x": 0, "y": -2, "part": "mounted_railgun" },
      { "x": 0, "y": -2, "part": "plating_military_double" },
      { "x": 1, "y": 0, "part": "ehdframe_horizontal" },
      { "x": 1, "y": 0, "part": "reinforced_windshield" },
      { "x": 1, "y": 0, "part": "headlight_reinforced" },
      { "x": 1, "y": 0, "part": "turret_mount" },
      { "x": 1, "y": 0, "part": "mounted_gatling" },
      { "x": 1, "y": 1, "part": "ehdframe_ne" },
      { "x": 1, "y": 1, "part": "hdboard_ne" },
      { "x": 1, "y": 1, "part": "plating_military_double" },
      { "x": 1, "y": -1, "part": "ehdframe_nw" },
      { "x": 1, "y": -1, "part": "hdboard_nw" },
      { "x": 1, "y": -1, "part": "plating_military_double" },
      { "x": -1, "y": 0, "part": "ehdframe_horizontal" },
      { "x": -1, "y": 0, "part": "ehd_hatch" },
      { "x": -1, "y": 0, "part": "plating_military_double" },
      { "x": -1, "y": -1, "part": "ehdframe_sw" },
      { "x": -1, "y": -1, "part": "hdboard_sw" },
      { "x": -1, "y": -1, "part": "plating_military_double" },
      { "x": -1, "y": 1, "part": "ehdframe_se" },
      { "x": -1, "y": 1, "part": "hdboard_se" },
      { "x": -1, "y": 1, "part": "plating_military_double" }
    ],
    "items": [
      { "x": 0, "y": 2, "chance": 25, "items": [ "20mm" ] },
      { "x": 0, "y": -2, "chance": 25, "items": [ "20mm" ] },
      { "x": 1, "y": 0, "chance": 50, "items": [ "6mm" ] }
    ]
  },
  {
    "type": "vehicle",
    "id": "mech_wolverine_plus",
    "name": "Advanced Wolverine Mech",
    "blueprint": [
      [ "XXX=X" ],
      [ "XX||-" ],
      [ "XX+#'" ],
      [ "XX||-" ],
      [ "XXX=X" ]
    ],
    "parts": [
      { "x": 0, "y": 0, "part": "ehdframe_core" },
      { "x": 0, "y": 0, "part": "engine_electric" },
      { "x": 0, "y": 0, "part": "seat" },
      { "x": 0, "y": 0, "part": "seatbelt_heavyduty" },
      { "x": 0, "y": 0, "part": "hdroof" },
      { "x": 0, "y": 0, "part": "controls" },
      { "x": 0, "y": 0, "part": "cam_control" },
      { "x": 0, "y": 1, "part": "hdframe_sw" },
      { "x": 0, "y": 1, "part": "storage_battery" },
      { "x": 0, "y": 1, "part": "hdboard_sw" },
      { "x": 0, "y": 2, "part": "hdframe_vertical_2" },
      { "x": 0, "y": 2, "part": "wheel_mount_medium_steerable" },
      { "x": 0, "y": 2, "part": "medium_mech_leg" },
      { "x": 0, "y": 2, "part": "omnicam" },
      { "x": 0, "y": -1, "part": "hdframe_se" },
      { "x": 0, "y": -1, "part": "storage_battery" },
      { "x": 0, "y": -1, "part": "hdboard_se" },
      { "x": 0, "y": -2, "part": "hdframe_vertical_2" },
      { "x": 0, "y": -2, "part": "wheel_mount_medium_steerable" },
      { "x": 0, "y": -2, "part": "medium_mech_leg" },
      { "x": 0, "y": -2, "part": "omnicam" },
      { "x": 1, "y": 0, "part": "hdframe_horizontal" },
      { "x": 1, "y": 0, "part": "reinforced_windshield" },
      { "x": 1, "y": 0, "part": "mech_shutter" },
      { "x": 1, "y": 0, "part": "headlight_reinforced" },
      { "x": 1, "y": 0, "part": "omnicam" },
      { "x": 1, "y": 1, "part": "hdframe_ne" },
      { "x": 1, "y": 1, "part": "hdboard_ne" },
      { "x": 1, "y": -1, "part": "hdframe_nw" },
      { "x": 1, "y": -1, "part": "hdboard_nw" },
      { "x": -1, "y": 0, "part": "hdframe_horizontal" },
      { "x": -1, "y": 0, "part": "ehd_hatch" },
      { "x": -1, "y": -1, "part": "hdframe_sw" },
      { "x": -1, "y": -1, "part": "hdboard_sw" },
      { "x": -1, "y": 1, "part": "hdframe_se" },
      { "x": -1, "y": 1, "part": "hdboard_se" }
    ]
  }
]
