[
  {
    "type": "GENERIC",
    "id": "double_mil_plate",
    "name": { "str": "thick composite plating" },
    "description": "A doubled up slab of military composite armor. If this doesn't protect you, nothing will.",
    "weight": "33 kg",
    "to_hit": -4,
    "color": "green",
    "symbol": "]",
    "material": [ "hardsteel", "ceramic" ],
    "volume": "6 L",
    "bashing": 10,
    "cutting": 0,
    "category": "veh_parts",
    "price": 32000
  },
  {
    "type": "GENERIC",
    "id": "hdroof_wrollcage",
    "name": { "str": "a heavy duty metal roof usually used on mining vehicles with rollcage" },
    "description": "A thick and incredibly tough roof with a bult in rollcage, this will pretty much make sure nothing crushes you in your car.",
    "weight": "80600 g",
    "to_hit": -4,
    "color": "green",
    "symbol": "]",
    "material": [ "hardsteel", "ceramic" ],
    "volume": "22500 ml",
    "bashing": 10,
    "cutting": 0,
    "category": "veh_parts",
    "price": 32000
  },
  {
    "type": "GENERIC",
    "id": "rubber_patch",
    "name": { "str": "rubber patch" },
    "description": "its rubber specifically a patch made for repairing wheels.",
    "weight": "500 g",
    "to_hit": -4,
    "color": "black",
    "symbol": "]",
    "material": [ "rubber" ],
    "volume": "250 ml",
    "bashing": 10,
    "cutting": 0,
    "category": "veh_parts",
    "price": 350
  },
  {
    "type": "GENERIC",
    "id": "mil_rambar",
    "name": { "str": "Military Rambar" },
    "description": "A massive super duty ram designed to plow through tanks. if this doesnt get your through, nothing will.",
    "weight": "188000 g",
    "to_hit": -4,
    "color": "green",
    "symbol": "]",
    "material": [ "hardsteel" ],
    "volume": "18750 ml",
    "bashing": 10,
    "cutting": 0,
    "category": "veh_parts",
    "price": 124000
  },
  {
    "type": "GENERIC",
    "id": "viewport",
    "name": { "str": "vehicle viewport" },
    "description": "a viewport for heavily armored vehicles usually used by the military.",
    "weight": "40 kg",
    "to_hit": -4,
    "color": "dark_gray",
    "symbol": "]",
    "material": [ "glass", "hardsteel" ],
    "volume": "7500 ml",
    "bashing": 10,
    "cutting": 0,
    "category": "veh_parts",
    "price": 124000
  },
  {
    "type": "WHEEL",
    "id": "wheel_armorbig",
    "category": "veh_parts",
    "name": { "str": "apc wheel" },
    "description": "A Huge military grade wheel.",
    "weight": "120500 g",
    "volume": "40000 ml",
    "price": "340 USD",
    "price_postapoc": "10 USD",
    "bashing": 17,
    "to_hit": -1,
    "material": [ "hardsteel", "ceramic" ],
    "symbol": "]",
    "color": "green",
    "diameter": 44,
    "width": 30
  },
  {
    "type": "GENERIC",
    "id": "mil_bullbar",
    "name": "Military Bullbar",
    "description": "A huge extra heavy duty bullbar for pushing cars and clearing brush. If this cant clear the path, nothing will.",
    "weight": "78 kg",
    "to_hit": -4,
    "color": "green",
    "symbol": "]",
    "material": [ "hardsteel" ],
    "volume": "12500 ml",
    "bashing": 10,
    "cutting": 0,
    "category": "veh_parts",
    "price": 80000
  },
  {
    "type": "GENERIC",
    "id": "ehdframe",
    "name": "extra heavy duty frame",
    "description": "A large, sturdy frame that appears to be two heavy duty frames combined, this is twice the strength, and twice the weight.",
    "weight": "52 kg",
    "to_hit": -10,
    "color": "green",
    "symbol": "]",
    "material": [ "hardsteel", "steel" ],
    "techniques": [ "DEF_DISARM" ],
    "volume": "40 L",
    "bashing": 35,
    "cutting": 0,
    "category": "veh_parts",
    "price": 24000
  },
  {
    "type": "GENERIC",
    "id": "shdframe",
    "name": "super duty frame",
    "description": "A large, sturdy frame that appears to be a extra heavy duty frame combined with thick armor, this is much stronger, and much heavier.",
    "weight": "1850600 g",
    "to_hit": -10,
    "color": "green",
    "symbol": "]",
    "material": [ "hardsteel", "steel" ],
    "techniques": [ "DEF_DISARM" ],
    "volume": "75 L",
    "bashing": 35,
    "cutting": 0,
    "category": "veh_parts",
    "price": 24000
  },
  {
    "id": "mechleg_mount_light",
    "type": "GENERIC",
    "category": "veh_parts",
    "name": { "str": "light mech leg mount" },
    "description": "A piece of metal with holes suitable for a mech leg.",
    "weight": "150 g",
    "volume": "250 ml",
    "price": 10,
    "price_postapoc": 10,
    "material": [ "steel" ],
    "symbol": ";",
    "color": "dark_gray"
  },
  {
    "id": "mechleg_mount_medium",
    "type": "GENERIC",
    "category": "veh_parts",
    "name": { "str": "medium mech leg hub assembly", "str_pl": "medium mech leg hub assemblies" },
    "description": "A metal assembly that allows bolting a mech leg on a car.  Fit for a regular mech leg.",
    "weight": "5 kg",
    "volume": "6 L",
    "price": "30 USD",
    "price_postapoc": 500,
    "bashing": 14,
    "to_hit": -2,
    "material": [ "steel" ],
    "symbol": ";",
    "color": "dark_gray"
  },
  {
    "id": "mechleg_mount_heavy",
    "type": "GENERIC",
    "category": "veh_parts",
    "name": { "str": "heavy mech leg hub assembly", "str_pl": "heavy mech leg hub assemblies" },
    "description": "A heavy metal assembly that allows bolting a mech leg on a car.  Fit for a large mech leg.",
    "weight": "6 kg",
    "volume": "7 L",
    "price": "50 USD",
    "price_postapoc": 500,
    "bashing": 14,
    "to_hit": -2,
    "material": [ "steel" ],
    "symbol": ";",
    "color": "dark_gray"
  },
  {
    "id": "v8M_diesel",
    "copy-from": "engine_diesel",
    "type": "ENGINE",
    "name": { "str": "V8 military diesel engine" },
    "description": "A fucking ginormous and extremely heavy V8 engine, usually built into the Oshkosh M1070 for hauling or towing TANKS.",
    "weight": "1465000 g",
    "volume": "120 L",
    "price": "1500 USD",
    "price_postapoc": "200 USD",
    "displacement": 1210
  },
  {
    "id": "W32_diesel",
    "copy-from": "engine_diesel",
    "type": "ENGINE",
    "name": { "str": "W32 diesel engine" },
    "description": "A titanic W32 engine, sometimes found in medium sized ships usually in groups of 4.",
    "weight": "1755000 g",
    "volume": "160 L",
    "price": "1500 USD",
    "price_postapoc": "200 USD",
    "displacement": 1210
  }
]
