[
  {
    "id": "heavy_mech_leg",
    "type": "WHEEL",
    "symbol": "]",
    "color": "light_gray",
    "name": { "str": "heavy mech leg" },
    "description": "This is a heavy duty mech leg, with thick armor plating ready for the most dangerous mech operations.",
    "price": "650000 USD",
    "material": [ "hardsteel", "steel" ],
    "weight": "626071 g",
    "volume": "24 L",
    "bashing": 12,
    "cutting": 0,
    "to_hit": -12,
    "category": "veh_parts"
  },
  {
    "id": "jumbo_mech_leg",
    "type": "WHEEL",
    "symbol": "]",
    "color": "light_gray",
    "name": { "str": "experimental jumbo mech leg" },
    "description": "This is a impractical monstrosity that could never ever be worth its cost. but thats not gonna stop you from using it.",
    "price": "650000 USD",
    "material": [ "hardsteel", "steel" ],
    "weight": "1404600 g",
    "volume": "76500 ml",
    "bashing": 20,
    "cutting": 0,
    "to_hit": -14,
    "category": "veh_parts"
  },
  {
    "id": "medium_mech_leg",
    "type": "WHEEL",
    "symbol": "]",
    "color": "light_gray",
    "name": { "str": "medium mech leg" },
    "description": "This is a standard-armored mech leg, suitable for most operations not requiring heavy combat armor, or a lightweight chassis.",
    "price": "550000 USD",
    "material": [ "steel" ],
    "weight": "335071 g",
    "volume": "20500 ml",
    "bashing": 10,
    "cutting": 0,
    "to_hit": -10,
    "category": "veh_parts"
  },
  {
    "id": "light_mech_leg",
    "type": "WHEEL",
    "symbol": "]",
    "color": "light_gray",
    "name": { "str": "light mech leg" },
    "description": "This a lightweight mech leg. While still quite tough, it is lighter and less armored than the bulkier variants.",
    "price": "500000 USD",
    "material": [ "superalloy" ],
    "weight": "110071 g",
    "volume": "17 L",
    "bashing": 8,
    "cutting": 0,
    "to_hit": -8,
    "category": "veh_parts"
  },
  {
    "type": "WHEEL",
    "id": "wheel_buggy",
    "symbol": "O",
    "color": "dark_gray",
    "name": { "str": "buggy wheel" },
    "description": "A tough tire with a square knob tread.",
    "price": "300 USD",
    "material": [ "steel", "plastic" ],
    "weight": "12045 g",
    "volume": "10 L",
    "bashing": 15,
    "cutting": 0,
    "to_hit": -1,
    "category": "veh_parts"
  }
]
