[
  {
    "type": "mod_tileset",
    "compatibility": [ "ChestHole32", "MShock32Modded", "MshockXottoplus", "MSX++DEAD_PEOPLE", "UNDEAD_PEOPLE", "UNDEAD_PEOPLE_BASE" ],
    "tiles-new": [
      {
        "file": "tiles/tiles.png",
        "tiles":
        [
          {
            "id": "f_waycircle",
            "fg": 0,
            "rotates": false
          },
		  {
            "id": "waystone",
            "fg": 1,
            "rotates": false
          },
		  {
            "id": "f_watercooler",
            "fg": 2,
            "rotates": false
          },
		  {
            "id": "jug_cooler",
            "fg": 3,
            "rotates": false
          },
		  {
            "id": "t_carpet_backrooms",
            "bg": 4,
            "rotates": false
          },
		  {
            "id": "t_carpet_backrooms_light",
            "bg": 5,
            "rotates": false
          }
        ]
      }
    ]
  }
]
