[
  {
    "id": "ocg_id10",
    "copy-from": "ocg_beel",
    "type": "GUN",
    "name": { "str": "OCG Id10" },
    "description": "A 10mm Auto and .40 S&W pocket pistol, the Id10 is a powerful little gun but difficult to control, specially when loaded with 10mm rounds. Uses 6-round magazines.",
    "weight": "500 g",
    "volume": "202ml",
    "longest_side": "198 mm",
    "ranged_damage": { "damage_type": "bullet", "amount": 0 },
    "price": "250 USD",
    "price_postapoc": "21 USD",
    "ammo": [ "10mm", "40" ],
    "pocket_data": [
      {
        "magazine_well": "90 ml",
        "pocket_type": "MAGAZINE_WELL",
        "item_restriction": [
          "ocg_id10mag"
        ]
      }
    ]
  },
  {
    "id": "ocg_n10chaingun",
    "copy-from": "etc_chaingun",
    "type": "GUN",
    "name": { "str": "OCG N10 Chaingun" },
    "description": "This is the largest and heaviest \"minigun\" ever made by Omnicorp. A 10mm Auto and .40 S&W variant of the N9A1 Chaingun that needs no electricity to propel rounds or rotate its barrels, with the same unique trigger group and very flexible burst limiter. Each setting in its fire selector lever can be further tuned through short or long trigger pulls.",
    "volume": "3100 ml",
    "longest_side": "750 mm",
    "weight": "5 kg",
    "price": "2300 USD",
    "price_postapoc": "120 USD",
    "ammo": [ "10mm", "40" ],
    "pocket_data": [
      {
        "pocket_type": "MAGAZINE_WELL",
        "item_restriction": [
          "belt40sw",
          "belt10mm",
          "ocg_10mmchaingun_mag",
          "ocg_10mmchaingun_magext"
        ],
        "default_magazine": "belt10mm"
      }
    ],
    "ranged_damage": { "damage_type": "bullet", "amount": 1 },
    "ups_charges": 0,
    "built_in_mods": [ "recoil_stock", "ocg_grippod_fg", "ocg_grippod_bipod" ]
  },
  {
    "id": "ocgl_ym14carbine",
    "type": "GUN",
    "copy-from": "etc_rifle_base",
    "name": { "str_sp": "OCG-Leadworks YM14 Carbine PDW" },
    "description": "This is a bullpup 10mm Auto and .40 S&W carbine with a match grade barrel, designed to emulate the performance of the classic M1 Carbine using ammunition more easily found today than old .30 car rounds. Unlike the M1, it is select fire capable with controlled 3 round bursts.",
    "weight": "3 kg",
    "volume": "2800 ml",
    "longest_side": "790 mm",
    "//": "From the length of the .30 car Cristobal M2 model 2 with a reduction due to the bullpup configuration yet still longer than the FAMAS because like the MR9 it has a quite long barrel for a pistol caliber carbine",
    "price": "2000 USD",
    "price_postapoc": "75 USD",
    "to_hit": -1,
    "bashing": 10,
    "material": [ "steel", "plastic", "superalloy" ],
    "color": "green",
    "ammo": [ "10mm", "40" ],
    "ranged_damage": { "damage_type": "bullet", "amount": 5 },
    "range": 6,
    "dispersion": 160,
    "durability": 9,
    "modes": [ [ "DEFAULT", "semi", 1 ], [ "EBURST", "3 rd.", 3 ] ],
    "pocket_data": [
      {
        "pocket_type": "MAGAZINE_WELL",
        "item_restriction": [
          "ocgl_ym1_mag"
        ]
      }
    ],
    "valid_mod_locations": [
      [ "accessories", 4 ],
      [ "barrel", 1 ],
      [ "bore", 1 ],
      [ "brass catcher", 1 ],
      [ "grip", 1 ],
      [ "mechanism", 4 ],
      [ "muzzle", 1 ],
      [ "rail", 1 ],
      [ "sights", 1 ],
      [ "sling", 1 ],
      [ "underbarrel", 1 ]
    ],
    "looks_like": "steyr_aug"
  },
  {
    "id": "ocgl_ym1carbine",
    "type": "GUN",
    "copy-from": "ocgl_ym14carbine",
    "name": { "str_sp": "OCG-Leadworks YM1 Carbine PDW" },
    "description": "A semi automatic variant of the YM14 Carbine PDW, this also is a bullpup 10mm Auto and .40 S&W carbine with a match grade barrel, designed to emulate the performance of the classic M1 Carbine using ammunition more easily found today than old .30 car rounds.",
    "price": "1500 USD",
    "price_postapoc": "50 USD",
    "modes": [ [ "DEFAULT", "semi", 1 ] ]
  }
]


