[
  {
    "id": "ocg_gauss_gun285",
    "copy-from": "ocg_gauss_carbine166",
    "type": "GUN",
    "name": { "str": "OCG GG285 Gauss gun" },
    "description": "A milspec bullpup coilgun which accelerates OmniCorp proprietary 1.06mm magmetal glass flechettes to hypervelocity, fed by an UPS and a 300-round helical magazine. Bulky and heavy due to its capacitor but still compact in length.",
    "volume": "2700 ml",
    "longest_side": "55 cm",
    "weight": "3270 g",
    "price": "15000 USD",
    "price_postapoc": "80 USD",
    "//": "Super rare ammo lowers its value. On the other hand, its ammo is very expensive",
    "ammo": "1magmg",
    "range": 0,
    "ranged_damage": { "damage_type": "bullet", "amount": 52, "armor_penetration": 50 },
    "loudness": -30,
    "dispersion": 65,
    "ups_charges": 9,
    "modes": [ [ "DEFAULT", "semi", 1 ], [ "EBURST", "2 rd.", 2 ], [ "FAUTO", "auto", 4 ] ],
    "pocket_data": [
      {
        "magazine_well": "500 ml",
        "pocket_type": "MAGAZINE_WELL",
        "item_restriction": [
          "gg285mag"
        ]
      }
    ]
  }
]
