[
  {
    "id": "ar15",
    "copy-from": "ar15",
    "type": "GUN",
    "name": { "str": "AR-15" },
    "pocket_data": [
      {
        "pocket_type": "MAGAZINE_WELL",
        "item_restriction": [
          "stanag30",
          "stanag5",
          "stanag10",
          "stanag20",
          "stanag40",
          "stanag50",
          "stanag60",
          "stanag60drum",
          "stanag90",
          "stanag100",
          "stanag100drum",
          "stanag150",
          "survivor223mag",
          "ocg556e_30",
          "ocg556e_14",
          "ocg556e_50",
          "ocg556e_20",
          "ocg556e_60",
          "ocg556e_100"
        ]
      }
    ]
  },
  {
    "id": "ar_pistol",
    "copy-from": "ar_pistol",
    "type": "GUN",
    "name": { "str": "AR pistol" },
    "skill": "pistol",
    "pocket_data": [
      {
        "pocket_type": "MAGAZINE_WELL",
        "item_restriction": [
          "stanag30",
          "stanag5",
          "stanag10",
          "stanag20",
          "stanag40",
          "stanag50",
          "stanag60",
          "stanag60drum",
          "stanag90",
          "stanag100",
          "stanag100drum",
          "stanag150",
          "survivor223mag",
          "ocg556e_30",
          "ocg556e_14",
          "ocg556e_50",
          "ocg556e_20",
          "ocg556e_60",
          "ocg556e_100"
        ]
      }
    ]

  },
  {
    "id": "fs2000",
    "copy-from": "fs2000",
    "type": "GUN",
    "name": { "str": "FS2000" },
    "//": "A more reliable superalloy STANAG magazine with the same shape and size, so this gun should be able to load one.",
    "pocket_data": [
      {
        "pocket_type": "MAGAZINE_WELL",
        "item_restriction": [
          "stanag30",
          "ocg556e_30"
        ]
      }
    ]
  },
  {
    "id": "m27_assault_rifle",
    "copy-from": "m27_assault_rifle",
    "type": "GUN",
    "name": { "str": "M27 assault rifle" },
    "pocket_data": [
      {
        "pocket_type": "MAGAZINE_WELL",
        "item_restriction": [
          "stanag30",
          "stanag5",
          "stanag10",
          "stanag20",
          "stanag40",
          "stanag50",
          "stanag60",
          "stanag60drum",
          "stanag90",
          "stanag100",
          "stanag100drum",
          "stanag150",
          "survivor223mag",
          "ocg556e_30",
          "ocg556e_14",
          "ocg556e_50",
          "ocg556e_20",
          "ocg556e_60",
          "ocg556e_100"
        ]
      }
    ]
  },
  {
    "id": "m249",
    "copy-from": "m249",
    "type": "GUN",
    "name": { "str": "M249" },
    "pocket_data": [
      {
        "pocket_type": "MAGAZINE_WELL",
        "item_restriction": [
          "belt223",
          "stanag30",
          "stanag5",
          "stanag10",
          "stanag20",
          "stanag40",
          "stanag50",
          "stanag60",
          "stanag60drum",
          "stanag90",
          "stanag100",
          "stanag100drum",
          "stanag150",
          "survivor223mag",
          "ocg556e_30",
          "ocg556e_14",
          "ocg556e_50",
          "ocg556e_20",
          "ocg556e_60",
          "ocg556e_100"
        ]
      }
    ]
  },
  {
    "id": "m249_semi",
    "copy-from": "m249_semi",
    "type": "GUN",
    "name": { "str": "M249S" },
    "pocket_data": [
      {
        "pocket_type": "MAGAZINE_WELL",
        "item_restriction": [
          "belt223",
          "stanag30",
          "stanag5",
          "stanag10",
          "stanag20",
          "stanag40",
          "stanag50",
          "stanag60",
          "stanag60drum",
          "stanag90",
          "stanag100",
          "stanag100drum",
          "stanag150",
          "survivor223mag",
          "ocg556e_30",
          "ocg556e_14",
          "ocg556e_50",
          "ocg556e_20",
          "ocg556e_60",
          "ocg556e_100"
        ]
      }
    ]
  },
  {
    "id": "m4_carbine",
    "copy-from": "m4_carbine",
    "type": "GUN",
    "name": { "str": "M4 carbine" },
    "pocket_data": [
      {
        "pocket_type": "MAGAZINE_WELL",
        "item_restriction": [
          "stanag30",
          "stanag5",
          "stanag10",
          "stanag20",
          "stanag40",
          "stanag50",
          "stanag60",
          "stanag60drum",
          "stanag90",
          "stanag100",
          "stanag100drum",
          "stanag150",
          "survivor223mag",
          "ocg556e_30",
          "ocg556e_14",
          "ocg556e_50",
          "ocg556e_20",
          "ocg556e_60",
          "ocg556e_100"
        ]
      }
    ]
  },
  {
    "id": "m16a4",
    "copy-from": "m16a4",
    "type": "GUN",
    "name": { "str": "M16 burst rifle" },
    "pocket_data": [
      {
        "pocket_type": "MAGAZINE_WELL",
        "item_restriction": [
          "stanag30",
          "stanag5",
          "stanag10",
          "stanag20",
          "stanag40",
          "stanag50",
          "stanag60",
          "stanag60drum",
          "stanag90",
          "stanag100",
          "stanag100drum",
          "stanag150",
          "survivor223mag",
          "ocg556e_30",
          "ocg556e_14",
          "ocg556e_50",
          "ocg556e_20",
          "ocg556e_60",
          "ocg556e_100"
        ]
      }
    ]
  },
  {
    "id": "m16_auto_rifle",
    "copy-from": "m16_auto_rifle",
    "type": "GUN",
    "name": { "str": "M16 auto rifle" },
    "pocket_data": [
      {
        "pocket_type": "MAGAZINE_WELL",
        "item_restriction": [
          "stanag30",
          "stanag5",
          "stanag10",
          "stanag20",
          "stanag40",
          "stanag50",
          "stanag60",
          "stanag60drum",
          "stanag90",
          "stanag100",
          "stanag100drum",
          "stanag150",
          "survivor223mag",
          "ocg556e_30",
          "ocg556e_14",
          "ocg556e_50",
          "ocg556e_20",
          "ocg556e_60",
          "ocg556e_100"
        ]
      }
    ]
  },
  {
    "id": "m231pfw",
    "copy-from": "m231pfw",
    "type": "GUN",
    "name": { "str": "M16 firing port gun" },
    "pocket_data": [
      {
        "pocket_type": "MAGAZINE_WELL",
        "item_restriction": [
          "stanag30",
          "stanag5",
          "stanag10",
          "stanag20",
          "stanag40",
          "stanag50",
          "stanag60",
          "stanag60drum",
          "stanag90",
          "stanag100",
          "stanag100drum",
          "stanag150",
          "survivor223mag",
          "ocg556e_30",
          "ocg556e_14",
          "ocg556e_50",
          "ocg556e_20",
          "ocg556e_60",
          "ocg556e_100"
        ]
      }
    ]
  },
  {
    "id": "oa93",
    "copy-from": "oa93",
    "type": "GUN",
    "name": { "str": "OA-93" },
    "skill": "pistol",
    "pocket_data": [
      {
        "pocket_type": "MAGAZINE_WELL",
        "item_restriction": [
          "stanag30",
          "stanag5",
          "stanag10",
          "stanag20",
          "stanag40",
          "stanag50",
          "stanag60",
          "stanag60drum",
          "stanag90",
          "stanag100",
          "stanag100drum",
          "stanag150",
          "survivor223mag",
          "ocg556e_30",
          "ocg556e_14",
          "ocg556e_50",
          "ocg556e_20",
          "ocg556e_60",
          "ocg556e_100"
        ]
      }
    ]
  },
  {
    "id": "ocgl_smc223",
    "copy-from": "ocg_smc300",
    "type": "GUN",
    "name": { "str_sp": "OCG-Leadworks SMC223" },
    "description": "The .223 Stockless Marksman Carbine was designed as replacement for a .223 revolver prototype Leadworks was developing before their incorporation into OmniCorp. It is compatible with all STANAG magazines and uses a very compact delayed blowback action. Unlike previous higher caliber SMC \"sidearms\" it is semi auto only but still has the integrated folding wire stock.",
    "weight": "1700 g",
    "volume": "1150 ml",
    "longest_side": "419 mm",
    "price": "900 USD",
    "price_postapoc": "30 USD",
    "to_hit": -1,
    "bashing": 12,
    "range": -18,
    "material": [ "steel", "plastic" ],
    "color": "dark_gray",
    "ammo": "223",
    "dispersion": 350,
    "modes": [
      [ "DEFAULT", "semi", 1 ]
    ],
    "pocket_data": [
      {
        "pocket_type": "MAGAZINE_WELL",
        "item_restriction": [
          "ocg556e_14",
          "ocg556e_30",
          "ocg556e_50",
          "ocg556e_20",
          "ocg556e_60",
          "ocg556e_100",
          "stanag30",
          "stanag10",
          "stanag5",
          "stanag20",
          "stanag40",
          "stanag50",
          "stanag60",
          "stanag60drum",
          "stanag90",
          "stanag100",
          "stanag100drum",
          "stanag150",
          "survivor223mag"
        ],
        "default_magazine": "ocg556e_14"
      }
    ]
  },
  {
    "id": "qr555",
    "copy-from": "rifle_base",
    "type": "GUN",
    "name": { "str_sp": "OCG QR555" },
    "description": "OmniCorp bullpup QR555 covert ops platform uses new subsonic 5.56 NATO loads in several roles, \"quietly\". Identical to the ER555 in furniture and most of its parts, the base model is claimed to combine the best qualities of the M16, AN-94 and AS Val. It can fire 2 or 3-round 'pulses'.",
    "weight": "2150 g",
    "//": "No capacitor as it's a conventional, chemically propelled only firearm. Increased volume for DDA version. Length of the base version is very similar to the FAMAS.",
    "volume": "2180 ml",
    "longest_side": "748 mm",
    "price": "8500 USD",
    "price_postapoc": "100 USD",
    "to_hit": -1,
    "bashing": 12,
    "material": [ "superalloy", "steel", "plastic" ],
    "color": "dark_gray",
    "ammo": "223",
    "ranged_damage": { "damage_type": "bullet", "amount": -1 },
    "built_in_mods": [ "qr555_suppressor", "ocg_er555_barrel" ],
    "recoil": 0,
    "dispersion": 135,
    "durability": 8,
    "modes": [
      [ "DEFAULT", "semi", 1 ],
      [ "EBURST", "2 rd.", 2, [ "SIMULTANEOUS" ] ],
      [ "F3BURST", "3 rd.", 3, [ "SIMULTANEOUS" ] ]
    ],
    "valid_mod_locations": [
      [ "accessories", 4 ],
      [ "brass catcher", 1 ],
      [ "sling", 1 ],
      [ "barrel", 2 ],
      [ "grip", 1 ],
      [ "mechanism", 4 ],
      [ "rail", 1 ],
      [ "sights", 1 ],
      [ "underbarrel", 1 ]
    ],
    "looks_like": "famas",
    "pocket_data": [
      {
        "pocket_type": "MAGAZINE_WELL",
        "item_restriction": [
          "ocg556e_30",
          "ocg556e_14",
          "ocg556e_50",
          "ocg556e_20",
          "ocg556e_60",
          "ocg556e_100",
          "stanag30",
          "stanag10",
          "stanag5",
          "stanag20",
          "stanag40",
          "stanag50",
          "stanag60",
          "stanag60drum",
          "stanag90",
          "stanag100",
          "stanag100drum",
          "stanag150",
          "survivor223mag"
        ],
        "default_magazine": "ocg556e_30"
      }
    ]
  },
  {
    "id": "qr555_car",
    "copy-from": "qr555",
    "type": "GUN",
    "name": { "str_sp": "OCG QR555-CAR" },
    "description": "OmniCorp bullpup QR555 covert ops platform uses new subsonic 5.56 NATO loads in several roles, \"quietly\". The Carbine supports automatic fire, has integrated recoil stock and foregrip, with room for one more underbarrel accessory.",
    "price": "8300 USD",
    "range": 7,
    "relative": { "ranged_damage": { "damage_type": "bullet", "amount": 2 }, "longest_side": "-127 mm", "weight": "300 g" },
    "modes": [ [ "DEFAULT", "semi", 1 ], [ "EBURST", "2 rd.", 2, [ "SIMULTANEOUS" ] ], [ "FAUTO", "auto", 4 ] ],
    "pocket_data": [
      {
        "pocket_type": "MAGAZINE_WELL",
        "item_restriction": [
          "ocg556e_20",
          "ocg556e_14",
          "ocg556e_30",
          "ocg556e_50",
          "ocg556e_60",
          "ocg556e_100",
          "stanag30",
          "stanag10",
          "stanag5",
          "stanag20",
          "stanag40",
          "stanag50",
          "stanag60",
          "stanag60drum",
          "stanag90",
          "stanag100",
          "stanag100drum",
          "stanag150",
          "survivor223mag"
        ],
        "default_magazine": "ocg556e_20"
      }
    ],
    "built_in_mods": [ "qr555_suppressor", "ocg_er555_carbarrel", "recoil_stock", "grip" ]
  },
  {
    "id": "qr555_cqb",
    "copy-from": "qr555",
    "type": "GUN",
    "name":  { "str_sp": "OCG QR555-SMG" },
    "description": "OmniCorp bullpup QR555 covert ops platform uses new subsonic 5.56 NATO loads in several roles, \"quietly\". The Submachinegun supports automatic fire and ammo belts, comes with integrated recoil stock, underbarrel laser sight and RM42I bayonet.",
    "price": "8100 USD",
    "range": 7,
    "relative": { "ranged_damage": { "damage_type": "bullet", "amount": 2 }, "longest_side": "-203 mm", "weight": "50 g", "bashing": 1 },
    "//": "These length changes are based upon the inches differences in barrel length presumed by the final damage modifiers according to the guidelines in GAME_BALANCE.md. Note 5.56 ETC uses a slightly different rule than +/- 1 damage per 3 inches.",
    "modes": [ [ "DEFAULT", "semi", 1 ], [ "EBURST", "2 rd.", 2, [ "SIMULTANEOUS" ] ], [ "FAUTO", "auto", 7 ] ],
    "built_in_mods": [ "qr555_suppressor", "ocg_er555_cqbbarrel", "recoil_stock", "int_rm42i_bayonet", "laser_sight" ],
    "pocket_data": [
      {
        "pocket_type": "MAGAZINE_WELL",
        "item_restriction": [
          "ocg556e_20",
          "ocg556e_14",
          "ocg556e_30",
          "ocg556e_50",
          "ocg556e_60",
          "ocg556e_100",
          "belt223",
          "stanag30",
          "stanag10",
          "stanag5",
          "stanag20",
          "stanag40",
          "stanag50",
          "stanag60",
          "stanag60drum",
          "stanag90",
          "stanag100",
          "stanag100drum",
          "stanag150",
          "survivor223mag"
        ],
        "default_magazine": "ocg556e_20"
      }
    ],
    "flags": [ "DURABLE_MELEE" ]
  },
  {
    "id": "qr555_dmr",
    "copy-from": "qr555",
    "type": "GUN",
    "name": { "str_sp": "OCG QR555-DMR" },
    "description": "OmniCorp bullpup QR555 covert ops platform uses new subsonic 5.56 NATO loads in several roles, \"quietly\". The Designated Marksman Rifle features a longer, match-grade barrel and an accurized action, limited to only semi-auto and 2-round bursts.",
    "price": "9300 USD",
    "relative": { "longest_side": "203 mm", "weight": "650 g", "dispersion": -10 },
    "modes": [ [ "DEFAULT", "semi", 1 ], [ "EBURST", "2 rd.", 2, [ "SIMULTANEOUS" ] ] ],
    "pocket_data": [
      {
        "pocket_type": "MAGAZINE_WELL",
        "item_restriction": [
          "ocg556e_14",
          "ocg556e_20",
          "ocg556e_30",
          "ocg556e_50",
          "ocg556e_60",
          "ocg556e_100",
          "stanag30",
          "stanag10",
          "stanag5",
          "stanag20",
          "stanag40",
          "stanag50",
          "stanag60",
          "stanag60drum",
          "stanag90",
          "stanag100",
          "stanag100drum",
          "stanag150",
          "survivor223mag"
        ],
        "default_magazine": "ocg556e_14"
      }
    ],
    "built_in_mods": [ "qr555_suppressor", "qr555_dmrbarrel", "ocg_grippod_fg", "ocg_grippod_bipod", "cheek_pad" ]
  },
  {
    "id": "qr555_saw",
    "copy-from": "qr555",
    "type": "GUN",
    "name": { "str_sp": "OCG QR555-SAW" },
    "description": "OmniCorp bullpup QR555 covert ops platform uses new subsonic 5.56 NATO loads in several roles, \"quietly\". The Squad Automatic Weapon has a reinforced barrel, support for ammo belts, a very high rate of fire and comes with integrated forward grip/bipod unit, recoil stock and gyroscopic stabilizer.",
    "price": "9000 USD",
    "relative": { "weight": "1100 g" },
    "//": "Same length as the base model in this case, just bulkier.",
    "modes": [ [ "DEFAULT", "semi", 1 ], [ "EBURST", "2 rd.", 2, [ "SIMULTANEOUS" ] ], [ "FAUTO", "auto", 7 ] ],
    "built_in_mods": [
      "qr555_suppressor",
      "ocg_er555_lmgbarrel",
      "ocg_grippod_fg",
      "ocg_grippod_bipod",
      "recoil_stock",
      "stabilizer"
    ],
    "pocket_data": [
      {
        "pocket_type": "MAGAZINE_WELL",
        "item_restriction": [
          "belt223",
          "ocg556e_30",
          "ocg556e_14",
          "ocg556e_50",
          "ocg556e_20",
          "ocg556e_60",
          "ocg556e_100",
          "stanag30",
          "stanag10",
          "stanag5",
          "stanag20",
          "stanag40",
          "stanag50",
          "stanag60",
          "stanag60drum",
          "stanag90",
          "stanag100",
          "stanag100drum",
          "stanag150",
          "survivor223mag"
        ],
        "default_magazine": "belt223"
      }
    ]
  },
  {
    "id": "sig_assault_rifle",
    "copy-from": "sig_assault_rifle",
    "type": "GUN",
    "name": { "str": "SIG assault rifle" },
    "pocket_data": [
      {
        "pocket_type": "MAGAZINE_WELL",
        "item_restriction": [
          "stanag30",
          "stanag5",
          "stanag10",
          "stanag20",
          "stanag40",
          "stanag50",
          "stanag60",
          "stanag60drum",
          "stanag90",
          "stanag100",
          "stanag100drum",
          "stanag150",
          "survivor223mag",
          "ocg556e_30",
          "ocg556e_14",
          "ocg556e_50",
          "ocg556e_20",
          "ocg556e_60",
          "ocg556e_100"
        ]
      }
    ]
  }
]
