[
  {
    "id": "etc_nanogun",
    "type": "GUN",
    "copy-from": "etc_smg_base",
    "name": { "str": "OCG N8 Nanogun" },
    "description": "Six barrels, a 6-round burst mode and a higher cyclic rate of fire than the M134 minigun made this the most iconic firearm of OmniCorp. As long as there are UPS charges for its electrothermal action, it can fire over a thousand bullets from a belt without reload.",
    "weight": "2 kg",
    "volume": "2800 ml",
    "longest_side": "622 mm",
    "price": "2200 USD",
    "price_postapoc": "110 USD",
    "to_hit": -3,
    "bashing": 12,
    "material": "superalloy",
    "ammo": "22etc",
    "ranged_damage": { "damage_type": "bullet", "amount": 0, "armor_penetration": 5 },
    "recoil": 22,
    "dispersion": 250,
    "durability": 9,
    "built_in_mods": "nanogun_capacitor",
    "//": "Somewhat inefficient, faster cyclical RoF than the M134 minigun, can put down skeletal juggernauts given a large enough supply of micro-flechette rounds.",
    "looks_like": "m134",
    "reload": 600,
    "modes": [ [ "DEFAULT", "6 rd.", 6 ], [ "EBURST", "low", 8 ], [ "FAUTO", "max", 23 ] ],
    "valid_mod_locations": [
      [ "accessories", 3 ],
      [ "brass catcher", 1 ],
      [ "sling", 1 ],
      [ "grip", 1 ],
      [ "mechanism", 4 ],
      [ "rail", 1 ],
      [ "sights", 1 ],
      [ "stock", 1 ],
      [ "underbarrel", 1 ]
    ],
    "pocket_data": [
      {
        "pocket_type": "MAGAZINE_WELL",
        "item_restriction": [
          "belt22etc",
          "nanogun_240_mag",
          "nanogun_480_mag"
        ],
        "default_magazine": "belt22etc"
      }
    ],
    "flags": [ "WATERPROOF_GUN", "NEVER_JAMS" ]
  },
  {
    "id": "etc_nanogunsd",
    "copy-from": "etc_nanogun",
    "type": "GUN",
    "name": { "str": "OCG N8SD Nanogun" },
    "description": "With six integrated suppressors over its six barrels to provide maximum fire support in covert operations, OmniCorp N8SD can bring death by a thousand shots just somewhat louder than paper cuts.",
    "price": "40000 USD",
    "price_postapoc": "250 USD",
    "valid_mod_locations": [
      [ "accessories", 3 ],
      [ "brass catcher", 1 ],
      [ "sling", 1 ],
      [ "grip", 1 ],
      [ "mechanism", 4 ],
      [ "barrel", 1 ],
      [ "rail", 1 ],
      [ "sights", 1 ],
      [ "stock", 1 ],
      [ "underbarrel", 1 ]
    ],
    "built_in_mods": [ "nanogun_capacitor", "n8sd_suppressors" ]
  },
  {
    "id": "etc_o2020",
    "type": "GUN",
    "copy-from": "etc_smg_base",
    "name": { "str": "OCG O2020" },
    "//": "This rename has no relation with Cyberpunk 2020. A slimmer P90 in overall shape",
    "description": "The first electrothermal-chemical submachinegun, OmniCorp O2020 features a very fast 4-round burst mode with a complex mechanism to delay felt recoil and a very large capacity yet compact magazine.",
    "weight": "1700 g",
    "volume": "2700 ml",
    "longest_side": "49 cm",
    "price": "2000 USD",
    "price_postapoc": "30 USD",
    "to_hit": -2,
    "bashing": 10,
    "material": [ "superalloy", "plastic" ],
    "color": "dark_gray",
    "ammo": "22etc",
    "dispersion": 230,
    "durability": 8,
    "modes": [ [ "DEFAULT", "semi", 1 ], [ "EBURST", "4 rd.", 4, [ "SIMULTANEOUS" ] ], [ "FAUTO", "auto", 8 ] ],
    "valid_mod_locations": [
      [ "accessories", 3 ],
      [ "brass catcher", 1 ],
      [ "sling", 1 ],
      [ "barrel", 1 ],
      [ "grip", 1 ],
      [ "mechanism", 4 ],
      [ "muzzle", 1 ],
      [ "rail", 1 ],
      [ "sights", 1 ],
      [ "underbarrel", 1 ]
    ],
    "pocket_data": [
      {
        "magazine_well": "500 ml",
        "pocket_type": "MAGAZINE_WELL",
        "item_restriction": [
          "o2020_100_mag"
        ]
      }
    ],
    "looks_like": "fn_p90",
    "flags": [ "WATERPROOF_GUN" ]
  },
  {
    "id": "etc_o2020sd",
    "copy-from": "etc_o2020",
    "type": "GUN",
    "name": { "str": "OCG O2020SD" },
    "description": "The first \"stealth firearm\" developed by OmniCorp, featuring an integrated suppressor without any loss in stopping power or portability. A fine general purpose submachinegun for covert operations.",
    "price": "30000 USD",
    "price_postapoc": "120 USD",
    "valid_mod_locations": [
      [ "accessories", 3 ],
      [ "brass catcher", 1 ],
      [ "sling", 1 ],
      [ "barrel", 1 ],
      [ "grip", 1 ],
      [ "mechanism", 4 ],
      [ "barrel", 1 ],
      [ "rail", 1 ],
      [ "sights", 1 ],
      [ "underbarrel", 1 ]
    ],
    "built_in_mods": [ "o2020sd_suppressor" ]
  },
  {
    "id": "etc_ocg_22xlr",
    "type": "GUN",
    "copy-from": "etc_rifle_manual_1ups",
    "name": { "str_sp": "OCG 22XLR" },
    "description": "The first electrothermal-chemical gun to reach the civilian market shortly before the Cataclysm, by OmniCorp. It is more formidable than the size of its .22 rounds would suggest.",
    "weight": "2800 g",
    "volume": "2500 ml",
    "longest_side": "932 mm",
    "price": "700 USD",
    "price_postapoc": "25 USD",
    "to_hit": -1,
    "bashing": 9,
    "material": [ "steel", "superalloy", "plastic" ],
    "color": "dark_gray",
    "ammo": "22etc",
    "ranged_damage": { "damage_type": "bullet", "amount": 3 },
    "range": 5,
    "dispersion": 90,
    "durability": 9,
    "clip_size": 20,
    "looks_like": "cx4",
    "pocket_data": [ { "pocket_type": "MAGAZINE", "rigid": true, "ammo_restriction": { "22etc": 20 }, "allowed_speedloaders": [ "22etc_tubeloader" ] } ],
    "flags": [ "RELOAD_ONE" ]
  },
  {
    "id": "etc_ocg_dbr",
    "copy-from": "etc_pistol_revolver_1ups",
    "type": "GUN",
    "name": { "str_sp": "OCG DBR" },
    "description": "Over and under Double Barrel Revolver with 12 rounds. Its cylinder has six pairs of over/under chambers aligned with the barrels. Such was OmniCorp's solution to improve the stopping power of .22 ETC in a revolver.",
    "weight": "600 g",
    "volume": "400 ml",
    "longest_side": "177 mm",
    "price": "600 USD",
    "price_postapoc": "30 USD",
    "to_hit": -2,
    "bashing": 8,
    "material": [ "superalloy", "aluminum", "plastic" ],
    "color": "dark_gray",
    "ammo": "22etc",
    "ranged_damage": { "damage_type": "bullet", "amount": -2 },
    "dispersion": 410,
    "durability": 8,
    "clip_size": 12,
    "pocket_data": [ { "pocket_type": "MAGAZINE", "rigid": true, "ammo_restriction": { "22etc": 12 }, "allowed_speedloaders": [ "22etc_speedloader" ] } ],
    "looks_like": "sw_619",
    "valid_mod_locations": [
      [ "accessories", 4 ],
      [ "grip", 1 ],
      [ "mechanism", 4 ],
      [ "sights", 1 ],
      [ "stock", 1 ]
    ],
    "modes": [ [ "DEFAULT", "double", 2, [ "SIMULTANEOUS" ] ] ]
  },
  {
    "id": "etc_ocg_smp",
    "type": "GUN",
    "copy-from": "etc_pistol_base",
    "name": { "str_sp": "OCG SMP" },
    "description": "Designed as a dedicated \"silent\" gun by OmniCorp, The Stealth Machine Pistol is an electrothermal-chemical .22 pistol with an integrated suppressor. A valuable sidearm for covert operatives.",
    "weight": "1100 g",
    "volume": "650 ml",
    "longest_side": "288 mm",
    "price": "10000 USD",
    "price_postapoc": "110 USD",
    "to_hit": -2,
    "bashing": 9,
    "material": [ "steel", "superalloy" ],
    "color": "dark_gray",
    "ammo": "22etc",
    "dispersion": 300,
    "durability": 9,
    "looks_like": "90two",
    "pocket_data": [
      {
        "magazine_well": "250 ml",
        "pocket_type": "MAGAZINE_WELL",
        "item_restriction": [
          "smp_30_mag",
          "smp_60_mag"
        ],
        "default_magazine": "smp_30_mag"
      }
    ],
    "valid_mod_locations": [
      [ "accessories", 2 ],
      [ "brass catcher", 1 ],
      [ "barrel", 1 ],
      [ "grip", 1 ],
      [ "mechanism", 4 ],
      [ "magazine", 1 ],
      [ "rail", 1 ],
      [ "sights", 1 ],
      [ "stock", 1 ],
      [ "underbarrel", 1 ]
    ],
    "built_in_mods": [ "smp_suppressor" ],
    "modes": [ [ "DEFAULT", "semi", 1 ], [ "EBURST", "3 rd.", 3 ], [ "FAUTO", "auto", 4 ] ],
    "flags": [ "WATERPROOF_GUN" ]
  },
  {
    "id": "etc_ocg_spistol",
    "type": "GUN",
    "copy-from": "etc_pistol_base",
    "name": { "str": "OCG Stealth Pistol" },
    "//": "This is vaguely inspired by the stealth pistol from the first Deus Ex game, except smaller and chambered for .22 LR sized bullets instead of 10mm. The Russian PSM pistol would be the closest lookalike",
    "description": "OmniCorp Stealth Pistol is surprisingly small even with an integrated suppressor. Made only with composite ceramics and polymers to bypass metal detectors when unloaded at the expense of reliability, a now useless feature.",
    "weight": "400 g",
    "volume": "229 ml",
    "longest_side": "161 mm",
    "price": "9000 USD",
    "price_postapoc": "100 USD",
    "to_hit": -2,
    "bashing": 9,
    "material": [ "ceramic", "plastic" ],
    "color": "dark_gray",
    "ammo": "22etc",
    "ranged_damage": { "damage_type": "bullet", "amount": -2 },
    "dispersion": 580,
    "durability": 7,
    "looks_like": "sig_mosquito",
    "pocket_data": [
      {
        "magazine_well": "80 ml",
        "pocket_type": "MAGAZINE_WELL",
        "item_restriction": [
          "spistol_mag"
        ]
      }
    ],
    "valid_mod_locations": [
      [ "accessories", 2 ],
      [ "brass catcher", 1 ],
      [ "barrel", 1 ],
      [ "grip", 1 ],
      [ "mechanism", 4 ],
      [ "magazine", 1 ],
      [ "rail mount", 1 ],
      [ "sights", 1 ],
      [ "stock", 1 ],
      [ "underbarrel", 1 ]
    ],
    "built_in_mods": [ "spistol_suppressor" ],
    "flags": [ "WATERPROOF_GUN" ]
  }
]
