[
  {
    "id": "m2010",
    "copy-from": "m2010",
    "type": "GUN",
    "name": { "str_sp": "M2010 ESR" },
    "pocket_data": [
      {
        "pocket_type": "MAGAZINE_WELL",
        "item_restriction": [
          "m2010mag",
          "smc300mag"
        ]
      }
    ]
  },
  {
    "id": "ocg_smc300",
    "copy-from": "ocg_smc308",
    "type": "GUN",
    "name": { "str": "OCG SMC300" },
    "description": "The .300 WM Stockless Marksman Carbine is a selective-fire \"sidearm\" which shares magazines with the M2010 ESR and uses a very compact delayed blowback action. Includes critically needed folding wire stock despite being named a \"stockless\" carbine. It won three \"Overkill Awards\" from the Guns n Ammo magazine.",
    "weight": "2560 g",
    "volume": "1230 ml",
    "longest_side": "45 cm",
    "price": "1750 USD",
    "price_postapoc": "41 USD",
    "ammo": "300",
    "clip_size": 0,
    "dispersion": 250,
    "loudness": 50,
    "pocket_data": [
      {
        "pocket_type": "MAGAZINE_WELL",
        "item_restriction": [
          "m2010mag",
          "smc300mag"
        ],
        "default_magazine": "m2010mag"
      }
    ],
    "delete": { "flags": [ "RELOAD_ONE" ] }
  }
]
