[
  {
    "id": "acr_300blk",
    "copy-from": "acr_300blk",
    "type": "GUN",
    "name": { "str": "Remington ACR .300BLK" },
    "pocket_data": [
      {
        "pocket_type": "MAGAZINE_WELL",
        "item_restriction": [
          "stanag30",
          "stanag5",
          "stanag10",
          "stanag20",
          "stanag40",
          "stanag50",
          "stanag60",
          "stanag60drum",
          "stanag90",
          "stanag100",
          "stanag100drum",
          "stanag150",
          "survivor223mag",
          "ocg556e_30",
          "ocg556e_14",
          "ocg556e_50",
          "ocg556e_20",
          "ocg556e_60",
          "ocg556e_100"
        ]
      }
    ]
  },
  {
    "id": "iwi_tavor_x95_300blk",
    "copy-from": "iwi_tavor_x95_300blk",
    "type": "GUN",
    "name": { "str": "IWI Tavor X95 .300BLK" },
    "pocket_data": [
      {
        "pocket_type": "MAGAZINE_WELL",
        "item_restriction": [
          "stanag30",
          "stanag5",
          "stanag10",
          "stanag20",
          "stanag40",
          "stanag50",
          "stanag60",
          "stanag60drum",
          "stanag90",
          "stanag100",
          "stanag100drum",
          "stanag150",
          "survivor223mag",
          "ocg556e_30",
          "ocg556e_14",
          "ocg556e_50",
          "ocg556e_20",
          "ocg556e_60",
          "ocg556e_100"
        ]
      }
    ]
  },
  {
    "id": "ocg_ssr300",
    "type": "GUN",
    "copy-from": "ocg_mr9sd",
    "name": { "str_sp": "OCG SSR300 Wisp" },
    "description": "OmniCorp's Special Sniper Rifle .300 BLK \"Wisp\". A rechambered and heavily modified MR9SD that had its integral silencer replaced with a heavier, larger and more effective suppressor. Possibly the most accurate gun for this caliber.",
    "price": "38000 USD",
    "price_postapoc": "180 USD",
    "longest_side": "118 cm",
    "built_in_mods": [ "cheek_pad", "match_trigger", "retool_mr9sd_300blk", "ssr300_suppressor" ],
    "default_mods": "rifle_scope",
    "pocket_data": [
      {
        "pocket_type": "MAGAZINE_WELL",
        "item_restriction": [
          "ocg556e_14",
          "ocg556e_30",
          "ocg556e_50",
          "ocg556e_20",
          "ocg556e_60",
          "ocg556e_100",
          "stanag30",
          "stanag5",
          "stanag10",
          "stanag20",
          "stanag40",
          "stanag50",
          "stanag60",
          "stanag60drum",
          "stanag90",
          "stanag100",
          "stanag100drum",
          "stanag150",
          "survivor223mag"
        ],
        "default_magazine": "ocg556e_14"
      }
    ]
  }
]