[
  {
    "id": "ocg_smc308",
    "copy-from": "pistol_base",
    "type": "GUN",
    "name": { "str": "OCG SMC308" },
    "//": "255 mm/10 in barrel. Somewhat like sawn-off Mosin AKA Obrez, except factory standard and burst capable. Like in the AKS-74U, the round remains lethal beyond the effective range but extremely unlikely to hit anything.",
    "description": "The .308 Stockless Marksman Carbine, the first gun among OmniCorp products, is a selective-fire \"sidearm\" which shares ammo with battle rifles and uses a very compact delayed blowback action. Includes critically needed folding wire stock despite being named a \"stockless\" carbine . Unlike the .300 WM and .223 versions, this one is fed by its own 4-round tubular magazine.",
    "weight": "2140 g",
    "volume": "1450 ml",
    "longest_side": "435 mm",
    "price": "1500 USD",
    "price_postapoc": "67 USD",
    "to_hit": -1,
    "bashing": 9,
    "material": [ "steel", "plastic" ],
    "color": "dark_gray",
    "ammo": "308",
    "range": -25,
    "ranged_damage": { "damage_type": "bullet", "amount": -5 },
    "dispersion": 300,
    "clip_size": 4,
    "durability": 7,
    "loudness": 40,
    "modes": [ [ "DEFAULT", "semi", 1 ], [ "EBURST", "2 rd.", 2 ] ],
    "built_in_mods": [ "wire_stock", "match_trigger" ],
    "default_mods": "pistol_grip",
    "looks_like": "rm103a_pistol",
    "flags": [ "RELOAD_ONE" ],
    "valid_mod_locations": [
      [ "accessories", 2 ],
      [ "barrel", 1 ],
      [ "bore", 1 ],
      [ "brass catcher", 1 ],
      [ "sling", 1 ],
      [ "grip", 1 ],
      [ "mechanism", 4 ],
      [ "magazine", 1 ],
      [ "muzzle", 1 ],
      [ "rail", 1 ],
      [ "sights", 1 ],
      [ "stock", 1 ],
      [ "underbarrel", 1 ]
    ],
    "pocket_data": [ { "pocket_type": "MAGAZINE", "rigid": true, "ammo_restriction": { "308": 4 }, "allowed_speedloaders": [ "smc308_tubeloader" ] } ]
  }
]
