[
  {
    "id": "ocg_aeagle_357",
    "copy-from": "deagle_44",
    "type": "GUN",
    "name": { "str_sp": "OCG American Eagle .357" },
    "volume": "800 ml",
    "longest_side": "30 cm",
    "description": "OmniCorp's only .357 handgun, this gas operated pistol with a classic wood finish in its furniture is not a mechanical copy of the Desert Eagle, for it is compatible with .357 magnum, .357 SIG and even .38 rounds thanks to its cleverly engineered magazines and action. Such flexibility comes with a cost in bulk and limited magazine capacity.",
    "material": [ "steel", "superalloy", "wood" ],
    "weight": "1500 g",
    "price": "700 USD",
    "price_postapoc": "23 USD",
    "ranged_damage": { "damage_type": "bullet", "amount": 1 },
    "dispersion": 500,
    "min_cycle_recoil": 250,
    "ammo": [ "357mag", "357sig", "38" ],
    "looks_like": "deagle_44",
    "pocket_data": [
      {
        "magazine_well": "250 ml",
        "pocket_type": "MAGAZINE_WELL",
        "item_restriction": [
          "aeagle357mag",
          "aeagle357magext"
        ],
        "default_magazine": "aeagle357mag"
      }
    ]
  },
  {
    "id": "ocg_abear_357",
    "type": "GUN",
    "copy-from": "etc_rifle_base",
    "name": { "str_sp": "OCG American Bear .357" },
    "description": "The action of OmniCorp's American Eagle .357 in a longer barrel, this gas operated hunting rifle features manageable recoil, a spacious magazine well within its tall grip, the elegant anachronism of wood furniture and a wide array of rounds it is compatible with thanks to cleverly engineered magazines and operation. It is not a \"bear gun\" as in elephant gun.",
    "weight": "4 kg",
    "volume": "3 L",
    "longest_side": "100 cm",
    "price": "980 USD",
    "price_postapoc": "38 USD",
    "to_hit": -1,
    "bashing": 12,
    "material": [ "steel",  "wood", "superalloy" ],
    "color": "dark_gray",
    "min_cycle_recoil": 250,
    "ammo": [ "357mag", "357sig", "38" ],
    "ranged_damage": { "damage_type": "bullet", "amount": 3 },
    "range": 6,
    "dispersion": 170,
    "durability": 8,
    "pocket_data": [
      {
        "magazine_well": "450 ml",
        "pocket_type": "MAGAZINE_WELL",
        "item_restriction": [
          "aeagle357magext",
          "aeagle357mag"
        ],
        "default_magazine": "aeagle357magext"
      }
    ],
    "valid_mod_locations": [
      [ "accessories", 4 ],
      [ "barrel", 1 ],
      [ "stock", 1 ],
      [ "brass catcher", 1 ],
      [ "grip", 1 ],
      [ "mechanism", 4 ],
      [ "muzzle", 1 ],
      [ "rail", 1 ],
      [ "sights", 1 ],
      [ "sling", 1 ],
      [ "underbarrel", 1 ]
    ],
    "looks_like": "cx4"
  }
]
