[
  {
    "id": "ocg410_triarii",
    "type": "GUN",
    "copy-from": "ocg12_excidia",
    "name": { "str_sp": "OCG410 Triarii" },
    "description": "Not content with creating a magazine-fed double barrel shotgun, OCG went even further with the triarii: a gas-operated, magazine fed triple barrel shotgun. Fortunately for the wrists and shoulders of its users, it is chambered for the lighter .410 shot and is semi auto only with a fire selector lever for one, two or three simultaneous shots as a more ergonomic alternative to three separate triggers. Felt recoil is very manageable thanks to its built-in accessories. Compatible with 10-round Saiga-410 magaziness.",
    "weight": "4300 g",
    "volume": "5400 ml",
    "longest_side": "881 mm",
    "price": "2800 USD",
    "price_postapoc": "70 USD",
    "to_hit": -1,
    "bashing": 12,
    "material": [ "superalloy", "steel", "plastic" ],
    "dispersion": 455,
    "durability": 8,
    "ammo": "410shot",
    "reload": 230,
    "modes": [ [ "DEFAULT", "semi", 1 ], [ "DOUBLE", "double", 2, "SIMULTANEOUS" ], [ "TRIPLE", "triple", 3, "SIMULTANEOUS" ] ],
    "built_in_mods": [ "grip", "stabilizer", "recoil_stock", "barrel_ported" ],
    "pocket_data": [
      {
        "pocket_type": "MAGAZINE_WELL",
        "item_restriction": [
          "triarii36mags",
          "triarii_saiga410mag_30rd"
        ],
        "default_magazine": "triarii36mags"
      }
    ],
    "looks_like": "saiga_410"
  },
  {
    "id": "ocg410a_sbmp",
    "type": "GUN",
    "copy-from": "ocg410_triarii",
    "name": { "str_sp": "OCG410A SBMP" },
    "description": "The Smoothbore Machine Pistol is either a submachinegun chambered for .410 shotgun shells or an automatic shotgun with the portability of a SMG. Features a 3-round burst mode and its magazine well located inside the grip like some SMGs. It follows the \"if any demand exists for it, we should do it\" principle in product R&D OmniCorp is known for to the letter. Firing 000 shot in full auto with this gun gives a new meaning to \"spray and pray\".",
    "weight": "3 kg",
    "volume": "1500 ml",
    "longest_side": "43 cm",
    "price": "3500 USD",
    "price_postapoc": "35 USD",
    "to_hit": -1,
    "bashing": 12,
    "material": [ "superalloy", "steel", "plastic" ],
    "dispersion": 240,
    "durability": 7,
    "ammo": "410shot",
    "reload": 100,
    "modes": [ [ "DEFAULT", "semi", 1 ], [ "EBURST", "3 rd.", 3 ], [ "FAUTO", "auto", 5 ] ],
    "built_in_mods": [ "barrel_ported", "folding_stock" ],
    "default_mods": "pistol_grip",
    "pocket_data": [
      {
        "magazine_well": "370 ml",
        "pocket_type": "MAGAZINE_WELL",
        "item_restriction": [
          "sbmpmag_25rd",
          "sbmpmag_40rd"
        ],
        "default_magazine": "sbmpmag_25rd"
      }
    ],
    "looks_like": "mac_10"
  },
  {
    "id": "ocg410sd_sicarius",
    "type": "GUN",
    "copy-from": "ocg410_triarii",
    "name": { "str": "OCG410SD Sicarius", "str_pl": "OCG410SD Sicarii" },
    "description": "\"Integrally suppressed shotgun? Are you nuts?\" is supposedly how this project was first received, but eventually this shotgun with a vague resemblance to a suppressed Micro-Uzi was approved, developed and went into production, marketed for special forces as a quieter door breaching solution than normal shotguns. While the \"big bucket\" of an integrated suppressor may be a first, being fed by a non-detachable magazine inside its hollowed grip is also very unusual for a shotgun.",
    "weight": "1280 g",
    "volume": "890 ml",
    "longest_side": "37 cm",
    "price": "20000 USD",
    "price_postapoc": "120 USD",
    "to_hit": -1,
    "bashing": 10,
    "material": [ "superalloy", "steel", "plastic" ],
    "dispersion": 490,
    "durability": 9,
    "reload": 80,
    "clip_size": 6,
    "modes": [ [ "DEFAULT", "semi", 1 ] ],
    "built_in_mods": [ "folding_stock", "ocg410sd_suppressor" ],
    "extend": { "flags": [ "RELOAD_ONE" ] },
    "pocket_data": [ { "pocket_type": "MAGAZINE", "rigid": true, "ammo_restriction": { "410shot": 6 } } ],
    "looks_like": "uzi"
  }
]
