[
  {
    "id": "ocgl_45_sixpack",
    "copy-from": "pistol_revolver",
    "type": "GUN",
    "name": { "str_sp": "OCG-Leadworks 45 Sixpack" },
    "description": "A big double action only revolver for modern smokeless .45 colt loads with long enough chambers to shoot .410 shotgun shells, an integrated holographic sight and detachable laser sight. Rumored to be a redesign of a previously scrapped .460 Rowland revolver prototype, while relatively successful during its short production run, it was met with disgust from Colt Single Action Army purists because they see it as an attempt to \"modernize\" a timeless classic despite the fact it was not intended as a reproduction or \"modern replacement\" of the Colt SAA.",
    "weight": "1150 g",
    "volume": "460 ml",
    "longest_side": "26 cm",
    "price": "600 USD",
    "price_postapoc": "27 USD",
    "to_hit": -2,
    "bashing": 7,
    "material": [ "steel", "wood" ],
    "symbol": "(",
    "color": "light_gray",
    "ammo": [ "410shot", "45colt" ],
    "dispersion": 360,
    "durability": 8,
    "ranged_damage": { "damage_type": "bullet", "amount": 1 },
    "clip_size": 6,
    "built_in_mods": "holo_sight",
    "default_mods": "laser_sight",
    "looks_like": "colt_saa",
    "valid_mod_locations": [
      [ "accessories", 2 ],
      [ "barrel", 1 ],
      [ "bore", 1 ],
      [ "grip", 1 ],
      [ "mechanism", 4 ],
      [ "sights", 1 ],
      [ "stock", 1 ],
      [ "rail mount", 1 ],
      [ "underbarrel", 1 ]
    ],
    "pocket_data": [ { "pocket_type": "MAGAZINE", "rigid": true, "ammo_restriction": { "45colt": 6, "410shot": 6 }, "allowed_speedloaders": [ "ocgl_410speedloader6" ] } ]
  }
]