[
  {
    "id": "ocgl_460",
    "copy-from": "ocgl_45_sixpack",
    "type": "GUN",
    "name": { "str_sp": "OCG-Leadworks 460" },
    "description": "A big double action only revolver for the powerful .460 Rowland and more common .45 ACP with an integrated holographic sight and detachable laser sight. Rumored to be a straight redesign of a previously scrapped .460 Rowland revolver prototype that had its ammo capacity slightly reduced so it can fit in a normal holster despite the integrated holographic sight and was made universally compatible with aftermarket accessories",
    "weight": "1240 g",
    "longest_side": "27 cm",
    "price": "830 USD",
    "price_postapoc": "29 USD",
    "ammo": [ "460", "45" ],
    "clip_size": 5,
    "looks_like": "raging_bull",
    "pocket_data": [ { "pocket_type": "MAGAZINE", "holster": true, "rigid": true, "ammo_restriction": { "460": 5, "45": 5 }, "allowed_speedloaders": [ "ocgl_460speedloader5" ] } ]
  }
]
