[
  {
    "id": "etc_adrevolver",
    "type": "GUN",
    "copy-from": "etc_pistol_revolver_2ups",
    "name": { "str_sp": "OCG ADR" },
    "description": "The Anti-Drone Revolver is an OmniCorp \"sidearm\" with a carbine length barrel and overcharged electrothermal action, designed to defeat the heaviest among armored drones. Comes with a classic finish in wood.",
    "//": "330 mm/13 in barrel. This and specially the AMR are inspired by this fictional hand cannon: https://eyedivinecybermancy.fandom.com/wiki/444_Bear_Killer ",
    "weight": "1900 g",
    "volume": "1250 ml",
    "longest_side": "444 mm",
    "price": "3000 USD",
    "price_postapoc": "70 USD",
    "to_hit": -2,
    "bashing": 9,
    "material": [ "superalloy", "aluminum", "wood" ],
    "color": "dark_gray",
    "ammo": "556etc",
    "ranged_damage": { "damage_type": "bullet", "amount": -3, "armor_penetration": 15 },
    "recoil": 1080,
    "dispersion": 240,
    "range": -6,
    "durability": 8,
    "built_in_mods": "ad_capacitor",
    "default_mods": "pistol_scope",
    "clip_size": 4,
    "pocket_data": [ { "pocket_type": "MAGAZINE", "rigid": true, "ammo_restriction": { "556etc": 4 }, "allowed_speedloaders": [ "556etc_speedloader" ] } ],
    "looks_like": "raging_bull"
  },
  {
    "id": "etc_er555",
    "copy-from": "etc_rifle_base_2ups",
    "type": "GUN",
    "name": { "str_sp": "OCG ER555" },
    "description": "OmniCorp bullpup ER555 platform uses hypervelocity 5.56 ETC rounds in several roles. The base model on its own is a highly accurate battle rifle with a \"pulsed\" two-round burst mode. Supports aftermarket modifications, but using its conversion kits instead is advised.",
    "weight": "2400 g",
    "volume": "2030 ml",
    "longest_side": "721 mm",
    "//": "Slightly shorter length than the QR555 because it has no integrated suppressor",
    "price": "5000 USD",
    "price_postapoc": "80 USD",
    "to_hit": -1,
    "bashing": 12,
    "material": [ "superalloy", "steel", "plastic" ],
    "color": "dark_gray",
    "ammo": "556etc",
    "ranged_damage": { "damage_type": "bullet", "amount": 1 },
    "built_in_mods": "ocg_er555_barrel",
    "recoil": 0,
    "dispersion": 135,
    "durability": 8,
    "modes": [ [ "DEFAULT", "semi", 1 ], [ "EBURST", "2 rd.", 2, [ "SIMULTANEOUS" ] ] ],
    "valid_mod_locations": [
      [ "accessories", 4 ],
      [ "brass catcher", 1 ],
      [ "sling", 1 ],
      [ "barrel", 1 ],
      [ "grip", 1 ],
      [ "mechanism", 4 ],
      [ "magazine", 1 ],
      [ "muzzle", 1 ],
      [ "rail", 1 ],
      [ "sights", 1 ],
      [ "underbarrel", 1 ]
    ],
    "looks_like": "famas",
    "pocket_data": [
      {
        "pocket_type": "MAGAZINE_WELL",
        "item_restriction": [
          "ocg556e_30",
          "ocg556e_14",
          "ocg556e_50",
          "ocg556e_20",
          "ocg556e_60",
          "ocg556e_100",
          "stanag30",
          "stanag10",
          "stanag5",
          "stanag20",
          "stanag40",
          "stanag50",
          "stanag60",
          "stanag60drum",
          "stanag90",
          "stanag100",
          "stanag100drum",
          "stanag150",
          "survivor223mag"
        ],
        "default_magazine": "ocg556e_30"
      }
    ]
  },
  {
    "id": "etc_er555_ads",
    "copy-from": "etc_er555_sr",
    "type": "GUN",
    "name": { "str_sp": "OCG ER555-ADS" },
    "description": "OmniCorp bullpup ER555 platform uses hypervelocity 5.56 ETC rounds in several roles. The Anti-Drone Sniper features an overcharged electrothermal action. Comes with integrated forward grip/bipod unit, gyroscopic stabilizer and cheek pad.",
    "price": "7500 USD",
    "relative": {
      "weight": "200 g",
      "ranged_damage": { "damage_type": "bullet", "amount": 1, "armor_penetration": 15 },
      "recoil": 1080 },
    "built_in_mods": [ "ocg_er555_barrel", "ad_capacitor", "ocg_grippod_fg", "ocg_grippod_bipod", "stabilizer", "cheek_pad" ]
  },
  {
    "id": "etc_er555_car",
    "copy-from": "etc_er555",
    "type": "GUN",
    "name": { "str_sp": "OCG ER555-CAR" },
    "description": "OmniCorp bullpup ER555 platform uses hypervelocity 5.56 ETC rounds in several roles. The Carbine supports automatic fire, has an integrated recoil stock and foregrip, with room for one more underbarrel accessory.",
    "//": "The Anti Drone Revolver uses the same barrel as this carbine",
    "price": "5300 USD",
    "relative": {  "longest_side": "-127 mm", "weight": "300 g" },
    "modes": [ [ "DEFAULT", "semi", 1 ], [ "EBURST", "2 rd.", 2, [ "SIMULTANEOUS" ] ], [ "FAUTO", "auto", 4 ] ],
    "built_in_mods": [ "ocg_er555_carbarrel", "recoil_stock", "grip" ],
    "pocket_data": [
      {
        "pocket_type": "MAGAZINE_WELL",
        "item_restriction": [
          "ocg556e_20",
          "ocg556e_30",
          "ocg556e_14",
          "ocg556e_50",
          "ocg556e_60",
          "ocg556e_100",
          "stanag30",
          "stanag10",
          "stanag5",
          "stanag20",
          "stanag40",
          "stanag50",
          "stanag60",
          "stanag60drum",
          "stanag90",
          "stanag100",
          "stanag100drum",
          "stanag150",
          "survivor223mag"
        ],
        "default_magazine": "ocg556e_20"
      }
    ]

  },
  {
    "id": "etc_er555_cqb",
    "copy-from": "etc_er555",
    "type": "GUN",
    "name": { "str_sp": "OCG ER555-CQB" },
    "description": "OmniCorp bullpup ER555 platform uses hypervelocity 5.56 ETC rounds in several roles. The Close Quarters Battle variant supports automatic fire, comes with integrated recoil stock, underbarrel laser sight and RM42I bayonet.",
    "price": "5100 USD",
    "price_postapoc": "130 USD",
    "relative": { "longest_side": "-203 mm", "weight": "50 g", "bashing": 1 },
    "modes": [ [ "DEFAULT", "semi", 1 ], [ "EBURST", "2 rd.", 2, [ "SIMULTANEOUS" ] ], [ "FAUTO", "auto", 4 ] ],
    "built_in_mods": [ "ocg_er555_cqbbarrel", "recoil_stock", "int_rm42i_bayonet", "laser_sight" ],
    "flags": [ "DURABLE_MELEE" ],
    "pocket_data": [
      {
        "pocket_type": "MAGAZINE_WELL",
        "item_restriction": [
          "ocg556e_20",
          "ocg556e_14",
          "ocg556e_30",
          "ocg556e_50",
          "ocg556e_60",
          "ocg556e_100",
          "stanag30",
          "stanag10",
          "stanag5",
          "stanag20",
          "stanag40",
          "stanag50",
          "stanag60",
          "stanag60drum",
          "stanag90",
          "stanag100",
          "stanag100drum",
          "stanag150",
          "survivor223mag"
        ],
        "default_magazine": "ocg556e_20"
      }
    ]
  },
  {
    "id": "etc_er555_saw",
    "copy-from": "etc_er555",
    "type": "GUN",
    "name": { "str_sp": "OCG ER555-SAW" },
    "description": "OmniCorp bullpup ER555 platform uses hypervelocity 5.56 ETC rounds in several roles. The Squad Automatic Weapon supports ammo belts, has a reinforced barrel, a very high rate of fire and comes with integrated forward grip/bipod unit, recoil stock, ported barrel and gyroscopic stabilizer.",
    "//": "Sort of like a FAMAS in rate of fire.",
    "price": "6000 USD",
    "relative": { "weight": "1100 g" },
    "modes": [ [ "DEFAULT", "semi", 1 ], [ "EBURST", "2 rd.", 2, [ "SIMULTANEOUS" ] ], [ "FAUTO", "auto", 7 ] ],
    "built_in_mods": [ "ocg_er555_lmgbarrel", "ocg_grippod_fg", "ocg_grippod_bipod", "recoil_stock", "barrel_ported", "stabilizer" ],
    "pocket_data": [
      {
        "pocket_type": "MAGAZINE_WELL",
        "item_restriction": [
          "belt556etc",
          "ocg556e_30",
          "ocg556e_14",
          "ocg556e_50",
          "ocg556e_20",
          "ocg556e_60",
          "ocg556e_100",
          "stanag30",
          "stanag10",
          "stanag5",
          "stanag20",
          "stanag40",
          "stanag50",
          "stanag60",
          "stanag60drum",
          "stanag90",
          "stanag100",
          "stanag100drum",
          "stanag150",
          "survivor223mag"
        ],
        "default_magazine": "belt556etc"
      }
    ]
  },
  {
    "id": "etc_er555_sr",
    "copy-from": "etc_er555",
    "type": "GUN",
    "name": { "str_sp": "OCG ER555-SR" },
    "description": "OmniCorp bullpup ER555 platform uses hypervelocity 5.56 ETC rounds in several roles. Not that accurate or long ranged for a Sniper Rifle, but unlike most, has a two-round burst mode. Comes with integrated forward grip/bipod unit, gyroscopic stabilizer and cheek pad.",
    "//": "The second round will almost always miss at long ranges because 'SIMULTANEOUS' does nothing yet.",
    "price": "5500 USD",
    "relative": { "weight": "500 g", "dispersion": -35 },
    "modes": [ [ "DEFAULT", "semi", 1 ], [ "EBURST", "2 rd.", 2, [ "SIMULTANEOUS" ] ] ],
    "valid_mod_locations": [
      [ "accessories", 2 ],
      [ "brass catcher", 1 ],
      [ "sling", 1 ],
      [ "barrel", 1 ],
      [ "grip", 1 ],
      [ "mechanism", 4 ],
      [ "magazine", 1 ],
      [ "muzzle", 1 ],
      [ "rail", 1 ],
      [ "sights", 1 ],
      [ "stock", 1 ],
      [ "underbarrel", 1 ]
    ],
    "built_in_mods": [ "ocg_er555_barrel", "ocg_grippod_fg", "ocg_grippod_bipod", "stabilizer", "cheek_pad" ],
    "pocket_data": [
      {
        "pocket_type": "MAGAZINE_WELL",
        "item_restriction": [
          "ocg556e_14",
          "ocg556e_20",
          "ocg556e_30",
          "ocg556e_50",
          "ocg556e_60",
          "ocg556e_100",
          "stanag30",
          "stanag10",
          "stanag5",
          "stanag20",
          "stanag40",
          "stanag50",
          "stanag60",
          "stanag60drum",
          "stanag90",
          "stanag100",
          "stanag100drum",
          "stanag150",
          "survivor223mag"
        ],
        "default_magazine": "ocg556e_14"
      }
    ]
  },
  {
    "id": "etc_er555_udd",
    "copy-from": "etc_er555",
    "type": "GUN",
    "name": { "str_sp": "OCG ER555-UDD" },
    "description": "OmniCorp bullpup ER555 platform uses hypervelocity 5.56 ETC rounds in several roles. The Urban Drone Destroyer is very powerful, fast firing but difficult to control in full auto. Comes with integrated recoil stock, ported barrel and gyroscopic stabilizer.",
    "price": "7000 USD",
    "relative": {
      "longest_side": "-203 mm",
      "weight": "350 g",
      "ranged_damage": { "damage_type": "bullet", "amount": 1, "armor_penetration": 15 },
      "recoil": 1080
    },
    "modes": [ [ "DEFAULT", "semi", 1 ], [ "EBURST", "2 rd.", 2, [ "SIMULTANEOUS" ] ], [ "FAUTO", "auto", 7 ] ],
    "built_in_mods": [ "ad_capacitor", "ocg_er555_cqbbarrel", "recoil_stock", "barrel_ported", "stabilizer" ],
    "pocket_data": [
      {
        "pocket_type": "MAGAZINE_WELL",
        "item_restriction": [
          "ocg556e_20",
          "ocg556e_14",
          "ocg556e_30",
          "ocg556e_50",
          "ocg556e_60",
          "ocg556e_100",
          "stanag30",
          "stanag10",
          "stanag5",
          "stanag20",
          "stanag40",
          "stanag50",
          "stanag60",
          "stanag60drum",
          "stanag90",
          "stanag100",
          "stanag100drum",
          "stanag150",
          "survivor223mag"
        ],
        "default_magazine": "ocg556e_20"
      }
    ]
  }
]
