[
  {
    "id": "ocg_lgw",
    "type": "GUN",
    "copy-from": "LAW",
    "looks_like": "m202_flash",
    "color": "dark_gray",
    "name": { "str_sp": "OCG LGW" },
    "description": "A multi-shot, fire-and-forget, optical tracking, light guided rocket launcher. It can be loaded with two different rocket types at once, giving its operator the ability to immediately switch between anti-tank and anti-personell. Originally included a specific OmniCorp manual on techniques to avoid friendly fire with white phosphorus rockets.",
    "price": "60000 USD",
    "extend": { "flags": [ "RELOAD_ONE" ] },
    "delete": { "flags": [ "NO_UNLOAD", "NO_RELOAD", "TRADER_AVOID" ] },
    "weight": "4 kg",
    "volume": "8250 ml",
    "price_postapoc": "60 USD",
    "material": "superalloy",
    "bashing": 12,
    "to_hit": -3,
    "dispersion": 0,
    "durability": 10,
    "ammo": "66mmff",
    "clip_size": 2,
    "pocket_data": [ { "pocket_type": "MAGAZINE", "rigid": true, "ammo_restriction": { "66mmff": 2 } } ],
    "sight_dispersion": 0,
    "reload": 150,
    "valid_mod_locations": [
      [ "accessories", 1 ],
      [ "sling", 1 ],
      [ "grip mount", 1 ],
      [ "rail mount", 1 ],
      [ "underbarrel", 1 ]
    ],
    "built_in_mods": [ "ocg_lgw_mode2" ]
  }
]