[
  {
    "id": "etc_amrevolver",
    "type": "GUN",
    "copy-from": "etc_pistol_revolver",
    "name": { "str_sp": "OCG AMR" },
    "description": "OmniCorp's Anti-Materiel Revolver might be the most powerful handgun ever made. It can destroy almost anything within four shots, but its recoil is so heavy its manual forbids shooting it without wearing power armor.",
    "//": "255 mm/10 in barrel. This and the ADR are inspired by this fictional hand cannon: https://eyedivinecybermancy.fandom.com/wiki/444_Bear_Killer",
    "weight": "2300 g",
    "volume": "1250 ml",
    "longest_side": "45 cm",
    "price": "5000 USD",
    "price_postapoc": "80 USD",
    "to_hit": -2,
    "bashing": 9,
    "material": [ "superalloy", "ceramic", "wood" ],
    "color": "dark_gray",
    "ammo": "762ec",
    "ranged_damage": { "damage_type": "bullet", "amount": -5 },
    "dispersion": 195,
    "range": -12,
    "durability": 8,
    "default_mods": "pistol_scope",
    "clip_size": 4,
    "pocket_data": [ { "pocket_type": "MAGAZINE", "rigid": true, "ammo_restriction": { "762ec": 4 }, "allowed_speedloaders": [ "762ec_speedloader" ] } ],
    "looks_like": "raging_bull"
  },
  {
    "id": "etc_dwom",
    "copy-from": "etc_rifle_base",
    "type": "GUN",
    "name": { "str_sp": "OCG DWOM" },
    "description": "A battle rifle for future warfare scenarios involving long range engagements, power armor and tank drones, the highly accurate Drone Warfare Opus Magnum can fire two-round bursts of hypervelocity 7.62x51mm EC rounds.",
    "weight": "3 kg",
    "volume": "3400 ml",
    "longest_side": "959 mm",
    "price": "7300 USD",
    "price_postapoc": "90 USD",
    "to_hit": -1,
    "bashing": 12,
    "material": [ "superalloy", "steel", "ceramic" ],
    "color": "dark_gray",
    "ammo": "762ec",
    "built_in_mods": [ "ocg_grippod_fg", "ocg_grippod_bipod", "stabilizer", "ocg_telescopic_stock" ],
    "default_mods": "rifle_scope",
    "dispersion": 105,
    "durability": 9,
    "modes": [ [ "DEFAULT", "semi", 1 ], [ "EBURST", "2 rd.", 2, [ "SIMULTANEOUS" ] ] ],
    "looks_like": "hk417_13",
    "pocket_data": [
      {
        "pocket_type": "MAGAZINE_WELL",
        "item_restriction": [
          "ocg762e_20",
          "ocg762e_7",
          "ocg762e_30",
          "ocg762e_40",
          "ocg762e_50",
          "ocg556e_100",
          "ocg762e_66"
        ],
        "default_magazine": "ocg762e_20"
      }
    ]
  },
  {
    "id": "etc_mar7k",
    "copy-from": "etc_rifle_base",
    "type": "GUN",
    "name": { "str_sp": "OCG MAR7k" },
    "description": "Considered an overkill among overkills, the bullpup Mega Assault Rifle is the most powerful fully automatic rifle of OmniCorp. Even with fixed foregrip and bipod, it is very compact due to a \"CQB\" barrel, a receiver shortened through a vertically sliding bolt and a magazine well right next to its buttplate.",
    "//": "This is pretty much a CQB optimized gun, the only among these, but it still got a very long effective range. It's more or less inspired by the TKB-022 Korobov in the features needed to make it as short as possible. Ergonomics may suffer.",
    "weight": "3500 g",
    "volume": "2400 ml",
    "longest_side": "555 mm",
    "price": "7000 USD",
    "price_postapoc": "95 USD",
    "to_hit": -1,
    "bashing": 12,
    "material": [ "superalloy", "steel", "ceramic" ],
    "color": "dark_gray",
    "ammo": "762ec",
    "ranged_damage": { "damage_type": "bullet", "amount": -5 },
    "built_in_mods": [ "ocg_grippod_fg", "ocg_grippod_bipod", "recoil_stock", "barrel_ported" ],
    "default_mods": "holo_sight",
    "dispersion": 165,
    "range": -18,
    "durability": 9,
    "modes": [ [ "DEFAULT", "semi", 1 ], [ "EBURST", "2 rd.", 2 ], [ "FAUTO", "auto", 4 ] ],
    "looks_like": "steyr_aug",
    "pocket_data": [
      {
        "pocket_type": "MAGAZINE_WELL",
        "item_restriction": [
          "ocg762e_20",
          "ocg762e_7",
          "ocg762e_30",
          "ocg762e_40",
          "ocg762e_50",
          "ocg556e_100",
          "ocg762e_66"
        ],
        "default_magazine": "ocg762e_20"
      }
    ]
  },
  {
    "id": "etc_hydrogen_gun",
    "type": "GUN",
    "copy-from": "etc_rifle_base",
    "name": { "str": "OCG OFG16k" },
    "description": "The Orbital Force Gun is an anti-materiel light-gas rifle with a detachable, vacuum-sealable barrel which can be connected to a hydrogen canister yet works without one with drastically reduced muzzle energy. Its manual recommends avoiding hydrogen despite that due to reliability issues a future OFG16kA1 model would solve.",
    "//": "Visual reference for damage under optimal muzzle velocities: https://en.wikipedia.org/wiki/File:SDIO_KEW_Lexan_projectile.jpg  . Should be less powerful than that because it uses projectiles with lighter masses, but it is almost an anti-tank rifle.",
    "weight": "2100 g",
    "volume": "1600 ml",
    "longest_side": "130 cm",
    "price": "95000 USD",
    "price_postapoc": "100 USD",
    "to_hit": -1,
    "bashing": 12,
    "material": [ "superalloy", "steel", "diamond" ],
    "color": "dark_gray",
    "ammo": "762ec",
    "ranged_damage": { "damage_type": "bullet", "amount": -20 },
    "range": -40,
    "built_in_mods": [ "rifle_scope", "cheek_pad", "stabilizer", "barrel_ported" ],
    "default_mods": "hydrogen_gun_atm_barrel",
    "valid_mod_locations": [ [ "barrel", 1 ], [ "muzzle", 1 ], [ "rail", 1 ], [ "sights", 1 ], [ "stock", 1 ] ],
    "dispersion": 950,
    "durability": 10,
    "clip_size": 7,
    "pocket_data": [ { "pocket_type": "MAGAZINE", "rigid": true, "ammo_restriction": { "762ec": 7 } } ],
    "looks_like": "hk_g80",
    "flags": [ "RELOAD_ONE", "WATERPROOF_GUN" ]
  },
  {
    "id": "etc_seven7",
    "copy-from": "etc_rifle_manual",
    "type": "GUN",
    "name": { "str_sp": "OCG Seven-7B" },
    "description": "Electrothermal magazine-fed bolt-action anti-materiel rifle. Its hypervelocity 7.62x51mm EC round is not as damaging as a conventional .50 BMG, but its recoil is much lower and its armor penetration better.",
    "weight": "4400 g",
    "volume": "3600 ml",
    "longest_side": "119 cm",
    "price": "8000 USD",
    "price_postapoc": "88 USD",
    "to_hit": -1,
    "bashing": 12,
    "material": [ "superalloy", "steel", "ceramic" ],
    "color": "dark_gray",
    "ammo": "762ec",
    "ranged_damage": { "damage_type": "bullet", "amount": 2 },
    "built_in_mods": [ "rifle_scope", "cheek_pad", "ocg_grippod_fg", "ocg_grippod_bipod", "stabilizer" ],
    "dispersion": 70,
    "durability": 10,
    "pocket_data": [
      {
        "pocket_type": "MAGAZINE_WELL",
        "item_restriction": [
          "ocg762e_7"
        ]
      }
    ],
    "looks_like": "m2010"
  }
]
