[
  {
    "id": "ocg_beel",
    "type": "GUN",
    "copy-from": "etc_deel",
    "name": { "str_sp": "OCG Baby Eel" },
    "description": "Externally almost identical to the electrothermal Desert Eel, this pocket pistol is very lightweight, but felt recoil is higher than in most 9mm pistols.",
    "weight": "400 g",
    "//": "50g lighter from capacitor and other unneeded ETC parts.",
    "price": "700 USD",
    "price_postapoc": "27 USD",
    "ups_charges": 0,
    "ammo": "9mm"
  },
  {
    "id": "ocgl_t9",
    "type": "GUN",
    "copy-from": "pistol_backup",
    "name": { "str_sp": "OCG-Leadworks T9" },
    "description": "The T9 was marketed as a \"high density, low recoil pocket pistol\". It is made of ceramic carbides and tungsten instead of plastic and steel thus heavier (and more expensive) than the average backup pistol and even some larger pistols, mitigating felt recoil.",
    "weight": "832 g",
    "//": "Very close to the maximum weight supported by ankle or deep concealment holsters. This is intentional.",
    "volume": "220ml",
    "longest_side": "199 mm",
    "price": "850 USD",
    "price_postapoc": "25 USD",
    "to_hit": -1,
    "bashing": 11,
    "material": [ "tungsten", "carbide", "superalloy" ],
    "color": "dark_gray",
    "dispersion": 580,
    "durability": 10,
    "ammo": "9mm",
    "pocket_data": [
      {
        "magazine_well": "110 ml",
        "pocket_type": "MAGAZINE_WELL",
        "item_restriction": [
          "ocg_t9mag"
        ]
      }
    ],
    "looks_like": "makarov",
    "flags": [ "WATERPROOF_GUN", "DURABLE_MELEE" ]
  },
  {
    "id": "ocgl_923",
    "copy-from": "etc_hac",
    "type": "GUN",
    "name": { "str": "OCG-Leadworks 923" },
    "description": "Described as a bigger \"spiritual successor\" to the Beretta 93R machine pistol with a comparatively longer barrel and taller grip, this is just the Hand Autocannon for conventional 9x19mm. It can fire two-round bursts like the HAC and three-round bursts like the 93R. As expected from a worthy \"spiritual successor\" to the Beretta 93R, it uses OmniCorp proprietary magazines and is cleverly designed to also support Glock mags.",
    "weight": "1500 g",
    "price": "800 USD",
    "price_postapoc": "50 USD",
    "ammo": "9mm",
    "pocket_data": [
      {
        "magazine_well": "500 ml",
        "pocket_type": "MAGAZINE_WELL",
        "item_restriction": [
          "glockbigmag",
          "ocg9emagbig",
          "ocg9emag",
          "ocg9emagdrum",
          "glockmag",
          "glock17_17",
          "glock17_22",
          "glock_drum_50rd",
          "glock_drum_100rd",
          "deelmag"
        ],
        "default_magazine": "glockbigmag"
      }
    ],
    "ranged_damage": { "damage_type": "bullet", "amount": 2 },
    "modes": [ [ "DEFAULT", "semi", 1 ], [ "EBURST", "2 rd.", 2 ], [ "FAUTO", "3 rd.", 3 ] ],
    "ups_charges": 0
  },
  {
    "id": "ocgl_combo912",
    "copy-from": "ocgl_923",
    "type": "GUN",
    "name": { "str": "OCG-Leadworks C-912" },
    "description": "A modern and really big stepbrother to the LeMat revolver, this is a 9mm \"pistol\" compatible with OmniCorp and Glock magazines over a tube fed 12 ga. double barrel shotgun. It became infamous for the ease of converting its 9mm operation to automatic firing.",
    "price": "500 USD",
    "price_postapoc": "30 USD",
    "longest_side": "499 mm",
    "valid_mod_locations": [
      [ "accessories", 2 ],
      [ "sling", 1 ],
      [ "barrel", 1 ],
      [ "grip", 1 ],
      [ "brass catcher", 1 ],
      [ "mechanism", 4 ],
      [ "magazine", 1 ],
      [ "muzzle", 1 ],
      [ "rail", 1 ],
      [ "sights", 1 ],
      [ "stock", 1 ],
      [ "underbarrel", 2 ]
    ],
    "built_in_mods": [ "wire_stock", "ocgl_combo912_shotgun" ],
    "modes": [ [ "DEFAULT", "semi", 1 ] ]
  },
  {
    "id": "ocgl_combox912",
    "copy-from": "ocgl_combo912",
    "type": "GUN",
    "name": { "str": "OCG-Leadworks C-X912" },
    "description": "A modern and really big stepbrother to the LeMat revolver, this is a 9mm machine pistol compatible with OmniCorp and Glock magazines over a tube fed 12 ga. double barrel shotgun, which, being either a prototype or \"unlawful\" conversion, is capable of automatic firing unlike the C-912 available in gun stores.",
    "price": "900 USD",
    "price_postapoc": "50 USD",
    "modes": [ [ "DEFAULT", "semi", 1 ], [ "EAUTO", "auto", 4 ] ]
  },
  {
    "id": "ocgl_quad9",
    "copy-from": "etc_o9_electromagnum",
    "type": "GUN",
    "name": { "str": "OCG-Leadworks Quad9" },
    "description": "The first Leadworks product after their incorporation into OmniCorp, this is a four barrel break action derringer pistol which trigger fires all hammers. The barrels are aligned and designed for compatibility with OCG 4-round 9mm speedloaders. An all-or-nothing gun for those moments when everything else ran out of ammo and something small enough to fit in any holster and capable of unleashing all its firepower at once could save your life.",
    "weight": "940 g",
    "price": "350 USD",
    "price_postapoc": "20 USD",
    "ammo": "9mm",
    "ranged_damage": { "damage_type": "bullet", "amount": -2 },
    "dispersion": 650,
    "valid_mod_locations": [
      [ "accessories", 2 ],
      [ "grip", 1 ],
      [ "mechanism", 2 ],
      [ "sights mount", 1 ],
      [ "stock mount", 1 ],
      [ "underbarrel mount", 1 ]
    ],
    "modes": [ [ "DEFAULT", "quad", 4, "SIMULTANEOUS" ] ],
    "looks_like": "cop_38",
    "pocket_data": [ { "pocket_type": "MAGAZINE", "rigid": true, "ammo_restriction": { "9mm": 4 }, "allowed_speedloaders": [ "9etc_speedloader" ] } ],
    "ups_charges": 0
  },
  {
    "id": "ocg_dmsmg",
    "type": "GUN",
    "copy-from": "rifle_auto",
    "//": "Cx4 Storm meets Colt 9mm SMG on steroids.",
    "name": { "str_sp": "OCG MR9 DMSMG" },
    "description": "OmniCorp MR9 is called a Designated Marksman Submachinegun. It has a very long, match grade, long-twist barrel and a highly accurate action. Technically a submachinegun, it resembles and is handled like a rifle from the AR-15 family.",
    "weight": "2600 g",
    "volume": "4 L",
    "longest_side": "100 cm",
    "price": "2000 USD",
    "price_postapoc": "75 USD",
    "to_hit": -1,
    "bashing": 10,
    "material": [ "steel", "superalloy" ],
    "color": "dark_gray",
    "ammo": "9mm",
    "ranged_damage": { "damage_type": "bullet", "amount": 5 },
    "range": 20,
    "dispersion": 140,
    "durability": 9,
    "modes": [ [ "DEFAULT", "semi", 1 ], [ "FAUTO", "auto", 4 ] ],
    "pocket_data": [
      {
        "pocket_type": "MAGAZINE_WELL",
        "item_restriction": [
          "minirifle_magext",
          "minirifle_mag"
        ],
        "default_magazine": "minirifle_magext"
      }
    ],
    "looks_like": "ar15"
  },
  {
    "id": "ocg_minirifle",
    "type": "GUN",
    "copy-from": "ocg_dmsmg",
    "name": { "str_sp": "OCG MR9S Mini Rifle" },
    "description": "A semi-automatic version of OmniCorp MR9 DMSMG with the same very long barrel and AR-15 like ergonomics. Some call it a carbine despite its barrel length, others call it a rifle. Either way, it is good for what it is but expensive.",
    "modes": [ [ "DEFAULT", "semi", 1 ] ],
    "pocket_data": [
      {
        "pocket_type": "MAGAZINE_WELL",
        "item_restriction": [
          "minirifle_mag",
          "minirifle_magext"
        ],
        "default_magazine": "minirifle_mag"
      }
     ],
    "price": "1600 USD",
    "price_postapoc": "40 USD"
  },
  {
    "id": "ocg_mr9sd",
    "type": "GUN",
    "copy-from": "ocg_dmsmg",
    "name": { "str_sp": "OCG MR9SD Styx" },
    "description": "Without requiring subsonic rounds and with the same length as the MR9 DMSMG, OmniCorp Styx is a pretty \"silent\" firearm. Weaker and shorter ranged than a rifle caliber one like the VSS Vintorez, it still is useful for covert marksmen.",
    "price": "35000 USD",
    "price_postapoc": "120 USD",
    "valid_mod_locations": [
      [ "accessories", 4 ],
      [ "sling", 1 ],
      [ "brass catcher", 1 ],
      [ "barrel", 1 ],
      [ "bore", 1 ],
      [ "grip", 1 ],
      [ "mechanism", 4 ],
      [ "magazine", 1 ],
      [ "rail", 1 ],
      [ "sights", 1 ],
      [ "stock", 1 ],
      [ "underbarrel", 1 ]
    ],
    "built_in_mods": [ "mr9sd_suppressor" ]
  },
  {
    "id": "qsmg9",
    "copy-from": "qr555",
    "type": "GUN",
    "name": { "str_sp": "OCG QSMG-9" },
    "//": "Like a Steyr AUG Para with integrated suppressor.",
    "description": "A shortened OmniCorp QR555 chambered to fire 9x19mm rounds in a bullpup configuration as \"quietly\" as possible without loss of muzzle energy. Best used with 9mm JHP against unarmored threats or as a sidearm.",
    "skill": "smg",
    "price": "8000 USD",
    "price_postapoc": "100 USD",
    "ammo": "9mm",
    "range": 3,
    "relative": { "dispersion": 90, "ranged_damage": { "damage_type": "bullet", "amount": 4 }, "longest_side": "-250 mm", "volume": "150 ml", "weight": "-200 g" },
    "modes": [ [ "DEFAULT", "semi", 1 ], [ "EBURST", "2 rd.", 2, [ "SIMULTANEOUS" ] ], [ "FAUTO", "auto", 4 ] ],
    "valid_mod_locations": [
      [ "accessories", 4 ],
      [ "brass catcher", 1 ],
      [ "sling", 1 ],
      [ "barrel", 1 ],
      [ "grip", 1 ],
      [ "mechanism", 4 ],
      [ "rail", 1 ],
      [ "sights", 1 ],
      [ "underbarrel", 1 ]
    ],
    "looks_like": "steyr_aug",
    "built_in_mods": [ "qr555_suppressor" ],
    "pocket_data": [
      {
        "pocket_type": "MAGAZINE_WELL",
        "item_restriction": [
          "minirifle_magext",
          "minirifle_mag"
        ],
        "default_magazine": "minirifle_magext"
      }
    ]
  }
]
