[
  {
    "abstract": "etc_pistol_base",
    "copy-from": "pistol_base",
    "type": "GUN",
    "name": { "str": "base ETC pistol" },
    "valid_mod_locations": [
      [ "accessories", 2 ],
      [ "barrel", 1 ],
      [ "grip", 1 ],
      [ "brass catcher", 1 ],
      [ "mechanism", 4 ],
      [ "magazine", 1 ],
      [ "muzzle", 1 ],
      [ "rail", 1 ],
      [ "sights", 1 ],
      [ "stock", 1 ],
      [ "underbarrel", 1 ]
    ],
    "ups_charges": 1
  },
  {
    "abstract": "etc_pistol_revolver",
    "copy-from": "pistol_revolver",
    "type": "GUN",
    "name": { "str": "EC ammo ETC revolver" },
    "valid_mod_locations": [ [ "accessories", 4 ], [ "barrel", 1 ], [ "grip", 1 ], [ "mechanism", 4 ], [ "sights", 1 ], [ "stock", 1 ] ]
  },
  {
    "abstract": "etc_pistol_revolver_1ups",
    "copy-from": "etc_pistol_revolver",
    "type": "GUN",
    "name": { "str": "base ETC revolver" },
    "ups_charges": 1
  },
  {
    "abstract": "etc_pistol_revolver_2ups",
    "copy-from": "etc_pistol_revolver",
    "type": "GUN",
    "name": { "str": "2 charges ETC revolver" },
    "ups_charges": 2
  },
  {
    "abstract": "etc_rifle_base",
    "copy-from": "rifle_base",
    "type": "GUN",
    "name": { "str": "EC ammo ETC rifle" },
    "//": "No bore mods. These cannot be just converted to different calibers",
    "valid_mod_locations": [
      [ "accessories", 4 ],
      [ "barrel", 1 ],
      [ "grip", 1 ],
      [ "sling", 1 ],
      [ "brass catcher", 1 ],
      [ "mechanism", 4 ],
      [ "magazine", 1 ],
      [ "muzzle", 1 ],
      [ "rail", 1 ],
      [ "sights", 1 ],
      [ "stock", 1 ],
      [ "underbarrel", 1 ]
    ]
  },
  {
    "abstract": "etc_rifle_base_1ups",
    "copy-from": "etc_rifle_base",
    "type": "GUN",
    "name": { "str": "base ETC rifle" },
    "ups_charges": 1
  },
  {
    "abstract": "etc_rifle_base_2ups",
    "copy-from": "etc_rifle_base",
    "type": "GUN",
    "name": { "str": "2 charges ETC rifle" },
    "ups_charges": 2
  },
  {
    "abstract": "etc_rifle_manual",
    "copy-from": "rifle_manual",
    "type": "GUN",
    "name": { "str_sp": "EC ammo ETC rifle with manual actions" },
    "//": "No magazine or bore mods",
    "valid_mod_locations": [
      [ "accessories", 4 ],
      [ "barrel", 1 ],
      [ "grip", 1 ],
      [ "sling", 1 ],
      [ "brass catcher", 1 ],
      [ "mechanism", 4 ],
      [ "muzzle", 1 ],
      [ "rail", 1 ],
      [ "sights", 1 ],
      [ "stock", 1 ],
      [ "underbarrel", 1 ]
    ]
  },
  {
    "abstract": "etc_rifle_manual_1ups",
    "copy-from": "etc_rifle_manual",
    "type": "GUN",
    "name": { "str_sp": "ETC rifle with manual actions" },
    "ups_charges": 1
  },
  {
    "abstract": "etc_rifle_manual_2ups",
    "copy-from": "etc_rifle_manual",
    "type": "GUN",
    "name": { "str_sp": "2 charges ETC rifle with manual actions" },
    "ups_charges": 2
  },
  {
    "abstract": "etc_smg_base",
    "copy-from": "smg_base",
    "type": "GUN",
    "name": { "str": "base ETC SMG" },
    "ups_charges": 1
  }
]
