[
  {
    "id": "ocges_biorifle",
    "type": "GUN",
    "copy-from": "watercannon",
    "looks_like": "watercannon",
    "name": { "str": "OCGES Biorifle" },
    "description": "A curious OmniCorp Skunkworks prototype, this looks a bit like a fire truck water cannon and performs just like one if you load it with with normal water or connect it to the water tank of a vehicle. The difference is that this is acidproof and a strong enough survivor could fire it unmounted. Supposedly its inventor created it due to a strange mood after reading Fahrenheit 451.",
    "price": "900 USD",
    "material": [ "plastic", "steel" ],
    "delete": { "flags": [ "MOUNTED_GUN", "NO_RELOAD" ] },
    "ammo": [ "acid", "water" ],
    "weight": "28 kg",
    "volume": "15 L",
    "price_postapoc": "8 USD",
    "clip_size": 32,
    "pocket_data": [ { "pocket_type": "MAGAZINE", "ammo_restriction": { "acid": 32, "water": 32 }, "watertight": true } ],
    "reload": 100,
    "valid_mod_locations": [ [ "sights", 1 ], [ "stock", 1 ], [ "underbarrel", 1 ], [ "sling", 1 ] ]
  }
]
