[
  {
    "id": "ocg_xe50_ionmace",
    "copy-from": "v29",
    "looks_like": "v29",
    "type": "GUN",
    "name": { "str": "OCG XE50 Ion Mace" },
    "description": "OmniCorp XE50 is a battery-fed electrolaser \"shotgun\" with extremely limited range, one less-lethal and two lethal fire modes. Its scatter beams have the capability of stunning targets, disabling electronics with EMP, depleting a rechargeable battery in less than one second and ignore almost any armor.",
    "//": "High DPS potential despite its stats. Usefulness depends on the availability of spare batteries, for only one 450ms 'burst' is enough to deplete a standard medium battery.",
    "ammo": "battery",
    "weight": "500 g",
    "volume": "1375 ml",
    "longest_side": "422 mm",
    "price": "9000 USD",
    "price_postapoc": "30 USD",
    "material": [ "superalloy", "plastic" ],
    "range": 7,
    "ranged_damage": { "damage_type": "electric", "amount": 9, "armor_penetration": 5 },
    "dispersion": 200,
    "loudness": 10,
    "ups_charges": 0,
    "ammo_to_fire": 50,
    "reload": 100,
    "pocket_data": [
      {
        "magazine_well": "525 ml",
        "pocket_type": "MAGAZINE_WELL",
        "flag_restriction": [ "BATTERY_MEDIUM" ],
        "default_magazine": "medium_battery_cell"
      }
    ],
    "valid_mod_locations": [
      [ "accessories", 2 ],
      [ "loading port", 1 ],
      [ "sling", 1 ],
      [ "grip", 1 ],
      [ "rail", 1 ],
      [ "sights", 1 ],
      [ "stock", 1 ],
      [ "underbarrel", 1 ]
    ],
    "modes": [ [ "DEFAULT", "45ms", 1 ], [ "EBURST", "450ms", 10 ], [ "FAUTO", "cont.", 22 ] ],
    "ammo_effects": [ "DRAW_LASER_BEAM", "SHOT", "NOGIB", "INCENDIARY", "BEANBAG", "EMP" ],
    "flags": [ "NEVER_JAMS", "NON-FOULING", "NEEDS_NO_LUBE" ]
  }
]