[
  {
    "id": "ocg_gauss_carbine166",
    "copy-from": "etc_rifle_base",
    "type": "GUN",
    "name": { "str": "OCG GC166 Gauss carbine" },
    "description": "A milspec bullpup coilgun which can shoot proprietary OmniCorp magpins and, with reduced efficiency, DIY flechettes and nails. Fed by UPS and a 120-round helical magazine. Bulky due to its capacitor and thick ceramic reinforced barrel but very compact in length.",
    "weight": "2220 g",
    "volume": "2400 ml",
    "longest_side": "49 cm",
    "//": "Short 90 mm/3.5 in barrel. Rare, milspec, mostly silent, plentiful ammo and made of some quite expensive materials. Its price would be inflated.",
    "price": "9000 USD",
    "price_postapoc": "200 USD",
    "to_hit": -1,
    "bashing": 12,
    "material": [ "ceramic", "plastic", "steel" ],
    "ammo": [ "magpin", "nail" ],
    "range": 32,
    "ranged_damage": { "damage_type": "bullet", "amount": 16, "armor_penetration": 30 },
    "loudness": -129,
    "dispersion": 70,
    "durability": 9,
    "ups_charges": 7,
    "looks_like": "calico",
    "modes": [ [ "DEFAULT", "semi", 1 ], [ "EBURST", "3 rd.", 3 ], [ "FAUTO", "auto", 4 ] ],
    "valid_mod_locations": [
      [ "accessories", 4 ],
      [ "sling", 1 ],
      [ "grip", 1 ],
      [ "mechanism", 4 ],
      [ "rail", 1 ],
      [ "sights", 1 ],
      [ "stock", 1 ],
      [ "underbarrel", 1 ]
    ],
    "pocket_data": [
      {
        "magazine_well": "500 ml",
        "pocket_type": "MAGAZINE_WELL",
        "item_restriction": [
          "gc166mag"
        ]
      }
    ],
    "flags": [ "NEVER_JAMS", "NON-FOULING", "NEEDS_NO_LUBE" ],
    "faults": [  ]
  }
]
