[
  {
    "id": "ocg_plasma_shotgun",
    "looks_like": "plasma_rifle",
    "type": "GUN",
    "reload_noise_volume": 10,
    "symbol": "(",
    "color": "brown",
    "name": { "str": "OCG X12P plasma shotgun" },
    "description": "OmniCorp's X12P fires \"sunshots\": heated hydrogen plasma pellets enveloped with polymers in a spread pattern. Instead of exploding, whenever these hit something solid, it is almost guaranteed to enter spontaneous combustion, starting a chain reaction that \"bounces\" through convection to anything too close, including a shooter stupid enough to fire this at point-blank. Powered by UPS.",
    "price": "20000 USD",
    "material": [ "superalloy", "tungsten" ],
    "flags": [ "NEVER_JAMS", "NON-FOULING", "NEEDS_NO_LUBE", "NO_UNLOAD", "RELOAD_ONE" ],
    "ups_charges": 200,
    "//": "This is safer to shoot than the other plasma guns and can incinerate tightly packed hordes better than most but the BOUNCE effect makes this very dangerous in CQB, specially indoors. Using both an incendiary AOE and INCENDIARY will really set everything moving or shambling in its path on fire.",
    "ammo_effects": [ "SHOT", "PLASMA", "INCENDIARY", "WOOLYPETER_SHOT", "BOUNCE" ],
    "skill": "shotgun",
    "ammo": "plasma",
    "weight": "3740 g",
    "volume": "4 L",
    "longest_side": "777 mm",
    "price_postapoc": "100 USD",
    "bashing": 12,
    "to_hit": -1,
    "range": -4,
    "ranged_damage": { "damage_type": "heat", "amount": 45 },
    "dispersion": 190,
    "durability": 8,
    "modes": [ [ "DEFAULT", "semi", 1 ] ],
    "clip_size": 5,
    "reload": 100,
    "valid_mod_locations": [
      [ "accessories", 4 ],
      [ "emitter", 1 ],
      [ "grip", 1 ],
      [ "mechanism", 4 ],
      [ "rail", 1 ],
      [ "sights", 1 ],
      [ "sling", 1 ],
      [ "stock", 1 ],
      [ "underbarrel", 1 ]
    ],
    "pocket_data": [ { "pocket_type": "MAGAZINE", "ammo_restriction": { "plasma": 5 } } ]
  },
  {
    "id": "ocg_xnu_laser",
    "copy-from": "laser_rifle",
    "looks_like": "laser_rifle",
    "type": "GUN",
    "name": { "str": "OCG XNU laser rifle" },
    "description": "A titanium:sapphire near-ultraviolet laser powered with a rechargeable hydrogen fuel cell fed by a solid hydrogen canister, the XNU is deadly invisible. While technically it is not a rifle because there is no rifling, pedants in OmniCorp R&D were speechless in awe of its firepower, drinking atomic coffee brewed using water byproduct from a freshly recharged cell and so the misnomer carried on.",
    "ammo": "battery",
    "weight": "3500 g",
    "price": "19000 USD",
    "price_postapoc": "100 USD",
    "//": "It's not possible to make the laser both invisible and capable of passing through transparent barriers in-game without hardcoded changes",
    "material": [ "superalloy", "plastic", "aluminum" ],
    "color": "magenta",
    "range": 40,
    "ranged_damage": { "damage_type": "heat", "amount": 66, "armor_penetration": 20 },
    "dispersion": 5,
    "durability": 8,
    "modes": [ [ "DEFAULT", "250ms", 1 ], [ "EBURST", "500ms", 2 ], [ "FAUTO", "cont.", 4 ] ],
    "loudness": 12,
    "ups_charges": 0,
    "ammo_to_fire": 100,
    "valid_mod_locations": [
      [ "lens", 1 ],
      [ "sling", 1 ],
      [ "loading port", 1 ],
      [ "grip mount", 1 ],
      [ "rail mount", 1 ],
      [ "sights mount", 1 ],
      [ "stock mount", 1 ],
      [ "underbarrel mount", 1 ]
    ],
    "pocket_data": [
      {
        "pocket_type": "MAGAZINE_WELL",
        "item_restriction": [
          "ocm_xnu_mea_hydrocell"
        ]
      }
    ],
    "reload": 100,
    "flags": [ "NEVER_JAMS", "NON-FOULING", "NEEDS_NO_LUBE", "WATERPROOF_GUN" ]
  }
]
