[
  {
    "id": "ocgl_12c_stormbolter",
    "copy-from": "shotgun_base",
    "type": "GUN",
    "name": { "str": "OCG-Leadworks 12C Storm Bolter" },
    "//": "Leadworks got purged from mainline, so here is a double barrel Super-Shorty Mini-Shotgun",
    "description": "This is a short, light and compact enough double barrel shotgun to be wielded one-handed and used as a \"sidearm\", with a pair of very small tubular magazines holding only 2 shells each. Curiously, it was part of a crowdfund campaign by die-hard fans of a tactical board game with miniatures set in a grimdark medieval space opera with inquisitors among others using similar but larger bore and gyrojet based \"handguns\". Like the Inquisition, nobody expected this.",
    "weight": "2 kg",
    "volume": "1250 ml",
    "longest_side": "45 cm",
    "price": "2000 USD",
    "price_postapoc": "50 USD",
    "to_hit": -1,
    "bashing": 12,
    "material": [ "superalloy", "steel", "plastic" ],
    "dispersion": 620,
    "durability": 7,
    "modes": [ [ "DEFAULT", "semi", 1 ], [ "DOUBLE", "double", 2, "SIMULTANEOUS" ] ],
    "ranged_damage": { "damage_type": "bullet", "amount": -6 },
    "reload": 85,
    "clip_size": 4,
    "pocket_data": [ { "pocket_type": "MAGAZINE", "rigid": true, "ammo_restriction": { "shot": 4 } } ],
    "looks_like": "deagle_44",
    "extend": { "flags": [ "RELOAD_ONE" ] },
    "valid_mod_locations": [ [ "accessories", 4 ], [ "grip", 1 ], [ "sling", 1 ], [ "sights", 1 ], [ "underbarrel", 1 ], [ "rail mount", 1 ], [ "brass catcher", 1 ] ]
  },
  {
    "id": "ocg_12d_slamdunk",
    "copy-from": "shotgun_base",
    "type": "GUN",
    "name": { "str": "OCG 12D Slam Dunk" },
    "description": "This prototype now snatched from OmniCorp Skunkworks by a survivor is either utterly mad or the ultimate holdout gun. It has one tiny tubular magazine that would be pointless in a shotgun with a conventional action because it can store only one shell. Even more strange it has no trigger, just a safety lever. This is likely the world's first slam fire only shotgun: faster to reload than a normal break action shotgun, with safety off, once a shell is in, the action will shoot it immediately, not even a trigger pull required.",
    "weight": "1800 g",
    "volume": "1700 ml",
    "longest_side": "45 cm",
    "price": "500 USD",
    "price_postapoc": "25 USD",
    "to_hit": -1,
    "bashing": 12,
    "material": [ "superalloy", "steel", "wood" ],
    "dispersion": 490,
    "durability": 9,
    "reload": 50,
    "clip_size": 1,
    "looks_like": "shotgun_s",
    "extend": { "flags": [ "RELOAD_AND_SHOOT" ] },
    "pocket_data": [
      {
        "pocket_type": "MAGAZINE",
        "rigid": true,
        "ammo_restriction": {
          "shot": 1
        }
      }
    ],
    "valid_mod_locations": [ [ "accessories", 4 ], [ "stock", 1 ], [ "grip", 1 ], [ "sling", 1 ], [ "sights", 1 ], [ "underbarrel", 1 ], [ "rail mount", 1 ], [ "brass catcher", 1 ] ]
  },
  {
    "id": "ocg12_excidia",
    "type": "GUN",
    "copy-from": "shotgun_base",
    "name": { "str_sp": "OCG12 Excidia" },
    "//": "Feed system and action inspired by the Gilboa Snake assault rifle. Shared gas port is as long as the barrels in this one, can't be sawn off. Same thing on the two gas ports of the 12-S",
    "description": "Perhaps the pinnacle of overkill, OmniCorp Excidia is an automatic double barrel shotgun. Contains two improved chokes, magazines and mirrored ejection ports, but only one trigger: fire modes are set through a selector lever. Its action only supports double shots or full auto. Uses two stacked Saiga-12 or proprietary magazines.",
    "weight": "4 kg",
    "volume": "4800 ml",
    "longest_side": "995 mm",
    "price": "6200 USD",
    "price_postapoc": "95 USD",
    "to_hit": -1,
    "bashing": 12,
    "material": [ "superalloy", "steel", "plastic" ],
    "dispersion": 350,
    "durability": 8,
    "reload": 150,
    "modes": [ [ "DEFAULT", "double", 2, "SIMULTANEOUS" ], [ "FAUTO", "auto", 4 ] ],
    "built_in_mods": [ "ocg_grippod_fg", "ocg_grippod_bipod", "stabilizer", "recoil_stock", "barrel_ported" ],
    "pocket_data": [
      {
        "magazine_well": "500 ml",
        "pocket_type": "MAGAZINE_WELL",
        "item_restriction": [
          "excidia40mag",
          "excidia20mags12"
        ],
        "default_magazine": "excidia40mag"
      }
    ],
    "looks_like": "saiga_12",
    "valid_mod_locations": [
      [ "accessories", 4 ],
      [ "grip", 1 ],
      [ "brass catcher", 1 ],
      [ "grip", 1 ],
      [ "mechanism", 4 ],
      [ "muzzle", 1 ],
      [ "rail", 1 ],
      [ "sights", 1 ],
      [ "sling", 1 ],
      [ "stock", 1 ],
      [ "underbarrel", 1 ]
    ]
  },
  {
    "id": "ocg12s_scuta",
    "type": "GUN",
    "copy-from": "ocg12_excidia",
    "name": { "str_sp": "OCG12-S Scuta" },
    "description": "A less overkill, semi automatic version of the Omnicorp Excidia double barrel shotgun minus its built-in accessories and a double trigger instead of a fire selector lever, supporting single shots. Smaller thanks to its telescopic stock, but with greater felt recoil. Uses two stacked Saiga-12 or proprietary magazines.",
    "weight": "3 kg",
    "longest_side": "80 cm",
    "price": "3000 USD",
    "price_postapoc": "50 USD",
    "dispersion": 345,
    "reload": 150,
    "modes": [ [ "DEFAULT", "semi", 1 ], [ "DOUBLE", "double", 2, "SIMULTANEOUS" ] ],
    "built_in_mods": "ocg_telescopic_stock",
    "valid_mod_locations": [
      [ "accessories", 4 ],
      [ "grip", 1 ],
      [ "brass catcher", 1 ],
      [ "grip", 1 ],
      [ "mechanism", 4 ],
      [ "rail", 1 ],
      [ "sights", 1 ],
      [ "sling", 1 ],
      [ "stock", 1 ],
      [ "underbarrel", 1 ]
    ]
  }
]
