[
  {
    "id": "shield_wooden",
    "type": "ARMOR",
    "name": { "str": "wooden shield" },
    "category": "armor",
    "description": "A crude wooden shield, lacking any metal or leather reinforcement.  Lightweight but not very tough.",
    "weight": "2267 g",
    "volume": "3750 ml",
    "price": "800 USD",
    "to_hit": -1,
    "bashing": 8,
    "material": [ "wood" ],
    "symbol": "[",
    "color": "brown",
    "sided": true,
    "techniques": [ "WBLOCK_2" ],
    "flags": [ "OVERSIZE", "BELTED", "RESTRICT_HANDS", "BLOCK_WHILE_WORN" ],
    "armor": [
      {
        "encumbrance": 15,
        "coverage": 90,
        "covers": [ "arm_l", "arm_r", "hand_l", "hand_r" ],
        "material": [ "wood" ],
        "material_thickness": 2
      }
    ]
  },
  {
    "id": "shield_wooden_large",
    "type": "ARMOR",
    "name": { "str": "large wooden shield" },
    "category": "armor",
    "description": "An ancient style of wooden shield, lacking any metal or leather reinforcement.  Bulky, but offers a decent amount of protection.",
    "weight": "3828 g",
    "volume": "5 L",
    "price": "900 USD",
    "to_hit": -1,
    "bashing": 10,
    "material": [ "wood" ],
    "symbol": "[",
    "color": "light_gray",
    "sided": true,
    "techniques": [ "WBLOCK_3" ],
    "flags": [ "OVERSIZE", "BELTED", "RESTRICT_HANDS", "BLOCK_WHILE_WORN" ],
    "armor": [
      {
        "encumbrance": 25,
        "coverage": 100,
        "covers": [ "arm_l", "arm_r", "hand_l", "hand_r" ],
        "material": [ "wood" ],
        "material_thickness": 2
      }
    ]
  },
  {
    "id": "shield_heater",
    "type": "ARMOR",
    "name": { "str": "heater shield" },
    "category": "armor",
    "//": "Doesn't use leather in material because it's not meant to be sewn up",
    "description": "A medieval style of shield made of wood overlaid with leather, developed from the longer kite shield.  Mainly used in tournaments, but still viable in battle.",
    "weight": "3175 g",
    "volume": "4 L",
    "price": "900 USD",
    "bashing": 4,
    "material": [ "wood" ],
    "symbol": "[",
    "color": "light_gray",
    "sided": true,
    "material_thickness": 3,
    "techniques": [ "WBLOCK_2" ],
    "flags": [ "OVERSIZE", "BELTED", "RESTRICT_HANDS", "BLOCK_WHILE_WORN" ],
    "armor": [
      {
        "encumbrance": 10,
        "coverage": 90,
        "covers": [ "arm_l", "arm_r", "hand_l", "hand_r" ],
        "material": [ "wood" ],
        "material_thickness": 3
      }
    ]
  },
  {
    "id": "shield_kite",
    "type": "ARMOR",
    "name": { "str": "kite shield" },
    "category": "armor",
    "//": "Doesn't use leather in material because it's not meant to be sewn up",
    "description": "A classic medieval style of shield, made of wood overlaid with leather, in an elongated teardrop shape.  Affords decent protection, but was better suited for cavalry.",
    "weight": "3628 g",
    "volume": "5 L",
    "price": "1200 USD",
    "to_hit": -1,
    "bashing": 8,
    "material": [ "wood" ],
    "symbol": "[",
    "color": "light_gray",
    "sided": true,
    "techniques": [ "WBLOCK_3" ],
    "flags": [ "OVERSIZE", "BELTED", "RESTRICT_HANDS", "BLOCK_WHILE_WORN" ],
    "armor": [
      {
        "encumbrance": 20,
        "coverage": 95,
        "covers": [ "arm_l", "arm_r", "hand_l", "hand_r" ],
        "material": [ "wood" ],
        "material_thickness": 3
      }
    ]
  },
  {
    "id": "shield_round",
    "type": "ARMOR",
    "name": { "str": "round shield" },
    "category": "armor",
    "description": "A simple round shield made of wood, with a rim and boss of iron.  Made infamous by the Vikings.",
    "weight": "3400 g",
    "volume": "4 L",
    "price": "1100 USD",
    "bashing": 8,
    "material": [ "wood", "iron" ],
    "symbol": "[",
    "color": "blue",
    "sided": true,
    "techniques": [ "WBLOCK_2" ],
    "flags": [ "OVERSIZE", "BELTED", "RESTRICT_HANDS", "BLOCK_WHILE_WORN" ],
    "armor": [
      {
        "encumbrance": 15,
        "coverage": 90,
        "covers": [ "arm_l", "arm_r", "hand_l", "hand_r" ],
        "material": [ "wood", "iron" ],
        "material_thickness": 3
      }
    ]
  },
  {
    "id": "shield_hoplon",
    "type": "ARMOR",
    "name": { "str": "hoplon" },
    "category": "armor",
    "description": "A convex round shield from ancient Greece, made of wood reinforced with bronze.  Heavy but effective.",
    "weight": "4082 g",
    "volume": "4500 ml",
    "price": "1200 USD",
    "to_hit": -1,
    "bashing": 12,
    "material": [ "wood", "bronze" ],
    "symbol": "[",
    "color": "yellow",
    "sided": true,
    "techniques": [ "WBLOCK_2" ],
    "flags": [ "OVERSIZE", "BELTED", "RESTRICT_HANDS", "BLOCK_WHILE_WORN" ],
    "armor": [
      {
        "encumbrance": 20,
        "coverage": 90,
        "covers": [ "arm_l", "arm_r", "hand_l", "hand_r" ],
        "material": [ "wood", "bronze" ],
        "material_thickness": 4
      }
    ]
  },
  {
    "id": "shield_scutum",
    "type": "ARMOR",
    "name": { "str": "scutum", "str_pl": "scuta" },
    "category": "armor",
    "description": "A rectangular shield from ancient Rome, made of wood and iron.  Perfect for fighting in formation, but not ideal for facing zombies alone.",
    "weight": "4535 g",
    "volume": "5500 ml",
    "price": "1250 USD",
    "to_hit": -1,
    "bashing": 10,
    "material": [ "wood", "iron" ],
    "symbol": "[",
    "color": "red",
    "sided": true,
    "techniques": [ "WBLOCK_3" ],
    "flags": [ "OVERSIZE", "BELTED", "RESTRICT_HANDS", "BLOCK_WHILE_WORN" ],
    "armor": [
      {
        "encumbrance": 25,
        "coverage": 100,
        "covers": [ "arm_l", "arm_r", "hand_l", "hand_r" ],
        "material": [ "wood", "iron" ],
        "material_thickness": 4
      }
    ]
  },
  {
    "id": "shield_buckler",
    "type": "ARMOR",
    "name": { "str": "buckler" },
    "category": "armor",
    "description": "A small metal shield from the late medieval and renaissance periods.  Extremely light and tough, but its small size is as much a hindrance as it is an advantage.",
    "weight": "1814 g",
    "volume": "2500 ml",
    "price": "1400 USD",
    "bashing": 8,
    "material": [ "steel" ],
    "symbol": "[",
    "color": "dark_gray",
    "sided": true,
    "techniques": [ "WBLOCK_2" ],
    "flags": [ "OVERSIZE", "STURDY", "BELTED", "RESTRICT_HANDS", "BLOCK_WHILE_WORN" ],
    "armor": [
      {
        "encumbrance": 10,
        "coverage": 80,
        "covers": [ "arm_l", "arm_r", "hand_l", "hand_r" ],
        "material": [ "steel" ],
        "material_thickness": 3
      }
    ]
  },
  {
    "id": "helmet_szyszak",
    "type": "ARMOR",
    "category": "armor",
    "name": { "str": "szyszak", "str_pl": "szyszaki" },
    "description": "A post-Renaissance type of lobster-tailed helmet with an ornate crest, short brim, and well-decorated protection for the eyes and nose.",
    "weight": "966 g",
    "volume": "2500 ml",
    "price": "400 USD",
    "bashing": 10,
    "material": [ "steel", "leather" ],
    "symbol": "[",
    "color": "light_gray",
    "warmth": 10,
    "techniques": [ "WBLOCK_2" ],
    "flags": [ "FANCY", "VARSIZE", "STURDY", "SUN_GLASSES" ],
    "armor": [
      {
        "encumbrance": 30,
        "coverage": 80,
        "covers": [ "head", "eyes" ],
        "material": [ "steel", "leather" ],
        "material_thickness": 4
      }
    ]
  },
  {
    "id": "wings_ornamental",
    "type": "ARMOR",
    "name": { "str": "ornamental wings", "str_pl": "ornamental wings" },
    "description": "A wooden frame richly decorated with feathers, with harness securing them at the waist.  Looks badass and provides minor protection, but not very practical overall.",
    "weight": "933 g",
    "volume": "6 L",
    "price": "420 USD",
    "material": [ "wood", "cotton" ],
    "symbol": "[",
    "color": "white",
    "warmth": 5,
    "flags": [ "WAIST", "SUPER_FANCY", "BLOCK_WHILE_WORN" ],
    "armor": [
      { "encumbrance": 10, "coverage": 20, "covers": [ "torso" ], "material": [ "wood", "cotton" ], "material_thickness": 2 }
    ]
  },
  {
    "id": "gambeson",
    "copy-from": "gambeson",
    "type": "ARMOR",
    "name": { "str": "gambeson" },
    "material_thickness": 7
  }
]
