[
  {
    "id": "dusksword",
    "copy-from": "longsword",
    "type": "TOOL",
    "name": { "str": "Dusk", "str_pl": "Dusk" },
    "//": "This was an old, debug-only item that someone asked me to add a long time ago, in response to getting ideas and advice from them.",
    "description": "A longsword, made out of a very dark, almost black metal.  It seems to hold a greater edge than usual steel blades and feels …more comfortable in the hand.  While the blade is made out of this dark metal, the crossguard and the pommel seem to be made out of a brighter material, which feels abnormally cool to the touch.",
    "weight": "2653 g",
    "volume": "2750 ml",
    "price": "2600 USD",
    "to_hit": 2,
    "bashing": 17,
    "cutting": 42,
    "material": [ "superalloy" ],
    "color": "dark_gray"
  },
  {
    "id": "sword_gladius",
    "type": "TOOL",
    "category": "weapons",
    "looks_like": "sword_forged",
    "name": { "str": "gladius", "str_pl": "gladii" },
    "description": "A thrusting sword adopted by Ancient Rome during the conquest of the Iberian Peninsula, the \"gladius hispaniensis\" supplanted the hasta as the most common weapon of the Roman Legions, until the shift towards the longer spatha during the later days of the Empire.",
    "weight": "750 g",
    "volume": "1750 ml",
    "price": "120 USD",
    "to_hit": 2,
    "bashing": 6,
    "cutting": 24,
    "material": [ "steel" ],
    "symbol": "!",
    "color": "light_gray",
    "techniques": [ "WBLOCK_2" ],
    "qualities": [ [ "CUT", 1 ], [ "BUTCHER", 8 ] ],
    "flags": [ "SHEATH_SWORD", "DURABLE_MELEE", "SPEAR" ]
  }
]
