[
  {
    "id": "belt10mm",
    "copy-from": "magazine_belt",
    "type": "MAGAZINE",
    "name": { "str": "10mm Auto ammo belt" },
    "ammo_type": "10mm",
    "capacity": 690,
    "count": 400,
    "default_ammo": "10mm_fmj",
    "linkage": "ammolink10mm",
    "pocket_data": [ { "pocket_type": "MAGAZINE", "rigid": true, "ammo_restriction": { "10mm": 690 } } ],
    "looks_like": "belt223"
  },
  {
    "id": "ocg_id10mag",
    "type": "MAGAZINE",
    "name": { "str": "OCM-ID6 Id10 Magazine" },
    "description": "6-round magazine for the Id10 that fits inside its magazine well.",
    "weight": "25 g",
    "volume": "100 ml",
    "price": "20 USD",
    "price_postapoc": "1 USD",
    "material": [ "superalloy" ],
    "symbol": "#",
    "color": "dark_gray",
    "ammo_type": [ "10mm", "40" ],
    "capacity": 6,
    "pocket_data": [ { "pocket_type": "MAGAZINE", "rigid": true, "ammo_restriction": { "10mm": 6, "40": 6 } } ],
    "looks_like": "usp9mag",
    "flags": [ "MAG_COMPACT" ]
  },
  {
    "id": "ocg_10mmchaingun_mag",
    "type": "MAGAZINE",
    "name": { "str": "OCM-N10/74 magazine" },
    "description": "A 74-round helical magazine for use with the OCG N10 Chaingun.",
    "weight": "350 g",
    "volume": "750 ml",
    "price": "300 USD",
    "price_postapoc": "30 USD",
    "material": [ "superalloy" ],
    "symbol": "#",
    "color": "dark_gray",
    "ammo_type": [ "10mm", "40" ],
    "capacity": 74,
    "pocket_data": [ { "pocket_type": "MAGAZINE", "rigid": true, "ammo_restriction": { "10mm": 74, "40": 74 } } ],
    "reload_time": 60,
    "looks_like": "360_200_mag",
    "flags": [ "MAG_COMPACT" ]
  },
  {
    "id": "ocg_10mmchaingun_magext",
    "type": "MAGAZINE",
    "name": { "str": "OCM-N10/150 drum magazine" },
    "description": "A 150-round drum magazine for use with the OCG N10 Chaingun.",
    "weight": "700 g",
    "volume": "1500 ml",
    "price": "300 USD",
    "price_postapoc": "25 USD",
    "//": "Cheaper because it is less reliable compared to the helical magazine. An ammo belt is probably a better option than this",
    "material": [ "superalloy" ],
    "symbol": "#",
    "color": "dark_gray",
    "ammo_type": [ "10mm", "40" ],
    "capacity": 150,
    "pocket_data": [ { "pocket_type": "MAGAZINE", "rigid": true, "ammo_restriction": { "10mm": 150, "40": 150 } } ],
    "reload_time": 60,
    "looks_like": "360_400_mag",
    "flags": [ "MAG_BULKY" ]
  },
  {
    "id": "ocgl_ym1_mag",
    "type": "MAGAZINE",
    "name": { "str": "OCLM-YM1 magazine" },
    "description": "A 30-round magazine for the OCG-Leadworks YM1 and YM14 Carbine PDWs.",
    "weight": "120 g",
    "volume": "500 ml",
    "longest_side": "200 mm",
    "price": "40 USD",
    "price_postapoc": "5 USD",
    "material": [ "superalloy" ],
    "symbol": "#",
    "color": "dark_gray",
    "ammo_type": [ "10mm", "40" ],
    "capacity": 30,
    "pocket_data": [ { "pocket_type": "MAGAZINE", "rigid": true, "ammo_restriction": { "10mm": 30, "40": 30 } } ],
    "looks_like": "glockbigmag",
    "flags": [ "MAG_COMPACT" ]
  }
]