[
  {
    "id": "stanag5",
    "copy-from": "stanag5",
    "type": "MAGAZINE",
    "name": { "str": "STANAG 5-round magazine" },
    "ammo_type": [ "223", "300blk", "556etc" ],
    "pocket_data": [ { "pocket_type": "MAGAZINE", "rigid": true, "ammo_restriction": { "223": 5, "300blk": 5, "556etc": 5 } } ]
  },
  {
    "id": "stanag10",
    "copy-from": "stanag10",
    "type": "MAGAZINE",
    "name": { "str": "STANAG 10-round magazine" },
    "ammo_type": [ "223", "300blk", "556etc" ],
    "pocket_data": [ { "pocket_type": "MAGAZINE", "rigid": true, "ammo_restriction": { "223": 10, "300blk": 10, "556etc": 10 } } ]
  },
  {
    "id": "stanag20",
    "copy-from": "stanag20",
    "type": "MAGAZINE",
    "name": { "str": "STANAG 20-round magazine" },
    "ammo_type": [ "223", "300blk", "556etc" ],
    "pocket_data": [ { "pocket_type": "MAGAZINE", "rigid": true, "ammo_restriction": { "223": 20, "300blk": 20, "556etc": 20 } } ]
  },
  {
    "id": "stanag30",
    "copy-from": "stanag30",
    "name": { "str": "STANAG 30-round magazine" },
    "type": "MAGAZINE",
    "ammo_type": [ "223", "300blk", "556etc" ],
    "pocket_data": [ { "pocket_type": "MAGAZINE", "rigid": true, "ammo_restriction": { "223": 30, "300blk": 30, "556etc": 30 } } ]
  },
  {
    "id": "stanag40",
    "copy-from": "stanag40",
    "type": "MAGAZINE",
    "name": { "str": "STANAG 40-round magazine" },
    "ammo_type": [ "223", "300blk", "556etc" ],
    "pocket_data": [ { "pocket_type": "MAGAZINE", "rigid": true, "ammo_restriction": { "223": 40, "300blk": 40, "556etc": 40 } } ]
  },
  {
    "id": "stanag50",
    "copy-from": "stanag50",
    "type": "MAGAZINE",
    "name": { "str": "STANAG 50-round drum magazine" },
    "ammo_type": [ "223", "300blk", "556etc" ],
    "pocket_data": [ { "pocket_type": "MAGAZINE", "rigid": true, "ammo_restriction": { "223": 50, "300blk": 50, "556etc": 50 } } ]
  },
  {
    "id": "stanag60",
    "copy-from": "stanag60",
    "type": "MAGAZINE",
    "name": { "str": "STANAG 60-round magazine" },
    "ammo_type": [ "223", "300blk", "556etc" ],
    "pocket_data": [ { "pocket_type": "MAGAZINE", "rigid": true, "ammo_restriction": { "223": 60, "300blk": 60, "556etc": 60 } } ]
  },
  {
    "id": "stanag60drum",
    "copy-from": "stanag60drum",
    "type": "MAGAZINE",
    "name": { "str": "STANAG 60-round drum magazine" },
    "ammo_type": [ "223", "300blk", "556etc" ],
    "pocket_data": [ { "pocket_type": "MAGAZINE", "rigid": true, "ammo_restriction": { "223": 60, "300blk": 60, "556etc": 60 } } ]
  },
  {
    "id": "stanag90",
    "copy-from": "stanag90",
    "type": "MAGAZINE",
    "name": { "str": "STANAG 90-round snail drum magazine" },
    "ammo_type": [ "223", "300blk", "556etc" ],
    "pocket_data": [ { "pocket_type": "MAGAZINE", "rigid": true, "ammo_restriction": { "223": 90, "300blk": 90, "556etc": 90 } } ]
  },
  {
    "id": "stanag100",
    "copy-from": "stanag100",
    "type": "MAGAZINE",
    "name": { "str": "STANAG 100-round magazine" },
    "ammo_type": [ "223", "300blk", "556etc" ],
    "pocket_data": [ { "pocket_type": "MAGAZINE", "rigid": true, "ammo_restriction": { "223": 100, "300blk": 100, "556etc": 100 } } ]
  },
  {
    "id": "stanag100drum",
    "copy-from": "stanag100drum",
    "type": "MAGAZINE",
    "name": { "str": "STANAG 100-round double drum magazine" },
    "ammo_type": [ "223", "300blk", "556etc" ],
    "pocket_data": [ { "pocket_type": "MAGAZINE", "rigid": true, "ammo_restriction": { "223": 100, "300blk": 100, "556etc": 100 } } ]
  },
  {
    "id": "stanag150",
    "copy-from": "stanag150",
    "type": "MAGAZINE",
    "name": { "str": "STANAG 150-round double drum magazine" },
    "ammo_type": [ "223", "300blk", "556etc" ],
    "pocket_data": [ { "pocket_type": "MAGAZINE", "rigid": true, "ammo_restriction": { "223": 150, "300blk": 150, "556etc": 150 } } ]
  },
  {
    "id": "survivor223mag",
    "copy-from": "survivor223mag",
    "type": "MAGAZINE",
    "name": { "str": "STANAG 5-round makeshift magazine" },
    "ammo_type": [ "223", "300blk", "556etc" ],
    "pocket_data": [ { "pocket_type": "MAGAZINE", "rigid": true, "ammo_restriction": { "223": 5, "300blk": 5, "556etc": 5 } } ]
  }
]
