[
  {
    "id": "22etc_tubeloader",
    "copy-from": "marlin_tubeloader",
    "type": "MAGAZINE",
    "name": { "str": ".22 ETC 20-round tube loader" },
    "description": "This is a tube which holds 20 rounds of .22 electrothermal, designed for quick reloading of a compatible rifle with tubular magazine.",
    "ammo_type": "22etc",
    "weight": "190 g",
    "capacity": 20,
    "pocket_data": [ { "pocket_type": "MAGAZINE", "rigid": true, "ammo_restriction": { "22etc": 20 } } ],
    "looks_like": "marlin_tubeloader"
  },
  {
    "id": "22etc_speedloader",
    "type": "MAGAZINE",
    "name": { "str": ".22 ETC speedloader" },
    "description": "This speedloader can hold 12 rounds of .22 ETC in over/under pairings and quickly reload a compatible double barrel revolver.",
    "weight": "80 g",
    "volume": "250 ml",
    "price": "10 USD",
    "price_postapoc": "2 USD",
    "material": "steel",
    "symbol": "#",
    "color": "light_gray",
    "ammo_type": "22etc",
    "looks_like": "38_speedloader",
    "capacity": 12,
    "pocket_data": [ { "pocket_type": "MAGAZINE", "rigid": true, "ammo_restriction": { "22etc": 12 } } ],
    "flags": [ "SPEEDLOADER" ]
  },
  {
    "id": "belt22etc",
    "copy-from": "magazine_belt",
    "type": "MAGAZINE",
    "name": { "str": ".22 ETC ammo belt" },
    "ammo_type": "22etc",
    "capacity": 1240,
    "count": 1000,
    "default_ammo": "22etc_apt",
    "linkage": "ammolink22etc",
    "pocket_data": [ { "pocket_type": "MAGAZINE", "rigid": true, "ammo_restriction": { "22etc": 1240 } } ],
    "looks_like": "belt223"
  },
  {
    "id": "nanogun_240_mag",
    "type": "MAGAZINE",
    "name": { "str": "OCM-N240 magazine" },
    "description": "A 240-round helical magazine for use with the OCG N8 Nanogun.",
    "weight": "470 g",
    "volume": "700 ml",
    "price": "300 USD",
    "price_postapoc": "30 USD",
    "material": [ "superalloy" ],
    "symbol": "#",
    "color": "dark_gray",
    "ammo_type": "22etc",
    "capacity": 240,
    "pocket_data": [ { "pocket_type": "MAGAZINE", "rigid": true, "ammo_restriction": { "22etc": 240 } } ],
    "reload_time": 60,
    "looks_like": "360_200_mag",
    "flags": [ "MAG_COMPACT" ]
  },
  {
    "id": "nanogun_480_mag",
    "type": "MAGAZINE",
    "name": { "str": "OCM-N480 drum magazine" },
    "description": "A 480-round drum magazine for use with the OCG N8 Nanogun. Better used together with an Advanced UPS or UPS bionic.",
    "weight": "680 g",
    "volume": "1350 ml",
    "price": "400 USD",
    "price_postapoc": "40 USD",
    "material": [ "superalloy" ],
    "symbol": "#",
    "color": "dark_gray",
    "ammo_type": "22etc",
    "capacity": 480,
    "pocket_data": [ { "pocket_type": "MAGAZINE", "rigid": true, "ammo_restriction": { "22etc": 480 } } ],
    "reload_time": 60,
    "looks_like": "360_400_mag",
    "flags": [ "MAG_BULKY" ]
  },
  {
    "id": "o2020_100_mag",
    "type": "MAGAZINE",
    "name": { "str": "OCM-O2020 magazine" },
    "description": "A translucent polymer box magazine that fits with the frame of the OCG O2020.",
    "weight": "400 g",
    "volume": "500 ml",
    "price": "73 USD",
    "price_postapoc": "9 USD",
    "material": "plastic",
    "symbol": "#",
    "color": "light_gray",
    "ammo_type": "22etc",
    "capacity": 100,
    "pocket_data": [ { "pocket_type": "MAGAZINE", "rigid": true, "ammo_restriction": { "22etc": 100 } } ],
    "looks_like": "fnp90mag",
    "flags": [ "MAG_COMPACT" ]
  },
  {
    "id": "smp_30_mag",
    "type": "MAGAZINE",
    "name": { "str": "OCM-SMP30 magazine" },
    "description": "A factory specification 30-round magazine for the Stealth Machine Pistol. Very reliable and compact.",
    "weight": "140 g",
    "volume": "250 ml",
    "price": "40 USD",
    "price_postapoc": "5 USD",
    "material": "superalloy",
    "symbol": "#",
    "color": "dark_gray",
    "ammo_type": "22etc",
    "capacity": 30,
    "pocket_data": [ { "pocket_type": "MAGAZINE", "rigid": true, "ammo_restriction": { "22etc": 30 } } ],
    "looks_like": "fn57mag",
    "flags": [ "MAG_COMPACT" ]
  },
  {
    "id": "smp_60_mag",
    "type": "MAGAZINE",
    "name": { "str": "OCM-SMP60 extended magazine" },
    "description": "Extended 60-round stick magazine for the Stealth Machine Pistol.",
    "weight": "240 g",
    "volume": "400 ml",
    "price": "79 USD",
    "price_postapoc": "9 USD",
    "material": "superalloy",
    "symbol": "#",
    "color": "dark_gray",
    "ammo_type": "22etc",
    "looks_like": "ruger1022bigmag",
    "capacity": 60,
    "pocket_data": [ { "pocket_type": "MAGAZINE", "rigid": true, "ammo_restriction": { "22etc": 60 } } ],
    "flags": [ "MAG_COMPACT" ]
  },
  {
    "id": "spistol_mag",
    "type": "MAGAZINE",
    "name": { "str": "OCM-SP7 magazine" },
    "description": "A factory specification 7-round polymer magazine for the Stealth Pistol.",
    "weight": "15 g",
    "volume": "100 ml",
    "price": "14 USD",
    "price_postapoc": "2 USD",
    "material": "plastic",
    "symbol": "#",
    "color": "dark_gray",
    "ammo_type": "22etc",
    "capacity": 7,
    "pocket_data": [ { "pocket_type": "MAGAZINE", "rigid": true, "ammo_restriction": { "22etc": 7 } } ],
    "//": "For a pistol that cuts a lot of corners so it can fit inside a pocket despite its integrated suppressor.",
    "looks_like": "mosquitomag",
    "flags": [ "MAG_COMPACT" ]
  }
]
