[
  {
    "id": "smc300mag",
    "type": "MAGAZINE",
    "name": { "str": "OCM-SMC300 magazine" },
    "description": "A 10-round box magazine for the .300 Stockless Marksman Carbine. It is compatible with the M2010 ESR sniper rifle as well.",
    "weight": "156 g",
    "volume": "500 ml",
    "price": "70 USD",
    "price_postapoc": "10 USD",
    "material": "steel",
    "symbol": "#",
    "color": "light_gray",
    "looks_like": "m14mag",
    "ammo_type": "300",
    "capacity": 10,
    "pocket_data": [ { "pocket_type": "MAGAZINE", "rigid": true, "ammo_restriction": { "300": 10 } } ],
    "flags": [ "MAG_COMPACT" ]
  }
]
