[
  {
    "id": "smc308_tubeloader",
    "type": "MAGAZINE",
    "name": { "str": "OCM-SMC308 4-round tube loader" },
    "description": "This is a tube which holds 4 rounds of .308, designed for quick reloading of the SMC308 tubular magazine.",
    "weight": "90 g",
    "volume": "250 ml",
    "price": "70 USD",
    "price_postapoc": "10 USD",
    "material": "steel",
    "symbol": "#",
    "color": "light_gray",
    "looks_like": "marlin_tubeloader",
    "ammo_type": "308",
    "capacity": 4,
    "pocket_data": [ { "pocket_type": "MAGAZINE", "rigid": true, "ammo_restriction": { "308": 4 } } ],
    "flags": [ "SPEEDLOADER" ]
  }
]
