[
  {
    "id": "aeagle357mag",
    "type": "MAGAZINE",
    "name": { "str": "OCM-AE357 American Eagle Magazine" },
    "description": "9-round steel box magazine for the American Eagle.",
    "weight": "115 g",
    "volume": "250 ml",
    "price": "20 USD",
    "price_postapoc": "1 USD",
    "material": [ "steel" ],
    "symbol": "#",
    "color": "light_gray",
    "ammo_type": [ "357mag", "357sig", "38" ],
    "capacity": 9,
    "pocket_data": [ { "pocket_type": "MAGAZINE", "rigid": true, "ammo_restriction": { "357mag": 9, "357sig": 9, "38": 9 } } ],
    "looks_like": "deaglemag",
    "flags": [ "MAG_COMPACT" ]
  },
  {
    "id": "aeagle357magext",
    "type": "MAGAZINE",
    "name": { "str": "OCM-AE357X American Eagle Extended Magazine" },
    "description": "19-round extended magazine for the American Eagle.",
    "weight": "240 g",
    "volume": "450 ml",
    "price": "30 USD",
    "price_postapoc": "150 cent",
    "material": [ "steel" ],
    "symbol": "#",
    "color": "light_gray",
    "ammo_type": [ "357mag", "357sig", "38" ],
    "capacity": 19,
    "pocket_data": [ { "pocket_type": "MAGAZINE", "rigid": true, "ammo_restriction": { "357mag": 19, "357sig": 19, "38": 19 } } ],
    "looks_like": "deaglemag",
    "flags": [ "MAG_COMPACT" ]
  }
]