[
  {
    "id": "ocgl_410speedloader6",
    "type": "MAGAZINE",
    "name": { "str": "OCLM-456 .410 shot 6-round speedloader" },
    "description": "This speedloader can hold 6 rounds of .410 shot or .45 Colt and quickly reload a compatible revolver. Obviously, it won't work on reproductions of the Colt Single Action Army.",
    "weight": "100 g",
    "volume": "250 ml",
    "price": "15 USD",
    "price_postapoc": "1 USD",
    "material": "steel",
    "symbol": "#",
    "color": "light_gray",
    "ammo_type": [ "410shot", "45colt" ],
    "looks_like": "38_speedloader",
    "capacity": 6,
    "pocket_data": [ { "pocket_type": "MAGAZINE", "rigid": true, "ammo_restriction": { "410shot": 6, "45colt": 6 } } ],
    "flags": [ "SPEEDLOADER" ]
  },
  {
    "id": "sbmpmag_25rd",
    "type": "MAGAZINE",
    "name": { "str": "OCM-410MP magazine" },
    "copy-from": "saiga410mag_10rd",
    "description": "25-round casket magazine for the .410 Smoothbore Machine Pistol.",
    "weight": "550 g",
    "volume": "620 ml",
    "price": "20 USD",
    "price_postapoc": "5 USD",
    "looks_like": "saiga10mag",
    "capacity": 25,
    "pocket_data": [ { "pocket_type": "MAGAZINE", "rigid": true, "ammo_restriction": { "410shot": 25 } } ]
  },
  {
    "id": "sbmpmag_40rd",
    "type": "MAGAZINE",
    "name": { "str": "OCM-410MP extended magazine" },
    "copy-from": "saiga410mag_10rd",
    "description": "40-round casket magazine for the .410 Smoothbore Machine Pistol.",
    "weight": "850 g",
    "volume": "1 L",
    "price": "35 USD",
    "price_postapoc": "9 USD",
    "looks_like": "saiga10mag",
    "capacity": 40,
    "pocket_data": [ { "pocket_type": "MAGAZINE", "rigid": true, "ammo_restriction": { "410shot": 40 } } ]
  },
  {
    "id": "triarii_saiga410mag_30rd",
    "type": "MAGAZINE",
    "name": { "str_sp": "Triple Saiga-410 box magazines" },
    "copy-from": "saiga410mag_10rd",
    "description": "A stack of three box magazines from the Saiga-410 lined up and tied together to feed shells to the multiple barrels of the OCG410 Triarii. It is less efficient in volume and unreliable compared to the proprietary magazine for it.",
    "weight": "656 g",
    "volume": "1500 ml",
    "price": "135 USD",
    "price_postapoc": "3 USD",
    "looks_like": "saiga10mag",
    "reload_time": 150,
    "capacity": 30,
    "pocket_data": [ { "pocket_type": "MAGAZINE", "rigid": true, "ammo_restriction": { "410shot": 30 } } ]
  },
  {
    "id": "triarii36mags",
    "type": "MAGAZINE",
    "name": { "str": "OCM-410T Triarii Magazine" },
    "copy-from": "saiga410mag_10rd",
    "description": "This proprietary magazine evenly distributes its rounds to the separate feeding mechanisms of the Triarii triple barrel .410 shotgun. Because it has to be lined up and attached to feed three separate barrels, loading it is somewhat tricky.",
    "weight": "800 g",
    "volume": "890 ml",
    "price": "96 USD",
    "price_postapoc": "7 USD",
    "looks_like": "saiga10mag",
    "reload_time": 130,
    "capacity": 36,
    "pocket_data": [ { "pocket_type": "MAGAZINE", "rigid": true, "ammo_restriction": { "410shot": 36 } } ]
  }
]
