[
  {
    "id": "ocgl_460speedloader5",
    "type": "MAGAZINE",
    "name": { "str": "OCLM-4605 .460 Rowland 5-round speedloader" },
    "description": "This speedloader can hold 5 rounds of .460 Rowland or .45 ACP and quickly reload a compatible revolver.",
    "weight": "100 g",
    "volume": "250 ml",
    "price": "15 USD",
    "price_postapoc": "1 USD",
    "material": "steel",
    "symbol": "#",
    "color": "light_gray",
    "ammo_type": [ "460", "45" ],
    "looks_like": "38_speedloader",
    "capacity": 5,
    "pocket_data": [ { "pocket_type": "MAGAZINE", "rigid": true, "ammo_restriction": { "460": 5, "45": 5 } } ],
    "flags": [ "SPEEDLOADER" ]
  }
]