[
  {
    "id": "556etc_speedloader",
    "type": "MAGAZINE",
    "name": { "str": "OCM-SADR 5.56 ETC speedloader" },
    "description": "This speedloader can hold 4 rounds of 5.56 ETC and quickly reload a compatible revolver.",
    "weight": "120 g",
    "volume": "250 ml",
    "price": "19 USD",
    "price_postapoc": "2 USD",
    "material": "steel",
    "symbol": "#",
    "color": "light_gray",
    "ammo_type": "556etc",
    "looks_like": "38_speedloader",
    "capacity": 4,
    "pocket_data": [ { "pocket_type": "MAGAZINE", "rigid": true, "ammo_restriction": { "556etc": 4 } } ],
    "flags": [ "SPEEDLOADER" ]
  },
  {
    "id": "belt556etc",
    "copy-from": "magazine_belt",
    "type": "MAGAZINE",
    "name": { "str": "5.56 ETC ammo belt" },
    "ammo_type": "556etc",
    "capacity": 500,
    "count": 200,
    "default_ammo": "556dk_incendiary",
    "linkage": "ammolink556etc",
    "pocket_data": [ { "pocket_type": "MAGAZINE", "rigid": true, "ammo_restriction": { "556etc": 500 } } ],
    "looks_like": "belt223"
  },
  {
    "id": "ocg556e_14",
    "type": "MAGAZINE",
    "name": { "str": "OCM5-14 standard magazine" },
    "description": "A compact 14-round 5.56 ETC and NATO magazine compatible with OmniCorp guns and STANAG rifles.",
    "weight": "100 g",
    "volume": "180 ml",
    "longest_side": "115 mm",
    "price": "65 USD",
    "price_postapoc": "6 USD",
    "material": "superalloy",
    "symbol": "#",
    "color": "dark_gray",
    "ammo_type": [ "556etc", "223", "300blk" ],
    "capacity": 14,
    "pocket_data": [ { "pocket_type": "MAGAZINE", "rigid": true, "ammo_restriction": { "223": 14, "300blk": 14, "556etc": 14 } } ],
    "looks_like": "stanag10",
    "flags": [ "MAG_COMPACT" ]
  },
  {
    "id": "ocg556e_20",
    "type": "MAGAZINE",
    "name": { "str": "OCM5-20 casket magazine" },
    "description": "A lightweight 20-round 5.56 ETC and NATO casket magazine compatible with OmniCorp guns and STANAG rifles. Amazingly compact but less reliable and tricky to reload.",
    "weight": "180 g",
    "volume": "200 ml",
    "longest_side": "130 mm",
    "price": "95 USD",
    "price_postapoc": "8 USD",
    "material": "plastic",
    "symbol": "#",
    "color": "dark_gray",
    "ammo_type": [ "556etc", "223", "300blk" ],
    "capacity": 20,
    "pocket_data": [ { "pocket_type": "MAGAZINE", "rigid": true, "ammo_restriction": { "223": 20, "300blk": 20, "556etc": 20 } } ],
    "reload_time": 250,
    "looks_like": "stanag20",
    "flags": [ "MAG_COMPACT" ]
  },
  {
    "id": "ocg556e_30",
    "type": "MAGAZINE",
    "name": { "str": "OCM5-30 standard magazine" },
    "description": "A lightweight 30-round 5.56 ETC and NATO magazine compatible with OmniCorp guns and STANAG rifles.",
    "weight": "190 g",
    "volume": "290 ml",
    "longest_side": "190 mm",
    "price": "100 USD",
    "price_postapoc": "10 USD",
    "material": "superalloy",
    "symbol": "#",
    "color": "dark_gray",
    "ammo_type": [ "556etc", "223", "300blk" ],
    "capacity": 30,
    "pocket_data": [ { "pocket_type": "MAGAZINE", "rigid": true, "ammo_restriction": { "223": 30, "300blk": 30, "556etc": 30 } } ],
    "looks_like": "stanag30",
    "flags": [ "MAG_COMPACT" ]
  },
  {
    "id": "ocg556e_50",
    "type": "MAGAZINE",
    "name": { "str": "OCM5-50 drum magazine" },
    "description": "A green 50-round 5.56 ETC and NATO drum magazine compatible with OmniCorp guns and STANAG rifles. Lighter and more reliable than its predecessor known as X-15.",
    "weight": "330 g",
    "volume": "530 ml",
    "longest_side": "114 mm",
    "price": "120 USD",
    "price_postapoc": "11 USD",
    "material": [ "superalloy", "plastic" ],
    "symbol": "#",
    "color": "light_green",
    "ammo_type": [ "556etc", "223", "300blk" ],
    "capacity": 50,
    "pocket_data": [ { "pocket_type": "MAGAZINE", "rigid": true, "ammo_restriction": { "223": 50, "300blk": 50, "556etc": 50 } } ],
    "reload_time": 200,
    "looks_like": "stanag50",
    "flags": [ "MAG_BULKY" ]
  },
  {
    "id": "ocg556e_60",
    "type": "MAGAZINE",
    "name": { "str": "OCM5-60 extended magazine" },
    "description": "A lightweight 60-round 5.56 ETC and NATO extended magazine compatible with OmniCorp guns and STANAG rifles. While a bit larger than a casket magazine, it has a compact shape",
    "weight": "200 g",
    "volume": "590 ml",
    "longest_side": "190 mm",
    "price": "140 USD",
    "price_postapoc": "13 USD",
    "material": "superalloy",
    "symbol": "#",
    "color": "dark_gray",
    "ammo_type": [ "556etc", "223", "300blk" ],
    "capacity": 60,
    "pocket_data": [ { "pocket_type": "MAGAZINE", "rigid": true, "ammo_restriction": { "223": 60, "300blk": 60, "556etc": 60 } } ],
    "looks_like": "lw223mag",
    "flags": [ "MAG_COMPACT" ]
  },
  {
    "id": "ocg556e_100",
    "type": "MAGAZINE",
    "name": { "str": "OCM5-100 casket magazine" },
    "description": "A lightweight 100-round 5.56 ETC and NATO casket magazine compatible with OmniCorp guns and STANAG rifles. Amazingly compact but less reliable and tricky to reload. ",
    "weight": "240 g",
    "volume": "570 ml",
    "longest_side": "300 mm",
    "price": "190 USD",
    "price_postapoc": "17 USD",
    "material": "plastic",
    "symbol": "#",
    "color": "dark_gray",
    "ammo_type": [ "556etc", "223", "300blk" ],
    "capacity": 100,
    "pocket_data": [ { "pocket_type": "MAGAZINE", "rigid": true, "ammo_restriction": { "223": 100, "300blk": 100, "556etc": 100 } } ],
    "reload_time": 250,
    "looks_like": "lw223bigmag",
    "flags": [ "MAG_BULKY" ]
  }
]
