[
  {
    "id": "762ec_speedloader",
    "type": "MAGAZINE",
    "name": { "str": "OCM-SAMR 7.62x51mm EC speedloader" },
    "description": "This speedloader can hold 4 rounds of 7.62x51mm EC and quickly reload a compatible revolver.",
    "weight": "140 g",
    "volume": "250 ml",
    "price": "22 USD",
    "price_postapoc": "1 USD",
    "material": "steel",
    "symbol": "#",
    "color": "light_gray",
    "ammo_type": "762ec",
    "looks_like": "38_speedloader",
    "capacity": 4,
    "pocket_data": [ { "pocket_type": "MAGAZINE", "rigid": true, "ammo_restriction": { "762ec": 4 } } ],
    "flags": [ "SPEEDLOADER" ]
  },
  {
    "id": "ocg762e_7",
    "type": "MAGAZINE",
    "name": { "str": "OCM7-7 standard magazine" },
    "description": "A compact 7-round 7.62x51mm EC magazine compatible with OmniCorp guns.",
    "weight": "80 g",
    "volume": "250 ml",
    "price": "55 USD",
    "price_postapoc": "5 USD",
    "material": "superalloy",
    "symbol": "#",
    "color": "dark_gray",
    "ammo_type": "762ec",
    "capacity": 7,
    "pocket_data": [ { "pocket_type": "MAGAZINE", "rigid": true, "ammo_restriction": { "762ec": 7 } } ],
    "looks_like": "m14smallmag",
    "flags": [ "MAG_COMPACT" ]
  },
  {
    "id": "ocg762e_20",
    "type": "MAGAZINE",
    "name": { "str": "OCM7-20 standard magazine" },
    "description": "A lightweight 20-round 7.62x51mm EC magazine compatible with OmniCorp guns.",
    "weight": "110 g",
    "volume": "500 ml",
    "price": "70 USD",
    "price_postapoc": "7 USD",
    "material": "superalloy",
    "symbol": "#",
    "color": "dark_gray",
    "ammo_type": "762ec",
    "capacity": 20,
    "pocket_data": [ { "pocket_type": "MAGAZINE", "rigid": true, "ammo_restriction": { "762ec": 20 } } ],
    "looks_like": "falmag",
    "flags": [ "MAG_COMPACT" ]
  },
  {
    "id": "ocg762e_30",
    "type": "MAGAZINE",
    "name": { "str": "OCM7-30 extended magazine" },
    "description": "A lightweight 30-round 7.62x51mm EC magazine compatible with OmniCorp guns.",
    "weight": "165 g",
    "volume": "750 ml",
    "price": "105 USD",
    "price_postapoc": "10 USD",
    "material": "superalloy",
    "symbol": "#",
    "color": "dark_gray",
    "ammo_type": "762ec",
    "capacity": 30,
    "pocket_data": [ { "pocket_type": "MAGAZINE", "rigid": true, "ammo_restriction": { "762ec": 30 } } ],
    "looks_like": "falbigmag",
    "flags": [ "MAG_COMPACT" ]
  },
  {
    "id": "ocg762e_40",
    "type": "MAGAZINE",
    "name": { "str": "OCM7-40 casket magazine" },
    "description": "A lightweight 40-round 7.62x51mm EC casket magazine compatible with OmniCorp guns. Amazingly compact but less reliable and tricky to reload.",
    "weight": "250 g",
    "volume": "500 ml",
    "price": "140 USD",
    "price_postapoc": "13 USD",
    "material": "plastic",
    "symbol": "#",
    "color": "dark_gray",
    "ammo_type": "762ec",
    "capacity": 40,
    "pocket_data": [ { "pocket_type": "MAGAZINE", "rigid": true, "ammo_restriction": { "762ec": 40 } } ],
    "reload_time": 250,
    "looks_like": "m14mag",
    "flags": [ "MAG_COMPACT" ]
  },
  {
    "id": "ocg762e_50",
    "type": "MAGAZINE",
    "name": { "str": "OCM7-50 drum magazine" },
    "description": "A lightweight 50-round 7.62x51mm EC drum magazine compatible with OmniCorp guns.",
    "weight": "480 g",
    "volume": "1 L",
    "price": "120 USD",
    "price_postapoc": "12 USD",
    "material": [ "superalloy" ],
    "symbol": "#",
    "color": "dark_gray",
    "ammo_type": "762ec",
    "capacity": 50,
    "pocket_data": [ { "pocket_type": "MAGAZINE", "rigid": true, "ammo_restriction": { "762ec": 50 } } ],
    "reload_time": 180,
    "looks_like": "g3bigmag",
    "flags": [ "MAG_BULKY" ]
  },
  {
    "id": "ocg762e_66",
    "type": "MAGAZINE",
    "name": { "str": "OCM7-66 casket magazine" },
    "description": "A lightweight 66-round 7.62x51mm EC casket magazine compatible with OmniCorp guns. Amazingly compact but less reliable and tricky to reload.",
    "weight": "560 g",
    "volume": "1 L",
    "price": "180 USD",
    "price_postapoc": "18 USD",
    "material": [ "superalloy" ],
    "symbol": "#",
    "color": "dark_gray",
    "ammo_type": "762ec",
    "capacity": 66,
    "pocket_data": [ { "pocket_type": "MAGAZINE", "rigid": true, "ammo_restriction": { "762ec": 66 } } ],
    "reload_time": 250,
    "looks_like": "g3mag",
    "flags": [ "MAG_COMPACT" ]
  }
]