[
  {
    "id": "9etc_speedloader",
    "type": "MAGAZINE",
    "name": { "str": "OCM-SQuad9 9mm ETC speedloader" },
    "description": "This speedloader can hold 4 rounds of 9mm ETC or conventional 9x19mm and quickly reload a compatible revolver. It also works with the Quad9 derringer.",
    "weight": "60 g",
    "volume": "125 ml",
    "price": "15 USD",
    "price_postapoc": "1 USD",
    "material": "steel",
    "symbol": "#",
    "color": "light_gray",
    "ammo_type": [ "9etc", "9mm" ],
    "looks_like": "38_speedloader",
    "capacity": 4,
    "pocket_data": [ { "pocket_type": "MAGAZINE", "rigid": true, "ammo_restriction": { "9etc": 4, "9mm": 4 } } ],
    "flags": [ "SPEEDLOADER" ]
  },
  {
    "id": "belt9etc",
    "copy-from": "magazine_belt",
    "type": "MAGAZINE",
    "name": { "str": "9mm ETC ammo belt" },
    "ammo_type": "9etc",
    "capacity": 780,
    "count": 500,
    "default_ammo": "9etc",
    "linkage": "ammolink9etc",
    "pocket_data": [ { "pocket_type": "MAGAZINE", "rigid": true, "ammo_restriction": { "9etc": 780 } } ],
    "looks_like": "belt223"
  },
  {
    "id": "deelmag",
    "type": "MAGAZINE",
    "name": { "str": "OCM9-10 Eel Magazine" },
    "description": "10-round 9mm ETC and Parabellum magazine for the Desert or Baby Eel that fits inside their magazine wells. It also is compatible with most OmniCorp 9mm ETC guns.",
    "weight": "40 g",
    "volume": "125 ml",
    "price": "25 USD",
    "price_postapoc": "2 USD",
    "material": [ "superalloy" ],
    "symbol": "#",
    "color": "dark_gray",
    "ammo_type": [ "9etc", "9mm" ],
    "capacity": 10,
    "pocket_data": [ { "pocket_type": "MAGAZINE", "rigid": true, "ammo_restriction": { "9etc": 10, "9mm": 10 } } ],
    "looks_like": "usp9mag",
    "flags": [ "MAG_COMPACT" ]
  },
  {
    "id": "o2020h_56_mag",
    "type": "MAGAZINE",
    "copy-from": "calicomag",
    "name": { "str": "OCM-O2020H magazine" },
    "description": "A translucent polymer 56-round helical magazine that fits with the frame of the OCG O2020H.",
    "weight": "500 g",
    "material": "plastic",
    "ammo_type": "9etc",
    "capacity": 56,
    "pocket_data": [ { "pocket_type": "MAGAZINE", "rigid": true, "ammo_restriction": { "9etc": 56 } } ],
    "looks_like": "calicomag"
  },
  {
    "id": "ocg9emag",
    "type": "MAGAZINE",
    "name": { "str": "OCM9-24 standard magazine" },
    "description": "A surprisingly compact 24-round 9mm ETC and Parabellum magazine compatible with most OmniCorp ETC guns. It fits the frames of the OCG Hand Autocannon and Super SMG.",
    "weight": "120 g",
    "volume": "325 ml",
    "price": "90 USD",
    "price_postapoc": "9 USD",
    "material": [ "superalloy" ],
    "symbol": "#",
    "color": "dark_gray",
    "ammo_type": [ "9etc", "9mm" ],
    "capacity": 24,
    "pocket_data": [ { "pocket_type": "MAGAZINE", "rigid": true, "ammo_restriction": { "9etc": 24, "9mm": 24 } } ],
    "looks_like": "lw21mag",
    "flags": [ "MAG_COMPACT" ]
  },
  {
    "id": "ocg9emagbig",
    "type": "MAGAZINE",
    "name": { "str": "OCM9-48 extended magazine" },
    "description": "A factory specification 48-round 9mm ETC and Parabellum extended magazine compatible with most OmniCorp ETC guns.",
    "weight": "160 g",
    "volume": "650 ml",
    "price": "150 USD",
    "price_postapoc": "12 USD",
    "material": [ "superalloy" ],
    "symbol": "#",
    "color": "dark_gray",
    "ammo_type": [ "9etc", "9mm" ],
    "capacity": 48,
    "pocket_data": [ { "pocket_type": "MAGAZINE", "rigid": true, "ammo_restriction": { "9etc": 48, "9mm": 48 } } ],
    "looks_like": "glockbigmag",
    "flags": [ "MAG_COMPACT" ]
  },
  {
    "id": "ocg9emagdrum",
    "type": "MAGAZINE",
    "name": { "str": "OCM9-120 drum magazine" },
    "description": "120-round 9mm ETC and Parabellum drum magazine compatible with most OmniCorp ETC guns.",
    "weight": "380 g",
    "volume": "1 L",
    "price": "150 USD",
    "price_postapoc": "10 USD",
    "material": [ "superalloy" ],
    "symbol": "#",
    "color": "dark_gray",
    "ammo_type": [ "9etc", "9mm" ],
    "capacity": 120,
    "pocket_data": [ { "pocket_type": "MAGAZINE", "rigid": true, "ammo_restriction": { "9etc": 120, "9mm": 120 } } ],
    "looks_like": "glock_drum_100rd",
    "flags": [ "MAG_BULKY" ]
  },
  {
    "id": "ocgchaingun_mag",
    "type": "MAGAZINE",
    "name": { "str": "OCM-C240 drum magazine" },
    "description": "A 240-round drum magazine for use with the OCG N9A1 Chaingun.",
    "weight": "650 g",
    "volume": "1500 ml",
    "price": "300 USD",
    "price_postapoc": "25 USD",
    "material": [ "superalloy" ],
    "symbol": "#",
    "color": "dark_gray",
    "ammo_type": "9etc",
    "capacity": 240,
    "pocket_data": [ { "pocket_type": "MAGAZINE", "rigid": true, "ammo_restriction": { "9etc": 240 } } ],
    "reload_time": 60,
    "looks_like": "360_400_mag",
    "flags": [ "MAG_BULKY" ]
  }
]
