[
  {
    "id": "minirifle_mag",
    "type": "MAGAZINE",
    "name": { "str": "OCM-MR20 Mini Rifle magazine" },
    "description": "A compact 20-round casket magazine for use with OmniCorp MR9 DMSMG and variants.",
    "weight": "120 g",
    "volume": "200 ml",
    "price": "60 USD",
    "price_postapoc": "4 USD",
    "material": "superalloy",
    "symbol": "#",
    "color": "dark_gray",
    "ammo_type": "9mm",
    "capacity": 20,
    "pocket_data": [ { "pocket_type": "MAGAZINE", "rigid": true, "ammo_restriction": { "9mm": 20 } } ],
    "flags": [ "MAG_COMPACT" ]
  },
  {
    "id": "minirifle_magext",
    "type": "MAGAZINE",
    "name": { "str": "OCM-MR40 DMSMG magazine" },
    "description": "A compact 40-round casket magazine for use with OmniCorp MR9 DMSMG and variants.",
    "weight": "240 g",
    "volume": "400 ml",
    "price": "120 USD",
    "price_postapoc": "8 USD",
    "material": "superalloy",
    "symbol": "#",
    "color": "dark_gray",
    "ammo_type": "9mm",
    "capacity": 40,
    "pocket_data": [ { "pocket_type": "MAGAZINE", "rigid": true, "ammo_restriction": { "9mm": 40 } } ],
    "flags": [ "MAG_COMPACT" ]
  },
  {
    "id": "ocg_t9mag",
    "type": "MAGAZINE",
    "name": { "str": "OCLM-T9 Magazine" },
    "description": "9-round magazine for the T9 that fits inside its magazine well. Heavier and more reliable than the slightly larger Eel magazine it is derived from.",
    "weight": "100 g",
    "volume": "110 ml",
    "price": "40 USD",
    "price_postapoc": "4 USD",
    "material": [ "superalloy", "tungsten" ],
    "symbol": "#",
    "color": "dark_gray",
    "ammo_type": "9mm",
    "capacity": 9,
    "pocket_data": [ { "pocket_type": "MAGAZINE", "rigid": true, "ammo_restriction": { "9mm": 9 } } ],
    "looks_like": "usp9mag",
    "flags": [ "MAG_COMPACT" ]
  }
]
