[
  {
    "id": "gc166mag",
    "type": "MAGAZINE",
    "name": { "str": "OCM-GC120 Magazine" },
    "description": "A 120-round horizontal helical magazine which fits in the frame of the GC166 Gauss Carbine.",
    "weight": "22 g",
    "volume": "500 ml",
    "price": "40 USD",
    "price_postapoc": "4 USD",
    "material": "plastic",
    "symbol": "#",
    "color": "light_gray",
    "ammo_type": [ "magpin", "nail" ],
    "capacity": 120,
    "pocket_data": [ { "pocket_type": "MAGAZINE", "rigid": true, "ammo_restriction": { "magpin": 120, "nail": 120 } } ],
    "reload_time": 200,
    "looks_like": "calicomag",
    "flags": [ "MAG_COMPACT" ]
  }
]
