[
  {
    "id": "excidia20mags12",
    "type": "MAGAZINE",
    "name": { "str_sp": "Twin Saiga-12 box magazines" },
    "copy-from": "saiga10mag",
    "description": "Two plastic magazines from the Saiga-12 shotgun stacked together for the OCG12 double barrel shotguns.  Hold 20 rounds.",
    "weight": "456 g",
    "volume": "1 L",
    "price": "96 USD",
    "price_postapoc": "2 USD",
    "looks_like": "saiga10mag",
    "capacity": 20,
    "pocket_data": [ { "pocket_type": "MAGAZINE", "rigid": true, "ammo_restriction": { "shot": 20 } } ],
    "reload_time": 150
  },
  {
    "id": "excidia40mag",
    "type": "MAGAZINE",
    "name": { "str_sp": "OCM-12D Twin Excidia extended magazines" },
    "copy-from": "excidia20mags12",
    "description": "Extended plastic magazines for the OCG12 double barrel shotguns.  Hold 40 rounds.",
    "weight": "1056 g",
    "volume": "1250 ml",
    "price": "250 USD",
    "price_postapoc": "8 USD",
    "capacity": 40,
    "pocket_data": [ { "pocket_type": "MAGAZINE", "rigid": true, "ammo_restriction": { "shot": 40 } } ]
  }
]
