[
  {
    "id": "electrolaser_conversion",
    "type": "GUNMOD",
    "copy-from": "electrolaser_conversion",
    "name": { "str": "electrolaser conversion" },
    "description": "A set of high-tech electronics and optics.  This converts a laser pistol into a less-lethal electrolaser capable of stunning targets, at the cost of decreased damage output and increased power consumption.",
    "damage_modifier": { "damage_type": "heat", "amount": -4 },
    "ammo_to_fire_multiplier": 1.2
  },
  {
    "id": "effective_emitter",
    "type": "GUNMOD",
    "copy-from": "effective_emitter",
    "name": { "str": "effective emitter" },
    "description": "A set of electronics to optimize emitter workcycle and increase overall energy efficiency.  Decreases power consumption.",
    "ammo_to_fire_multiplier": 0.9
  },
  {
    "id": "high_density_capacitor",
    "type": "GUNMOD",
    "copy-from": "high_density_capacitor",
    "name": { "str": "high density capacitor" },
    "description": "A capacitor with a higher energy density increases range and damage, at the cost of doubling power consumption.",
    "damage_modifier": { "damage_type": "heat", "amount": 10 },
    "ammo_to_fire_multiplier": 2.0
  }
]
