[
  {
    "id": "afs_terrible_sights",
    "type": "GUNMOD",
    "name": { "str_sp": "terrible iron sights" },
    "description": "The iron sights of this weapon are infamously terrible, making aiming much harder than it needs to be.",
    "weight": "10 g",
    "volume": "10 ml",
    "integral_volume": "0 ml",
    "integral_weight": "0 g",
    "price": 0,
    "price_postapoc": 0,
    "install_time": "10 m",
    "material": [ "steel" ],
    "symbol": ":",
    "color": "dark_gray",
    "location": "sights",
    "mod_targets": [ "smg", "rifle", "pistol", "shotgun", "crossbow", "launcher" ],
    "sight_dispersion": 200,
    "field_of_view": 480,
    "aim_speed_modifier": -2,
    "min_skills": [ [ "weapon", 2 ], [ "gun", 1 ] ],
    "flags": [ "DISABLE_SIGHTS" ]
  },
  {
    "id": "afs_holo_aim_assist",
    "type": "GUNMOD",
    "name": { "str_sp": "holographic aim-assist system" },
    "description": "An advanced ballistic computer calculates projectile trajectories, hit-probabilities, and enemy movements, before outputting the information into an AR holo display.  It greatly increases both accuracy and aiming speed.",
    "weight": "60 g",
    "volume": "250 ml",
    "integral_volume": "0 ml",
    "integral_weight": "0 g",
    "price": "10 kUSD",
    "price_postapoc": "10 kUSD",
    "install_time": "10 m",
    "material": [ "steel" ],
    "symbol": ":",
    "color": "dark_gray",
    "location": "sights",
    "mod_targets": [ "smg", "rifle", "pistol", "shotgun", "crossbow", "launcher" ],
    "sight_dispersion": 3,
    "field_of_view": 900,
    "aim_speed_modifier": 15,
    "min_skills": [ [ "weapon", 2 ], [ "gun", 1 ] ],
    "flags": [ "DISABLE_SIGHTS" ]
  }
]
