[
  {
    "id": "afs_gibs_shotgun",
    "looks_like": "m79",
    "type": "GUN",
    "reload_noise_volume": 10,
    "name": { "str": "Gibson S86" },
    "description": "Manufactured by Gibson Armory, the S86 is a light-weight grenade launcher designed to take care of moderately armored opponents.  While the S86 firepower is nothing to truly gawk at, it still packs quite a punch both for the target and user and is usually mounted as it is impossible to fire with average strength.",
    "weight": "2700 g",
    "volume": "2800 ml",
    "longest_side": "736 mm",
    "price": 550000,
    "to_hit": -3,
    "bashing": 10,
    "material": [ "superalloy", "plastic" ],
    "symbol": "(",
    "color": "brown",
    "min_strength": 18,
    "ranged_damage": { "damage_type": "bullet", "amount": 10 },
    "skill": "launcher",
    "modes": [ [ "DEFAULT", "DOUBLE", 4 ] ],
    "dispersion": 90,
    "durability": 6,
    "ammo": [ "afs_25mm" ],
    "clip_size": 1,
    "pocket_data": [
      {
        "pocket_type": "MAGAZINE_WELL",
        "holster": true,
        "max_contains_volume": "20 L",
        "max_contains_weight": "20 kg",
        "item_restriction": [ "afs_25mm_mag" ]
      }
    ],
    "reload": 400,
    "valid_mod_locations": [
      [ "accessories", 2 ],
      [ "barrel", 1 ],
      [ "sights", 1 ],
      [ "sling", 1 ],
      [ "grip mount", 1 ],
      [ "rail mount", 1 ],
      [ "stock mount", 1 ],
      [ "underbarrel mount", 1 ]
    ]
  },
  {
    "id": "afs_25mm_goa",
    "looks_like": "m79",
    "type": "GUN",
    "reload_noise_volume": 10,
    "name": { "str": "1025 Goa" },
    "description": "A powerful, single shot 25mm rifle, heavy under the weight of several recoil dampening mechanisms.  Designed by the now defunct Goa Firearms, it was originally conceived as a luxury rifle for sport hunting alien megafauna.",
    "weight": "3500 g",
    "volume": "450 ml",
    "longest_side": "95 cm",
    "barrel_volume": "1170 ml",
    "price": "1500 USD",
    "to_hit": -3,
    "bashing": 10,
    "material": [ "superalloy", "wood" ],
    "symbol": "(",
    "color": "brown",
    "min_strength": 10,
    "skill": "rifle",
    "modes": [ [ "DEFAULT", "single shot", 1 ] ],
    "dispersion": 80,
    "durability": 9,
    "ammo": [ "afs_25mm" ],
    "clip_size": 1,
    "reload": 400,
    "valid_mod_locations": [
      [ "accessories", 2 ],
      [ "barrel", 1 ],
      [ "sights", 1 ],
      [ "sling", 1 ],
      [ "grip mount", 1 ],
      [ "rail mount", 1 ],
      [ "stock mount", 1 ],
      [ "underbarrel mount", 1 ]
    ],
    "flags": [ "NEVER_JAMS", "RELOAD_EJECT" ],
    "pocket_data": [ { "pocket_type": "MAGAZINE", "rigid": true, "ammo_restriction": { "afs_25mm": 1 } } ]
  }
]
