[
  {
    "abstract": "robogun_base",
    "type": "GUN",
    "reload_noise_volume": 10,
    "name": "base robogun",
    "description": "This is a pseudo item for monster attacks.  If you see this, it's a bug.",
    "material": [ "steel", "plastic" ],
    "symbol": "(",
    "color": "magenta",
    "weight": "5 kg",
    "volume": "2500 ml",
    "price": 0,
    "durability": 10,
    "reload": 100,
    "flags": [ "NEVER_JAMS", "TRADER_AVOID" ]
  },
  {
    "id": "irradiant_gun",
    "type": "GUN",
    "copy-from": "plasma_gun",
    "name": "mounted 1kg plasma railgun",
    "ranged_damage": { "damage_type": "bullet", "amount": 2500, "armor_penetration": 400 },
    "ammo_effects": [ "PLASMA", "EMP", "LOW_RANGE_VAPORIZATION" ],
    "skill": "rifle",
    "ups_charges": 0
  },
  {
    "id": "railgun",
    "type": "GUN",
    "copy-from": "hk_g80",
    "name": "integral railgun",
    "ammo": "metal_rail",
    "skill": "rifle",
    "modes": [ [ "DEFAULT", "semi-auto", 1 ], [ "BURST", "2 rd.", 2 ] ],
    "pocket_data": [ { "pocket_type": "MAGAZINE", "ammo_restriction": { "metal_rail": 100 } } ],
    "ammo_effects": [ "TRAIL" ]
  }
]
