[
  {
    "id": "afs_foamgun",
    "looks_like": "nailgun",
    "type": "GUN",
    "reload_noise": "pshht",
    "name": { "str": "foam gun" },
    "description": "A stubby industrial tool used to shoot expanding foam.  Using it as a weapon might require some creative thinking.",
    "weight": "3904 g",
    "volume": "750 ml",
    "price": 13000,
    "price_postapoc": 5000,
    "to_hit": -2,
    "bashing": 6,
    "material": [ "plastic", "steel" ],
    "symbol": "(",
    "color": "yellow",
    "ammo": [ "afs_foam" ],
    "modes": [ [ "DEFAULT", "1s.", 1 ], [ "MULTI", "3s.", 3 ] ],
    "flags": [ "NEVER_JAMS", "NON_FOULING", "BELT_CLIP" ],
    "skill": "launcher",
    "dispersion": 300,
    "durability": 8,
    "loudness": 5,
    "reload": 50,
    "valid_mod_locations": [ [ "grip mount", 1 ], [ "rail mount", 1 ], [ "sights mount", 1 ], [ "stock mount", 1 ], [ "underbarrel mount", 1 ] ],
    "pocket_data": [
      {
        "pocket_type": "MAGAZINE_WELL",
        "max_contains_volume": "20 L",
        "max_contains_weight": "20 kg",
        "item_restriction": [ "afs_foam_tank" ]
      }
    ]
  }
]
