[
  {
    "id": "afs_electro_anomaly_rifle",
    "type": "GUN",
    "copy-from": "laser_rifle",
    "name": { "str": "R-PROTON ENR" },
    "description": "Within the solid barrel of the Raaz PROTON, an electrical anomaly is carefully duplicated through magnetic stimulation and projected outwards.  Freed from containment, the anomaly will temporarily settle in the physical world and quickly emit its stored electrical charge before dissipating.",
    "price": "200 kUSD",
    "price_postapoc": "200 kUSD",
    "ammo": [ "battery" ],
    "ammo_to_fire": 30,
    "ups_charges": 0,
    "modes": [ [ "DEFAULT", "Pulse ", 1 ] ],
    "ranged_damage": [ { "damage_type": "electric", "amount": 10 }, { "damage_type": "pure", "amount": 25 } ],
    "pocket_data": [
      {
        "pocket_type": "MAGAZINE_WELL",
        "holster": true,
        "max_contains_volume": "20 L",
        "max_contains_weight": "20 kg",
        "magazine_well": "75 ml",
        "item_restriction": [ "afs_voltaic_cartridge" ]
      }
    ],
    "ammo_effects": [ "ELECTRO_ANOMALY" ],
    "flags": [ "NEVER_JAMS", "NON_FOULING", "NEEDS_NO_LUBE" ]
  }
]
