[
  {
    "type": "GENERIC",
    "id": "afs_titanium_frame",
    "name": { "str": "ultralight frame" },
    "description": "A sturdy, lightweight frame made from titanium.  Useful for crafting.",
    "weight": "1 kg",
    "to_hit": -3,
    "color": "white",
    "symbol": "]",
    "material": [ "titanium" ],
    "looks_like": "xlframe",
    "techniques": [ "DEF_DISARM" ],
    "volume": "7500 ml",
    "bashing": 15,
    "category": "veh_parts",
    "price": 4000
  },
  {
    "type": "GENERIC",
    "id": "afs_titanium_foldable_frame",
    "copy-from": "afs_titanium_frame",
    "name": { "str": "ultralight foldable frame" },
    "description": "A sturdy, lightweight foldable frame made from titanium."
  },
  {
    "type": "GENERIC",
    "id": "afs_control_station",
    "name": { "str": "control station" },
    "looks_like": "vehicle_dashboard",
    "description": "A large and complex piloting station from a military vehicle, including a camera station, steering tools, and electronics controls.",
    "weight": "9 kg",
    "to_hit": -4,
    "color": "red",
    "symbol": "$",
    "material": [ "plastic", "steel" ],
    "volume": "6 L",
    "bashing": 2,
    "category": "veh_parts",
    "price": 60000
  },
  {
    "type": "GENERIC",
    "id": "solar_panel_v3",
    "name": "quantum solar panel",
    "description": "This solar panel is obviously cutting-edge technology and given where you found it, it should probably provide a LOT of power.  It's covered in strange-looking material, but the covering looks rather fragile; it doesn't look like it could support a reinforcing sheet, either.",
    "to_hit": -5,
    "material": [ "glass", "steel" ],
    "volume": "4500 ml",
    "price": 900000,
    "copy-from": "solar_panel"
  }
]
