[
  {
    "id": "compact_atomic",
    "type": "vehicle",
    "name": "Atomic Compact",
    "blueprint": [
      [ "o-+-" ],
      [ "=##o" ],
      [ "o>+-" ]
    ],
    "parts": [
      { "x": 0, "y": 0, "parts": [ "xlframe_vertical_2", "seat", "seatbelt", "roof" ] },
      { "x": 0, "y": 0, "parts": [ "controls", "dashboard", "vehicle_alarm" ] },
      { "x": 0, "y": 0, "parts": [ "vehicle_clock", "stereo", "horn_car" ] },
      { "x": 0, "y": 1, "parts": [ "xlframe_vertical_2", "door_right" ] },
      { "x": 0, "y": -1, "parts": [ "xlframe_vertical", "door_left" ] },
      { "x": 1, "y": 0, "parts": [ "xlframe_horizontal", "windshield_horizontal_front", "headlight" ] },
      { "x": 1, "y": 0, "parts": [ "wheel_mount_medium_steerable", "wheel" ] },
      { "x": 1, "y": 1, "parts": [ "xlframe_horizontal", "xlhalfboard_ne" ] },
      { "x": 1, "y": -1, "parts": [ "xlframe_vertical", "xlhalfboard_nw" ] },
      { "x": -1, "y": 0, "parts": [ "xlframe_ne", "seat", "seatbelt", "roof" ] },
      { "x": -1, "y": 0, "part": "small_storage_battery" },
      { "x": -1, "y": -1, "parts": [ "xlframe_horizontal", "xlhalfboard_vertical_left" ] },
      { "x": -1, "y": 1, "parts": [ "hdframe_nw", "minireactor", "engine_electric" ] },
      { "x": -1, "y": 1, "parts": [ "halfboard_vertical_right", "plating_steel" ] },
      { "x": -2, "y": -1, "parts": [ "xlframe_horizontal", "xlhalfboard_sw" ] },
      { "x": -2, "y": -1, "parts": [ "wheel_mount_medium", "wheel" ] },
      { "x": -2, "y": 0, "parts": [ "xlframe_horizontal", "windshield_horizontal_rear" ] },
      { "x": -2, "y": 1, "parts": [ "xlframe_horizontal", "engine_electric" ] },
      { "x": -2, "y": 1, "parts": [ "halfboard_se", "plating_steel" ] },
      { "x": -2, "y": 1, "parts": [ "wheel_mount_medium", "wheel" ] }
    ],
    "items": [
      { "x": 0, "y": 0, "chance": 8, "item_groups": [ "car_misc" ] },
      { "x": -1, "y": 0, "chance": 8, "item_groups": [ "car_kit" ] }
    ]
  },
  {
    "id": "suv_atomic",
    "type": "vehicle",
    "name": "Atomic SUV",
    "blueprint": [
      [ "o-++-o" ],
      [ "+=##'|" ],
      [ "=Koo'|" ],
      [ "+=##'|" ],
      [ "o-++-o" ]
    ],
    "parts": [
      { "x": 0, "y": 0, "parts": [ "frame_vertical_2", "reclining_seat", "seatbelt" ] },
      { "x": 0, "y": 0, "parts": [ "controls", "dashboard", "vehicle_clock", "vehicle_alarm" ] },
      { "x": 0, "y": 0, "parts": [ "stereo", "horn_car", "roof" ] },
      { "x": 0, "y": 1, "parts": [ "frame_vertical_2", "box", "roof" ] },
      { "x": 0, "y": 2, "parts": [ "frame_vertical_2", "reclining_seat", "seatbelt", "roof" ] },
      { "x": 0, "y": -1, "parts": [ "frame_vertical", "door_left" ] },
      { "x": 0, "y": 3, "parts": [ "frame_vertical", "door_right" ] },
      { "x": -1, "y": 0, "parts": [ "frame_vertical_2", "seat", "seatbelt", "roof" ] },
      { "x": -1, "y": 1, "parts": [ "frame_vertical_2", "seat", "seatbelt", "roof" ] },
      { "x": -1, "y": 2, "parts": [ "frame_vertical_2", "seat", "seatbelt", "roof" ] },
      { "x": -1, "y": -1, "parts": [ "frame_vertical", "door_left" ] },
      { "x": -1, "y": 3, "parts": [ "frame_vertical", "door_right" ] },
      { "x": 1, "y": 0, "parts": [ "frame_horizontal", "windshield_horizontal_front" ] },
      { "x": 1, "y": 1, "parts": [ "frame_horizontal", "windshield_horizontal_front" ] },
      { "x": 1, "y": 2, "parts": [ "frame_horizontal", "windshield_horizontal_front" ] },
      { "x": 1, "y": -1, "parts": [ "frame_horizontal", "windshield_nw" ] },
      { "x": 1, "y": 3, "parts": [ "frame_horizontal", "windshield_ne" ] },
      { "x": 2, "y": 0, "parts": [ "frame_horizontal", "halfboard_horizontal_front" ] },
      { "x": 2, "y": 1, "parts": [ "frame_horizontal", "halfboard_cover" ] },
      { "x": 2, "y": 2, "parts": [ "frame_horizontal", "halfboard_horizontal_front" ] },
      { "x": 2, "y": -1, "parts": [ "frame_nw", "halfboard_nw" ] },
      { "x": 2, "y": -1, "parts": [ "wheel_mount_medium_steerable", "wheel", "headlight" ] },
      { "x": 2, "y": 3, "parts": [ "frame_ne", "halfboard_ne" ] },
      { "x": 2, "y": 3, "parts": [ "wheel_mount_medium_steerable", "wheel", "headlight" ] },
      { "x": -2, "y": 0, "parts": [ "frame_vertical", "trunk", "roof" ] },
      { "x": -2, "y": 1, "parts": [ "hdframe_vertical", "minireactor", "halfboard_cover" ] },
      { "x": -2, "y": 1, "part": "plating_steel" },
      { "x": -2, "y": 2, "parts": [ "frame_vertical", "trunk", "roof" ] },
      { "x": -2, "y": -1, "parts": [ "frame_vertical", "halfboard_vertical_left" ] },
      { "x": -2, "y": 3, "parts": [ "frame_vertical", "halfboard_vertical_right" ] },
      { "x": -3, "y": -1, "parts": [ "frame_horizontal", "halfboard_sw" ] },
      { "x": -3, "y": -1, "parts": [ "wheel_mount_medium", "wheel" ] },
      { "x": -3, "y": 0, "parts": [ "frame_horizontal", "door_trunk" ] },
      { "x": -3, "y": 1, "parts": [ "frame_horizontal_2", "engine_electric_large" ] },
      { "x": -3, "y": 1, "parts": [ "storage_battery", "halfboard_vertical_2", "plating_steel" ] },
      { "x": -3, "y": 2, "parts": [ "frame_horizontal", "door_trunk" ] },
      { "x": -3, "y": 3, "parts": [ "frame_horizontal", "halfboard_se" ] },
      { "x": -3, "y": 3, "parts": [ "wheel_mount_medium", "wheel" ] }
    ],
    "items": [
      { "x": 0, "y": 0, "chance": 14, "item_groups": [ "car_misc" ] },
      { "x": 0, "y": 0, "chance": 5, "item_groups": [ "snacks" ] },
      { "x": 0, "y": 2, "chance": 8, "item_groups": [ "car_misc" ] },
      { "x": 0, "y": 2, "chance": 2, "item_groups": [ "fast_food" ] },
      { "x": -2, "y": 0, "chance": 11, "item_groups": [ "car_kit" ] },
      { "x": -2, "y": 2, "chance": 15, "item_groups": [ "car_kit" ] },
      { "x": -2, "y": 2, "chance": 15, "items": [ "jack_small", "wheel" ] }
    ]
  },
  {
    "id": "car_atomic",
    "type": "vehicle",
    "name": "Atomic Car",
    "blueprint": [
      [ "o-++-o" ],
      [ "+=##'|" ],
      [ "+=##'|" ],
      [ "o-++-o" ]
    ],
    "parts": [
      { "x": 0, "y": 0, "parts": [ "frame_vertical_2", "reclining_seat", "seatbelt" ] },
      { "x": 0, "y": 0, "parts": [ "controls", "dashboard", "vehicle_clock" ] },
      { "x": 0, "y": 0, "parts": [ "vehicle_alarm", "stereo", "horn_car", "roof" ] },
      { "x": 0, "y": 1, "parts": [ "frame_vertical_2", "reclining_seat", "seatbelt", "roof" ] },
      { "x": 0, "y": -1, "parts": [ "frame_vertical", "door_left" ] },
      { "x": 0, "y": 2, "parts": [ "frame_vertical", "door_right" ] },
      { "x": -1, "y": 0, "parts": [ "frame_vertical_2", "seat", "seatbelt", "roof" ] },
      { "x": -1, "y": 1, "parts": [ "frame_vertical_2", "seat", "seatbelt", "roof" ] },
      { "x": -1, "y": -1, "parts": [ "frame_vertical", "door_left" ] },
      { "x": -1, "y": 2, "parts": [ "frame_vertical", "door_right" ] },
      { "x": 1, "y": 0, "parts": [ "frame_horizontal", "windshield_horizontal_front" ] },
      { "x": 1, "y": 1, "parts": [ "frame_horizontal", "windshield_horizontal_front" ] },
      { "x": 1, "y": -1, "parts": [ "frame_horizontal", "windshield_nw" ] },
      { "x": 1, "y": 2, "parts": [ "frame_horizontal", "windshield_ne" ] },
      { "x": 2, "y": 0, "parts": [ "frame_horizontal", "halfboard_horizontal_front" ] },
      { "x": 2, "y": 0, "parts": [ "engine_electric_large", "storage_battery", "plating_steel" ] },
      { "x": 2, "y": 1, "parts": [ "hdframe_horizontal", "minireactor", "halfboard_horizontal_front" ] },
      { "x": 2, "y": 1, "part": "plating_steel" },
      { "x": 2, "y": -1, "parts": [ "frame_nw", "halfboard_nw" ] },
      { "x": 2, "y": -1, "parts": [ "wheel_mount_medium_steerable", "wheel", "headlight" ] },
      { "x": 2, "y": 2, "parts": [ "frame_ne", "halfboard_ne" ] },
      { "x": 2, "y": 2, "parts": [ "wheel_mount_medium_steerable", "wheel", "headlight" ] },
      { "x": -2, "y": 0, "parts": [ "frame_vertical", "trunk", "roof" ] },
      { "x": -2, "y": 1, "parts": [ "frame_vertical", "trunk", "roof" ] },
      { "x": -2, "y": -1, "parts": [ "frame_vertical", "halfboard_vertical_left" ] },
      { "x": -2, "y": 2, "parts": [ "frame_vertical", "halfboard_vertical_right" ] },
      { "x": -3, "y": -1, "parts": [ "frame_horizontal", "halfboard_sw" ] },
      { "x": -3, "y": -1, "parts": [ "wheel_mount_medium", "wheel" ] },
      { "x": -3, "y": 0, "parts": [ "frame_horizontal", "door_trunk" ] },
      { "x": -3, "y": 1, "parts": [ "frame_horizontal", "door_trunk" ] },
      { "x": -3, "y": 2, "parts": [ "frame_horizontal", "halfboard_se" ] },
      { "x": -3, "y": 2, "parts": [ "wheel_mount_medium", "wheel" ] }
    ],
    "items": [
      { "x": 0, "y": 0, "chance": 14, "item_groups": [ "car_misc" ] },
      { "x": 0, "y": 0, "chance": 5, "item_groups": [ "snacks" ] },
      { "x": 0, "y": 1, "chance": 8, "item_groups": [ "car_misc" ] },
      { "x": 0, "y": 1, "chance": 2, "item_groups": [ "fast_food" ] },
      { "x": -2, "y": 0, "chance": 11, "item_groups": [ "car_kit" ] },
      { "x": -2, "y": 1, "chance": 15, "item_groups": [ "car_kit" ] },
      { "x": -2, "y": 1, "chance": 15, "items": [ "jack_small", "wheel" ] }
    ]
  },
  {
    "id": "robotic_taxi",
    "type": "vehicle",
    "name": "Robotic Taxi",
    "blueprint": [
      [ "''''''" ],
      [ "+#='R'" ],
      [ "+##'''" ],
      [ "'++'-o" ]
    ],
    "parts": [
      { "x": -4, "y": -1, "parts": [ "frame_vertical", "halfboard_sw" ] },
      { "x": -4, "y": -1, "parts": [ "wheel_mount_medium", "wheel" ] },
      { "x": -3, "y": -1, "parts": [ "frame_vertical", "windshield_vertical_left" ] },
      { "x": -2, "y": -1, "parts": [ "frame_vertical", "windshield_vertical_left" ] },
      { "x": -1, "y": -1, "parts": [ "frame_vertical", "windshield_vertical_left" ] },
      { "x": 0, "y": -1, "parts": [ "frame_vertical", "windshield_vertical_left" ] },
      { "x": 1, "y": -1, "parts": [ "frame_vertical", "windshield_nw" ] },
      { "x": 1, "y": -1, "parts": [ "wheel_mount_medium_steerable", "wheel" ] },
      { "x": -4, "y": 0, "parts": [ "frame_vertical", "door_rear" ] },
      { "x": -3, "y": 0, "parts": [ "frame_vertical", "seat", "seatbelt", "roof" ] },
      { "x": -2, "y": 0, "parts": [ "frame_vertical", "box", "dashboard", "stereo", "roof" ] },
      { "x": -1, "y": 0, "parts": [ "frame_vertical", "windshield_horizontal_front" ] },
      { "x": 0, "y": 0, "parts": [ "frame_vertical", "robot_controls", "roof" ] },
      { "x": 1, "y": 0, "parts": [ "frame_vertical", "windshield_horizontal_front", "headlight" ] },
      { "x": -4, "y": 1, "parts": [ "frame_vertical", "door_rear" ] },
      { "x": -3, "y": 1, "parts": [ "frame_vertical", "seat", "seatbelt", "roof" ] },
      { "x": -2, "y": 1, "parts": [ "frame_vertical", "seat", "seatbelt", "roof" ] },
      { "x": -1, "y": 1, "parts": [ "frame_vertical", "windshield_horizontal_front", "headlight" ] },
      { "x": 0, "y": 1, "parts": [ "frame_vertical", "windshield_horizontal_front", "engine_electric_large" ] },
      { "x": 1, "y": 1, "parts": [ "frame_vertical", "windshield_horizontal_front" ] },
      { "x": -4, "y": 2, "parts": [ "frame_vertical", "halfboard_se" ] },
      { "x": -4, "y": 2, "parts": [ "wheel_mount_medium", "wheel" ] },
      { "x": -3, "y": 2, "parts": [ "frame_vertical", "door_right" ] },
      { "x": -2, "y": 2, "parts": [ "frame_vertical", "door_right" ] },
      { "x": -1, "y": 2, "parts": [ "frame_vertical", "windshield_ne" ] },
      { "x": 0, "y": 2, "parts": [ "frame_vertical", "halfboard_vertical_right" ] },
      { "x": 0, "y": 2, "parts": [ "storage_battery_mount", "storage_battery_removable" ] },
      { "x": 1, "y": 2, "parts": [ "frame_vertical", "halfboard_ne" ] },
      { "x": 1, "y": 2, "parts": [ "storage_battery_mount", "storage_battery_removable" ] },
      { "x": 1, "y": 2, "parts": [ "wheel_mount_medium_steerable", "wheel" ] }
    ]
  },
  {
    "id": "armored_robot_carrier",
    "type": "vehicle",
    "name": "Armored Robot Carrier",
    "parts": [
      { "x": -2, "y": -1, "parts": [ "hdframe_horizontal", "hdboard_horizontal", "plating_military" ] },
      { "x": -2, "y": -2, "parts": [ "hdframe_sw", "hdboard_sw", "muffler", "plating_military" ] },
      { "x": -2, "y": 0, "parts": [ "hdframe_horizontal", "hddoor_opaque_rear", "omnicam", "plating_military" ] },
      { "x": -2, "y": 1, "parts": [ "hdframe_horizontal", "hdboard_horizontal", "plating_military" ] },
      { "x": -2, "y": 2, "parts": [ "hdframe_se", "hdboard_se", "muffler", "plating_military" ] },
      { "x": -1, "y": -1, "parts": [ "hdframe_vertical_2", "robot_cargo", "hdroof" ] },
      { "x": -1, "y": -2, "parts": [ "hdframe_vertical", "hddoor_opaque_left", "plating_military" ] },
      { "x": -1, "y": 0, "parts": [ "hdframe_vertical_2", "aisle_horizontal", "hdroof" ] },
      { "x": -1, "y": 1, "parts": [ "hdframe_vertical_2", "robot_cargo", "hdroof" ] },
      { "x": -1, "y": 2, "parts": [ "hdframe_vertical", "hddoor_opaque_right", "plating_military" ] },
      { "x": -3, "y": -2, "part": "external_tank", "fuel": "diesel" },
      { "x": -3, "y": 2, "part": "external_tank", "fuel": "diesel" },
      { "x": 0, "y": -1, "parts": [ "hdframe_vertical_2", "robot_cargo", "hdroof" ] },
      { "x": 0, "y": -2, "parts": [ "hdframe_vertical", "hddoor_opaque_left", "plating_military" ] },
      { "x": 0, "y": -2, "parts": [ "wheel_mount_heavy", "wheel_armor" ] },
      { "x": 0, "y": 0, "parts": [ "hdframe_vertical_2", "aisle_horizontal", "hdroof" ] },
      { "x": 0, "y": 1, "parts": [ "hdframe_vertical_2", "robot_cargo", "hdroof" ] },
      { "x": 0, "y": 2, "parts": [ "hdframe_vertical", "hddoor_opaque_right", "plating_military" ] },
      { "x": 0, "y": 2, "parts": [ "wheel_mount_heavy", "wheel_armor" ] },
      { "x": 1, "y": -1, "parts": [ "hdframe_vertical_2", "robot_cargo", "hdroof" ] },
      { "x": 1, "y": -2, "parts": [ "hdframe_vertical", "hddoor_opaque_left", "plating_military" ] },
      { "x": 1, "y": -2, "parts": [ "wheel_mount_heavy", "wheel_armor" ] },
      { "x": 1, "y": 0, "parts": [ "hdframe_vertical_2", "aisle_horizontal", "hdroof" ] },
      { "x": 1, "y": 1, "parts": [ "hdframe_vertical_2", "robot_cargo", "hdroof" ] },
      { "x": 1, "y": 2, "parts": [ "hdframe_vertical", "hddoor_opaque_right", "plating_military" ] },
      { "x": 1, "y": 2, "parts": [ "wheel_mount_heavy", "wheel_armor" ] },
      { "x": 2, "y": -1, "parts": [ "hdframe_vertical_2", "robot_cargo", "hdroof" ] },
      { "x": 2, "y": -2, "parts": [ "hdframe_vertical", "hddoor_opaque_left", "plating_military" ] },
      { "x": 2, "y": -2, "parts": [ "wheel_mount_heavy", "wheel_armor" ] },
      { "x": 2, "y": 0, "parts": [ "hdframe_vertical_2", "aisle_horizontal", "hdroof" ] },
      { "x": 2, "y": 1, "parts": [ "hdframe_vertical_2", "robot_cargo", "hdroof" ] },
      { "x": 2, "y": 2, "parts": [ "hdframe_vertical", "hddoor_opaque_right", "plating_military" ] },
      { "x": 2, "y": 2, "parts": [ "wheel_mount_heavy", "wheel_armor" ] },
      { "x": 3, "y": -1, "parts": [ "hdframe_vertical_2", "seat", "controls", "dashboard" ] },
      { "x": 3, "y": -1, "parts": [ "cam_control", "vehicle_clock", "seatbelt_heavyduty", "hdroof" ] },
      { "x": 3, "y": -2, "part": "hdframe_vertical" },
      { "x": 3, "y": -2, "parts": [ "wheel_mount_heavy_steerable", "wheel_armor" ] },
      { "x": 3, "y": -2, "parts": [ "hdboard_vertical_left", "omnicam", "plating_military" ] },
      { "x": 3, "y": 0, "parts": [ "hdframe_vertical_2", "stowboard_vertical", "hdroof" ] },
      { "x": 3, "y": 0, "parts": [ "diesel_engine_v6", "battery_car", "alternator_truck", "plating_military" ] },
      { "x": 3, "y": 1, "parts": [ "hdframe_vertical_2", "cam_control", "plating_military" ] },
      { "x": 3, "y": 1, "part": "tank_small", "fuel": "diesel" },
      { "x": 3, "y": 1, "parts": [ "seat", "seatbelt_heavyduty", "turret_mount" ] },
      { "x": 3, "y": 1, "part": "mounted_browning", "ammo": 60, "ammo_qty": [ 10, 100 ] },
      { "x": 3, "y": 2, "parts": [ "hdframe_vertical", "hdboard_vertical_right" ] },
      { "x": 3, "y": 2, "parts": [ "wheel_mount_heavy_steerable", "wheel_armor", "omnicam", "plating_military" ] },
      { "x": 4, "y": -1, "parts": [ "hdframe_horizontal", "reinforced_windshield" ] },
      { "x": 4, "y": -1, "parts": [ "headlight_reinforced", "plating_military" ] },
      { "x": 4, "y": -2, "parts": [ "hdframe_nw", "hdboard_nw", "plating_military" ] },
      { "x": 4, "y": 0, "parts": [ "hdframe_horizontal", "hdboard_horizontal", "plating_military" ] },
      { "x": 4, "y": 1, "parts": [ "hdframe_horizontal", "hdboard_horizontal", "headlight_reinforced" ] },
      { "x": 4, "y": 1, "part": "plating_military" },
      { "x": 4, "y": 2, "parts": [ "hdframe_ne", "hdboard_ne", "plating_military" ] },
      { "x": 5, "y": -1, "parts": [ "hdframe_horizontal", "hdhalfboard_horizontal", "plating_military" ] },
      { "x": 5, "y": -2, "parts": [ "hdframe_nw", "hdhalfboard_nw", "plating_military" ] },
      { "x": 5, "y": 0, "parts": [ "hdframe_horizontal", "hdhalfboard_horizontal", "horn_big" ] },
      { "x": 5, "y": 0, "part": "plating_military" },
      { "x": 5, "y": 1, "parts": [ "hdframe_horizontal", "hdhalfboard_horizontal", "plating_military" ] },
      { "x": 5, "y": 2, "parts": [ "hdframe_ne", "hdhalfboard_ne", "plating_military" ] }
    ]
  }
]
