[
  {
    "id": "apc",
    "type": "vehicle",
    "name": "Armored Personnel Carrier",
    "parts": [
      { "y": 2, "x": 5, "parts": [ "hdframe_ne", "hdhalfboard_ne", "plating_military" ] },
      { "y": 1, "x": 5, "parts": [ "hdframe_horizontal", "hdhalfboard_horizontal", "plating_military" ] },
      { "y": 0, "x": 5, "parts": [ "hdframe_horizontal", "hdhalfboard_horizontal", "plating_military" ] },
      { "y": 0, "x": 5, "part": "horn_big" },
      { "y": -1, "x": 5, "parts": [ "hdframe_horizontal", "hdhalfboard_horizontal", "plating_military" ] },
      { "y": -2, "x": 5, "parts": [ "hdframe_nw", "hdhalfboard_nw", "plating_military" ] },
      { "y": 2, "x": 4, "parts": [ "hdframe_ne", "hdboard_ne", "plating_military" ] },
      { "y": 1, "x": 4, "parts": [ "hdframe_horizontal", "hdboard_horizontal", "plating_military" ] },
      { "y": 1, "x": 4, "parts": [ "headlight_reinforced" ] },
      { "y": 0, "x": 4, "parts": [ "hdframe_horizontal", "hdboard_ne", "plating_military" ] },
      { "y": -1, "x": 4, "parts": [ "hdframe_horizontal", "plating_military" ] },
      { "y": -1, "x": 4, "parts": [ "headlight_reinforced", "reinforced_windshield" ] },
      { "y": -2, "x": 4, "parts": [ "hdframe_nw", "hdboard_nw", "plating_military" ] },
      { "y": 2, "x": 3, "parts": [ "hdframe_vertical", "hdboard_vertical", "plating_military" ] },
      { "y": 2, "x": 3, "parts": [ "wheel_mount_heavy_steerable", "wheel_armor", "omnicam" ] },
      { "y": 1, "x": 3, "parts": [ "hdframe_vertical_2", "hdroof", "plating_military" ] },
      { "y": 1, "x": 3, "parts": [ { "fuel": "diesel", "part": "tank_small" }, "cam_control" ] },
      {
        "y": 1,
        "x": 3,
        "parts": [ "turret_mount", { "part": "mounted_browning", "ammo": 60, "ammo_qty": [ 10, 100 ] } ]
      },
      { "y": 1, "x": 3, "parts": [ "seat", "seatbelt_heavyduty" ] },
      { "y": 0, "x": 3, "parts": [ "hdframe_vertical_2", "stowboard_vertical", "hdroof" ] },
      { "y": 0, "x": 3, "parts": [ "diesel_engine_v6", "battery_car", "alternator_truck", "plating_military" ] },
      { "y": -1, "x": 3, "parts": [ "hdframe_vertical_2", "hdroof" ] },
      { "y": -1, "x": 3, "parts": [ "afs_control_station", "dashboard" ] },
      { "y": -1, "x": 3, "parts": [ "seat", "seatbelt_heavyduty" ] },
      { "y": -2, "x": 3, "parts": [ "hdframe_vertical", "hdboard_vertical", "plating_military" ] },
      { "y": -2, "x": 3, "parts": [ "wheel_mount_heavy_steerable", "wheel_armor", "omnicam" ] },
      { "y": 2, "x": 2, "parts": [ "hdframe_vertical", "hdboard_vertical", "plating_military" ] },
      { "y": 2, "x": 2, "parts": [ "wheel_mount_heavy", "wheel_armor" ] },
      { "y": 1, "x": 2, "parts": [ "hdframe_vertical_2", "seat", "hdroof" ] },
      { "y": 0, "x": 2, "parts": [ "hdframe_vertical_2", "aisle_horizontal", "hdroof" ] },
      { "y": -1, "x": 2, "parts": [ "hdframe_vertical_2", "seat", "hdroof" ] },
      { "y": -2, "x": 2, "parts": [ "hdframe_vertical", "hdboard_vertical", "plating_military" ] },
      { "y": -2, "x": 2, "parts": [ "wheel_mount_heavy", "wheel_armor" ] },
      { "y": 2, "x": 1, "parts": [ "hdframe_vertical", "hdboard_vertical", "plating_military" ] },
      { "y": 2, "x": 1, "parts": [ "wheel_mount_heavy", "wheel_armor" ] },
      { "y": 1, "x": 1, "parts": [ "hdframe_vertical_2", "seat", "hdroof" ] },
      { "y": 0, "x": 1, "parts": [ "hdframe_vertical_2", "aisle_horizontal", "hdroof" ] },
      { "y": -1, "x": 1, "parts": [ "hdframe_vertical_2", "seat", "hdroof" ] },
      { "y": -2, "x": 1, "parts": [ "hdframe_vertical", "hdboard_vertical", "plating_military" ] },
      { "y": -2, "x": 1, "parts": [ "wheel_mount_heavy", "wheel_armor" ] },
      { "y": 2, "x": 0, "parts": [ "hdframe_vertical", "hdboard_vertical", "plating_military" ] },
      { "y": 2, "x": 0, "parts": [ "wheel_mount_heavy", "wheel_armor" ] },
      { "y": 1, "x": 0, "parts": [ "hdframe_vertical_2", "seat", "hdroof" ] },
      { "y": 0, "x": 0, "parts": [ "hdframe_vertical_2", "aisle_horizontal", "hdroof" ] },
      { "y": -1, "x": 0, "parts": [ "hdframe_vertical_2", "seat", "hdroof" ] },
      { "y": -2, "x": 0, "parts": [ "hdframe_vertical", "hdboard_vertical", "plating_military" ] },
      { "y": -2, "x": 0, "parts": [ "wheel_mount_heavy", "wheel_armor" ] },
      { "y": 2, "x": -1, "parts": [ "hdframe_vertical", "hdboard_vertical", "plating_military" ] },
      { "y": 1, "x": -1, "parts": [ "hdframe_vertical_2", "seat", "hdroof" ] },
      { "y": 0, "x": -1, "parts": [ "hdframe_vertical_2", "aisle_horizontal", "hdroof" ] },
      { "y": -1, "x": -1, "parts": [ "hdframe_vertical_2", "seat", "hdroof" ] },
      { "y": -2, "x": -1, "parts": [ "hdframe_vertical", "hdboard_vertical", "plating_military" ] },
      { "y": 2, "x": -2, "parts": [ "hdframe_se", "hdboard_se", "muffler", "plating_military" ] },
      { "y": 1, "x": -2, "parts": [ "hdframe_horizontal", "hdboard_horizontal", "plating_military" ] },
      { "y": 0, "x": -2, "parts": [ "hdframe_horizontal", "hddoor_opaque", "omnicam", "plating_military" ] },
      { "y": -1, "x": -2, "parts": [ "hdframe_horizontal", "hdboard_horizontal", "plating_military" ] },
      { "y": -2, "x": -2, "parts": [ "hdframe_sw", "hdboard_sw", "muffler", "plating_military" ] },
      { "y": 2, "x": -3, "parts": [ { "fuel": "diesel", "part": "external_tank" } ] },
      { "y": -2, "x": -3, "parts": [ { "fuel": "diesel", "part": "external_tank" } ] }
    ],
    "items": [ { "y": -1, "x": 3, "chance": 2, "items": [ "id_military" ] } ]
  },
  {
    "id": "apc-gl",
    "type": "vehicle",
    "name": "Armored Personnel Carrier",
    "//": "grenade launcher version",
    "items": [ { "y": -1, "x": 3, "chance": 2, "items": [ "id_military" ] } ],
    "parts": [
      { "y": 2, "x": 5, "parts": [ "hdframe_ne", "hdhalfboard_ne", "plating_military" ] },
      { "y": 1, "x": 5, "parts": [ "hdframe_horizontal", "hdhalfboard_horizontal", "plating_military" ] },
      { "y": 0, "x": 5, "parts": [ "hdframe_horizontal", "hdhalfboard_horizontal", "plating_military" ] },
      { "y": 0, "x": 5, "part": "horn_big" },
      { "y": -1, "x": 5, "parts": [ "hdframe_horizontal", "hdhalfboard_horizontal", "plating_military" ] },
      { "y": -2, "x": 5, "parts": [ "hdframe_nw", "hdhalfboard_nw", "plating_military" ] },
      { "y": 2, "x": 4, "parts": [ "hdframe_ne", "hdboard_ne", "plating_military" ] },
      { "y": 1, "x": 4, "parts": [ "hdframe_horizontal", "hdboard_horizontal", "plating_military" ] },
      { "y": 1, "x": 4, "parts": [ "headlight_reinforced" ] },
      { "y": 0, "x": 4, "parts": [ "hdframe_horizontal", "hdboard_ne", "plating_military" ] },
      { "y": -1, "x": 4, "parts": [ "hdframe_horizontal", "plating_military" ] },
      { "y": -1, "x": 4, "parts": [ "headlight_reinforced", "reinforced_windshield" ] },
      { "y": -2, "x": 4, "parts": [ "hdframe_nw", "hdboard_nw", "plating_military" ] },
      { "y": 2, "x": 3, "parts": [ "hdframe_vertical", "hdboard_vertical", "plating_military" ] },
      { "y": 2, "x": 3, "parts": [ "wheel_mount_heavy_steerable", "wheel_armor", "omnicam" ] },
      { "y": 1, "x": 3, "parts": [ "hdframe_vertical_2", "hdroof", "plating_military" ] },
      { "y": 1, "x": 3, "parts": [ { "fuel": "diesel", "part": "tank_small" }, "cam_control" ] },
      {
        "y": 1,
        "x": 3,
        "parts": [ "turret_mount", { "ammo_types": [ "40x53mm_m430a1" ], "part": "mounted_mk19", "ammo": 60, "ammo_qty": [ 1, 25 ] } ]
      },
      { "y": 1, "x": 3, "parts": [ "seat", "seatbelt_heavyduty" ] },
      { "y": 0, "x": 3, "parts": [ "hdframe_vertical_2", "stowboard_vertical", "hdroof" ] },
      { "y": 0, "x": 3, "parts": [ "diesel_engine_v6", "battery_car", "alternator_truck", "plating_military" ] },
      { "y": -1, "x": 3, "parts": [ "hdframe_vertical_2", "hdroof" ] },
      { "y": -1, "x": 3, "parts": [ "afs_control_station", "dashboard" ] },
      { "y": -1, "x": 3, "parts": [ "seat", "seatbelt_heavyduty" ] },
      { "y": -2, "x": 3, "parts": [ "hdframe_vertical", "hdboard_vertical", "plating_military" ] },
      { "y": -2, "x": 3, "parts": [ "wheel_mount_heavy_steerable", "wheel_armor", "omnicam" ] },
      { "y": 2, "x": 2, "parts": [ "hdframe_vertical", "hdboard_vertical", "plating_military" ] },
      { "y": 2, "x": 2, "parts": [ "wheel_mount_heavy", "wheel_armor" ] },
      { "y": 1, "x": 2, "parts": [ "hdframe_vertical_2", "seat", "hdroof" ] },
      { "y": 0, "x": 2, "parts": [ "hdframe_vertical_2", "aisle_horizontal", "hdroof" ] },
      { "y": -1, "x": 2, "parts": [ "hdframe_vertical_2", "seat", "hdroof" ] },
      { "y": -2, "x": 2, "parts": [ "hdframe_vertical", "hdboard_vertical", "plating_military" ] },
      { "y": -2, "x": 2, "parts": [ "wheel_mount_heavy", "wheel_armor" ] },
      { "y": 2, "x": 1, "parts": [ "hdframe_vertical", "hdboard_vertical", "plating_military" ] },
      { "y": 2, "x": 1, "parts": [ "wheel_mount_heavy", "wheel_armor" ] },
      { "y": 1, "x": 1, "parts": [ "hdframe_vertical_2", "seat", "hdroof" ] },
      { "y": 0, "x": 1, "parts": [ "hdframe_vertical_2", "aisle_horizontal", "hdroof" ] },
      { "y": -1, "x": 1, "parts": [ "hdframe_vertical_2", "seat", "hdroof" ] },
      { "y": -2, "x": 1, "parts": [ "hdframe_vertical", "hdboard_vertical", "plating_military" ] },
      { "y": -2, "x": 1, "parts": [ "wheel_mount_heavy", "wheel_armor" ] },
      { "y": 2, "x": 0, "parts": [ "hdframe_vertical", "hdboard_vertical", "plating_military" ] },
      { "y": 2, "x": 0, "parts": [ "wheel_mount_heavy", "wheel_armor" ] },
      { "y": 1, "x": 0, "parts": [ "hdframe_vertical_2", "seat", "hdroof" ] },
      { "y": 0, "x": 0, "parts": [ "hdframe_vertical_2", "aisle_horizontal", "hdroof" ] },
      { "y": -1, "x": 0, "parts": [ "hdframe_vertical_2", "seat", "hdroof" ] },
      { "y": -2, "x": 0, "parts": [ "hdframe_vertical", "hdboard_vertical", "plating_military" ] },
      { "y": -2, "x": 0, "parts": [ "wheel_mount_heavy", "wheel_armor" ] },
      { "y": 2, "x": -1, "parts": [ "hdframe_vertical", "hdboard_vertical", "plating_military" ] },
      { "y": 1, "x": -1, "parts": [ "hdframe_vertical_2", "seat", "hdroof" ] },
      { "y": 0, "x": -1, "parts": [ "hdframe_vertical_2", "aisle_horizontal", "hdroof" ] },
      { "y": -1, "x": -1, "parts": [ "hdframe_vertical_2", "seat", "hdroof" ] },
      { "y": -2, "x": -1, "parts": [ "hdframe_vertical", "hdboard_vertical", "plating_military" ] },
      { "y": 2, "x": -2, "parts": [ "hdframe_se", "hdboard_se", "muffler", "plating_military" ] },
      { "y": 1, "x": -2, "parts": [ "hdframe_horizontal", "hdboard_horizontal", "plating_military" ] },
      { "y": 0, "x": -2, "parts": [ "hdframe_horizontal", "hddoor_opaque", "omnicam", "plating_military" ] },
      { "y": -1, "x": -2, "parts": [ "hdframe_horizontal", "hdboard_horizontal", "plating_military" ] },
      { "y": -2, "x": -2, "parts": [ "hdframe_sw", "hdboard_sw", "muffler", "plating_military" ] },
      { "y": 2, "x": -3, "parts": [ { "fuel": "diesel", "part": "external_tank" } ] },
      { "y": -2, "x": -3, "parts": [ { "fuel": "diesel", "part": "external_tank" } ] }
    ]
  }
]
