[
  {
    "id": "suburban_home",
    "type": "vehicle_group",
    "vehicles": [ [ "car_atomic", 1000 ], [ "suv_atomic", 1000 ], [ "compact_atomic", 300 ] ]
  },
  {
    "id": "parkinglot",
    "type": "vehicle_group",
    "vehicles": [ [ "car_atomic", 1000 ], [ "car_sports_atomic", 100 ], [ "suv_atomic", 1000 ], [ "compact_atomic", 300 ] ]
  },
  {
    "id": "parkinglotbasic",
    "type": "vehicle_group",
    "vehicles": [ [ "bubble_car", 50 ] ]
  },
  {
    "type": "vehicle_group",
    "id": "parking_garage",
    "vehicles": [ [ "bubble_car", 200 ] ]
  },
  {
    "type": "vehicle_group",
    "id": "junkyard_vehicles",
    "vehicles": [ [ "bubble_car", 20 ] ]
  },
  {
    "type": "vehicle_group",
    "id": "oa_vg_cs_vehicles",
    "//": "For cs_car_showroom",
    "vehicles": [ [ "bubble_car", 60 ] ]
  },
  {
    "id": "afs_lab_cars",
    "type": "vehicle_group",
    "vehicles": [ [ "bubble_car", 20 ], [ "car_sports_atomic", 10 ] ]
  },
  {
    "id": "afs_lab_utility",
    "type": "vehicle_group",
    "vehicles": [ [ "welding_cart", 5 ], [ "engine_crane", 3 ], [ "portable_generator", 8 ] ]
  },
  {
    "id": "city_vehicles",
    "type": "vehicle_group",
    "vehicles": [ [ "car_atomic", 1000 ], [ "suv_atomic", 1000 ], [ "compact_atomic", 500 ] ]
  },
  {
    "id": "city_pileup",
    "type": "vehicle_group",
    "vehicles": [ [ "car_atomic", 1000 ], [ "suv_atomic", 1000 ], [ "compact_atomic", 300 ] ]
  },
  {
    "id": "highway",
    "type": "vehicle_group",
    "vehicles": [ [ "car_atomic", 1500 ], [ "suv_atomic", 1500 ], [ "compact_atomic", 300 ] ]
  },
  {
    "type": "vehicle_group",
    "id": "city_vehicles",
    "vehicles": [ [ "robotic_taxi", 300 ], [ "armored_robot_carrier", 100 ] ]
  },
  {
    "type": "vehicle_group",
    "id": "city_pileup",
    "vehicles": [ [ "robotic_taxi", 500 ] ]
  },
  {
    "type": "vehicle_group",
    "id": "highway",
    "vehicles": [ [ "armored_robot_carrier", 100 ] ]
  },
  {
    "type": "vehicle_group",
    "id": "military_vehicles",
    "vehicles": [ [ "armored_robot_carrier", 200 ] ]
  },
  {
    "type": "vehicle_group",
    "id": "parkinglot",
    "vehicles": [ [ "robotic_taxi", 100 ] ]
  }
]
