[
  {
    "type": "MOD_INFO",
    "id": "aftershock_exoplanet",
    "name": "Aftershock: Exoplanet",
    "authors": [ "Maleclypse", "Candlebury", "Mom_Bun" ],
    "maintainers": [ "Maleclypse", "Candlebury", "Mom_Bun" ],
    "description": "An experimental implementation of Aftershock's exoplanet region, not recommended for actual playthroughs.  Adds no new content by itself, and requires the main mod to function correctly.",
    "category": "total_conversion",
    "dependencies": [ "dda", "aftershock" ]
  }
]
