[
  {
    "id": "afs_flurries",
    "type": "weather_type",
    "name": "Flurries",
    "color": "white",
    "map_color": "h_white",
    "sym": ".",
    "ranged_penalty": 1,
    "sight_penalty": 1.03,
    "light_modifier": -20,
    "sound_attn": 1,
    "dangerous": false,
    "precip": "light",
    "rains": true,
    "acidic": false,
    "tiles_animation": "weather_snowflake",
    "weather_animation": { "factor": 0.01, "color": "white", "sym": "." },
    "sound_category": "flurries",
    "sun_intensity": "light",
    "required_weathers": [ "cloudy" ],
    "condition": {
      "or": [
        { "compare_int": [ { "weather": "humidity" }, ">=", { "const": 97 } ] },
        { "compare_int": [ { "weather": "pressure" }, "<", { "const": 1000 } ] }
      ]
    }
  },
  {
    "id": "afs_whiteout",
    "type": "weather_type",
    "name": "Whiteout",
    "color": "i_black",
    "map_color": "i_black",
    "sym": "o",
    "ranged_penalty": 1,
    "sight_penalty": 1.03,
    "light_modifier": -40,
    "sound_attn": 1,
    "dangerous": false,
    "precip": "heavy",
    "rains": true,
    "acidic": false,
    "tiles_animation": "weather_snowflake",
    "weather_animation": { "factor": 0.01, "color": "white", "sym": "*" },
    "sound_category": "snowstorm",
    "sun_intensity": "light",
    "required_weathers": [ "cloudy", "afs_flurries" ],
    "condition": { "and": [ "is_day", { "compare_int": [ { "weather": "windpower" }, ">=", { "const": 20 } ] } ] }
  },
  {
    "id": "afs_snowing",
    "type": "weather_type",
    "name": "Snowing",
    "color": "blue",
    "map_color": "h_blue",
    "sym": "o",
    "ranged_penalty": 3,
    "sight_penalty": 1.1,
    "light_modifier": -30,
    "sound_attn": 4,
    "dangerous": false,
    "precip": "heavy",
    "rains": true,
    "acidic": false,
    "tiles_animation": "weather_snowflake",
    "weather_animation": { "factor": 0.02, "color": "white", "sym": "*" },
    "sound_category": "snow",
    "sun_intensity": "light",
    "required_weathers": [ "afs_flurries", "afs_whiteout" ],
    "condition": {
      "or": [
        { "compare_int": [ { "weather": "humidity" }, ">=", { "const": 98 } ] },
        { "compare_int": [ { "weather": "pressure" }, "<", { "const": 993 } ] }
      ]
    }
  },
  {
    "id": "afs_thunder",
    "type": "weather_type",
    "name": "Thunder Storm",
    "color": "dark_gray",
    "map_color": "i_blue",
    "sym": "%",
    "ranged_penalty": 4,
    "sight_penalty": 1.2,
    "light_modifier": -40,
    "sound_attn": 8,
    "dangerous": false,
    "precip": "heavy",
    "rains": true,
    "acidic": false,
    "tiles_animation": "weather_snowflake",
    "weather_animation": { "factor": 0.02, "color": "white", "sym": "*" },
    "sound_category": "snowstorm",
    "sun_intensity": "none",
    "required_weathers": [ "afs_snowing" ],
    "condition": { "compare_int": [ { "weather": "pressure" }, "<", { "const": 990 } ] }
  },
  {
    "id": "afs_lightning",
    "type": "weather_type",
    "name": "Lightning Storm",
    "color": "yellow",
    "map_color": "h_yellow",
    "sym": "%",
    "ranged_penalty": 4,
    "sight_penalty": 1.25,
    "light_modifier": -45,
    "sound_attn": 8,
    "dangerous": false,
    "precip": "heavy",
    "rains": true,
    "acidic": false,
    "tiles_animation": "weather_snowflake",
    "weather_animation": { "factor": 0.04, "color": "white", "sym": "*" },
    "sound_category": "snowstorm",
    "sun_intensity": "none",
    "required_weathers": [ "afs_thunder" ],
    "condition": { "compare_int": [ { "weather": "pressure" }, "<", { "const": 980 } ] }
  }
]
