[
  {
    "result": "blaze_sks",
    "type": "recipe",
    "activity_level": "fake",
    "category": "CC_OTHER",
    "subcategory": "CSC_OTHER_MATERIALS",
    "skill_used": "mechanics",
    "difficulty": 2,
    "time": "20 m",
    "autolearn": true,
    "qualities": [ { "id": "HAMMER", "level": 2 }, { "id": "SAW_M", "level": 1 } ],
    "components": [ [ [ "sks", 1 ] ] ]
  },
  {
    "result": "blaze_marlin_9a",
    "type": "recipe",
    "activity_level": "fake",
    "category": "CC_OTHER",
    "subcategory": "CSC_OTHER_MATERIALS",
    "skill_used": "mechanics",
    "difficulty": 2,
    "time": "20 m",
    "autolearn": true,
    "qualities": [ { "id": "HAMMER", "level": 2 }, { "id": "SAW_M", "level": 1 } ],
    "components": [ [ [ "marlin_9a", 1 ] ] ]
  }
]
