[
  {
    "type": "construction",
    "id": "app_afs_metal_rig",
    "group": "place_metal_rig",
    "category": "APPLIANCE",
    "required_skills": [ [ "fabrication", 0 ] ],
    "time": "5 m",
    "components": [ [ [ "afs_metal_rig", 1 ] ] ],
    "pre_special": "check_empty",
    "post_special": "done_appliance"
  },
  {
    "type": "construction",
    "id": "app_afs_cooking_rig",
    "group": "place_cooking_rig",
    "category": "APPLIANCE",
    "required_skills": [ [ "fabrication", 0 ] ],
    "time": "5 m",
    "components": [ [ [ "afs_cooking_rig", 1 ] ] ],
    "pre_special": "check_empty",
    "post_special": "done_appliance"
  },
  {
    "type": "construction",
    "id": "app_afs_kitchen_rig",
    "group": "place_kitchen_rig",
    "category": "APPLIANCE",
    "required_skills": [ [ "fabrication", 0 ] ],
    "time": "5 m",
    "components": [ [ [ "afs_kitchen_rig", 1 ] ] ],
    "pre_special": "check_empty",
    "post_special": "done_appliance"
  },
  {
    "type": "construction",
    "id": "constr_blz_fridge_vehicle",
    "group": "convert_fridge_power_supply",
    "category": "FURN",
    "required_skills": [ [ "fabrication", 3 ], [ "electronics", 4 ], [ "mechanics", 3 ] ],
    "time": 30,
    "qualities": [ { "id": "SCREW", "level": 1 }, { "id": "HAMMER", "level": 3 }, { "id": "SAW_M", "level": 2 } ],
    "components": [ [ [ "cable", 10 ] ], [ [ "power_supply", 1 ] ], [ [ "plastic_chunk", 2 ] ] ],
    "pre_note": "Converts a fridge to run off of vehicle power.  You can 'e'xamine it afterwards to take it down for mounting.",
    "pre_terrain": "f_fridge",
    "post_terrain": "f_afs_fridge_vehicle"
  },
  {
    "type": "construction",
    "id": "constr_blz_freezer_vehicle",
    "group": "convert_vehicle_fridge_to_freezer",
    "category": "FURN",
    "required_skills": [ [ "electronics", 3 ], [ "mechanics", 3 ] ],
    "time": 20,
    "qualities": [ { "id": "SCREW", "level": 1 }, { "id": "HAMMER", "level": 3 }, { "id": "SAW_M", "level": 2 } ],
    "components": [ [ [ "cable", 10 ] ], [ [ "amplifier", 3 ] ], [ [ "refrigerant_tank", 2 ] ] ],
    "pre_note": "Further modifies a converted fridge to function as a freezer.  You can 'e'xamine it afterwards to take it down for mounting.",
    "pre_terrain": "f_afs_fridge_vehicle",
    "post_terrain": "f_afs_freezer_vehicle"
  },
  {
    "type": "construction",
    "id": "cust_constr_blz_freezer_vehicle",
    "group": "convert_vehicle_fridge_to_freezer",
    "category": "FURN",
    "required_skills": [ [ "electronics", 3 ], [ "mechanics", 3 ] ],
    "time": 20,
    "qualities": [ { "id": "SCREW", "level": 1 }, { "id": "HAMMER", "level": 3 }, { "id": "SAW_M", "level": 2 } ],
    "components": [ [ [ "cable", 10 ] ], [ [ "amplifier", 3 ] ], [ [ "refrigerant_tank", 2 ] ], [ [ "afs_fridge", 1 ] ] ],
    "pre_note": "Further modifies a converted fridge to function as a freezer.  You can 'e'xamine it afterwards to take it down for mounting.",
    "pre_special": "check_empty",
    "post_terrain": "f_afs_freezer_vehicle"
  }
]
