[
  {
    "type": "construction_group",
    "id": "place_metal_rig",
    "name": "Place MetalMaster forge buddy"
  },
  {
    "type": "construction_group",
    "id": "place_cooking_rig",
    "name": "Place Cooking Rig"
  },
  {
    "type": "construction_group",
    "id": "place_kitchen_rig",
    "name": "Place KitchenMaster Cooking Buddy"
  },
  {
    "type": "construction_group",
    "id": "convert_fridge_power_supply",
    "name": "Convert Fridge Power Supply"
  },
  {
    "type": "construction_group",
    "id": "convert_vehicle_fridge_to_freezer",
    "name": "Convert Vehicle Fridge to Freezer"
  }
]
