[
  {
    "type": "recipe",
    "activity_level": "LIGHT_EXERCISE",
    "result": "heavy_mech_leg",
    "category": "CC_OTHER",
    "subcategory": "CSC_OTHER_PARTS",
    "skill_used": "fabrication",
    "skills_required": [ "electronics", 3 ],
    "difficulty": 9,
    "time": 164000,
    "reversible": true,
    "autolearn": false,
    "qualities": [
      { "id": "HAMMER", "level": 2, "amount": 1 },
      { "id": "HAMMER_FINE", "level": 1, "amount": 1 },
      { "id": "SAW_M", "level": 1, "amount": 1 },
      { "id": "SAW_M_FINE", "level": 1, "amount": 1 },
      { "id": "SCREW", "level": 1, "amount": 1 },
      { "id": "SCREW_FINE", "level": 1, "amount": 1 },
      { "id": "WRENCH", "level": 1, "amount": 1 },
      { "id": "WRENCH_FINE", "level": 1, "amount": 1 }
    ],
    "tools": [
      [ [ "welder", 200 ], [ "welder_crude", 250 ], [ "toolset", 20 ] ],
      [ [ "goggles_welding", -1 ] ],
      [ [ "soldering_iron", 150 ], [ "toolset", 15 ] ]
    ],
    "components": [
      [ [ "ehdframe", 4 ] ],
      [ [ "processor", 2 ] ],
      [ [ "power_supply", 2 ] ],
      [ [ "solder_wire", 160 ] ],
      [ [ "plut_cell", 4 ] ],
      [ [ "chain", 2 ] ],
      [ [ "pipe", 8 ] ],
      [ [ "hose", 8 ] ],
      [ [ "cable", 6 ] ],
      [ [ "hard_plate", 4 ] ]
    ]
  },
  {
    "type": "recipe",
    "activity_level": "LIGHT_EXERCISE",
    "result": "medium_mech_leg",
    "category": "CC_OTHER",
    "subcategory": "CSC_OTHER_PARTS",
    "skill_used": "fabrication",
    "skills_required": [ "electronics", 3 ],
    "difficulty": 9,
    "time": 152000,
    "reversible": true,
    "autolearn": false,
    "qualities": [
      { "id": "HAMMER", "level": 2, "amount": 1 },
      { "id": "HAMMER_FINE", "level": 1, "amount": 1 },
      { "id": "SAW_M", "level": 1, "amount": 1 },
      { "id": "SAW_M_FINE", "level": 1, "amount": 1 },
      { "id": "SCREW", "level": 1, "amount": 1 },
      { "id": "SCREW_FINE", "level": 1, "amount": 1 },
      { "id": "WRENCH", "level": 1, "amount": 1 },
      { "id": "WRENCH_FINE", "level": 1, "amount": 1 }
    ],
    "tools": [
      [ [ "welder", 200 ], [ "welder_crude", 250 ], [ "toolset", 20 ] ],
      [ [ "goggles_welding", -1 ] ],
      [ [ "soldering_iron", 150 ], [ "toolset", 15 ] ]
    ],
    "components": [
      [ [ "frame", 4 ] ],
      [ [ "processor", 2 ] ],
      [ [ "power_supply", 1 ] ],
      [ [ "solder_wire", 160 ] ],
      [ [ "plut_cell", 2 ] ],
      [ [ "chain", 2 ] ],
      [ [ "pipe", 6 ] ],
      [ [ "hose", 6 ] ],
      [ [ "cable", 6 ] ],
      [ [ "steel_plate", 4 ] ]
    ]
  },
  {
    "type": "recipe",
    "activity_level": "LIGHT_EXERCISE",
    "result": "light_mech_leg",
    "category": "CC_OTHER",
    "subcategory": "CSC_OTHER_PARTS",
    "skill_used": "fabrication",
    "skills_required": [ "electronics", 3 ],
    "difficulty": 9,
    "time": 144000,
    "reversible": true,
    "autolearn": false,
    "qualities": [
      { "id": "HAMMER", "level": 2, "amount": 1 },
      { "id": "HAMMER_FINE", "level": 1, "amount": 1 },
      { "id": "SAW_M", "level": 1, "amount": 1 },
      { "id": "SAW_M_FINE", "level": 1, "amount": 1 },
      { "id": "SCREW", "level": 1, "amount": 1 },
      { "id": "SCREW_FINE", "level": 1, "amount": 1 },
      { "id": "WRENCH", "level": 1, "amount": 1 },
      { "id": "WRENCH_FINE", "level": 1, "amount": 1 }
    ],
    "tools": [
      [ [ "welder", 200 ], [ "welder_crude", 250 ], [ "toolset", 20 ] ],
      [ [ "goggles_welding", -1 ] ],
      [ [ "soldering_iron", 150 ], [ "toolset", 15 ] ]
    ],
    "components": [
      [ [ "frame", 4 ] ],
      [ [ "processor", 2 ] ],
      [ [ "power_supply", 1 ] ],
      [ [ "solder_wire", 160 ] ],
      [ [ "plut_cell", 2 ] ],
      [ [ "chain", 2 ] ],
      [ [ "pipe", 4 ] ],
      [ [ "hose", 4 ] ],
      [ [ "cable", 6 ] ],
      [ [ "alloy_plate", 4 ] ]
    ]
  }
]
