[
  {
    "type": "GENERIC",
    "id": "afs_titanium_frame",
    "name": { "str": "ultralight frame" },
    "description": "A sturdy, lightweight frame made from titanium.  Useful for crafting.",
    "weight": "1 kg",
    "to_hit": -3,
    "color": "white",
    "symbol": "]",
    "material": [ "titanium" ],
    "looks_like": "xlframe",
    "techniques": [ "DEF_DISARM" ],
    "volume": "7500 ml",
    "bashing": 15,
    "category": "veh_parts",
    "price": 4000
  },
  {
    "type": "GENERIC",
    "id": "afs_titanium_foldable_frame",
    "copy-from": "afs_titanium_frame",
    "name": { "str": "ultralight foldable frame" },
    "description": "A sturdy, lightweight foldable frame made from titanium."
  }
]
