[
  {
    "id": "afs_electric_semi",
    "type": "vehicle",
    "name": "Electric Semi",
    "blueprint": [
      [ "       o  " ],
      [ "OO ---+-O-" ],
      [ "OO=|#|#'|H" ],
      [ "++-|o|o'|>" ],
      [ "++-|o+o'|>" ],
      [ "OO=|#|#'|H" ],
      [ "OO ---+=O-" ],
      [ "       o  " ]
    ],
    "parts": [
      { "x": -2, "y": 2, "parts": [ "hdframe_vertical_2", "box", "roof" ] },
      { "x": -2, "y": 3, "parts": [ "hdframe_vertical_2", "bed", "roof" ] },
      { "x": -2, "y": 1, "parts": [ "hdframe_vertical_2", "box", "roof" ] },
      { "x": -2, "y": 4, "parts": [ "hdframe_vertical", "board_vertical_right" ] },
      { "x": -2, "y": 0, "parts": [ "hdframe_vertical_2", "bed", "roof" ] },
      { "x": -2, "y": -1, "parts": [ "hdframe_vertical", "board_vertical_left" ] },
      { "x": -1, "y": 2, "parts": [ "hdframe_horizontal", "door_internal" ] },
      { "x": -1, "y": 1, "parts": [ "hdframe_horizontal", "board_horizontal_front" ] },
      { "x": -1, "y": 3, "parts": [ "hdframe_horizontal", "board_horizontal_front" ] },
      { "x": -1, "y": 3, "part": "large_storage_battery" },
      { "x": -1, "y": 0, "parts": [ "hdframe_horizontal", "board_horizontal_front" ] },
      { "x": -1, "y": 0, "part": "large_storage_battery" },
      { "x": -1, "y": 4, "parts": [ "hdframe_vertical", "board_vertical_right" ] },
      { "x": -1, "y": -1, "parts": [ "hdframe_vertical", "board_vertical_left" ] },
      { "x": -3, "y": 2, "parts": [ "hdframe_horizontal", "board_horizontal_rear", "beeper" ] },
      { "x": -3, "y": 3, "parts": [ "hdframe_horizontal", "board_horizontal_rear" ] },
      { "x": -3, "y": 1, "parts": [ "hdframe_horizontal", "board_horizontal_rear" ] },
      { "x": -3, "y": 0, "parts": [ "hdframe_horizontal", "board_horizontal_rear" ] },
      { "x": -3, "y": 4, "parts": [ "hdframe_se", "board_se" ] },
      { "x": -3, "y": -1, "parts": [ "hdframe_sw", "board_sw" ] },
      { "x": 0, "y": 1, "parts": [ "hdframe_horizontal", "box", "roof" ] },
      { "x": 0, "y": 3, "parts": [ "hdframe_vertical_2", "seat", "seatbelt", "roof" ] },
      { "x": 0, "y": 0, "parts": [ "hdframe_vertical_2", "seat", "seatbelt", "roof" ] },
      { "x": 0, "y": 0, "parts": [ "controls", "dashboard", "vehicle_alarm", "horn_big" ] },
      { "x": 0, "y": 2, "parts": [ "hdframe_horizontal", "box", "roof" ] },
      { "x": 0, "y": 4, "parts": [ "hdframe_vertical", "door_right" ] },
      { "x": 0, "y": -1, "parts": [ "hdframe_vertical", "door_left" ] },
      { "x": -4, "y": 2, "part": "hdframe_vertical" },
      { "x": -4, "y": 1, "part": "hdframe_vertical" },
      { "x": -4, "y": 3, "parts": [ "hdframe_vertical_2", "trunk" ] },
      { "x": -4, "y": 0, "parts": [ "hdframe_vertical_2", "trunk" ] },
      { "x": 1, "y": -1, "parts": [ "hdframe_vertical", "windshield_nw" ] },
      { "x": 1, "y": 0, "parts": [ "hdframe_horizontal", "windshield_horizontal_front" ] },
      { "x": 1, "y": 1, "parts": [ "hdframe_horizontal", "windshield_horizontal_front" ] },
      { "x": 1, "y": 2, "parts": [ "hdframe_horizontal", "windshield_horizontal_front" ] },
      { "x": 1, "y": 3, "parts": [ "hdframe_horizontal", "windshield_horizontal_front" ] },
      { "x": 1, "y": 4, "parts": [ "hdframe_vertical", "windshield_ne" ] },
      { "x": 1, "y": -2, "part": "wing_mirror_left" },
      { "x": 1, "y": 5, "part": "wing_mirror_right" },
      { "x": -5, "y": 2, "part": "hdframe_cross" },
      { "x": -5, "y": 1, "part": "hdframe_cross" },
      { "x": -5, "y": 3, "parts": [ "hdframe_horizontal", "wheel_mount_medium", "wheel_wide" ] },
      { "x": -5, "y": 0, "parts": [ "hdframe_horizontal", "wheel_mount_medium", "wheel_wide" ] },
      { "x": -5, "y": 4, "parts": [ "hdframe_horizontal", "wheel_mount_medium", "wheel_wide" ] },
      { "x": -5, "y": -1, "parts": [ "hdframe_horizontal", "wheel_mount_medium", "wheel_wide" ] },
      { "x": 2, "y": 2, "parts": [ "hdframe_vertical_2", "halfboard_vertical_2" ] },
      { "x": 2, "y": 2, "parts": [ "engine_electric_large", "reinforced_solar_panel" ] },
      { "x": 2, "y": 1, "parts": [ "hdframe_vertical_2", "halfboard_vertical_2" ] },
      { "x": 2, "y": 1, "parts": [ "engine_electric_large", "reinforced_solar_panel" ] },
      { "x": 2, "y": 3, "parts": [ "hdframe_horizontal", "halfboard_horizontal_front" ] },
      { "x": 2, "y": 3, "part": "reinforced_solar_panel" },
      { "x": 2, "y": 0, "parts": [ "hdframe_horizontal", "halfboard_horizontal_front" ] },
      { "x": 2, "y": 0, "part": "reinforced_solar_panel" },
      { "x": 2, "y": 4, "parts": [ "hdframe_vertical", "halfboard_vertical_right" ] },
      { "x": 2, "y": 4, "parts": [ "wheel_mount_medium_steerable", "wheel_wide" ] },
      { "x": 2, "y": -1, "parts": [ "hdframe_vertical", "halfboard_vertical_left" ] },
      { "x": 2, "y": -1, "parts": [ "wheel_mount_medium_steerable", "wheel_wide" ] },
      { "x": -6, "y": 2, "part": "hdframe_cross" },
      { "x": -6, "y": 1, "part": "hdframe_cross" },
      { "x": -6, "y": 3, "parts": [ "hdframe_horizontal", "wheel_mount_medium", "wheel_wide" ] },
      { "x": -6, "y": 0, "parts": [ "hdframe_horizontal", "wheel_mount_medium", "wheel_wide" ] },
      { "x": -6, "y": 4, "parts": [ "hdframe_horizontal", "wheel_mount_medium", "wheel_wide" ] },
      { "x": -6, "y": -1, "parts": [ "hdframe_horizontal", "wheel_mount_medium", "wheel_wide" ] },
      { "x": 3, "y": 2, "parts": [ "hdframe_cover", "halfboard_cover" ] },
      { "x": 3, "y": 1, "parts": [ "hdframe_cover", "halfboard_cover" ] },
      { "x": 3, "y": 3, "parts": [ "hdframe_horizontal_2", "halfboard_horizontal_front" ] },
      { "x": 3, "y": 3, "part": "headlight" },
      { "x": 3, "y": 0, "parts": [ "hdframe_horizontal_2", "halfboard_horizontal_front" ] },
      { "x": 3, "y": 0, "part": "headlight" },
      { "x": 3, "y": 4, "parts": [ "hdframe_ne", "halfboard_ne" ] },
      { "x": 3, "y": -1, "parts": [ "hdframe_nw", "halfboard_nw" ] }
    ],
    "items": [
      { "x": 0, "y": 0, "chance": 20, "items": [ "hat_ball" ] },
      { "x": 0, "y": 0, "chance": 10, "items": [ "cig" ] },
      { "x": 0, "y": 0, "chance": 5, "items": [ "choco_coffee_beans" ] },
      { "x": 0, "y": 1, "chance": 5, "items": [ "coffee" ] },
      { "x": -4, "y": 0, "chance": 12, "item_groups": [ "car_kit" ] },
      { "x": -4, "y": 3, "chance": 10, "item_groups": [ "car_kit" ] }
    ]
  },
  {
    "id": "afs_sports_bike",
    "type": "vehicle",
    "name": "Sports Bike",
    "blueprint": [ "o#o" ],
    "parts": [
      { "x": 0, "y": 0, "parts": [ "afs_lightweight_frame_vertical_2", "saddle", "foot_pedals" ] },
      {
        "x": 1,
        "y": 0,
        "parts": [ "afs_lightweight_frame_vertical", "wheel_mount_light_steerable", "wheel_bicycle" ]
      },
      { "x": -1, "y": 0, "parts": [ "afs_lightweight_frame_vertical", "wheel_mount_light", "wheel_bicycle" ] }
    ]
  },
  {
    "id": "humvee_gl",
    "type": "vehicle",
    "name": "Humvee",
    "blueprint": [
      [ "O-++-OH" ],
      [ "|H##'|H" ],
      [ "t###'|H" ],
      [ "|H##'|H" ],
      [ "O-++-OH" ]
    ],
    "parts": [
      { "x": 0, "y": 1, "parts": [ "hdframe_vertical_2", "box", "recharge_station", "hdroof" ] },
      { "x": 0, "y": 2, "parts": [ "hdframe_vertical_2", "seat", "seatbelt", "hdroof" ] },
      { "x": 0, "y": 2, "part": "tank", "fuel": "diesel" },
      { "x": 0, "y": 0, "parts": [ "hdframe_vertical_2", "controls", "dashboard" ] },
      { "x": 0, "y": 0, "parts": [ "vehicle_clock", "horn_big", "seat", "seatbelt", "hdroof" ] },
      { "x": 0, "y": 0, "part": "tank", "fuel": "diesel" },
      { "x": 0, "y": 3, "parts": [ "hdframe_vertical", "hddoor_right" ] },
      { "x": 0, "y": -1, "parts": [ "hdframe_vertical", "hddoor_left" ] },
      { "x": 1, "y": 1, "parts": [ "hdframe_horizontal", "reinforced_windshield_horizontal_front" ] },
      { "x": 1, "y": 2, "parts": [ "hdframe_horizontal", "reinforced_windshield_horizontal_front" ] },
      { "x": 1, "y": 3, "parts": [ "hdframe_horizontal", "reinforced_windshield_ne" ] },
      { "x": 1, "y": 0, "parts": [ "hdframe_horizontal", "reinforced_windshield_horizontal_front" ] },
      { "x": 1, "y": -1, "parts": [ "hdframe_horizontal", "reinforced_windshield_nw" ] },
      { "x": 2, "y": 1, "parts": [ "hdframe_horizontal", "hdhalfboard_horizontal" ] },
      { "x": 2, "y": 1, "parts": [ "diesel_engine_v8", "alternator_truck", "battery_car" ] },
      { "x": 2, "y": 1, "part": "plating_military" },
      { "x": 2, "y": 2, "parts": [ "hdframe_horizontal", "hdhalfboard_horizontal", "plating_military" ] },
      { "x": 2, "y": 2, "part": "headlight_reinforced" },
      { "x": 2, "y": 3, "parts": [ "hdframe_ne", "hdhalfboard_ne", "plating_military" ] },
      { "x": 2, "y": 3, "parts": [ "wheel_mount_heavy_steerable", "wheel_armor" ] },
      { "x": 2, "y": 0, "parts": [ "hdframe_horizontal", "hdhalfboard_horizontal" ] },
      { "x": 2, "y": 0, "parts": [ "plating_military", "headlight_reinforced" ] },
      { "x": 2, "y": -1, "parts": [ "hdframe_nw", "hdhalfboard_nw", "plating_military" ] },
      { "x": 2, "y": -1, "parts": [ "wheel_mount_heavy_steerable", "wheel_armor" ] },
      { "x": 3, "y": 1, "parts": [ "hdframe_horizontal_front", "plating_military" ] },
      { "x": 3, "y": 2, "parts": [ "hdframe_horizontal_front", "plating_military" ] },
      { "x": 3, "y": 3, "parts": [ "hdframe_ne", "plating_military" ] },
      { "x": 3, "y": 0, "parts": [ "hdframe_horizontal_front", "plating_military" ] },
      { "x": 3, "y": -1, "parts": [ "hdframe_nw", "plating_military" ] },
      { "x": -1, "y": 1, "parts": [ "hdframe_horizontal_2", "aisle_horizontal", "roof", "turret_mount" ] },
      {
        "x": -1,
        "y": 1,
        "part": "mounted_mk19",
        "ammo": 60,
        "ammo_types": [ "40x53mm_m430a1" ],
        "ammo_qty": [ 1, 25 ]
      },
      { "x": -1, "y": 2, "parts": [ "hdframe_horizontal_2", "seat", "seatbelt", "hdroof" ] },
      { "x": -1, "y": 3, "parts": [ "hdframe_vertical", "hddoor_right" ] },
      { "x": -1, "y": 0, "parts": [ "hdframe_horizontal_2", "seat", "seatbelt", "hdroof" ] },
      { "x": -1, "y": -1, "parts": [ "hdframe_vertical", "hddoor_left" ] },
      { "x": -2, "y": 1, "parts": [ "hdframe_horizontal_2", "trunk", "hdroof" ] },
      { "x": -2, "y": 2, "parts": [ "hdframe_horizontal_2", "trunk", "hdroof" ] },
      { "x": -2, "y": 3, "parts": [ "hdframe_vertical", "hdboard_vertical_right", "plating_military" ] },
      { "x": -2, "y": 0, "parts": [ "hdframe_horizontal_2", "trunk", "hdroof" ] },
      { "x": -2, "y": -1, "parts": [ "hdframe_vertical", "hdboard_vertical_left", "plating_military" ] },
      { "x": -3, "y": 1, "parts": [ "hdframe_horizontal_2", "hddoor_trunk", "plating_military" ] },
      { "x": -3, "y": 2, "parts": [ "hdframe_horizontal_2", "hddoor_trunk", "plating_military" ] },
      { "x": -3, "y": 3, "parts": [ "hdframe_se", "hdboard_se", "plating_military" ] },
      { "x": -3, "y": 3, "parts": [ "wheel_mount_heavy", "wheel_armor" ] },
      { "x": -3, "y": 0, "parts": [ "hdframe_horizontal", "hddoor_trunk", "muffler" ] },
      { "x": -3, "y": 0, "part": "plating_military" },
      { "x": -3, "y": -1, "parts": [ "hdframe_sw", "hdboard_sw", "plating_military" ] },
      { "x": -3, "y": -1, "parts": [ "wheel_mount_heavy", "wheel_armor" ] }
    ],
    "items": [
      { "x": 0, "y": 0, "chance": 5, "items": [ "id_military" ] },
      { "x": -2, "y": 0, "chance": 5, "item_groups": [ "fuel_diesel" ] }
    ]
  }
]
