[
  {
    "id": "bn_bio_solar",
    "type": "bionic",
    "name": { "str": "Solar Panels" },
    "description": "Installed on your back is a set of retractable, reinforced solar panels resembling angular butterfly wings.  When in direct sunlight, they will automatically deploy and slowly recharge your power level.",
    "occupied_bodyparts": [ [ "torso", 10 ] ],
    "fuel_options": [ "sunlight" ],
    "fuel_efficiency": 1.0,
    "time": 1,
    "flags": [ "BIONIC_POWER_SOURCE", "BIONIC_TOGGLED" ]
  },
  {
    "id": "bio_shock_absorber",
    "type": "bionic",
    "name": { "str": "Archeotech Grav Chute" },
    "description": "Pre-Discontinuity bionic module that was implanted into elite drop troops who could jump from their insertion vehicle during the radar disruption of reentry.  Clenching your fist allows you to activate what scientists call a grav chute that allows a safe fall; while active, the field will prevent damage to your body from severe impacts, at the cost of impaired movement.  It's best not to think about how many bodies this has been in before yours.",
    "occupied_bodyparts": [ [ "TORSO", 2 ], [ "ARM_L", 1 ], [ "ARM_R", 1 ], [ "LEG_L", 2 ], [ "LEG_R", 2 ] ],
    "flags": [ "BIONIC_TOGGLED" ],
    "act_cost": "2 kJ",
    "react_cost": "2 kJ",
    "time": 10
  },
  {
    "id": "afs_bio_missiles",
    "type": "bionic",
    "//": "Watch those wrist rockets!",
    "name": { "str": "Deployable Grenade Launcher" },
    "description": "Your right hand can fold inward to reveal a mechanism capable of igniting and firing 40mm grenades across medium distances.",
    "occupied_bodyparts": [ [ "hand_r", 3 ] ],
    "fake_weapon": "afs_bionic_rocket",
    "flags": [ "BIONIC_TOGGLED", "BIONIC_WEAPON", "NO_UNWIELD" ],
    "act_cost": "35 J"
  },
  {
    "id": "afs_bio_linguistic_coprocessor",
    "type": "bionic",
    "name": { "str": "Linguistic Coprocessor" },
    "description": "The left hemisphere of your brain has been augmented with a microcomputer that moderately increases the speed that language and written words are processed, granting a 15% increase to reading speed.",
    "occupied_bodyparts": [ [ "head", 2 ] ]
  },
  {
    "id": "afs_bio_dopamine_stimulators",
    "type": "bionic",
    "name": { "str": "Dopamine Stimulators" },
    "description": "Tiny cybernetic stimulators have been installed throughout your ventral tegmental area, and trigger at set intervals using bionic power.  This slowly releases a stream of reward chemicals and hormones into your brain, inducing a state of euphoria that notably elevates mood.",
    "occupied_bodyparts": [ [ "head", 5 ] ],
    "flags": [ "BIONIC_TOGGLED", "BIONIC_SLEEP_FRIENDLY" ],
    "act_cost": "5 J",
    "react_cost": "5 J",
    "time": 200
  },
  {
    "id": "afs_bio_melee_counteraction",
    "type": "bionic",
    "name": { "str": "Counteractive Reflexes" },
    "description": "Cybernetic stimulators installed across your nervous system boost your reflexes whenever you are hit in melee, granting you an extra action.  This bionic must be active to function.",
    "occupied_bodyparts": [ [ "head", 4 ], [ "arm_l", 5 ], [ "arm_r", 5 ], [ "leg_l", 6 ], [ "leg_r", 6 ] ],
    "flags": [ "BIONIC_TOGGLED" ],
    "enchantments": [ "melee_counteraction" ],
    "act_cost": "12 kJ",
    "react_cost": "12 kJ",
    "time": 1
  },
  {
    "id": "afs_bio_melee_optimization_unit",
    "type": "bionic",
    "name": { "str": "Melee Optimization Unit" },
    "description": "An implanted AI module calculates the optimal followup to each of your melee strikes, allowing you to chain them with unnatural speed and grace.  This bionic must be active to function.",
    "occupied_bodyparts": [ [ "head", 10 ], [ "arm_l", 5 ], [ "arm_r", 5 ], [ "leg_l", 10 ], [ "leg_r", 10 ] ],
    "flags": [ "BIONIC_TOGGLED" ],
    "enchantments": [ "melee_optimization" ],
    "act_cost": "12 kJ",
    "react_cost": "12 kJ",
    "time": 1
  },
  {
    "id": "bio_forcefield_bash_cut_weak",
    "type": "bionic",
    "name": { "str": "HawkingCorps GravyField Mark I" },
    "description": "Imagine a computer inside your body playing pong against the universe.  The paddles are made of gravity fields and how it causes this to happen are trade secrets.  -From the owners manual of HawkingCorps GravyField Mark I.  Activating the field will reduce incoming bashing and cut damage by 5 points.",
    "occupied_bodyparts": [ [ "torso", 8 ] ],
    "available_upgrades": [ "bio_forcefield_bash_cut_medium", "bio_forcefield_bash_cut_heavy" ],
    "act_cost": "1 kJ",
    "react_cost": "1 kJ",
    "time": 1,
    "enchantments": [ "forcefield_bash_cut_weak" ],
    "flags": [ "BIONIC_TOGGLED" ]
  },
  {
    "id": "bio_forcefield_bash_cut_medium",
    "type": "bionic",
    "name": { "str": "HawkingCorps GravyField Mark II" },
    "description": "The HawkingCorps GravyField Mark II was designed for police actions during food riots and other civilian uprisings.  It has proven capable of protecting against most improvised weapons.  Activating the field will reduce incoming bashing and cut damage by 15 points.",
    "occupied_bodyparts": [ [ "torso", 10 ] ],
    "upgraded_bionic": "bio_forcefield_bash_cut_weak",
    "available_upgrades": [ "bio_forcefield_bash_cut_heavy" ],
    "act_cost": "5 kJ",
    "react_cost": "5 kJ",
    "time": 1,
    "enchantments": [ "forcefield_bash_cut_medium" ],
    "flags": [ "BIONIC_TOGGLED" ]
  },
  {
    "id": "bio_forcefield_bash_cut_heavy",
    "type": "bionic",
    "name": { "str": "Debt Collection Agent GravyField" },
    "description": "This class of personal gravity manipulator often sees action on both sides of the vicious ship-to-ship boarding fights that are common with both repossession and piracy.  It remains practically impenetrable to melee weapons that lack sharp piercing points.  Activating the field will reduce incoming bashing and cut damage by 25 points.",
    "occupied_bodyparts": [ [ "torso", 14 ] ],
    "upgraded_bionic": "bio_forcefield_bash_cut_medium",
    "act_cost": "10 kJ",
    "react_cost": "10 kJ",
    "time": 1,
    "enchantments": [ "forcefield_bash_cut_heavy" ],
    "flags": [ "BIONIC_TOGGLED" ]
  },
  {
    "id": "bio_forcefield_ballistic_weak",
    "type": "bionic",
    "name": { "str": "Point Energy Conversion Field" },
    "description": "The PEC, as it is commonly known, works by converting kinetic energy into forms that are less damaging to the wearer, such as light.  Since this can be problematic, various types of shielding have been developed that do different emissions.  However, the ability to stop ballistic and piercing damage in its tracks often makes up for any inconvenience these emissions can cause.  Activating the field will reduce incoming ballistic and piercing damage by 10 points.",
    "occupied_bodyparts": [ [ "torso", 10 ] ],
    "available_upgrades": [ "bio_forcefield_ballistic_medium", "bio_forcefield_ballistic_heavy" ],
    "act_cost": "1 kJ",
    "react_cost": "1 kJ",
    "time": 1,
    "enchantments": [ "forcefield_ballistic_piercing_weak" ],
    "flags": [ "BIONIC_TOGGLED" ]
  },
  {
    "id": "bio_forcefield_ballistic_medium",
    "type": "bionic",
    "name": { "str": "Holtzman Personal Shield Generator" },
    "description": "Personal shielding against bullets and sharp-pointed weapons comes in a variety of types.  This version is known for drastically increasing an individual soldier's lifespan while often decreasing that of anyone - friend or foe - in close proximity.  Activating the field will reduce incoming ballistic and piercing damage by 20 points.",
    "occupied_bodyparts": [ [ "torso", 12 ] ],
    "upgraded_bionic": "bio_forcefield_ballistic_weak",
    "available_upgrades": [ "bio_forcefield_ballistic_heavy" ],
    "act_cost": "5 kJ",
    "react_cost": "5 kJ",
    "time": 1,
    "enchantments": [ "forcefield_ballistic_piercing_medium" ],
    "flags": [ "BIONIC_TOGGLED" ]
  },
  {
    "id": "bio_forcefield_ballistic_heavy",
    "type": "bionic",
    "name": { "str": "Kinetic Annulment System" },
    "description": "A kinetic attenuation system salvaged from a pre-Discontinuity robotic warframe, crudely adapted for compatibility with biological hosts.  Powerful enough to completely stop most rifle cartridges.  Activating the field will reduce incoming ballistic and piercing damage by 40 points.",
    "occupied_bodyparts": [ [ "torso", 14 ] ],
    "upgraded_bionic": "bio_forcefield_ballistic_medium",
    "act_cost": "10 kJ",
    "react_cost": "10 kJ",
    "time": 1,
    "enchantments": [ "forcefield_ballistic_piercing_heavy" ],
    "flags": [ "BIONIC_TOGGLED" ]
  },
  {
    "id": "afs_bio_neurosoft_aeronautics",
    "type": "bionic",
    "name": { "str": "Neurosoft: Aeronautics" },
    "description": "A brain implant that grants instinctual knowledge about the operation of flying machines.",
    "occupied_bodyparts": [ [ "head", 2 ] ],
    "learned_proficiencies": [ "prof_helicopter_pilot" ]
  },
  {
    "id": "afs_bio_translocator",
    "type": "bionic",
    "name": { "str": "Implanted Translocator" },
    "description": "An experimental teleportation system carefully weaved into bone marrow and alongside your skeletal system.  Allows you to safely and readily teleport toward previously activated telepads.",
    "occupied_bodyparts": [ [ "torso", 10 ], [ "head", 2 ], [ "arm_l", 3 ], [ "arm_r", 3 ], [ "leg_l", 3 ], [ "leg_r", 3 ] ],
    "act_cost": "12 kJ",
    "spell_on_activation": { "id": "afs_translocation", "hit_self": true },
    "time": 5
  },
  {
    "id": "afs_bio_cranialbomb",
    "type": "bionic",
    "name": { "str": "Cranium Bomb" },
    "description": "You've worked for some nasty people.  People who installed a bomb at the top of your spine.  They are all dead now but there is unfortunately a dead man switch if you don't check in roughly every thirty days.  Those thirty days are almost up but you can't remember exactly how many are left.  You need this out and fast.",
    "occupied_bodyparts": [ [ "head", 2 ] ],
    "enchantments": [ "cranial_explosion" ]
  },
  {
    "id": "bio_cold_absorber",
    "type": "bionic",
    "name": { "str": "Emergency Insulation" },
    "description": "Described in design documents as emergency insulation to protect against exposure to hard vacuum, this CBM is also useful in any encounter that causes instant frostbite.",
    "occupied_bodyparts": [ [ "torso", 5 ], [ "head", 1 ], [ "arm_l", 1 ], [ "arm_r", 1 ], [ "leg_l", 1 ], [ "leg_r", 1 ] ],
    "flags": [ "BIONIC_TOGGLED", "BIONIC_NPC_USABLE" ],
    "enchantments": [ "protect_cold" ],
    "act_cost": "1 kJ",
    "react_cost": "1 kJ",
    "time": 10
  },
  {
    "type": "bionic",
    "id": "afs_bio_skullgun",
    "name": { "str": "Skullgun" },
    "description": "Concealed in your head is a single shot .40 pistol.  Activate the bionic to fire and reload the skullgun.",
    "occupied_bodyparts": [ [ "head", 5 ] ],
    "encumbrance": [ [ "head", 5 ] ],
    "act_cost": "35 J",
    "fake_weapon": "bio_skullgun_gun",
    "flags": [ "BIONIC_TOGGLED", "BIONIC_WEAPON", "NO_UNWIELD" ],
    "stat_bonus": [ [ "INT", -4 ], [ "PER", -2 ] ],
    "canceled_mutations": [ "INT_UP", "INT_UP_2", "INT_UP_3", "INT_UP_4", "INT_ALPHA" ],
    "spell_on_activation": { "id": "skullgun_snapback", "hit_self": true }
  },
  {
    "id": "bio_armor_arms",
    "type": "bionic",
    "name": { "str": "Arms Intradermal Alloy" },
    "description": "An advanced protective meshwork has been woven into the flesh on your arms and hands, protecting them from physical trauma.",
    "occupied_bodyparts": [ [ "arm_l", 4 ], [ "arm_r", 4 ], [ "hand_l", 1 ], [ "hand_r", 1 ] ],
    "bash_protec": [ [ "arm_l", 3 ], [ "arm_r", 3 ], [ "hand_l", 3 ], [ "hand_r", 3 ] ],
    "cut_protec": [ [ "arm_l", 3 ], [ "arm_r", 3 ], [ "hand_l", 3 ], [ "hand_r", 3 ] ],
    "bullet_protec": [ [ "arm_l", 3 ], [ "arm_r", 3 ], [ "hand_l", 3 ], [ "hand_r", 3 ] ],
    "encumbrance": [ [ "arm_l", 1 ], [ "arm_r", 1 ], [ "hand_l", 1 ], [ "hand_r", 1 ] ],
    "flags": [ "BIONIC_NPC_USABLE", "BIONIC_SHOCKPROOF" ],
    "mutation_conflicts": [
      "THICKSKIN",
      "THINSKIN",
      "ALBINO",
      "SKIN_ROUGH",
      "M_SKIN",
      "M_SKIN2",
      "M_SKIN3",
      "SCALES",
      "THICK_SCALES",
      "SLEEK_SCALES",
      "FEATHERS",
      "DOWN",
      "LIGHTFUR",
      "FUR",
      "URSINE_FUR",
      "LUPINE_FUR",
      "FELINE_FUR",
      "LYNX_FUR",
      "CHITIN",
      "CHITIN2",
      "CHITIN3",
      "CHITIN_FUR",
      "CHITIN_FUR2",
      "CHITIN_FUR3",
      "CF_HAIR",
      "SPINES",
      "QUILLS",
      "BARBS",
      "PLANTSKIN",
      "BARK",
      "THORNS",
      "LEAVES",
      "LEAVES2",
      "LEAVES3",
      "SLIMY",
      "VISCOUS",
      "AMORPHOUS",
      "BENDY1",
      "BENDY2",
      "BENDY3",
      "WINGS_BIRD",
      "WINGS_INSECT",
      "LARGE",
      "LARGE_OK",
      "HUGE",
      "HUGE_OK",
      "SMALL",
      "SMALL2",
      "SMALL_OK",
      "WINGS_STUB",
      "WINGS_BAT",
      "WINGS_BUTTERFLY",
      "PALE",
      "SPOTS",
      "SUNBURN",
      "SORES",
      "CHLOROMORPH",
      "ARM_FEATHERS",
      "INSECT_ARMS",
      "INSECT_ARMS_OK",
      "ARACHNID_ARMS",
      "ARACHNID_ARMS_OK",
      "ARM_TENTACLES",
      "ARM_TENTACLES_4",
      "ARM_TENTACLES_8",
      "CLAWS_TENTACLES",
      "ACIDPROOF",
      "TOXICFLESH",
      "FRESHWATEROSMOSIS",
      "PAWS",
      "PAWS_LARGE",
      "NAILS",
      "TALONS",
      "CLAWS",
      "CLAWS_RETRACT",
      "CLAWS_RAT",
      "CLAWS_ST",
      "WEBBED",
      "PATCHSKIN1",
      "PATCHSKIN2",
      "RABBIT_FUR",
      "PAWS_LITTLE"
    ]
  },
  {
    "id": "bio_armor_head",
    "type": "bionic",
    "name": { "str": "Head Intradermal Alloy" },
    "description": "An advanced protective meshwork has been woven into the flesh on your head and jaw region, protecting your skull from physical trauma.",
    "occupied_bodyparts": [ [ "head", 3 ], [ "mouth", 1 ] ],
    "bash_protec": [ [ "head", 3 ], [ "mouth", 3 ] ],
    "cut_protec": [ [ "head", 3 ], [ "mouth", 3 ] ],
    "bullet_protec": [ [ "head", 3 ], [ "mouth", 3 ] ],
    "encumbrance": [ [ "head", 1 ] ],
    "flags": [ "BIONIC_NPC_USABLE", "BIONIC_SHOCKPROOF" ],
    "mutation_conflicts": [
      "THICKSKIN",
      "THINSKIN",
      "ALBINO",
      "SKIN_ROUGH",
      "M_SKIN",
      "M_SKIN2",
      "M_SKIN3",
      "SCALES",
      "THICK_SCALES",
      "SLEEK_SCALES",
      "FEATHERS",
      "DOWN",
      "LIGHTFUR",
      "FUR",
      "URSINE_FUR",
      "LUPINE_FUR",
      "FELINE_FUR",
      "LYNX_FUR",
      "CHITIN",
      "CHITIN2",
      "CHITIN3",
      "CHITIN_FUR",
      "CHITIN_FUR2",
      "CHITIN_FUR3",
      "CF_HAIR",
      "SPINES",
      "QUILLS",
      "BARBS",
      "PLANTSKIN",
      "BARK",
      "THORNS",
      "LEAVES",
      "LEAVES2",
      "LEAVES3",
      "SLIMY",
      "VISCOUS",
      "AMORPHOUS",
      "LARGE",
      "LARGE_OK",
      "HUGE",
      "HUGE_OK",
      "SMALL",
      "SMALL2",
      "SMALL_OK",
      "PALE",
      "SPOTS",
      "SUNBURN",
      "SORES",
      "CHLOROMORPH",
      "ACIDPROOF",
      "TOXICFLESH",
      "FRESHWATEROSMOSIS",
      "BIOLUM0",
      "BIOLUM0_active",
      "BIOLUM1",
      "BIOLUM1_active",
      "BIOLUM2",
      "BIOLUM2_active",
      "GILLS",
      "GILLS_CEPH",
      "FLOWERS",
      "ROSEBUDS",
      "HORNS",
      "HORNS_CURLED",
      "HORNS_POINTED",
      "ANTLERS",
      "ANTENNAE",
      "HEADBUMPS",
      "HAIRROOTS",
      "SNOUT",
      "MINOTAUR",
      "MUZZLE",
      "MUZZLE_BEAR",
      "MUZZLE_RAT",
      "MUZZLE_LONG",
      "PROBISCIS",
      "MOUTH_FLAPS",
      "MOUTH_TENTACLES",
      "MANDIBLES",
      "FANGS_SPIDER",
      "BEAK",
      "BEAK_PECK",
      "BEAK_HUM",
      "GIZZARD",
      "FELINE_EARS",
      "CANINE_EARS",
      "LUPINE_EARS",
      "RABBIT_EARS",
      "MOUSE_EARS",
      "PATCHSKIN1",
      "PATCHSKIN2",
      "RABBIT_FUR",
      "RABBIT_NOSE",
      "SLIT_NOSTRILS",
      "WHISKERS",
      "WHISKERS_RAT"
    ]
  },
  {
    "id": "bio_armor_torso",
    "type": "bionic",
    "name": { "str": "Torso Intradermal Alloy" },
    "description": "An advanced protective meshwork has been woven into the flesh on your torso, protecting it from physical trauma.",
    "occupied_bodyparts": [ [ "torso", 10 ] ],
    "bash_protec": [ [ "torso", 3 ] ],
    "cut_protec": [ [ "torso", 3 ] ],
    "bullet_protec": [ [ "torso", 3 ] ],
    "encumbrance": [ [ "torso", 3 ] ],
    "flags": [ "BIONIC_NPC_USABLE", "BIONIC_SHOCKPROOF" ],
    "canceled_mutations": [ "VINES1", "VINES2", "VINES3" ],
    "mutation_conflicts": [
      "THICKSKIN",
      "THINSKIN",
      "ALBINO",
      "SKIN_ROUGH",
      "M_SKIN",
      "M_SKIN2",
      "M_SKIN3",
      "SCALES",
      "THICK_SCALES",
      "SLEEK_SCALES",
      "FEATHERS",
      "DOWN",
      "LIGHTFUR",
      "FUR",
      "URSINE_FUR",
      "LUPINE_FUR",
      "FELINE_FUR",
      "LYNX_FUR",
      "CHITIN",
      "CHITIN2",
      "CHITIN3",
      "CHITIN_FUR",
      "CHITIN_FUR2",
      "CHITIN_FUR3",
      "CF_HAIR",
      "SPINES",
      "QUILLS",
      "BARBS",
      "PLANTSKIN",
      "BARK",
      "THORNS",
      "LEAVES",
      "LEAVES2",
      "LEAVES3",
      "SLIMY",
      "VISCOUS",
      "AMORPHOUS",
      "BENDY1",
      "BENDY2",
      "BENDY3",
      "LARGE",
      "LARGE_OK",
      "HUGE",
      "HUGE_OK",
      "SMALL",
      "SMALL2",
      "SMALL_OK",
      "PALE",
      "SPOTS",
      "SUNBURN",
      "SORES",
      "CHLOROMORPH",
      "ACIDPROOF",
      "TOXICFLESH",
      "FRESHWATEROSMOSIS",
      "INK_GLANDS",
      "INSECT_ARMS",
      "INSECT_ARMS_OK",
      "ARACHNID_ARMS",
      "ARACHNID_ARMS_OK",
      "CLAWS_TENTACLES",
      "SHELL",
      "SHELL2",
      "PATCHSKIN1",
      "PATCHSKIN2",
      "RABBIT_FUR"
    ]
  },
  {
    "id": "bio_armor_legs",
    "type": "bionic",
    "name": { "str": "Legs Intradermal Alloy" },
    "description": "An advanced protective meshwork has been woven into the flesh on your legs and feet, protecting them from physical trauma.",
    "occupied_bodyparts": [ [ "leg_l", 6 ], [ "leg_r", 6 ], [ "foot_l", 1 ], [ "foot_r", 1 ] ],
    "bash_protec": [ [ "leg_l", 3 ], [ "leg_r", 3 ], [ "foot_l", 3 ], [ "foot_r", 3 ] ],
    "cut_protec": [ [ "leg_l", 3 ], [ "leg_r", 3 ], [ "foot_l", 3 ], [ "foot_r", 3 ] ],
    "bullet_protec": [ [ "leg_l", 3 ], [ "leg_r", 3 ], [ "foot_l", 3 ], [ "foot_r", 3 ] ],
    "encumbrance": [ [ "leg_l", 1 ], [ "leg_r", 1 ], [ "foot_l", 1 ], [ "foot_r", 1 ] ],
    "flags": [ "BIONIC_NPC_USABLE", "BIONIC_SHOCKPROOF" ],
    "mutation_conflicts": [
      "THICKSKIN",
      "THINSKIN",
      "ALBINO",
      "SKIN_ROUGH",
      "M_SKIN",
      "M_SKIN2",
      "M_SKIN3",
      "SCALES",
      "THICK_SCALES",
      "SLEEK_SCALES",
      "FEATHERS",
      "DOWN",
      "LIGHTFUR",
      "FUR",
      "URSINE_FUR",
      "LUPINE_FUR",
      "FELINE_FUR",
      "LYNX_FUR",
      "CHITIN",
      "CHITIN2",
      "CHITIN3",
      "CHITIN_FUR",
      "CHITIN_FUR2",
      "CHITIN_FUR3",
      "CF_HAIR",
      "SPINES",
      "QUILLS",
      "BARBS",
      "PLANTSKIN",
      "BARK",
      "THORNS",
      "LEAVES",
      "LEAVES2",
      "LEAVES3",
      "SLIMY",
      "VISCOUS",
      "AMORPHOUS",
      "BENDY1",
      "BENDY2",
      "BENDY3",
      "LARGE",
      "LARGE_OK",
      "HUGE",
      "HUGE_OK",
      "SMALL",
      "SMALL2",
      "SMALL_OK",
      "PALE",
      "SPOTS",
      "SUNBURN",
      "SORES",
      "CHLOROMORPH",
      "ACIDPROOF",
      "TOXICFLESH",
      "FRESHWATEROSMOSIS",
      "TAIL_STUB",
      "TAIL_FIN",
      "TAIL_LONG",
      "TAIL_CATTLE",
      "TAIL_RAT",
      "TAIL_THICK",
      "TAIL_RAPTOR",
      "TAIL_FLUFFY",
      "TAIL_STING",
      "TAIL_CLUB",
      "LEG_TENTACLES",
      "LEG_TENT_BRACE",
      "RAP_TALONS",
      "HOOVES",
      "PADDED_FEET",
      "PATCHSKIN1",
      "PATCHSKIN2",
      "RABBIT_FUR",
      "TAIL_RABBIT",
      "RABBIT_FEET"
    ]
  }
]
