[
  {
    "id": "lid_ceramicbowl",
    "type": "GENERIC",
    "category": "container",
    "name": { "str": "ceramic bowl with lid" },
    "description": "A shallow dessert bowl with an improvised plastic lid. Can be used as a container or as a tool. Holds 250 ml of liquid.",
    "weight": "400 g",
    "volume": "250 ml",
    "price": "10 USD",
    "price_postapoc": "0 cent",
    "bashing": 1,
    "material": [ "ceramic" ],
    "symbol": ",",
    "color": "yellow",
    "pocket_data": [
      {
        "pocket_type": "CONTAINER",
        "watertight": true,
        "rigid": true,
        "max_contains_volume": "1 ml",
        "max_contains_weight": "2 g"
      }
    ],
    "qualities": [ [ "CONTAIN", 1 ] ]
  },
  {
    "id": "lid_glassbowl",
    "type": "GENERIC",
    "category": "container",
    "name": { "str": "glass bowl with lid" },
    "description": "A glass dessert bowl with an improvised plastic lid. Can be used as a container or as a tool. Holds 250 ml of liquid.",
    "weight": "500 g",
    "volume": "250 ml",
    "price": 800,
    "price_postapoc": "0 cent",
    "bashing": 1,
    "material": [ "glass" ],
    "symbol": ",",
    "color": "cyan",
    "pocket_data": [
      {
        "pocket_type": "CONTAINER",
        "watertight": true,
        "rigid": true,
        "max_contains_volume": "1 ml",
        "max_contains_weight": "2 g"
      }
    ],
    "qualities": [ [ "CONTAIN", 1 ] ]
  },
  {
    "id": "lid_plasticbowl",
    "type": "GENERIC",
    "category": "container",
    "name": { "str": "plastic bowl with lid" },
    "description": "A plastic bowl with an improvised plastic lid.  Can be used as a container or as a tool.  Holds 250 ml of liquid.",
    "weight": "80 g",
    "volume": "250 ml",
    "price": 100,
    "to_hit": 1,
    "material": [ "plastic" ],
    "symbol": ")",
    "color": "light_cyan",
    "pocket_data": [
      {
        "pocket_type": "CONTAINER",
        "watertight": true,
        "rigid": true,
        "max_contains_volume": "1 ml",
        "max_contains_weight": "2 g"
      }
    ],
    "qualities": [ [ "CONTAIN", 1 ] ]
  },
  {
    "id": "lid_pewterbowl",
    "type": "GENERIC",
    "category": "container",
    "name": { "str": "pewter bowl with lid" },
    "description": "A pewter bowl with an improvised plastic lid.  Can be used as a container or as a tool.  Holds 250 ml of liquid.",
    "weight": "50 g",
    "volume": "250 ml",
    "price": 400,
    "to_hit": -1,
    "material": [ "steel" ],
    "symbol": ")",
    "color": "light_cyan",
    "pocket_data": [
      {
        "pocket_type": "CONTAINER",
        "watertight": true,
        "rigid": true,
        "max_contains_volume": "1 ml",
        "max_contains_weight": "2 g"
      }
    ],
    "qualities": [ [ "CONTAIN", 1 ] ]
  }
]
