[
  {
    "id": "afs_25mm_mag",
    "looks_like": "stanag30",
    "type": "MAGAZINE",
    "name": { "str": "25mm 40-round magazine" },
    "description": "A 40-round magazine for use with 25mm firearms.",
    "weight": "340 g",
    "volume": "2 L",
    "price": 70000,
    "material": [ "superalloy", "plastic" ],
    "symbol": "#",
    "color": "dark_gray",
    "ammo_type": [ "afs_25mm" ],
    "reload_time": 60,
    "pocket_data": [ { "pocket_type": "MAGAZINE", "rigid": true, "ammo_restriction": { "afs_25mm": 40 } } ]
  }
]
