[
  {
    "id": "afs_8x40_speedloader5",
    "looks_like": "38_speedloader",
    "type": "MAGAZINE",
    "name": { "str": "RMGS5 8x40mm speedloader" },
    "description": "This speedloader, made by Rivtech for use with the RM99 revolver, can hold 5 rounds of 8x40mm caseless rounds and quickly reload a compatible revolver.",
    "weight": "92 g",
    "volume": "250 ml",
    "price": 8000,
    "price_postapoc": 250,
    "material": [ "superalloy", "plastic" ],
    "symbol": "#",
    "color": "dark_gray",
    "ammo_type": [ "8x40mm" ],
    "capacity": 5,
    "flags": [ "SPEEDLOADER" ],
    "pocket_data": [ { "pocket_type": "MAGAZINE", "rigid": true, "ammo_restriction": { "8x40mm": 5 } } ]
  }
]
