[
  {
    "id": "alien_battery",
    "type": "MAGAZINE",
    "category": "spare_parts",
    "name": { "str": "alien cell" },
    "description": "A conical device salvaged from an alien artifact.  Grooves etched on its circular face slowly pulse with purple light.",
    "weight": "1000 g",
    "volume": "1225ml",
    "price": 100000,
    "material": [ "iron", "plastic" ],
    "symbol": "=",
    "color": "yellow",
    "ammo_type": [ "battery" ],
    "capacity": 4500,
    "looks_like": "battery",
    "flags": [ "NO_SALVAGE", "NO_UNLOAD" ],
    "pocket_data": [ { "pocket_type": "MAGAZINE", "rigid": true, "ammo_restriction": { "battery": 4500 } } ]
  }
]
