[
  {
    "id": "afs_cartridge",
    "looks_like": "light_battery_cell",
    "type": "MAGAZINE",
    "name": { "str": "power cartridge" },
    "description": "A standard-design power cell compatible with most common energy weapons.  Can be recharged by connecting to a power source.",
    "weight": "50 g",
    "volume": "250 ml",
    "price": "500 USD",
    "price_postapoc": "500 USD",
    "material": [ "steel" ],
    "symbol": "#",
    "color": "light_gray",
    "ammo_type": [ "battery" ],
    "flags": [ "NO_UNLOAD", "RECHARGE" ],
    "capacity": 1500,
    "reload_time": 3,
    "pocket_data": [ { "pocket_type": "MAGAZINE", "rigid": true, "ammo_restriction": { "battery": 1500 } } ]
  },
  {
    "id": "afs_compact_cartridge",
    "copy-from": "afs_cartridge",
    "type": "MAGAZINE",
    "name": { "str": "compact power cartridge" },
    "description": "A compact power cell compatible with most common energy weapons.  Can be recharged by connecting to a power source.",
    "weight": "20 g",
    "volume": "75 ml",
    "price": "250 USD",
    "price_postapoc": "250 USD",
    "capacity": 500,
    "pocket_data": [ { "pocket_type": "MAGAZINE", "rigid": true, "ammo_restriction": { "battery": 500 } } ]
  },
  {
    "id": "afs_bootleg_cartridge",
    "copy-from": "afs_cartridge",
    "type": "MAGAZINE",
    "name": { "str": "bootleg power cartridge" },
    "description": "A functional but poorly-built power cell compatible with most common energy weapons.  It cannot be recharged.",
    "weight": "75 g",
    "price": "50 USD",
    "price_postapoc": "50 USD",
    "capacity": 600,
    "reload_time": 5,
    "flags": [ "NO_UNLOAD" ],
    "pocket_data": [ { "pocket_type": "MAGAZINE", "rigid": true, "ammo_restriction": { "battery": 600 } } ]
  },
  {
    "id": "afs_archeotech_cartridge",
    "copy-from": "afs_cartridge",
    "type": "MAGAZINE",
    "name": { "str": "chromoelectric cartridge" },
    "description": "A thin strip of transuranic metal, glowing a somber blue from within its shielded glass prison.  A rare and sought-after relic, it could be used to momentarily power all sorts of technology from the late Hyperspace Era.",
    "weight": "100 g",
    "price": "100 kUSD",
    "price_postapoc": "100 kUSD",
    "capacity": 15000,
    "count": 15000,
    "reload_time": 5,
    "flags": [ "NO_UNLOAD" ],
    "default_ammo": "afs_battery_plus",
    "pocket_data": [ { "pocket_type": "MAGAZINE", "rigid": true, "ammo_restriction": { "battery": 15000 } } ]
  }
]
