[
  {
    "id": "afs_foam_tank",
    "looks_like": "pressurized_tank_chem",
    "type": "MAGAZINE",
    "name": { "str": "pressurized foam tank" },
    "description": "A pressurized 5L canister designed to feed an industrial foam gun.",
    "weight": "500 g",
    "volume": "5 L",
    "price": 5000,
    "price_postapoc": 50,
    "material": [ "steel" ],
    "symbol": "#",
    "color": "light_gray",
    "ammo_type": [ "afs_foam" ],
    "flags": [ "MAG_BULKY" ],
    "capacity": 30,
    "reload_time": 3,
    "pocket_data": [ { "pocket_type": "MAGAZINE", "rigid": true, "ammo_restriction": { "afs_foam": 30 }, "watertight": true } ]
  }
]
