[
  {
    "id": "afs_4g_plasma",
    "looks_like": "plasma",
    "type": "MAGAZINE",
    "name": { "str": "4g plasma cell" },
    "description": "A tiny canister that can safely store up to 4 grams of solid hydrogen in a cryo-pressurized state.",
    "weight": "25 g",
    "volume": "80 ml",
    "price": "300 USD",
    "price_postapoc": "300 USD",
    "material": [ "hydrogen_cell" ],
    "symbol": "o",
    "color": "light_blue",
    "ammo_type": [ "afs_shydrogen" ],
    "flags": [ "NO_UNLOAD", "NO_RELOAD" ],
    "capacity": 4,
    "reload_time": 10,
    "pocket_data": [ { "pocket_type": "MAGAZINE", "rigid": true, "airtight": true, "ammo_restriction": { "afs_shydrogen": 4 } } ]
  },
  {
    "id": "afs_40g_plasma_civ",
    "looks_like": "plasma",
    "type": "MAGAZINE",
    "name": { "str": "40g plasma cell (civilian)", "str_pl": "40g plasma cells (civilian)" },
    "description": "A yellow and red canister that can safely store up to 40 grams of solid hydrogen in a cryo-pressurized state.  A complex nozzle with integrated digital failsafes make it incompatible with military railguns.",
    "weight": "45 g",
    "volume": "400 ml",
    "price": "140 USD",
    "price_postapoc": "140 USD",
    "material": [ "hydrogen_cell" ],
    "symbol": "o",
    "color": "light_red",
    "ammo_type": [ "afs_shydrogen" ],
    "flags": [ "NO_UNLOAD", "NO_RELOAD" ],
    "capacity": 40,
    "reload_time": 40,
    "pocket_data": [ { "pocket_type": "MAGAZINE", "rigid": true, "airtight": true, "ammo_restriction": { "afs_shydrogen": 40 } } ]
  }
]
