[
  {
    "id": "BioCo_Chemical_Reference",
    "type": "BOOK",
    "name": { "str": "BioCo Chemical Reference", "str_pl": "BioCo Chemical References" },
    "description": "A dense and oddly non-technical binder full of detailed descriptions of various chemical processes used by the BioCo Chemical Engine. While a lot of these are beyond you, there's a few you think you might be able to replicate.",
    "weight": "2000 g",
    "volume": "500 ml",
    "price": "560 USD",
    "material": [ "paper" ],
    "symbol": "?",
    "color": "light_green",
    "skill": "cooking",
    "required_level": 8,
    "max_level": 10,
    "intelligence": 14,
    "time": 60,
    "fun": 2
  }
]
