[
  {
    "copy-from": "e_scrap",
    "id": "Autonmous_Machine_Parts",
    "name": { "str": "Autonmous Machine Part" },
    "description": "A bundle of components essential in any advance crafting machine.",
    "type": "GENERIC",
    "weight": "50000 g",
    "volume": "60 L"
  },
  {
    "copy-from": "processor",
    "id": "BioCo_AutoDoc_Core",
    "type": "GENERIC",
    "description": "A large processing unit on an electric board. An essential component to BioCo machines.",
    "weight": "1000 g",
    "name": { "str": "BioCo AutoDoc Core" }
  },
  {
    "copy-from": "burnt_out_bionic",
    "id": "Pristine_Bionic_Components",
    "name": { "str": "Pristine Bionic Components" },
    "description": "A collection of top quality machine to human interfaces, advance semiconductors, and other important components to BioCo tech. Useful in both bionics and advance electronics.",
    "type": "GENERIC"
  },
  {
    "type": "COMESTIBLE",
    "id": "BioCo_Crude_Chemical_Precursor",
    "name": { "str": "BioCo Crude Chemical Precursor", "str_pl": "BioCo Crude Chemical Precursors" },
    "weight": "150 g",
    "color": "white",
    "use_action": "BLECH",
    "container": "flask_glass",
    "comestible_type": "DRINK",
    "symbol": "~",
    "quench": -150,
    "healthy": -50,
    "description": "A very thin, purple concoction of various chemicals, used by BioCo Chemical Engines.",
    "price": "100 USD",
    "volume": "250 ml",
    "phase": "liquid",
    "charges": 1,
    "category": "chems",
    "fun": -100,
    "freezing_point": -1000
  },
  {
    "type": "COMESTIBLE",
    "copy-from": "BioCo_Crude_Chemical_Precursor",
    "id": "BioCo_Chemical_Precursor",
    "name": { "str": "BioCo Chemical Precursor", "str_pl": "BioCo Chemical Precursors" },
    "description": "A blue concoction of various chemicals, used by BioCo Chemical Engines."
  },
  {
    "type": "COMESTIBLE",
    "copy-from": "BioCo_Crude_Chemical_Precursor",
    "id": "BioCo_Fine_Chemical_Precursor",
    "name": { "str": "BioCo Fine Chemical Precursor", "str_pl": "BioCo Fine Chemical Precursors" },
    "description": "A slightly shimmering green concoction of various chemicals, used by BioCo Chemical Engines."
  }
]
