[
  {
    "type": "item_group",
    "id": "BioCo_Software_Basic",
    "items": [
      { "item": "Software_BioCo_Civilian_Designs", "prob": 7 },
      { "item": "Software_BioCo_Power_Storage_Designs", "prob": 5 },
      { "item": "Software_BioCo_Military_Designs", "prob": 3 },
      { "item": "Software_BioCo_Medical_Designs", "prob": 5 },
      { "item": "Software_BioCo_Medical_Chemical_Designs", "prob": 5 },
      { "item": "BioCo_Chemical_Reference", "prob": 5 }
    ]
  },
  {
    "type": "item_group",
    "id": "BioCo_Software_Advanced",
    "subtype": "collection",
    "items": [
      { "item": "Software_BioCo_Experimental_Designs", "prob": 1 },
      { "item": "Software_BioCo_AutoDoc_Designs", "prob": 5 }
    ]
  },
  {
    "type": "item_group",
    "id": "BioCo_Components",
    "subtype": "collection",
    "items": [
      { "item": "Pristine_Bionic_Components", "count-min": 1, "count-max": 3, "prob": 25 },
      { "item": "BioCo_Crude_Chemical_Precursor", "count-min": 1, "count-max": 3, "prob": 25 },
      { "item": "BioCo_Chemical_Precursor", "count-min": 1, "count-max": 2, "prob": 5 },
      { "item": "BioCo_Fine_Chemical_Precursor", "prob": 1 }
    ]
  },
  {
    "type": "item_group",
    "id": "science",
    "items": [
      [ "Pristine_Bionic_Components", 20 ],
      [ "BioCo_Chemical_Reference", 5 ],
      [ "BioCo_Crude_Chemical_Precursor", 20 ],
      [ "BioCo_Chemical_Precursor", 10 ],
      [ "BioCo_Fine_Chemical_Precursor", 1 ]
    ]
  }
]
