[
  {
    "copy-from": "e_scrap",
    "id": "Autonmous_Machine_Parts",
    "name": { "str": "Autonmous Machine Part" },
    "description": "A bundle of components essential in any advance crafting machine.",
    "type": "GENERIC",
    "weight": "50000 g",
    "volume": "65 L"
  },
  {
    "copy-from": "processor",
    "id": "BioCo_AutoDoc_Core",
    "type": "GENERIC",
    "description": "A large processing unit on an electric board. An essential component to BioCo machines.",
    "weight": "1000 g",
    "name": { "str": "BioCo AutoDoc Core" }
  }
]
