[
  {
    "id": "BioCo_Assembly_Machine_USE",
    "type": "TOOL",
    "name": { "str": "BioCo Assembly Machine_USE" },
    "description": "@Poragon on the CDDA discord if you see this outside debug menu. I done goofed :c",
    "weight": "250000 g",
    "volume": "300 L",
    "price": "1000 USD",
    "to_hit": -5,
    "bashing": 40,
    "material": [ "steel" ],
    "symbol": ";",
    "color": "dark_gray",
    "qualities": [ [ "BIOASSEMBLE", 3 ] ],
    "flags": [ "DURABLE_MELEE" ]
  },
  {
    "id": "BioCo_Assembly_Machine",
    "type": "TOOL",
    "name": { "str": "BioCo Assembly Machine" },
    "description": "This large mechanism is a precision assembly machine loaded with BioCo software. Capable of creating BioCo tech given the correct instructions, and must be set up prior to use.",
    "weight": "250000 g",
    "volume": "300 L",
    "price": "1000 USD",
    "to_hit": -5,
    "bashing": 40,
    "material": [ "steel" ],
    "symbol": ";",
    "color": "dark_gray",
    "flags": [ "DURABLE_MELEE" ]
  },
  {
    "id": "BioCo_AutoDoc",
    "type": "TOOL",
    "name": { "str": "BioCo AutoDoc" },
    "description": "A significantly less than portable assembly of autonomous surgeon machines used for the installation of bionics. Must be set up prior to use.",
    "weight": "250000 g",
    "volume": "300 L",
    "price": "1000 USD",
    "to_hit": -5,
    "bashing": 40,
    "material": [ "steel" ],
    "symbol": ";",
    "color": "dark_gray",
    "flags": [ "DURABLE_MELEE" ]
  },
  {
    "id": "BioCo_AutoDoc_Couch",
    "type": "TOOL",
    "name": { "str": "BioCo AutoDoc Couch" },
    "description": "A significantly less than portable couch loaded with sensors of all varieties, for use next to a BioCo AutoDoc unit. Must be set up prior to use.",
    "weight": "100000 g",
    "volume": "300 L",
    "price": "1000 USD",
    "to_hit": -5,
    "bashing": 40,
    "material": [ "wood", "cotton" ],
    "symbol": ";",
    "color": "dark_gray",
    "flags": [ "DURABLE_MELEE" ]
  },
  {
    "id": "BioCo_Chemical_Engine_USE",
    "type": "TOOL",
    "name": { "str": "BioCo_Chemical_Engine_USE" },
    "description": "@Poragon on the CDDA discord if you see this outside debug menu. I done goofed :c",
    "weight": "250000 g",
    "volume": "300 L",
    "price": "1000 USD",
    "to_hit": -5,
    "bashing": 40,
    "material": [ "steel" ],
    "symbol": ";",
    "color": "dark_gray",
    "qualities": [ [ "BIOCO_CHEMICAL", 3 ], [ "CHEM", 3 ] ],
    "flags": [ "DURABLE_MELEE" ]
  },
  {
    "id": "BioCo_Chemical_Engine",
    "type": "TOOL",
    "name": { "str": "BioCo_Chemical_Engine" },
    "description": "A BioCo manufacturing device for various chemical components and medicines. Must be set up prior to use.",
    "weight": "250000 g",
    "volume": "300 L",
    "price": "1000 USD",
    "to_hit": -5,
    "bashing": 40,
    "material": [ "steel" ],
    "symbol": ";",
    "color": "dark_gray",
    "flags": [ "DURABLE_MELEE" ]
  }
]
