[
  {
    "id": "tray",
    "type": "GENERIC",
    "category": "container",
    "name": { "str": "deli tray" },
    "description": "A plastic deli tray with a fitted transparent plastic lid. Commonly used to display and transport individual meals such as sandwiches and chow mein.",
    "weight": "6 g",
    "volume": "250 ml",
    "price": "0 cent",
    "to_hit": -2,
    "material": [ "plastic" ],
    "symbol": ",",
    "color": "black",
    "pocket_data": [
      {
        "pocket_type": "CONTAINER",
        "watertight": true,
        "rigid": false,
        "max_contains_volume": "1275 ml",
        "max_contains_weight": "1500 g"
      }
    ],
    "flags": [ "TRADER_AVOID", "TARDIS" ]
  },
  {
    "id": "platter",
    "type": "GENERIC",
    "category": "container",
    "name": { "str": "deli platter" },
    "description": "A round plastic deli platter with a tall fitted transparent plastic lid. Normally used for larger displays like cheesecake and samplers.",
    "weight": "6 g",
    "volume": "250 ml",
    "price": "0 cent",
    "to_hit": -2,
    "material": [ "plastic" ],
    "symbol": ",",
    "color": "black",
    "pocket_data": [
      {
        "pocket_type": "CONTAINER",
        "watertight": true,
        "rigid": false,
        "max_contains_volume": "1775 ml",
        "max_contains_weight": "2 kg"
      }
    ],
    "flags": [ "TRADER_AVOID", "TARDIS" ]
  },
  {
    "id": "case_plastic",
    "type": "GENERIC",
    "category": "container",
    "name": { "str": "rigid plastic case" },
    "description": "A large, rigid plastic case normally used to store 30 day emergency food supplies or cat litter.",
    "weight": "20 g",
    "volume": "1 L",
    "price": "20 USD",
    "to_hit": -2,
    "material": [ "plastic" ],
    "symbol": ",",
    "color": "black",
    "pocket_data": [
      {
        "pocket_type": "CONTAINER",
        "watertight": true,
        "rigid": true,
        "max_contains_volume": "2475 ml",
        "max_contains_weight": "2500 g"
      }
    ],
    "flags": [ "TARDIS" ]
  },
  {
    "id": "tub",
    "type": "GENERIC",
    "category": "container",
    "name": { "str": "plastic tub" },
    "description": "A wide-mouthed plastic tub with a screw-on lid. Normally used for storing dry powder.",
    "weight": "20 g",
    "volume": "1 L",
    "price": "20 USD",
    "to_hit": -2,
    "material": [ "plastic" ],
    "symbol": ",",
    "color": "black",
    "pocket_data": [
      {
        "pocket_type": "CONTAINER",
        "watertight": true,
        "rigid": false,
        "max_contains_volume": "1775 ml",
        "max_contains_weight": "2 kg"
      }
    ],
    "flags": [ "TARDIS" ]
  },
  {
    "id": "dcup",
    "type": "GENERIC",
    "category": "container",
    "name": { "str": "large plastic cup" },
    "description": "A clear plastic cup with a wide mouth and fitted lid. Normally used for holding individual deli soup and salad servings.",
    "weight": "20 g",
    "volume": "1 L",
    "price": "20 USD",
    "to_hit": -2,
    "material": [ "plastic" ],
    "symbol": ",",
    "color": "black",
    "pocket_data": [
      {
        "pocket_type": "CONTAINER",
        "watertight": true,
        "rigid": false,
        "max_contains_volume": "1275 ml",
        "max_contains_weight": "1500 g"
      }
    ],
    "flags": [ "TARDIS" ]
  }
]
