[
  {
    "type": "item_group",
    "id": "delibake",
    "items": [
      [ "delitray1", 5 ],
      [ "delitray2", 5 ],
      [ "delitray3", 5 ],
      [ "delitray4", 5 ],
      [ "dsub1", 5 ],
      [ "dsub2", 5 ],
      [ "dpanini1", 5 ],
      [ "dpanini2", 5 ],
      [ "dwrap1", 5 ],
      [ "dwrap2", 5 ],
      [ "dpwedges", 5 ],
      [ "dsfries", 5 ],
      [ "dcfries", 5 ],
      [ "dcorndog", 5 ],
      [ "dburrito1", 5 ],
      [ "dburrito2", 5 ],
      [ "dmsticks", 5 ],
      [ "dchfries", 5 ],
      [ "dspepper", 5 ],
      [ "dpoutine", 5 ],
      [ "dchipsalsa", 5 ],
      [ "dmeatloaf", 5 ],
      [ "dsmushroom", 5 ],
      [ "dsalad1", 5 ],
      [ "dsalad2", 5 ],
      [ "dsalad3", 5 ],
      [ "dsalad4", 5 ],
      [ "dsalad5", 5 ],
      [ "dmpotatoes", 5 ],
      [ "dcass1", 5 ],
      [ "dcass2", 5 ],
      [ "dcass3", 5 ],
      [ "dschnitzel", 5 ],
      [ "dsaurbraten", 5 ],
      [ "dgppancakes1", 5 ],
      [ "dgppancakes2", 5 ],
      [ "dspeckkuchen", 5 ],
      [ "dpsticks", 5 ],
      [ "dhotpocket1", 5 ],
      [ "dhotpocket2", 5 ],
      [ "dhotpocket3", 5 ],
      [ "dhotpocket4", 5 ],
      [ "dborscht", 5 ],
      [ "dcarbonara", 5 ],
      [ "dcheese1", 5 ],
      [ "dcheese2", 5 ],
      [ "dcheese3", 5 ],
      [ "dcheese4", 5 ],
      [ "dcheese5", 5 ],
      [ "dcheese6", 5 ],
      [ "dcheese7", 5 ],
      [ "dcheese8", 5 ],
      [ "dcheese9", 5 ],
      [ "dcheese10", 5 ],
      [ "dmeat1", 5 ],
      [ "dmeat2", 5 ],
      [ "dmeat3", 5 ],
      [ "dmeat4", 5 ],
      [ "dmeat5", 5 ],
      [ "dmeat6", 5 ],
      [ "dmeat7", 5 ],
      [ "dsteak1", 5 ],
      [ "dsteak2", 5 ],
      [ "dsteak3", 5 ],
      [ "dsteak4", 5 ],
      [ "dchicken1", 5 ],
      [ "dbchicken1", 5 ],
      [ "dbchicken2", 5 ],
      [ "dbchicken3", 5 ],
      [ "dbchicken4", 5 ],
      [ "dfchicken1", 5 ],
      [ "dfchicken2", 5 ],
      [ "dfchicken3", 5 ],
      [ "dfchicken4", 5 ],
      [ "dseafood1", 5 ],
      [ "dseafood2", 5 ],
      [ "dseafood3", 5 ],
      [ "dseafood4", 5 ],
      [ "dseafood5", 5 ],
      [ "dseafood6", 5 ],
      [ "dseafood7", 5 ],
      [ "dseafood8", 5 ],
      [ "dseafood9", 5 ],
      [ "dseafood10", 5 ]
    ]
  },
  {
    "type": "item_group",
    "id": "drbackroom",
    "items": [
      [ "dcheese1", 5 ],
      [ "dcheese2", 5 ],
      [ "dcheese3", 5 ],
      [ "dcheese4", 5 ],
      [ "dcheese5", 5 ],
      [ "dcheese6", 5 ],
      [ "dcheese7", 5 ],
      [ "dcheese8", 5 ],
      [ "dcheese9", 5 ],
      [ "dcheese10", 5 ],
      [ "dmeat1", 5 ],
      [ "dmeat2", 5 ],
      [ "dmeat3", 5 ],
      [ "dmeat4", 5 ],
      [ "dmeat5", 5 ],
      [ "dmeat6", 5 ],
      [ "dmeat7", 5 ],
      [ "dsteak1", 5 ],
      [ "dsteak2", 5 ],
      [ "dsteak3", 5 ],
      [ "dsteak4", 5 ],
      [ "dchicken1", 5 ],
      [ "dbchicken1", 5 ],
      [ "dbchicken2", 5 ],
      [ "dbchicken3", 5 ],
      [ "dbchicken4", 5 ],
      [ "dfchicken1", 5 ],
      [ "dfchicken2", 5 ],
      [ "dfchicken3", 5 ],
      [ "dfchicken4", 5 ],
      [ "dseafood1", 5 ],
      [ "dseafood2", 5 ],
      [ "dseafood3", 5 ],
      [ "dseafood4", 5 ],
      [ "dseafood5", 5 ],
      [ "dseafood6", 5 ],
      [ "dseafood7", 5 ],
      [ "dseafood8", 5 ],
      [ "dseafood9", 5 ],
      [ "dseafood10", 5 ]
    ]
  },
  {
    "type": "item_group",
    "id": "dfastfood",
    "items": [
      [ "dsub1", 5 ],
      [ "dsub2", 5 ],
      [ "dpanini1", 5 ],
      [ "dpanini2", 5 ],
      [ "dwrap1", 5 ],
      [ "dwrap2", 5 ],
      [ "dpwedges", 5 ],
      [ "dsfries", 5 ],
      [ "dcfries", 5 ],
      [ "dcorndog", 5 ],
      [ "dburrito1", 5 ],
      [ "dburrito2", 5 ],
      [ "dmsticks", 5 ],
      [ "dchfries", 5 ],
      [ "dpsticks", 5 ],
      [ "dhotpocket1", 5 ],
      [ "dhotpocket2", 5 ],
      [ "dhotpocket3", 5 ],
      [ "dhotpocket4", 5 ],
      [ "dbcornbread", 5 ],
      [ "dspepper", 5 ],
      [ "dpoutine", 5 ],
      [ "dchipsalsa", 5 ],
      [ "dmeatloaf", 5 ],
      [ "dsmushroom", 5 ],
      [ "dmpotatoes", 5 ],
      [ "dchicken1", 5 ],
      [ "dbchicken1", 5 ],
      [ "dbchicken2", 5 ],
      [ "dbchicken3", 5 ],
      [ "dbchicken4", 5 ],
      [ "dfchicken1", 5 ],
      [ "dfchicken2", 5 ],
      [ "dfchicken3", 5 ],
      [ "dfchicken4", 5 ]
    ]
  },
  {
    "type": "item_group",
    "id": "djuice",
    "items": [ [ "grape_juice", 5 ], [ "pineapple_juice", 5 ] ]
  },
  {
    "type": "item_group",
    "id": "commercialdrinks",
    "items": [
      [ "V8_C", 5 ],
      [ "sports_drink2", 5 ],
      [ "grape_juiceC", 5 ],
      [ "cranberry_juiceC", 5 ],
      [ "apple_juiceC", 5 ],
      [ "orange_juiceC", 5 ],
      [ "pineapple_juiceC", 5 ]
    ]
  },
  {
    "type": "item_group",
    "id": "commercialsauces",
    "items": [ [ "srirachasauce", 5 ], [ "ranchdressingC", 5 ], [ "teriyakisauce", 5 ], [ "ketchupC", 5 ] ]
  },
  {
    "type": "item_group",
    "id": "commercialmisc",
    "items": [ [ "con_milkC", 5 ] ]
  },
  {
    "type": "item_group",
    "id": "drinkmixes",
    "items": [ [ "a&w", 5 ], [ "fanta", 5 ], [ "tang", 5 ], [ "koolaid", 5 ], [ "nesquik", 5 ], [ "cocoapowder", 5 ] ]
  },
  {
    "type": "item_group",
    "id": "bakemixes",
    "items": [
      [ "ddcwhite", 5 ],
      [ "ddcyellow", 5 ],
      [ "ddcfvanilla", 5 ],
      [ "ddcbpecan", 5 ],
      [ "ddcconfetti", 5 ],
      [ "ddcprainbow", 5 ],
      [ "ddccfudge", 5 ],
      [ "ddctchocolate", 5 ],
      [ "ddcgchocolate", 5 ],
      [ "ddcrvelvet", 5 ],
      [ "ddcdfood", 5 ],
      [ "ddcafood", 5 ],
      [ "ddcpineappleud", 5 ],
      [ "ddcspice", 5 ],
      [ "ddcgingerbread", 5 ],
      [ "ddccchip", 5 ],
      [ "ddclemon", 5 ],
      [ "ddcstrawberry", 5 ],
      [ "ddckrispykreme", 5 ],
      [ "ddcocchip", 5 ],
      [ "ddcosugar", 5 ],
      [ "ddcosdoodle", 5 ],
      [ "ddcoscaramel", 5 ],
      [ "ddcorainbow", 5 ],
      [ "ddbfudge", 5 ],
      [ "ddbmlava", 5 ],
      [ "ddbcookie", 5 ],
      [ "dddkrispykreme", 5 ],
      [ "dfvanilla", 5 ],
      [ "dfbcream", 5 ],
      [ "dfwcream", 5 ],
      [ "dfccheese", 5 ],
      [ "dffwhite", 5 ],
      [ "dfhersheyscnc", 5 ],
      [ "dfprainbow", 5 ],
      [ "dfmchocolate", 5 ],
      [ "dfdchocolate", 5 ],
      [ "dffudge", 5 ],
      [ "dfchocolate", 5 ],
      [ "dfgchocolate", 5 ],
      [ "dfcchip", 5 ],
      [ "dfstrawberry", 5 ],
      [ "dflemon", 5 ],
      [ "dfcherry", 5 ]
    ]
  },
  {
    "type": "item_group",
    "id": "soupmixes",
    "items": [
      [ "ddbouillon1", 5 ],
      [ "ddbouillon2", 5 ],
      [ "ddbouillon3", 5 ],
      [ "ddsmushroom", 5 ],
      [ "ddscnoodle", 5 ],
      [ "ddstomato", 5 ],
      [ "ddscvegetable", 5 ],
      [ "ddsoxtail", 5 ]
    ]
  },
  {
    "type": "item_group",
    "id": "bakery",
    "items": [
      [ "cheesecake1", 5 ],
      [ "cheesecake2", 5 ],
      [ "cheesecake3", 5 ],
      [ "dcake1", 5 ],
      [ "dcake2", 5 ],
      [ "dcake3", 5 ],
      [ "dcake4", 5 ],
      [ "dcake5", 5 ],
      [ "dbcroissant", 5 ],
      [ "dbbaguette", 5 ],
      [ "dbstrudel", 5 ],
      [ "dbkringle", 5 ],
      [ "dbnhat", 5 ],
      [ "dbpfinger", 5 ],
      [ "dbcpuff", 5 ],
      [ "dbceclair", 5 ],
      [ "dbgbread1", 5 ],
      [ "dbgbread2", 5 ],
      [ "dbttoast", 5 ],
      [ "dbtart1", 5 ],
      [ "dbtart2", 5 ],
      [ "dbtart3", 5 ],
      [ "dbcannoli", 5 ],
      [ "dbdonut1", 5 ],
      [ "dbdonut2", 5 ],
      [ "dbdonut3", 5 ],
      [ "dbdonut4", 5 ],
      [ "dbdholes1", 5 ],
      [ "dbdholes2", 5 ],
      [ "dbdholes3", 5 ],
      [ "dbbcreampie", 5 ],
      [ "dbcinnamonroll", 5 ],
      [ "dbcornbread", 5 ],
      [ "dbscone1", 5 ],
      [ "dbscone2", 5 ],
      [ "dbbagel1", 5 ],
      [ "dbbagel2", 5 ],
      [ "dbproll", 5 ],
      [ "dblroll", 5 ],
      [ "dbcookies1", 5 ],
      [ "dbcookies2", 5 ],
      [ "dbcookies3", 5 ],
      [ "dbcookies4", 5 ],
      [ "dbcookies5", 5 ],
      [ "dbcookies6", 5 ],
      [ "dbcookies7", 5 ],
      [ "dbmuffins1", 5 ],
      [ "dbmuffins2", 5 ],
      [ "dbmuffins3", 5 ],
      [ "dbmuffins4", 5 ],
      [ "dbmuffins5", 5 ],
      [ "dbmuffins6", 5 ],
      [ "dbmuffins7", 5 ],
      [ "dbmuffins8", 5 ],
      [ "dbmuffins9", 5 ]
    ]
  },
  {
    "type": "item_group",
    "id": "soups",
    "items": [
      [ "soup1", 5 ],
      [ "soup2", 5 ],
      [ "soup3", 5 ],
      [ "soup4", 5 ],
      [ "soup5", 5 ],
      [ "soup6", 5 ],
      [ "soup7", 5 ],
      [ "soup8", 5 ],
      [ "soup9", 5 ],
      [ "soup10", 5 ],
      [ "soup11", 5 ],
      [ "soup12", 5 ],
      [ "soup13", 5 ],
      [ "soup14", 5 ]
    ]
  },
  {
    "type": "item_group",
    "id": "homebake",
    "items": [
      [ "dbcyellow", 5 ],
      [ "dbcwhite", 5 ],
      [ "dbcfvanilla", 5 ],
      [ "dbcbpecan", 5 ],
      [ "dbcconfetti", 5 ],
      [ "dbcprainbow", 5 ],
      [ "dbccfudge", 5 ],
      [ "dbctchocolate", 5 ],
      [ "dbcgchocolate", 5 ],
      [ "dbcrvelvet", 5 ],
      [ "dbcdfood", 5 ],
      [ "dbcafood", 5 ],
      [ "dbcpineappleud", 5 ],
      [ "dbcspice", 5 ],
      [ "dbcgingerbread", 5 ],
      [ "dbccchip", 5 ],
      [ "dbclemon", 5 ],
      [ "dbcstrawberry", 5 ],
      [ "dbckrispykreme", 5 ],
      [ "dbcuyellow", 5 ],
      [ "dbcuwhite", 5 ],
      [ "dbcufvanilla", 5 ],
      [ "dbcubpecan", 5 ],
      [ "dbcuconfetti", 5 ],
      [ "dbcuprainbow", 5 ],
      [ "dbcucfudge", 5 ],
      [ "dbcutchocolate", 5 ],
      [ "dbcugchocolate", 5 ],
      [ "dbcurvelvet", 5 ],
      [ "dbcudfood", 5 ],
      [ "dbcuafood", 5 ],
      [ "dbcupineappleud", 5 ],
      [ "dbcuspice", 5 ],
      [ "dbcugingerbread", 5 ],
      [ "dbcucchip", 5 ],
      [ "dbculemon", 5 ],
      [ "dbcustrawberry", 5 ],
      [ "dfcyellow", 5 ],
      [ "dfcwhite", 5 ],
      [ "dfcfvanilla", 5 ],
      [ "dfcbpecan", 5 ],
      [ "dfcconfetti", 5 ],
      [ "dfcprainbow", 5 ],
      [ "dfccfudge", 5 ],
      [ "dfctchocolate", 5 ],
      [ "dfcgchocolate", 5 ],
      [ "dfcrvelvet", 5 ],
      [ "dfcdfood", 5 ],
      [ "dfcafood", 5 ],
      [ "dfcpineappleud", 5 ],
      [ "dfcspice", 5 ],
      [ "dfcgingerbread", 5 ],
      [ "dfccchip", 5 ],
      [ "dfclemon", 5 ],
      [ "dfcstrawberry", 5 ],
      [ "dfcuyellow", 5 ],
      [ "dfcuwhite", 5 ],
      [ "dfcfvanilla", 5 ],
      [ "dfcubpecan", 5 ],
      [ "dfcuconfetti", 5 ],
      [ "dfcuprainbow", 5 ],
      [ "dfcucfudge", 5 ],
      [ "dfcutchocolate", 5 ],
      [ "dfcugchocolate", 5 ],
      [ "dfcurvelvet", 5 ],
      [ "dfcudfood", 5 ],
      [ "dfcuafood", 5 ],
      [ "dfcupineappleud", 5 ],
      [ "dfcuspice", 5 ],
      [ "dfcugingerbread", 5 ],
      [ "dfcucchip", 5 ],
      [ "dfculemon", 5 ],
      [ "dfcustrawberry", 5 ],
      [ "dccocchip", 5 ],
      [ "dccosugar", 5 ],
      [ "dccosdoodle", 5 ],
      [ "dccoscaramel", 5 ],
      [ "dccorainbow", 5 ],
      [ "dcbfudge", 5 ],
      [ "dcbmlava", 5 ],
      [ "dcbcookie", 5 ],
      [ "dcdkrispykreme", 5 ]
    ]
  },
  {
    "type": "item_group",
    "id": "chinese",
    "items": [
      [ "dchowmein", 5 ],
      [ "dcyakisoba", 5 ],
      [ "dpotsticker", 5 ],
      [ "dwonton1", 5 ],
      [ "dwonton2", 5 ],
      [ "dcbeef1", 5 ],
      [ "dcbeef2", 5 ],
      [ "dcpork1", 5 ],
      [ "dcpork2", 5 ],
      [ "dcchicken1", 5 ],
      [ "dcchicken2", 5 ],
      [ "dcricebowl1", 5 ],
      [ "dcricebowl2", 5 ],
      [ "dcricebowl3", 5 ],
      [ "dcricebowl4", 5 ],
      [ "dcshrimp", 5 ],
      [ "dcsoup1", 5 ],
      [ "dcsoup2", 5 ],
      [ "dcfcookie", 5 ],
      [ "soy1", 5 ],
      [ "soy2", 5 ],
      [ "soy3", 5 ]
    ]
  },
  {
    "type": "item_group",
    "id": "littledebbie",
    "items": [
      [ "littledebbie1", 5 ],
      [ "littledebbie2", 5 ],
      [ "littledebbie3", 5 ],
      [ "littledebbie4", 5 ],
      [ "littledebbie5", 5 ],
      [ "littledebbie6", 5 ],
      [ "littledebbie7", 5 ],
      [ "littledebbie8", 5 ],
      [ "littledebbie9", 5 ],
      [ "littledebbie10", 5 ]
    ]
  }
]
