[
  {
    "type": "mod_tileset",
    "compatibility": [
      "Chibi_Ultica",
      "UltimateCataclysm",
      "MshockXottoplus",
      "UNDEAD_PEOPLE",
      "UNDEAD_PEOPLE_BASE",
      "UNDEAD_PEOPLE_LEGACY",
      "UlticaShell",
      "MshockXottoplus12",
      "MSX++DEAD_PEOPLE",
      "MXplus12_for_cosmetics",
      "MSXotto+"
    ],
    "tiles-new": [
      {
        "file": "GourmandGraces_normal.png",
        "tiles": [
          { "id": "bg_shadow_item", "fg": 1, "rotates": false },
          { "id": "a&w", "fg": 2, "bg": 1, "rotates": false },
          { "id": "overlay_wielded_a&w", "fg": 2, "rotates": false },
          { "id": "a&wP", "fg": 3, "bg": 1, "rotates": false },
          { "id": "overlay_wielded_a&wP", "fg": 3, "rotates": false },
          { "id": "cocoapowder", "fg": 4, "bg": 1, "rotates": false },
          { "id": "overlay_wielded_cocoapowder", "fg": 4, "rotates": false },
          { "id": "cocoapowderP", "fg": 5, "bg": 1, "rotates": false },
          { "id": "overlay_wielded_cocoapowderP", "fg": 5, "rotates": false },
          { "id": "fanta", "fg": 6, "bg": 1, "rotates": false },
          { "id": "overlay_wielded_fanta", "fg": 6, "rotates": false },
          { "id": "fantaP", "fg": 7, "bg": 1, "rotates": false },
          { "id": "overlay_wielded_fantaP", "fg": 7, "rotates": false },
          { "id": "ketchupC", "fg": 8, "bg": 1, "rotates": false },
          { "id": "overlay_wielded_ketchupC", "fg": 8, "rotates": false },
          { "id": "koolaid", "fg": 9, "bg": 1, "rotates": false },
          { "id": "overlay_wielded_koolaid", "fg": 9, "rotates": false },
          { "id": "koolaidP", "fg": 10, "bg": 1, "rotates": false },
          { "id": "overlay_wielded_koolaidP", "fg": 10, "rotates": false },
          { "id": "mayonnaiseC", "fg": 11, "bg": 1, "rotates": false },
          { "id": "overlay_wielded_mayonnaiseC", "fg": 11, "rotates": false },
          { "id": "nesquik", "fg": 4, "bg": 1, "rotates": false },
          { "id": "overlay_wielded_nesquik", "fg": 4, "rotates": false },
          { "id": "nesquikP", "fg": 5, "bg": 1, "rotates": false },
          { "id": "overlay_wielded_nesquikP", "fg": 5, "rotates": false },
          { "id": "overlay_wielded_ranchdressingC", "fg": 11, "rotates": false },
          { "id": "ranchdressingC", "fg": 11, "bg": 1, "rotates": false },
          { "id": "overlay_wielded_srirachasauce", "fg": 14, "rotates": false },
          { "id": "srirachasauce", "fg": 14, "bg": 1, "rotates": false },
          { "id": "overlay_wielded_tang", "fg": 12, "rotates": false },
          { "id": "tang", "fg": 12, "bg": 1, "rotates": false },
          { "id": "overlay_wielded_tangP", "fg": 13, "rotates": false },
          { "id": "tangP", "fg": 13, "bg": 1, "rotates": false },
          { "id": "overlay_wielded_teriyakisauce", "fg": 14, "rotates": false },
          { "id": "teriyakisauce", "fg": 14, "bg": 1, "rotates": false },
          { "id": "case_plastic", "fg": 15, "bg": 1, "rotates": false },
          { "id": "overlay_wielded_case_plastic", "fg": 15, "rotates": false },
          { "id": "dcup", "fg": 16, "bg": 1, "rotates": false },
          { "id": "overlay_wielded_dcup", "fg": 16, "rotates": false },
          { "id": "overlay_wielded_platter", "fg": 17, "rotates": false },
          { "id": "platter", "fg": 17, "bg": 1, "rotates": false },
          { "id": "overlay_wielded_tray", "fg": 18, "rotates": false },
          { "id": "tray", "fg": 18, "bg": 1, "rotates": false },
          { "id": "overlay_wielded_tub", "fg": 19, "rotates": false },
          { "id": "tub", "fg": 19, "bg": 1, "rotates": false }
        ],
        "//": "range 1 to 32",
        "sprite_width": 32,
        "sprite_height": 32,
        "sprite_offset_x": 0,
        "sprite_offset_y": 0
      }
    ]
  }
]
