[
  {
    "type": "recipe",
    "activity_level": "NO_EXERCISE",
    "result": "cocoapowderP",
    "category": "CC_FOOD",
    "subcategory": "CSC_FOOD_DRINKS",
    "skill_used": "cooking",
    "time": 5000,
    "autolearn": true,
    "batch_time_factors": [ 20, 2 ],
    "components": [ [ [ "cocoapowder", 1 ] ], [ [ "water_clean", 2 ] ] ]
  },
  {
    "type": "recipe",
    "activity_level": "NO_EXERCISE",
    "result": "nesquikP",
    "category": "CC_FOOD",
    "subcategory": "CSC_FOOD_DRINKS",
    "skill_used": "cooking",
    "time": 5000,
    "autolearn": true,
    "batch_time_factors": [ 20, 2 ],
    "components": [ [ [ "nesquik", 1 ] ], [ [ "water_clean", 2 ] ] ]
  },
  {
    "type": "recipe",
    "activity_level": "NO_EXERCISE",
    "result": "koolaidP",
    "category": "CC_FOOD",
    "subcategory": "CSC_FOOD_DRINKS",
    "skill_used": "cooking",
    "time": 5000,
    "autolearn": true,
    "batch_time_factors": [ 20, 2 ],
    "components": [ [ [ "koolaid", 1 ] ], [ [ "water_clean", 2 ] ] ]
  },
  {
    "type": "recipe",
    "activity_level": "NO_EXERCISE",
    "result": "tangP",
    "category": "CC_FOOD",
    "subcategory": "CSC_FOOD_DRINKS",
    "skill_used": "cooking",
    "time": 5000,
    "autolearn": true,
    "batch_time_factors": [ 20, 2 ],
    "components": [ [ [ "tang", 1 ] ], [ [ "water_clean", 2 ] ] ]
  },
  {
    "type": "recipe",
    "activity_level": "NO_EXERCISE",
    "result": "fantaP",
    "category": "CC_FOOD",
    "subcategory": "CSC_FOOD_DRINKS",
    "skill_used": "cooking",
    "time": 5000,
    "autolearn": true,
    "batch_time_factors": [ 20, 2 ],
    "components": [ [ [ "fanta", 1 ] ], [ [ "water_clean", 2 ] ] ]
  },
  {
    "type": "recipe",
    "activity_level": "NO_EXERCISE",
    "result": "a&wP",
    "category": "CC_FOOD",
    "subcategory": "CSC_FOOD_DRINKS",
    "skill_used": "cooking",
    "time": 5000,
    "autolearn": true,
    "batch_time_factors": [ 20, 2 ],
    "components": [ [ [ "a&w", 1 ] ], [ [ "water_clean", 2 ] ] ]
  },
  {
    "type": "recipe",
    "activity_level": "NO_EXERCISE",
    "result": "dbgbread2",
    "category": "CC_FOOD",
    "subcategory": "CSC_FOOD_BREAD",
    "skill_used": "cooking",
    "time": 10000,
    "autolearn": true,
    "batch_time_factors": [ 20, 2 ],
    "tools": [ [ [ "surface_heat", 10, "LIST" ] ] ],
    "components": [ [ [ "dbgbread1", 1 ] ] ]
  },
  {
    "type": "recipe",
    "activity_level": "NO_EXERCISE",
    "result": "dbcyellow",
    "category": "CC_FOOD",
    "subcategory": "CSC_FOOD_BREAD",
    "skill_used": "cooking",
    "difficulty": 2,
    "time": 20000,
    "autolearn": true,
    "batch_time_factors": [ 20, 2 ],
    "tools": [ [ [ "surface_heat", 10, "LIST" ] ] ],
    "components": [ [ [ "ddcyellow", 1 ] ], [ [ "water_clean", 2 ] ] ]
  },
  {
    "type": "recipe",
    "activity_level": "NO_EXERCISE",
    "result": "dbcwhite",
    "category": "CC_FOOD",
    "subcategory": "CSC_FOOD_BREAD",
    "skill_used": "cooking",
    "difficulty": 2,
    "time": 20000,
    "autolearn": true,
    "batch_time_factors": [ 20, 2 ],
    "tools": [ [ [ "surface_heat", 10, "LIST" ] ] ],
    "components": [ [ [ "ddcwhite", 1 ] ], [ [ "water_clean", 2 ] ] ]
  },
  {
    "type": "recipe",
    "activity_level": "NO_EXERCISE",
    "result": "dbcfvanilla",
    "category": "CC_FOOD",
    "subcategory": "CSC_FOOD_BREAD",
    "skill_used": "cooking",
    "difficulty": 2,
    "time": 20000,
    "autolearn": true,
    "batch_time_factors": [ 20, 2 ],
    "tools": [ [ [ "surface_heat", 10, "LIST" ] ] ],
    "components": [ [ [ "ddcfvanilla", 1 ] ], [ [ "water_clean", 2 ] ] ]
  },
  {
    "type": "recipe",
    "activity_level": "NO_EXERCISE",
    "result": "dbcbpecan",
    "category": "CC_FOOD",
    "subcategory": "CSC_FOOD_BREAD",
    "skill_used": "cooking",
    "difficulty": 2,
    "time": 20000,
    "autolearn": true,
    "batch_time_factors": [ 20, 2 ],
    "tools": [ [ [ "surface_heat", 10, "LIST" ] ] ],
    "components": [ [ [ "ddcbpecan", 1 ] ], [ [ "water_clean", 2 ] ] ]
  },
  {
    "type": "recipe",
    "activity_level": "NO_EXERCISE",
    "result": "dbcconfetti",
    "category": "CC_FOOD",
    "subcategory": "CSC_FOOD_BREAD",
    "skill_used": "cooking",
    "difficulty": 2,
    "time": 20000,
    "autolearn": true,
    "batch_time_factors": [ 20, 2 ],
    "tools": [ [ [ "surface_heat", 10, "LIST" ] ] ],
    "components": [ [ [ "ddcconfetti", 1 ] ], [ [ "water_clean", 2 ] ] ]
  },
  {
    "type": "recipe",
    "activity_level": "NO_EXERCISE",
    "result": "dbcprainbow",
    "category": "CC_FOOD",
    "subcategory": "CSC_FOOD_BREAD",
    "skill_used": "cooking",
    "difficulty": 2,
    "time": 20000,
    "autolearn": true,
    "batch_time_factors": [ 20, 2 ],
    "tools": [ [ [ "surface_heat", 10, "LIST" ] ] ],
    "components": [ [ [ "ddcprainbow", 1 ] ], [ [ "water_clean", 2 ] ] ]
  },
  {
    "type": "recipe",
    "activity_level": "NO_EXERCISE",
    "result": "dbccfudge",
    "category": "CC_FOOD",
    "subcategory": "CSC_FOOD_BREAD",
    "skill_used": "cooking",
    "difficulty": 2,
    "time": 20000,
    "autolearn": true,
    "batch_time_factors": [ 20, 2 ],
    "tools": [ [ [ "surface_heat", 10, "LIST" ] ] ],
    "components": [ [ [ "ddccfudge", 1 ] ], [ [ "water_clean", 2 ] ] ]
  },
  {
    "type": "recipe",
    "activity_level": "NO_EXERCISE",
    "result": "dbctchocolate",
    "category": "CC_FOOD",
    "subcategory": "CSC_FOOD_BREAD",
    "skill_used": "cooking",
    "difficulty": 2,
    "time": 20000,
    "autolearn": true,
    "batch_time_factors": [ 20, 2 ],
    "tools": [ [ [ "surface_heat", 10, "LIST" ] ] ],
    "components": [ [ [ "ddctchocolate", 1 ] ], [ [ "water_clean", 2 ] ] ]
  },
  {
    "type": "recipe",
    "activity_level": "NO_EXERCISE",
    "result": "dbcgchocolate",
    "category": "CC_FOOD",
    "subcategory": "CSC_FOOD_BREAD",
    "skill_used": "cooking",
    "difficulty": 2,
    "time": 20000,
    "autolearn": true,
    "batch_time_factors": [ 20, 2 ],
    "tools": [ [ [ "surface_heat", 10, "LIST" ] ] ],
    "components": [ [ [ "ddcgchocolate", 1 ] ], [ [ "water_clean", 2 ] ] ]
  },
  {
    "type": "recipe",
    "activity_level": "NO_EXERCISE",
    "result": "dbcrvelvet",
    "category": "CC_FOOD",
    "subcategory": "CSC_FOOD_BREAD",
    "skill_used": "cooking",
    "difficulty": 2,
    "time": 20000,
    "autolearn": true,
    "batch_time_factors": [ 20, 2 ],
    "tools": [ [ [ "surface_heat", 10, "LIST" ] ] ],
    "components": [ [ [ "ddcrvelvet", 1 ] ], [ [ "water_clean", 2 ] ] ]
  },
  {
    "type": "recipe",
    "activity_level": "NO_EXERCISE",
    "result": "dbcdfood",
    "category": "CC_FOOD",
    "subcategory": "CSC_FOOD_BREAD",
    "skill_used": "cooking",
    "difficulty": 2,
    "time": 20000,
    "autolearn": true,
    "batch_time_factors": [ 20, 2 ],
    "tools": [ [ [ "surface_heat", 10, "LIST" ] ] ],
    "components": [ [ [ "ddcdfood", 1 ] ], [ [ "water_clean", 2 ] ] ]
  },
  {
    "type": "recipe",
    "activity_level": "NO_EXERCISE",
    "result": "dbcafood",
    "category": "CC_FOOD",
    "subcategory": "CSC_FOOD_BREAD",
    "skill_used": "cooking",
    "difficulty": 2,
    "time": 20000,
    "autolearn": true,
    "batch_time_factors": [ 20, 2 ],
    "tools": [ [ [ "surface_heat", 10, "LIST" ] ] ],
    "components": [ [ [ "ddcafood", 1 ] ], [ [ "water_clean", 2 ] ] ]
  },
  {
    "type": "recipe",
    "activity_level": "NO_EXERCISE",
    "result": "dbcpineappleud",
    "category": "CC_FOOD",
    "subcategory": "CSC_FOOD_BREAD",
    "skill_used": "cooking",
    "difficulty": 2,
    "time": 20000,
    "autolearn": true,
    "batch_time_factors": [ 20, 2 ],
    "tools": [ [ [ "surface_heat", 10, "LIST" ] ] ],
    "components": [ [ [ "ddcpineappleud", 1 ] ], [ [ "water_clean", 2 ] ] ]
  },
  {
    "type": "recipe",
    "activity_level": "NO_EXERCISE",
    "result": "dbcspice",
    "category": "CC_FOOD",
    "subcategory": "CSC_FOOD_BREAD",
    "skill_used": "cooking",
    "difficulty": 2,
    "time": 20000,
    "autolearn": true,
    "batch_time_factors": [ 20, 2 ],
    "tools": [ [ [ "surface_heat", 10, "LIST" ] ] ],
    "components": [ [ [ "ddcspice", 1 ] ], [ [ "water_clean", 2 ] ] ]
  },
  {
    "type": "recipe",
    "activity_level": "NO_EXERCISE",
    "result": "dbcgingerbread",
    "category": "CC_FOOD",
    "subcategory": "CSC_FOOD_BREAD",
    "skill_used": "cooking",
    "difficulty": 2,
    "time": 20000,
    "autolearn": true,
    "batch_time_factors": [ 20, 2 ],
    "tools": [ [ [ "surface_heat", 10, "LIST" ] ] ],
    "components": [ [ [ "ddcgingerbread", 1 ] ], [ [ "water_clean", 2 ] ] ]
  },
  {
    "type": "recipe",
    "activity_level": "NO_EXERCISE",
    "result": "dbccchip",
    "category": "CC_FOOD",
    "subcategory": "CSC_FOOD_BREAD",
    "skill_used": "cooking",
    "difficulty": 2,
    "time": 20000,
    "autolearn": true,
    "batch_time_factors": [ 20, 2 ],
    "tools": [ [ [ "surface_heat", 10, "LIST" ] ] ],
    "components": [ [ [ "ddccchip", 1 ] ], [ [ "water_clean", 2 ] ] ]
  },
  {
    "type": "recipe",
    "activity_level": "NO_EXERCISE",
    "result": "dbclemon",
    "category": "CC_FOOD",
    "subcategory": "CSC_FOOD_BREAD",
    "skill_used": "cooking",
    "difficulty": 2,
    "time": 20000,
    "autolearn": true,
    "batch_time_factors": [ 20, 2 ],
    "tools": [ [ [ "surface_heat", 10, "LIST" ] ] ],
    "components": [ [ [ "ddclemon", 1 ] ], [ [ "water_clean", 2 ] ] ]
  },
  {
    "type": "recipe",
    "activity_level": "NO_EXERCISE",
    "result": "dbcstrawberry",
    "category": "CC_FOOD",
    "subcategory": "CSC_FOOD_BREAD",
    "skill_used": "cooking",
    "difficulty": 2,
    "time": 20000,
    "autolearn": true,
    "batch_time_factors": [ 20, 2 ],
    "tools": [ [ [ "surface_heat", 10, "LIST" ] ] ],
    "components": [ [ [ "ddcstrawberry", 1 ] ], [ [ "water_clean", 2 ] ] ]
  },
  {
    "type": "recipe",
    "activity_level": "NO_EXERCISE",
    "result": "dbckrispykreme",
    "category": "CC_FOOD",
    "subcategory": "CSC_FOOD_BREAD",
    "skill_used": "cooking",
    "difficulty": 2,
    "time": 20000,
    "autolearn": true,
    "batch_time_factors": [ 20, 2 ],
    "tools": [ [ [ "surface_heat", 10, "LIST" ] ] ],
    "components": [ [ [ "ddckrispykreme", 1 ] ], [ [ "water_clean", 2 ] ] ]
  },
  {
    "type": "recipe",
    "activity_level": "NO_EXERCISE",
    "result": "dfcyellow",
    "category": "CC_FOOD",
    "subcategory": "CSC_FOOD_BREAD",
    "skill_used": "cooking",
    "time": 1000,
    "autolearn": true,
    "using": [ [ "frosting", 1 ] ],
    "batch_time_factors": [ 20, 2 ],
    "components": [ [ [ "dbcyellow", 1 ] ], [ [ "water_clean", 2 ] ] ]
  },
  {
    "type": "recipe",
    "activity_level": "NO_EXERCISE",
    "result": "dfcwhite",
    "category": "CC_FOOD",
    "subcategory": "CSC_FOOD_BREAD",
    "skill_used": "cooking",
    "time": 1000,
    "autolearn": true,
    "using": [ [ "frosting", 1 ] ],
    "batch_time_factors": [ 20, 2 ],
    "components": [ [ [ "dbcwhite", 1 ] ], [ [ "water_clean", 2 ] ] ]
  },
  {
    "type": "recipe",
    "activity_level": "NO_EXERCISE",
    "result": "dfcfvanilla",
    "category": "CC_FOOD",
    "subcategory": "CSC_FOOD_BREAD",
    "skill_used": "cooking",
    "time": 1000,
    "autolearn": true,
    "using": [ [ "frosting", 1 ] ],
    "batch_time_factors": [ 20, 2 ],
    "components": [ [ [ "dbcfvanilla", 1 ] ], [ [ "water_clean", 2 ] ] ]
  },
  {
    "type": "recipe",
    "activity_level": "NO_EXERCISE",
    "result": "dfcbpecan",
    "category": "CC_FOOD",
    "subcategory": "CSC_FOOD_BREAD",
    "skill_used": "cooking",
    "time": 1000,
    "autolearn": true,
    "using": [ [ "frosting", 1 ] ],
    "batch_time_factors": [ 20, 2 ],
    "components": [ [ [ "dbcbpecan", 1 ] ], [ [ "water_clean", 2 ] ] ]
  },
  {
    "type": "recipe",
    "activity_level": "NO_EXERCISE",
    "result": "dfcconfetti",
    "category": "CC_FOOD",
    "subcategory": "CSC_FOOD_BREAD",
    "skill_used": "cooking",
    "time": 1000,
    "autolearn": true,
    "using": [ [ "frosting", 1 ] ],
    "batch_time_factors": [ 20, 2 ],
    "components": [ [ [ "dbcconfetti", 1 ] ], [ [ "water_clean", 2 ] ] ]
  },
  {
    "type": "recipe",
    "activity_level": "NO_EXERCISE",
    "result": "dfcprainbow",
    "category": "CC_FOOD",
    "subcategory": "CSC_FOOD_BREAD",
    "skill_used": "cooking",
    "time": 1000,
    "autolearn": true,
    "using": [ [ "frosting", 1 ] ],
    "batch_time_factors": [ 20, 2 ],
    "components": [ [ [ "dbcprainbow", 1 ] ], [ [ "water_clean", 2 ] ] ]
  },
  {
    "type": "recipe",
    "activity_level": "NO_EXERCISE",
    "result": "dfccfudge",
    "category": "CC_FOOD",
    "subcategory": "CSC_FOOD_BREAD",
    "skill_used": "cooking",
    "time": 1000,
    "autolearn": true,
    "using": [ [ "frosting", 1 ] ],
    "batch_time_factors": [ 20, 2 ],
    "components": [ [ [ "dbccfudge", 1 ] ], [ [ "water_clean", 2 ] ] ]
  },
  {
    "type": "recipe",
    "activity_level": "NO_EXERCISE",
    "result": "dfctchocolate",
    "category": "CC_FOOD",
    "subcategory": "CSC_FOOD_BREAD",
    "skill_used": "cooking",
    "time": 1000,
    "autolearn": true,
    "using": [ [ "frosting", 1 ] ],
    "batch_time_factors": [ 20, 2 ],
    "components": [ [ [ "dbctchocolate", 1 ] ], [ [ "water_clean", 2 ] ] ]
  },
  {
    "type": "recipe",
    "activity_level": "NO_EXERCISE",
    "result": "dfcgchocolate",
    "category": "CC_FOOD",
    "subcategory": "CSC_FOOD_BREAD",
    "skill_used": "cooking",
    "time": 1000,
    "autolearn": true,
    "using": [ [ "frosting", 1 ] ],
    "batch_time_factors": [ 20, 2 ],
    "components": [ [ [ "dbcgchocolate", 1 ] ], [ [ "water_clean", 2 ] ] ]
  },
  {
    "type": "recipe",
    "activity_level": "NO_EXERCISE",
    "result": "dfcrvelvet",
    "category": "CC_FOOD",
    "subcategory": "CSC_FOOD_BREAD",
    "skill_used": "cooking",
    "time": 1000,
    "autolearn": true,
    "using": [ [ "frosting", 1 ] ],
    "batch_time_factors": [ 20, 2 ],
    "components": [ [ [ "dbcrvelvet", 1 ] ], [ [ "water_clean", 2 ] ] ]
  },
  {
    "type": "recipe",
    "activity_level": "NO_EXERCISE",
    "result": "dfcdfood",
    "category": "CC_FOOD",
    "subcategory": "CSC_FOOD_BREAD",
    "skill_used": "cooking",
    "time": 1000,
    "autolearn": true,
    "using": [ [ "frosting", 1 ] ],
    "batch_time_factors": [ 20, 2 ],
    "components": [ [ [ "dbcdfood", 1 ] ], [ [ "water_clean", 2 ] ] ]
  },
  {
    "type": "recipe",
    "activity_level": "NO_EXERCISE",
    "result": "dfcafood",
    "category": "CC_FOOD",
    "subcategory": "CSC_FOOD_BREAD",
    "skill_used": "cooking",
    "time": 1000,
    "autolearn": true,
    "using": [ [ "frosting", 1 ] ],
    "batch_time_factors": [ 20, 2 ],
    "components": [ [ [ "dbcafood", 1 ] ], [ [ "water_clean", 2 ] ] ]
  },
  {
    "type": "recipe",
    "activity_level": "NO_EXERCISE",
    "result": "dfcpineappleud",
    "category": "CC_FOOD",
    "subcategory": "CSC_FOOD_BREAD",
    "skill_used": "cooking",
    "time": 1000,
    "autolearn": true,
    "using": [ [ "frosting", 1 ] ],
    "batch_time_factors": [ 20, 2 ],
    "components": [ [ [ "dbcpineappleud", 1 ] ], [ [ "water_clean", 2 ] ] ]
  },
  {
    "type": "recipe",
    "activity_level": "NO_EXERCISE",
    "result": "dfcspice",
    "category": "CC_FOOD",
    "subcategory": "CSC_FOOD_BREAD",
    "skill_used": "cooking",
    "time": 1000,
    "autolearn": true,
    "using": [ [ "frosting", 1 ] ],
    "batch_time_factors": [ 20, 2 ],
    "components": [ [ [ "dbcspice", 1 ] ], [ [ "water_clean", 2 ] ] ]
  },
  {
    "type": "recipe",
    "activity_level": "NO_EXERCISE",
    "result": "dfcgingerbread",
    "category": "CC_FOOD",
    "subcategory": "CSC_FOOD_BREAD",
    "skill_used": "cooking",
    "time": 1000,
    "autolearn": true,
    "using": [ [ "frosting", 1 ] ],
    "batch_time_factors": [ 20, 2 ],
    "components": [ [ [ "dbcgingerbread", 1 ] ], [ [ "water_clean", 2 ] ] ]
  },
  {
    "type": "recipe",
    "activity_level": "NO_EXERCISE",
    "result": "dfccchip",
    "category": "CC_FOOD",
    "subcategory": "CSC_FOOD_BREAD",
    "skill_used": "cooking",
    "time": 1000,
    "autolearn": true,
    "using": [ [ "frosting", 1 ] ],
    "batch_time_factors": [ 20, 2 ],
    "components": [ [ [ "dbccchip", 1 ] ], [ [ "water_clean", 2 ] ] ]
  },
  {
    "type": "recipe",
    "activity_level": "NO_EXERCISE",
    "result": "dfclemon",
    "category": "CC_FOOD",
    "subcategory": "CSC_FOOD_BREAD",
    "skill_used": "cooking",
    "time": 1000,
    "autolearn": true,
    "using": [ [ "frosting", 1 ] ],
    "batch_time_factors": [ 20, 2 ],
    "components": [ [ [ "dbclemon", 1 ] ], [ [ "water_clean", 2 ] ] ]
  },
  {
    "type": "recipe",
    "result": "dfcstrawberry",
    "category": "CC_FOOD",
    "subcategory": "CSC_FOOD_BREAD",
    "skill_used": "cooking",
    "time": 1000,
    "autolearn": true,
    "using": [ [ "frosting", 1 ] ],
    "batch_time_factors": [ 20, 2 ],
    "components": [ [ [ "dbcstrawberry", 1 ] ], [ [ "water_clean", 2 ] ] ]
  },
  {
    "type": "recipe",
    "activity_level": "NO_EXERCISE",
    "result": "dbcuyellow",
    "category": "CC_FOOD",
    "subcategory": "CSC_FOOD_BREAD",
    "skill_used": "cooking",
    "difficulty": 2,
    "time": 20000,
    "autolearn": true,
    "batch_time_factors": [ 20, 2 ],
    "tools": [ [ [ "surface_heat", 10, "LIST" ] ] ],
    "components": [ [ [ "ddcyellow", 1 ] ], [ [ "water_clean", 2 ] ] ]
  },
  {
    "type": "recipe",
    "activity_level": "NO_EXERCISE",
    "result": "dbcuwhite",
    "category": "CC_FOOD",
    "subcategory": "CSC_FOOD_BREAD",
    "skill_used": "cooking",
    "difficulty": 2,
    "time": 20000,
    "autolearn": true,
    "batch_time_factors": [ 20, 2 ],
    "tools": [ [ [ "surface_heat", 10, "LIST" ] ] ],
    "components": [ [ [ "ddcwhite", 1 ] ], [ [ "water_clean", 2 ] ] ]
  },
  {
    "type": "recipe",
    "activity_level": "NO_EXERCISE",
    "result": "dbcufvanilla",
    "category": "CC_FOOD",
    "subcategory": "CSC_FOOD_BREAD",
    "skill_used": "cooking",
    "difficulty": 2,
    "time": 20000,
    "autolearn": true,
    "batch_time_factors": [ 20, 2 ],
    "tools": [ [ [ "surface_heat", 10, "LIST" ] ] ],
    "components": [ [ [ "ddcfvanilla", 1 ] ], [ [ "water_clean", 2 ] ] ]
  },
  {
    "type": "recipe",
    "activity_level": "NO_EXERCISE",
    "result": "dbcubpecan",
    "category": "CC_FOOD",
    "subcategory": "CSC_FOOD_BREAD",
    "skill_used": "cooking",
    "difficulty": 2,
    "time": 20000,
    "autolearn": true,
    "batch_time_factors": [ 20, 2 ],
    "tools": [ [ [ "surface_heat", 10, "LIST" ] ] ],
    "components": [ [ [ "ddcbpecan", 1 ] ], [ [ "water_clean", 2 ] ] ]
  },
  {
    "type": "recipe",
    "activity_level": "NO_EXERCISE",
    "result": "dbcuconfetti",
    "category": "CC_FOOD",
    "subcategory": "CSC_FOOD_BREAD",
    "skill_used": "cooking",
    "difficulty": 2,
    "time": 20000,
    "autolearn": true,
    "batch_time_factors": [ 20, 2 ],
    "tools": [ [ [ "surface_heat", 10, "LIST" ] ] ],
    "components": [ [ [ "ddcconfetti", 1 ] ], [ [ "water_clean", 2 ] ] ]
  },
  {
    "type": "recipe",
    "activity_level": "NO_EXERCISE",
    "result": "dbcuprainbow",
    "category": "CC_FOOD",
    "subcategory": "CSC_FOOD_BREAD",
    "skill_used": "cooking",
    "difficulty": 2,
    "time": 20000,
    "autolearn": true,
    "batch_time_factors": [ 20, 2 ],
    "tools": [ [ [ "surface_heat", 10, "LIST" ] ] ],
    "components": [ [ [ "ddcprainbow", 1 ] ], [ [ "water_clean", 2 ] ] ]
  },
  {
    "type": "recipe",
    "activity_level": "NO_EXERCISE",
    "result": "dbcucfudge",
    "category": "CC_FOOD",
    "subcategory": "CSC_FOOD_BREAD",
    "skill_used": "cooking",
    "difficulty": 2,
    "time": 20000,
    "autolearn": true,
    "batch_time_factors": [ 20, 2 ],
    "tools": [ [ [ "surface_heat", 10, "LIST" ] ] ],
    "components": [ [ [ "ddccfudge", 1 ] ], [ [ "water_clean", 2 ] ] ]
  },
  {
    "type": "recipe",
    "activity_level": "NO_EXERCISE",
    "result": "dbcutchocolate",
    "category": "CC_FOOD",
    "subcategory": "CSC_FOOD_BREAD",
    "skill_used": "cooking",
    "difficulty": 2,
    "time": 20000,
    "autolearn": true,
    "batch_time_factors": [ 20, 2 ],
    "tools": [ [ [ "surface_heat", 10, "LIST" ] ] ],
    "components": [ [ [ "ddctchocolate", 1 ] ], [ [ "water_clean", 2 ] ] ]
  },
  {
    "type": "recipe",
    "activity_level": "NO_EXERCISE",
    "result": "dbcugchocolate",
    "category": "CC_FOOD",
    "subcategory": "CSC_FOOD_BREAD",
    "skill_used": "cooking",
    "difficulty": 2,
    "time": 20000,
    "autolearn": true,
    "batch_time_factors": [ 20, 2 ],
    "tools": [ [ [ "surface_heat", 10, "LIST" ] ] ],
    "components": [ [ [ "ddcgchocolate", 1 ] ], [ [ "water_clean", 2 ] ] ]
  },
  {
    "type": "recipe",
    "activity_level": "NO_EXERCISE",
    "result": "dbcurvelvet",
    "category": "CC_FOOD",
    "subcategory": "CSC_FOOD_BREAD",
    "skill_used": "cooking",
    "difficulty": 2,
    "time": 20000,
    "autolearn": true,
    "batch_time_factors": [ 20, 2 ],
    "tools": [ [ [ "surface_heat", 10, "LIST" ] ] ],
    "components": [ [ [ "ddcrvelvet", 1 ] ], [ [ "water_clean", 2 ] ] ]
  },
  {
    "type": "recipe",
    "activity_level": "NO_EXERCISE",
    "result": "dbcudfood",
    "category": "CC_FOOD",
    "subcategory": "CSC_FOOD_BREAD",
    "skill_used": "cooking",
    "difficulty": 2,
    "time": 20000,
    "autolearn": true,
    "batch_time_factors": [ 20, 2 ],
    "tools": [ [ [ "surface_heat", 10, "LIST" ] ] ],
    "components": [ [ [ "ddcdfood", 1 ] ], [ [ "water_clean", 2 ] ] ]
  },
  {
    "type": "recipe",
    "activity_level": "NO_EXERCISE",
    "result": "dbcuafood",
    "category": "CC_FOOD",
    "subcategory": "CSC_FOOD_BREAD",
    "skill_used": "cooking",
    "difficulty": 2,
    "time": 20000,
    "autolearn": true,
    "batch_time_factors": [ 20, 2 ],
    "tools": [ [ [ "surface_heat", 10, "LIST" ] ] ],
    "components": [ [ [ "ddcafood", 1 ] ], [ [ "water_clean", 2 ] ] ]
  },
  {
    "type": "recipe",
    "activity_level": "NO_EXERCISE",
    "result": "dbcupineappleud",
    "category": "CC_FOOD",
    "subcategory": "CSC_FOOD_BREAD",
    "skill_used": "cooking",
    "difficulty": 2,
    "time": 20000,
    "autolearn": true,
    "batch_time_factors": [ 20, 2 ],
    "tools": [ [ [ "surface_heat", 10, "LIST" ] ] ],
    "components": [ [ [ "ddcpineappleud", 1 ] ], [ [ "water_clean", 2 ] ] ]
  },
  {
    "type": "recipe",
    "activity_level": "NO_EXERCISE",
    "result": "dbcuspice",
    "category": "CC_FOOD",
    "subcategory": "CSC_FOOD_BREAD",
    "skill_used": "cooking",
    "difficulty": 2,
    "time": 20000,
    "autolearn": true,
    "batch_time_factors": [ 20, 2 ],
    "tools": [ [ [ "surface_heat", 10, "LIST" ] ] ],
    "components": [ [ [ "ddcspice", 1 ] ], [ [ "water_clean", 2 ] ] ]
  },
  {
    "type": "recipe",
    "activity_level": "NO_EXERCISE",
    "result": "dbcugingerbread",
    "category": "CC_FOOD",
    "subcategory": "CSC_FOOD_BREAD",
    "skill_used": "cooking",
    "difficulty": 2,
    "time": 20000,
    "autolearn": true,
    "batch_time_factors": [ 20, 2 ],
    "tools": [ [ [ "surface_heat", 10, "LIST" ] ] ],
    "components": [ [ [ "ddcgingerbread", 1 ] ], [ [ "water_clean", 2 ] ] ]
  },
  {
    "type": "recipe",
    "activity_level": "NO_EXERCISE",
    "result": "dbcucchip",
    "category": "CC_FOOD",
    "subcategory": "CSC_FOOD_BREAD",
    "skill_used": "cooking",
    "difficulty": 2,
    "time": 20000,
    "autolearn": true,
    "batch_time_factors": [ 20, 2 ],
    "tools": [ [ [ "surface_heat", 10, "LIST" ] ] ],
    "components": [ [ [ "ddccchip", 1 ] ], [ [ "water_clean", 2 ] ] ]
  },
  {
    "type": "recipe",
    "activity_level": "NO_EXERCISE",
    "result": "dbculemon",
    "category": "CC_FOOD",
    "subcategory": "CSC_FOOD_BREAD",
    "skill_used": "cooking",
    "difficulty": 2,
    "time": 20000,
    "autolearn": true,
    "batch_time_factors": [ 20, 2 ],
    "tools": [ [ [ "surface_heat", 10, "LIST" ] ] ],
    "components": [ [ [ "ddclemon", 1 ] ], [ [ "water_clean", 2 ] ] ]
  },
  {
    "type": "recipe",
    "activity_level": "NO_EXERCISE",
    "result": "dbcustrawberry",
    "category": "CC_FOOD",
    "subcategory": "CSC_FOOD_BREAD",
    "skill_used": "cooking",
    "difficulty": 2,
    "time": 20000,
    "autolearn": true,
    "batch_time_factors": [ 20, 2 ],
    "tools": [ [ [ "surface_heat", 10, "LIST" ] ] ],
    "components": [ [ [ "ddcstrawberry", 1 ] ], [ [ "water_clean", 2 ] ] ]
  },
  {
    "type": "recipe",
    "activity_level": "NO_EXERCISE",
    "result": "dfcuyellow",
    "category": "CC_FOOD",
    "subcategory": "CSC_FOOD_BREAD",
    "skill_used": "cooking",
    "time": 1000,
    "autolearn": true,
    "using": [ [ "frosting", 1 ] ],
    "batch_time_factors": [ 20, 2 ],
    "components": [ [ [ "dbcuyellow", 1 ] ], [ [ "water_clean", 2 ] ] ]
  },
  {
    "type": "recipe",
    "activity_level": "NO_EXERCISE",
    "result": "dfcuwhite",
    "category": "CC_FOOD",
    "subcategory": "CSC_FOOD_BREAD",
    "skill_used": "cooking",
    "time": 1000,
    "autolearn": true,
    "using": [ [ "frosting", 1 ] ],
    "batch_time_factors": [ 20, 2 ],
    "components": [ [ [ "dbcuwhite", 1 ] ], [ [ "water_clean", 2 ] ] ]
  },
  {
    "type": "recipe",
    "activity_level": "NO_EXERCISE",
    "result": "dfcufvanilla",
    "category": "CC_FOOD",
    "subcategory": "CSC_FOOD_BREAD",
    "skill_used": "cooking",
    "time": 1000,
    "autolearn": true,
    "using": [ [ "frosting", 1 ] ],
    "batch_time_factors": [ 20, 2 ],
    "components": [ [ [ "dbcufvanilla", 1 ] ], [ [ "water_clean", 2 ] ] ]
  },
  {
    "type": "recipe",
    "activity_level": "NO_EXERCISE",
    "result": "dfcubpecan",
    "category": "CC_FOOD",
    "subcategory": "CSC_FOOD_BREAD",
    "skill_used": "cooking",
    "time": 1000,
    "autolearn": true,
    "using": [ [ "frosting", 1 ] ],
    "batch_time_factors": [ 20, 2 ],
    "components": [ [ [ "dbcubpecan", 1 ] ], [ [ "water_clean", 2 ] ] ]
  },
  {
    "type": "recipe",
    "activity_level": "NO_EXERCISE",
    "result": "dfcuconfetti",
    "category": "CC_FOOD",
    "subcategory": "CSC_FOOD_BREAD",
    "skill_used": "cooking",
    "time": 1000,
    "autolearn": true,
    "using": [ [ "frosting", 1 ] ],
    "batch_time_factors": [ 20, 2 ],
    "components": [ [ [ "dbcuconfetti", 1 ] ], [ [ "water_clean", 2 ] ] ]
  },
  {
    "type": "recipe",
    "activity_level": "NO_EXERCISE",
    "result": "dfcuprainbow",
    "category": "CC_FOOD",
    "subcategory": "CSC_FOOD_BREAD",
    "skill_used": "cooking",
    "time": 1000,
    "autolearn": true,
    "using": [ [ "frosting", 1 ] ],
    "batch_time_factors": [ 20, 2 ],
    "components": [ [ [ "dbcuprainbow", 1 ] ], [ [ "water_clean", 2 ] ] ]
  },
  {
    "type": "recipe",
    "activity_level": "NO_EXERCISE",
    "result": "dfcucfudge",
    "category": "CC_FOOD",
    "subcategory": "CSC_FOOD_BREAD",
    "skill_used": "cooking",
    "time": 1000,
    "autolearn": true,
    "using": [ [ "frosting", 1 ] ],
    "batch_time_factors": [ 20, 2 ],
    "components": [ [ [ "dbcucfudge", 1 ] ], [ [ "water_clean", 2 ] ] ]
  },
  {
    "type": "recipe",
    "activity_level": "NO_EXERCISE",
    "result": "dfcutchocolate",
    "category": "CC_FOOD",
    "subcategory": "CSC_FOOD_BREAD",
    "skill_used": "cooking",
    "time": 1000,
    "autolearn": true,
    "using": [ [ "frosting", 1 ] ],
    "batch_time_factors": [ 20, 2 ],
    "components": [ [ [ "dbcutchocolate", 1 ] ], [ [ "water_clean", 2 ] ] ]
  },
  {
    "type": "recipe",
    "activity_level": "NO_EXERCISE",
    "result": "dfcugchocolate",
    "category": "CC_FOOD",
    "subcategory": "CSC_FOOD_BREAD",
    "skill_used": "cooking",
    "time": 1000,
    "autolearn": true,
    "using": [ [ "frosting", 1 ] ],
    "batch_time_factors": [ 20, 2 ],
    "components": [ [ [ "dbcugchocolate", 1 ] ], [ [ "water_clean", 2 ] ] ]
  },
  {
    "type": "recipe",
    "activity_level": "NO_EXERCISE",
    "result": "dfcurvelvet",
    "category": "CC_FOOD",
    "subcategory": "CSC_FOOD_BREAD",
    "skill_used": "cooking",
    "time": 1000,
    "autolearn": true,
    "using": [ [ "frosting", 1 ] ],
    "batch_time_factors": [ 20, 2 ],
    "components": [ [ [ "dbcurvelvet", 1 ] ], [ [ "water_clean", 2 ] ] ]
  },
  {
    "type": "recipe",
    "activity_level": "NO_EXERCISE",
    "result": "dfcudfood",
    "category": "CC_FOOD",
    "subcategory": "CSC_FOOD_BREAD",
    "skill_used": "cooking",
    "time": 1000,
    "autolearn": true,
    "using": [ [ "frosting", 1 ] ],
    "batch_time_factors": [ 20, 2 ],
    "components": [ [ [ "dbcudfood", 1 ] ], [ [ "water_clean", 2 ] ] ]
  },
  {
    "type": "recipe",
    "activity_level": "NO_EXERCISE",
    "result": "dfcuafood",
    "category": "CC_FOOD",
    "subcategory": "CSC_FOOD_BREAD",
    "skill_used": "cooking",
    "time": 1000,
    "autolearn": true,
    "using": [ [ "frosting", 1 ] ],
    "batch_time_factors": [ 20, 2 ],
    "components": [ [ [ "dbcuafood", 1 ] ], [ [ "water_clean", 2 ] ] ]
  },
  {
    "type": "recipe",
    "activity_level": "NO_EXERCISE",
    "result": "dfcupineappleud",
    "category": "CC_FOOD",
    "subcategory": "CSC_FOOD_BREAD",
    "skill_used": "cooking",
    "time": 1000,
    "autolearn": true,
    "using": [ [ "frosting", 1 ] ],
    "batch_time_factors": [ 20, 2 ],
    "components": [ [ [ "dbcupineappleud", 1 ] ], [ [ "water_clean", 2 ] ] ]
  },
  {
    "type": "recipe",
    "activity_level": "NO_EXERCISE",
    "result": "dfcuspice",
    "category": "CC_FOOD",
    "subcategory": "CSC_FOOD_BREAD",
    "skill_used": "cooking",
    "time": 1000,
    "autolearn": true,
    "using": [ [ "frosting", 1 ] ],
    "batch_time_factors": [ 20, 2 ],
    "components": [ [ [ "dbcuspice", 1 ] ], [ [ "water_clean", 2 ] ] ]
  },
  {
    "type": "recipe",
    "activity_level": "NO_EXERCISE",
    "result": "dfcugingerbread",
    "category": "CC_FOOD",
    "subcategory": "CSC_FOOD_BREAD",
    "skill_used": "cooking",
    "time": 1000,
    "autolearn": true,
    "using": [ [ "frosting", 1 ] ],
    "batch_time_factors": [ 20, 2 ],
    "components": [ [ [ "dbcugingerbread", 1 ] ], [ [ "water_clean", 2 ] ] ]
  },
  {
    "type": "recipe",
    "activity_level": "NO_EXERCISE",
    "result": "dfcucchip",
    "category": "CC_FOOD",
    "subcategory": "CSC_FOOD_BREAD",
    "skill_used": "cooking",
    "time": 1000,
    "autolearn": true,
    "using": [ [ "frosting", 1 ] ],
    "batch_time_factors": [ 20, 2 ],
    "components": [ [ [ "dbcucchip", 1 ] ], [ [ "water_clean", 2 ] ] ]
  },
  {
    "type": "recipe",
    "activity_level": "NO_EXERCISE",
    "result": "dfculemon",
    "category": "CC_FOOD",
    "subcategory": "CSC_FOOD_BREAD",
    "skill_used": "cooking",
    "time": 1000,
    "autolearn": true,
    "using": [ [ "frosting", 1 ] ],
    "batch_time_factors": [ 20, 2 ],
    "components": [ [ [ "dbculemon", 1 ] ], [ [ "water_clean", 2 ] ] ]
  },
  {
    "type": "recipe",
    "activity_level": "NO_EXERCISE",
    "result": "dfcustrawberry",
    "category": "CC_FOOD",
    "subcategory": "CSC_FOOD_BREAD",
    "skill_used": "cooking",
    "time": 1000,
    "autolearn": true,
    "using": [ [ "frosting", 1 ] ],
    "batch_time_factors": [ 20, 2 ],
    "components": [ [ [ "dbcustrawberry", 1 ] ], [ [ "water_clean", 2 ] ] ]
  },
  {
    "type": "recipe",
    "activity_level": "NO_EXERCISE",
    "result": "dccocchip",
    "category": "CC_FOOD",
    "subcategory": "CSC_FOOD_BREAD",
    "skill_used": "cooking",
    "difficulty": 2,
    "time": 20000,
    "autolearn": true,
    "batch_time_factors": [ 20, 2 ],
    "tools": [ [ [ "surface_heat", 10, "LIST" ] ] ],
    "components": [ [ [ "ddcocchip", 1 ] ], [ [ "water_clean", 2 ] ] ]
  },
  {
    "type": "recipe",
    "activity_level": "NO_EXERCISE",
    "result": "dccosugar",
    "category": "CC_FOOD",
    "subcategory": "CSC_FOOD_BREAD",
    "skill_used": "cooking",
    "difficulty": 2,
    "time": 20000,
    "autolearn": true,
    "batch_time_factors": [ 20, 2 ],
    "tools": [ [ [ "surface_heat", 10, "LIST" ] ] ],
    "components": [ [ [ "ddcosugar", 1 ] ], [ [ "water_clean", 2 ] ] ]
  },
  {
    "type": "recipe",
    "activity_level": "NO_EXERCISE",
    "result": "dccosdoodle",
    "category": "CC_FOOD",
    "subcategory": "CSC_FOOD_BREAD",
    "skill_used": "cooking",
    "difficulty": 2,
    "time": 20000,
    "autolearn": true,
    "batch_time_factors": [ 20, 2 ],
    "tools": [ [ [ "surface_heat", 10, "LIST" ] ] ],
    "components": [ [ [ "ddcosdoodle", 1 ] ], [ [ "water_clean", 2 ] ] ]
  },
  {
    "type": "recipe",
    "activity_level": "NO_EXERCISE",
    "result": "dccoscaramel",
    "category": "CC_FOOD",
    "subcategory": "CSC_FOOD_BREAD",
    "skill_used": "cooking",
    "difficulty": 2,
    "time": 20000,
    "autolearn": true,
    "batch_time_factors": [ 20, 2 ],
    "tools": [ [ [ "surface_heat", 10, "LIST" ] ] ],
    "components": [ [ [ "ddcoscaramel", 1 ] ], [ [ "water_clean", 2 ] ] ]
  },
  {
    "type": "recipe",
    "activity_level": "NO_EXERCISE",
    "result": "dccorainbow",
    "category": "CC_FOOD",
    "subcategory": "CSC_FOOD_BREAD",
    "skill_used": "cooking",
    "difficulty": 2,
    "time": 20000,
    "autolearn": true,
    "batch_time_factors": [ 20, 2 ],
    "tools": [ [ [ "surface_heat", 10, "LIST" ] ] ],
    "components": [ [ [ "ddcorainbow", 1 ] ], [ [ "water_clean", 2 ] ] ]
  },
  {
    "type": "recipe",
    "activity_level": "NO_EXERCISE",
    "result": "dcbfudge",
    "category": "CC_FOOD",
    "subcategory": "CSC_FOOD_BREAD",
    "skill_used": "cooking",
    "difficulty": 2,
    "time": 20000,
    "autolearn": true,
    "batch_time_factors": [ 20, 2 ],
    "tools": [ [ [ "surface_heat", 10, "LIST" ] ] ],
    "components": [ [ [ "ddbfudge", 1 ] ], [ [ "water_clean", 2 ] ] ]
  },
  {
    "type": "recipe",
    "activity_level": "NO_EXERCISE",
    "result": "dcbmlava",
    "category": "CC_FOOD",
    "subcategory": "CSC_FOOD_BREAD",
    "skill_used": "cooking",
    "difficulty": 2,
    "time": 20000,
    "autolearn": true,
    "batch_time_factors": [ 20, 2 ],
    "tools": [ [ [ "surface_heat", 10, "LIST" ] ] ],
    "components": [ [ [ "ddbmlava", 1 ] ], [ [ "water_clean", 2 ] ] ]
  },
  {
    "type": "recipe",
    "activity_level": "NO_EXERCISE",
    "result": "dcbcookie",
    "category": "CC_FOOD",
    "subcategory": "CSC_FOOD_BREAD",
    "skill_used": "cooking",
    "difficulty": 2,
    "time": 20000,
    "autolearn": true,
    "batch_time_factors": [ 20, 2 ],
    "tools": [ [ [ "surface_heat", 10, "LIST" ] ] ],
    "components": [ [ [ "ddbcookie", 1 ] ], [ [ "water_clean", 2 ] ] ]
  }
]
