[
  {
    "type": "scenario",
    "id": "hard_start",
    "name": "Challenge - The Hardest Start",
    "flags": [ "LONE_START", "CHALLENGE" ],
    "points": -69,
    "description": "Is Really Bad Day getting too easy for you?  This scenario will give you a real challenge, none of that artificial difficulty stuff.  A start for true men.",
    "start_name": "Entombed",
    "allowed_locs": [ "sloc_deep_rock" ],
    "forced_traits": [ "ROT3" ],
    "professions": [
      "naked"
    ],
    "eoc": [ "scenario_fungal_infection", "scenario_infected", "scenario_bad_day", "scenario_strong_portal_storm", "scenario_strong_portal_storm_base", "scenario_quick_portal_storm" ]
  }
]
