[
  {
    "//": "Civilian Bionics",
    "type": "recipe",
    "activity_level": "LIGHT_EXERCISE",
    "result": "bio_alarm",
    "category": "CC_ELECTRONIC",
    "subcategory": "CSC_ELECTRONIC_CBMS",
    "skill_used": "electronics",
    "skills_required": [ "computer", 5 ],
    "difficulty": 5,
    "time": 60000,
    "decomp_learn": 5,
    "book_learn": [ [ "recipe_lab_elec", 6 ], [ "recipe_mil_augs", 5 ] ],
    "qualities": [ { "id": "BIOASSEMBLE", "level": 3 } ],
    "tools": [ [ [ "Software_BioCo_Civilian_Designs", -1 ] ] ],
    "components": [ [ [ "burnt_out_bionic", 2 ] ], [ [ "e_scrap", 2 ] ] ]
  },
  {
    "type": "recipe",
    "activity_level": "LIGHT_EXERCISE",
    "result": "bio_cable",
    "category": "CC_ELECTRONIC",
    "subcategory": "CSC_ELECTRONIC_CBMS",
    "skill_used": "electronics",
    "skills_required": [ "computer", 5 ],
    "difficulty": 5,
    "time": 60000,
    "decomp_learn": 5,
    "book_learn": [ [ "recipe_lab_elec", 6 ], [ "recipe_mil_augs", 5 ] ],
    "qualities": [ { "id": "BIOASSEMBLE", "level": 3 } ],
    "tools": [ [ [ "Software_BioCo_Civilian_Designs", -1 ] ] ],
    "components": [ [ [ "burnt_out_bionic", 2 ] ], [ [ "e_scrap", 2 ] ], [ [ "power_supply", 1 ] ], [ [ "jumper_cable", 1 ] ] ]
  },
  {
    "type": "recipe",
    "activity_level": "LIGHT_EXERCISE",
    "result": "bio_remote",
    "category": "CC_ELECTRONIC",
    "subcategory": "CSC_ELECTRONIC_CBMS",
    "skill_used": "electronics",
    "skills_required": [ "computer", 5 ],
    "difficulty": 5,
    "time": 60000,
    "decomp_learn": 5,
    "book_learn": [ [ "recipe_lab_elec", 6 ], [ "recipe_mil_augs", 5 ] ],
    "qualities": [ { "id": "BIOASSEMBLE", "level": 3 } ],
    "tools": [ [ [ "Software_BioCo_Civilian_Designs", -1 ] ] ],
    "components": [ [ [ "burnt_out_bionic", 2 ] ], [ [ "e_scrap", 2 ] ], [ [ "transponder", 1 ] ], [ [ "receiver", 1 ] ] ]
  },
  {
    "type": "recipe",
    "activity_level": "LIGHT_EXERCISE",
    "result": "bio_tools",
    "category": "CC_ELECTRONIC",
    "subcategory": "CSC_ELECTRONIC_CBMS",
    "skill_used": "electronics",
    "skills_required": [ "computer", 5 ],
    "difficulty": 5,
    "time": 60000,
    "decomp_learn": 5,
    "book_learn": [ [ "recipe_lab_elec", 6 ], [ "recipe_mil_augs", 5 ] ],
    "qualities": [ { "id": "BIOASSEMBLE", "level": 3 } ],
    "tools": [ [ [ "Software_BioCo_Civilian_Designs", -1 ] ] ],
    "components": [ [ [ "burnt_out_bionic", 2 ] ], [ [ "e_scrap", 2 ] ], [ [ "scrap", 3 ] ], [ [ "element", 2 ] ] ]
  },
  {
    "type": "recipe",
    "activity_level": "LIGHT_EXERCISE",
    "result": "bio_watch",
    "category": "CC_ELECTRONIC",
    "subcategory": "CSC_ELECTRONIC_CBMS",
    "skill_used": "electronics",
    "skills_required": [ "computer", 5 ],
    "difficulty": 5,
    "time": 60000,
    "decomp_learn": 5,
    "book_learn": [ [ "recipe_lab_elec", 6 ], [ "recipe_mil_augs", 5 ] ],
    "qualities": [ { "id": "BIOASSEMBLE", "level": 3 } ],
    "tools": [ [ [ "Software_BioCo_Civilian_Designs", -1 ] ] ],
    "components": [ [ [ "burnt_out_bionic", 2 ] ], [ [ "e_scrap", 2 ] ] ]
  },
  {
    "type": "recipe",
    "activity_level": "LIGHT_EXERCISE",
    "result": "bio_armor_eyes",
    "category": "CC_ELECTRONIC",
    "subcategory": "CSC_ELECTRONIC_CBMS",
    "skill_used": "electronics",
    "skills_required": [ "computer", 5 ],
    "difficulty": 5,
    "time": 60000,
    "decomp_learn": 5,
    "book_learn": [ [ "recipe_lab_elec", 6 ], [ "recipe_mil_augs", 5 ] ],
    "qualities": [ { "id": "BIOASSEMBLE", "level": 3 } ],
    "tools": [ [ [ "Software_BioCo_Civilian_Designs", -1 ] ] ],
    "components": [ [ [ "burnt_out_bionic", 2 ] ], [ [ "e_scrap", 2 ] ], [ [ "glass_shard", 2 ] ], [ [ "plastic_chunk", 1 ] ] ]
  },
  {
    "type": "recipe",
    "activity_level": "LIGHT_EXERCISE",
    "result": "bio_batteries",
    "category": "CC_ELECTRONIC",
    "subcategory": "CSC_ELECTRONIC_CBMS",
    "skill_used": "electronics",
    "skills_required": [ "computer", 5 ],
    "difficulty": 5,
    "time": 60000,
    "decomp_learn": 5,
    "book_learn": [ [ "recipe_lab_elec", 6 ], [ "recipe_mil_augs", 5 ] ],
    "qualities": [ { "id": "BIOASSEMBLE", "level": 3 } ],
    "tools": [ [ [ "Software_BioCo_Civilian_Designs", -1 ] ] ],
    "components": [ [ [ "burnt_out_bionic", 2 ] ], [ [ "e_scrap", 2 ] ], [ [ "power_supply", 1 ] ] ]
  },
  {
    "type": "recipe",
    "activity_level": "LIGHT_EXERCISE",
    "result": "bio_eye_optic",
    "category": "CC_ELECTRONIC",
    "subcategory": "CSC_ELECTRONIC_CBMS",
    "skill_used": "electronics",
    "skills_required": [ "computer", 5 ],
    "difficulty": 5,
    "time": 60000,
    "decomp_learn": 5,
    "book_learn": [ [ "recipe_lab_elec", 6 ], [ "recipe_mil_augs", 5 ] ],
    "qualities": [ { "id": "BIOASSEMBLE", "level": 3 } ],
    "tools": [ [ [ "Software_BioCo_Civilian_Designs", -1 ] ] ],
    "components": [ [ [ "Pristine_Bionic_Components", 2 ] ], [ [ "e_scrap", 2 ] ] ]
  },
  {
    "//": "Power Storage Bionics",
    "type": "recipe",
    "activity_level": "LIGHT_EXERCISE",
    "result": "bio_power_storage",
    "category": "CC_ELECTRONIC",
    "subcategory": "CSC_ELECTRONIC_CBMS",
    "skill_used": "electronics",
    "skills_required": [ "computer", 5 ],
    "difficulty": 5,
    "time": 60000,
    "decomp_learn": 5,
    "book_learn": [ [ "recipe_lab_elec", 6 ], [ "recipe_mil_augs", 5 ] ],
    "qualities": [ { "id": "BIOASSEMBLE", "level": 3 } ],
    "tools": [ [ [ "Software_BioCo_Power_Storage_Designs", -1 ] ] ],
    "components": [ [ [ "burnt_out_bionic", 1 ] ], [ [ "e_scrap", 2 ] ], [ [ "plut_cell", 1 ] ], [ [ "power_supply", 1 ] ] ]
  },
  {
    "type": "recipe",
    "activity_level": "LIGHT_EXERCISE",
    "result": "bio_power_storage_mkII",
    "category": "CC_ELECTRONIC",
    "subcategory": "CSC_ELECTRONIC_CBMS",
    "skill_used": "electronics",
    "skills_required": [ "computer", 5 ],
    "difficulty": 5,
    "time": 60000,
    "decomp_learn": 5,
    "book_learn": [ [ "recipe_lab_elec", 6 ], [ "recipe_mil_augs", 5 ] ],
    "qualities": [ { "id": "BIOASSEMBLE", "level": 3 } ],
    "tools": [ [ [ "Software_BioCo_Power_Storage_Designs", -1 ] ] ],
    "components": [ [ [ "Pristine_Bionic_Components", 1 ] ], [ [ "e_scrap", 2 ] ], [ [ "plut_cell", 2 ] ], [ [ "power_supply", 1 ] ] ]
  },
  {
    "//": "Medical Bionics",
    "type": "recipe",
    "activity_level": "LIGHT_EXERCISE",
    "result": "bio_blood_anal",
    "category": "CC_ELECTRONIC",
    "subcategory": "CSC_ELECTRONIC_CBMS",
    "skill_used": "electronics",
    "skills_required": [ "computer", 5 ],
    "difficulty": 5,
    "time": 60000,
    "decomp_learn": 5,
    "book_learn": [ [ "recipe_lab_elec", 6 ], [ "recipe_mil_augs", 5 ] ],
    "qualities": [ { "id": "BIOASSEMBLE", "level": 3 } ],
    "tools": [ [ [ "Software_BioCo_Medical_Designs", -1 ] ] ],
    "components": [ [ [ "burnt_out_bionic", 2 ] ], [ [ "e_scrap", 2 ] ], [ [ "vacutainer", 1 ] ] ]
  },
  {
    "type": "recipe",
    "activity_level": "LIGHT_EXERCISE",
    "result": "bio_adrenaline",
    "category": "CC_ELECTRONIC",
    "subcategory": "CSC_ELECTRONIC_CBMS",
    "skill_used": "electronics",
    "skills_required": [ "computer", 5 ],
    "difficulty": 5,
    "time": 60000,
    "decomp_learn": 5,
    "book_learn": [ [ "recipe_lab_elec", 6 ], [ "recipe_mil_augs", 5 ] ],
    "qualities": [ { "id": "BIOASSEMBLE", "level": 3 } ],
    "tools": [ [ [ "Software_BioCo_Medical_Designs", -1 ] ] ],
    "components": [ [ [ "burnt_out_bionic", 2 ] ], [ [ "e_scrap", 2 ] ], [ [ "rx11_stimpack", 1 ] ] ]
  },
  {
    "type": "recipe",
    "activity_level": "LIGHT_EXERCISE",
    "result": "bio_blood_filter",
    "category": "CC_ELECTRONIC",
    "subcategory": "CSC_ELECTRONIC_CBMS",
    "skill_used": "electronics",
    "skills_required": [ "computer", 5 ],
    "difficulty": 6,
    "time": 60000,
    "decomp_learn": 5,
    "book_learn": [ [ "recipe_lab_elec", 6 ], [ "recipe_mil_augs", 5 ] ],
    "qualities": [ { "id": "BIOASSEMBLE", "level": 3 } ],
    "tools": [ [ [ "Software_BioCo_Medical_Designs", -1 ] ] ],
    "components": [ [ [ "burnt_out_bionic", 2 ] ], [ [ "e_scrap", 2 ] ], [ [ "bio_blood_anal", 1 ] ] ]
  },
  {
    "type": "recipe",
    "activity_level": "LIGHT_EXERCISE",
    "result": "bio_painkiller",
    "category": "CC_ELECTRONIC",
    "subcategory": "CSC_ELECTRONIC_CBMS",
    "skill_used": "electronics",
    "skills_required": [ "computer", 7 ],
    "difficulty": 8,
    "time": 60000,
    "decomp_learn": 5,
    "book_learn": [ [ "recipe_lab_elec", 6 ], [ "recipe_mil_augs", 5 ] ],
    "qualities": [ { "id": "BIOASSEMBLE", "level": 3 } ],
    "tools": [ [ [ "Software_BioCo_Medical_Designs", -1 ] ] ],
    "components": [ [ [ "Pristine_Bionic_Components", 2 ] ], [ [ "e_scrap", 2 ] ], [ [ "rx11_stimpack", 1 ] ] ]
  },
  {
    "//": "Military Bionics",
    "type": "recipe",
    "activity_level": "LIGHT_EXERCISE",
    "result": "bio_cqb",
    "category": "CC_ELECTRONIC",
    "subcategory": "CSC_ELECTRONIC_CBMS",
    "skill_used": "electronics",
    "skills_required": [ "computer", 7 ],
    "difficulty": 8,
    "time": 60000,
    "decomp_learn": 5,
    "book_learn": [ [ "recipe_mil_augs", 5 ] ],
    "qualities": [ { "id": "BIOASSEMBLE", "level": 3 } ],
    "tools": [ [ [ "Software_BioCo_Military_Designs", -1 ] ] ],
    "components": [ [ [ "Pristine_Bionic_Components", 2 ] ], [ [ "e_scrap", 2 ] ], [ [ "mobile_memory_card_used", 1 ] ] ]
  },
  {
    "type": "recipe",
    "activity_level": "LIGHT_EXERCISE",
    "result": "bio_dex_enhancer",
    "category": "CC_ELECTRONIC",
    "subcategory": "CSC_ELECTRONIC_CBMS",
    "skill_used": "electronics",
    "skills_required": [ "computer", 7 ],
    "difficulty": 8,
    "time": 60000,
    "decomp_learn": 5,
    "book_learn": [ [ "recipe_mil_augs", 5 ] ],
    "qualities": [ { "id": "BIOASSEMBLE", "level": 3 } ],
    "tools": [ [ [ "Software_BioCo_Military_Designs", -1 ] ] ],
    "components": [ [ [ "Pristine_Bionic_Components", 2 ] ], [ [ "e_scrap", 2 ] ] ]
  },
  {
    "type": "recipe",
    "activity_level": "LIGHT_EXERCISE",
    "result": "bio_eye_enhancer",
    "category": "CC_ELECTRONIC",
    "subcategory": "CSC_ELECTRONIC_CBMS",
    "skill_used": "electronics",
    "skills_required": [ "computer", 7 ],
    "difficulty": 8,
    "time": 60000,
    "decomp_learn": 5,
    "book_learn": [ [ "recipe_mil_augs", 5 ] ],
    "qualities": [ { "id": "BIOASSEMBLE", "level": 3 } ],
    "tools": [ [ [ "Software_BioCo_Military_Designs", -1 ] ] ],
    "components": [ [ [ "Pristine_Bionic_Components", 2 ] ], [ [ "e_scrap", 2 ] ], [ [ "diamond", 1 ] ] ]
  },
  {
    "type": "recipe",
    "activity_level": "LIGHT_EXERCISE",
    "result": "bio_faraday",
    "category": "CC_ELECTRONIC",
    "subcategory": "CSC_ELECTRONIC_CBMS",
    "skill_used": "electronics",
    "skills_required": [ "computer", 7 ],
    "difficulty": 8,
    "time": 60000,
    "decomp_learn": 5,
    "book_learn": [ [ "recipe_mil_augs", 5 ] ],
    "qualities": [ { "id": "BIOASSEMBLE", "level": 3 } ],
    "tools": [ [ [ "Software_BioCo_Military_Designs", -1 ] ] ],
    "components": [ [ [ "Pristine_Bionic_Components", 4 ] ], [ [ "e_scrap", 2 ] ] ]
  },
  {
    "type": "recipe",
    "activity_level": "LIGHT_EXERCISE",
    "result": "bio_ads",
    "category": "CC_ELECTRONIC",
    "subcategory": "CSC_ELECTRONIC_CBMS",
    "skill_used": "electronics",
    "skills_required": [ "computer", 8 ],
    "difficulty": 8,
    "time": 60000,
    "decomp_learn": 5,
    "book_learn": [ [ "recipe_lab_elec", 10 ] ],
    "qualities": [ { "id": "BIOASSEMBLE", "level": 3 } ],
    "tools": [ [ [ "Software_BioCo_Experimental_Designs", -1 ] ] ],
    "components": [ [ [ "Pristine_Bionic_Components", 2 ] ], [ [ "e_scrap", 2 ] ], [ [ "bio_magnet", 1 ] ] ]
  },
  {
    "type": "recipe",
    "activity_level": "LIGHT_EXERCISE",
    "result": "bio_blade",
    "category": "CC_ELECTRONIC",
    "subcategory": "CSC_ELECTRONIC_CBMS",
    "skill_used": "electronics",
    "skills_required": [ "computer", 8 ],
    "difficulty": 8,
    "time": 60000,
    "decomp_learn": 5,
    "book_learn": [ [ "recipe_lab_elec", 10 ] ],
    "qualities": [ { "id": "BIOASSEMBLE", "level": 3 } ],
    "tools": [ [ [ "Software_BioCo_Experimental_Designs", -1 ] ] ],
    "components": [ [ [ "Pristine_Bionic_Components", 2 ] ], [ [ "e_scrap", 2 ] ], [ [ "alloy_sheet", 2 ] ] ]
  },
  {
    "type": "recipe",
    "activity_level": "LIGHT_EXERCISE",
    "result": "bio_claws",
    "category": "CC_ELECTRONIC",
    "subcategory": "CSC_ELECTRONIC_CBMS",
    "skill_used": "electronics",
    "skills_required": [ "computer", 8 ],
    "difficulty": 8,
    "time": 60000,
    "decomp_learn": 5,
    "book_learn": [ [ "recipe_lab_elec", 10 ] ],
    "qualities": [ { "id": "BIOASSEMBLE", "level": 3 } ],
    "tools": [ [ [ "Software_BioCo_Experimental_Designs", -1 ] ] ],
    "components": [ [ [ "Pristine_Bionic_Components", 2 ] ], [ [ "e_scrap", 2 ] ], [ [ "alloy_sheet", 2 ] ] ]
  }
]
