[
  {
    "type": "recipe",
    "activity_level": "LIGHT_EXERCISE",
    "result": "BioCo_Food_Bar",
    "category": "CC_FOOD",
    "subcategory": "CSC_FOOD_OTHER",
    "skill_used": "cooking",
    "difficulty": 7,
    "time": 30000,
    "batch_time_factors": [ 50, 5 ],
    "book_learn": [ [ "textbook_chemistry", 5 ], [ "adv_chemistry", 5 ], [ "BioCo_Chemical_Reference", 4 ] ],
    "qualities": [ { "id": "BIOCO_CHEMICAL", "level": 3 } ],
    "components": [
      [ [ "dry_meat", 2 ] ],
      [ [ "dry_veggy", 2 ] ],
      [ [ "dry_fruit", 2 ] ],
      [ [ "flour", 3 ] ],
      [ [ "water", 1 ], [ "water_clean", 1 ] ]
    ]
  },
  {
    "type": "recipe",
    "activity_level": "LIGHT_EXERCISE",
    "result": "BioCo_Food_Slurry",
    "category": "CC_FOOD",
    "subcategory": "CSC_FOOD_OTHER",
    "skill_used": "cooking",
    "difficulty": 7,
    "time": 30000,
    "batch_time_factors": [ 50, 5 ],
    "book_learn": [ [ "textbook_chemistry", 5 ], [ "adv_chemistry", 5 ], [ "BioCo_Chemical_Reference", 4 ] ],
    "qualities": [ { "id": "BIOCO_CHEMICAL", "level": 3 } ],
    "components": [ [ [ "dry_meat", 2 ] ], [ [ "dry_veggy", 2 ] ], [ [ "dry_fruit", 2 ] ], [ [ "water", 4 ], [ "water_clean", 4 ] ] ]
  }
]
