[
  {
    "result": "Emergency_Trauma_Foam",
    "activity_level": "LIGHT_EXERCISE",
    "type": "recipe",
    "category": "CC_OTHER",
    "subcategory": "CSC_OTHER_MEDICAL",
    "skill_used": "firstaid",
    "skills_required": [ "cooking", 5 ],
    "difficulty": 5,
    "time": 20000,
    "batch_time_factors": [ 50, 2 ],
    "book_learn": [ [ "BioCo_Chemical_Reference", 5 ] ],
    "qualities": [ { "id": "CHEM", "level": 3 } ],
    "tools": [ [ [ "surface_heat", 15, "LIST" ] ] ],
    "components": [
      [ [ "quikclot", 6 ] ],
      [ [ "disinfectant", 1 ], [ "thyme_oil", 1 ], [ "chem_ethanol", 250 ], [ "denat_alcohol", 250 ] ],
      [ [ "can_drink", 1 ], [ "can_food", 1 ] ],
      [ [ "superglue", 1 ], [ "bone_glue", 1 ] ]
    ]
  },
  {
    "//": "To note, XE037 is basically a focused infetion of the blob to an area. Blob takes functions of damaged bit till trauma is gone then goes back to normal 1% concentration. So for how high tech this medicine is it is very simple to create.",
    "result": "XE037_Emergency_Injection",
    "activity_level": "LIGHT_EXERCISE",
    "type": "recipe",
    "category": "CC_OTHER",
    "subcategory": "CSC_OTHER_MEDICAL",
    "skill_used": "firstaid",
    "skills_required": [ "computer", 5 ],
    "difficulty": 6,
    "autolearn": true,
    "book_learn": [ [ "BioCo_Chemical_Reference", 5 ] ],
    "time": 30000,
    "batch_time_factors": [ 50, 2 ],
    "tools": [ [ [ "Software_BioCo_Medical_Chemical_Designs", -1 ] ] ],
    "qualities": [ { "id": "CHEM", "level": 3 }, { "id": "BIOCO_CHEMICAL", "level": 3 } ],
    "components": [
      [ [ "slime_scrap", 10 ] ],
      [ [ "scrap", 1 ] ],
      [ [ "plastic_chunk", 1 ] ],
      [ [ "BioCo_Chemical_Precursor", 1 ] ],
      [ [ "mutagen", 1 ] ]
    ]
  }
]
