[
  {
    "type": "profession",
    "id": "student_trainer",
    "name": "Amateur Dog Trainer",
    "description": "As a high school student, you were the only member of a canine training club.  You've always been into dogs, but you barely manage to get Fido to sit.  Unfortunately, you'll need to learn quick or you and Fido aren't going to last long in this new world.",
    "points": 0,
    "items": {
      "both": [
        "pants",
        "tshirt",
        "socks",
        "sneakers",
        "backpack",
        "mag_dude",
        "pocket_firstaid",
        "jerky",
        "water_clean",
        "dog_whistle",
        "mon_dog_bcollie_crate"
      ],
      "male": [ "boxer_shorts" ],
      "female": [ "bra", "boy_shorts" ]
    }
  },
  {
    "type": "profession",
    "id": "dogfight_trainer",
    "name": "Dog Fighting Breeder",
    "description": "You never cared for anything until you got caught up in a dog fighting ring.  You weren't really any good, but now there's no one else to be better than you.  Time to train some dogs to take down the newly undead!",
    "points": 2,
    "skills": [ { "level": 1, "name": "melee" }, { "level": 1, "name": "firstaid" } ],
    "items": {
      "both": [
        "tshirt",
        "hoodie",
        "jeans",
        "socks",
        "sneakers",
        "gloves_fingerless",
        "slingpack",
        "matches",
        "dog_whistle",
        "mon_dog_pitbullmix_crate"
      ],
      "male": [ "briefs" ],
      "female": [ "boy_shorts" ]
    }
  },
  {
    "type": "profession",
    "id": "fancy_trainer",
    "name": "Professional Canine Handler",
    "description": "You've been teaching dogs for all manner of things: movies, obedience, tricks, and sometimes fighting.  With all your experience and money, you're ready to take on the next step: the apocalypse!",
    "points": 4,
    "skills": [
      { "level": 2, "name": "melee" },
      { "level": 2, "name": "unarmed" },
      { "level": 3, "name": "survival" },
      { "level": 2, "name": "dodge" }
    ],
    "items": {
      "both": [
        "dress_shirt",
        "jacket_light",
        "pants",
        "socks",
        "dress_shoes",
        "tie_skinny",
        "tieclip",
        "fancy_sunglasses",
        "knit_scarf",
        "wristwatch",
        "mbag",
        "water_mineral",
        "cell_phone",
        "money_bundle_twenty",
        "dog_whistle",
        "mon_dog_atkgshepherd_crate"
      ],
      "male": [ "briefs" ],
      "female": [ "panties" ]
    }
  }
]
