[
  {
    "id": "mon_dog",
    "type": "MONSTER",
    "name": { "str": "Labrador mutt" },
    "description": "This once-average Labrador mixed breed dog has clearly gone feral.  Though it likely still instinctually trusts humans, it's probably far from domestic by now.",
    "default_faction": "dog",
    "bodytype": "dog",
    "categories": [ "WILDLIFE" ],
    "species": [ "MAMMAL" ],
    "volume": "30 L",
    "weight": "30000 g",
    "harvest": "mammal_small_fur",
    "hp": 30,
    "speed": 150,
    "material": [ "flesh" ],
    "symbol": "d",
    "color": "light_gray",
    "aggression": -10,
    "morale": 15,
    "melee_skill": 6,
    "melee_dice": 2,
    "melee_dice_sides": 3,
    "melee_cut": 3,
    "dodge": 3,
    "vision_night": 5,
    "path_settings": { "max_dist": 10 },
    "revert_to_itype": "mon_dog_crate",
    "reproduction": { "baby_monster": "mon_dog_pup", "baby_count": 4, "baby_timer": 270 },
    "//": "1-4 puppies & 270 days per-litter for size small canines",
    "baby_flags": [ "SPRING", "SUMMER", "AUTUMN", "WINTER" ],
    "biosignature": { "biosig_item": "feces_dog", "biosig_timer": 6 },
    "anger_triggers": [ "HURT", "FRIEND_ATTACKED", "FRIEND_DIED" ],
    "placate_triggers": [ "MEAT" ],
    "special_attacks": [ [ "dogbite", 20 ], [ "EAT_FOOD", 100 ] ],
    "petfood": {
      "food": [ "DOGFOOD" ],
      "feed": "The %s seems to like you!  It lets you pat its head and seems friendly.",
      "pet": "The %s happily wags its tail while you pat their head."
    },
    "flags": [
      "ANIMAL",
      "GROUP_MORALE",
      "HEARS",
      "CANPLAY",
      "HIT_AND_RUN",
      "KEENNOSE",
      "PATH_AVOID_DANGER_1",
      "SEES",
      "SMELLS",
      "SWARMS",
      "WARM"
    ]
  },
  {
    "id": "mon_dog_atk",
    "copy-from": "mon_dog",
    "type": "MONSTER",
    "name": { "str": "attack labrador" },
    "description": "A shaggy Labrador Retriever that has been trained to fight.  Improved agility, attack, health, owner bond, and speed.",
    "proportional": { "hp": 1.15, "morale": 1.67, "speed": 1.1 },
    "relative": { "aggression": 10, "dodge": 1, "melee_skill": 1, "melee_dice_sides": 1, "melee_cut": 1 },
    "petfood": {
      "food": [ "DOGFOOD" ],
      "feed": "The %s seems to like you!  It lets you pat its head and seems friendly.",
      "pet": "The %s happily wags its tail while you pat their head."
    },
    "revert_to_itype": "mon_dog_atk_crate"
  },
  {
    "id": "mon_dog_bull",
    "copy-from": "mon_dog",
    "type": "MONSTER",
    "name": { "str": "bulldog" },
    "description": "The American Bulldog is a hardy, well built dog, that seems suited for surviving the apocalypse.  Can be trained as an attack dog.",
    "volume": "49 L",
    "weight": "49000 g",
    "hp": 47,
    "speed": 135,
    "melee_skill": 4,
    "melee_dice_sides": 2,
    "melee_cut": 6,
    "vision_night": 4,
    "harvest": "mammal_small_leather",
    "revert_to_itype": "mon_dog_bull_crate",
    "reproduction": { "baby_monster": "mon_dog_bull_pup", "baby_count": 7, "baby_timer": 300 },
    "//": "7 puppies and 300-320 days per-litter for size medium canines",
    "petfood": {
      "food": [ "DOGFOOD" ],
      "feed": "The %s seems to like you!  It lets you pat its head and seems friendly.",
      "pet": "The %s happily wags its tail while you pat their head."
    },
    "flags": [ "ANIMAL", "CANPLAY", "HEARS", "HIT_AND_RUN", "KEENNOSE", "PATH_AVOID_DANGER_1", "SEES", "SMELLS", "WARM" ]
  },
  {
    "id": "mon_dog_atkbull",
    "copy-from": "mon_dog_bull",
    "type": "MONSTER",
    "name": { "str": "attack bulldog" },
    "looks_like": "mon_dog_bull",
    "description": "A muscular American Bulldog that has been trained to fight.  Improved agility, attack, health, owner bond, and speed.",
    "proportional": { "hp": 1.15, "morale": 1.67, "speed": 1.1 },
    "relative": { "aggression": 10, "dodge": 1, "melee_skill": 1, "melee_dice_sides": 1, "melee_cut": 1 },
    "revert_to_itype": "mon_dog_atkbull_crate",
    "petfood": {
      "food": [ "DOGFOOD" ],
      "feed": "The %s seems to like you!  It lets you pat its head and seems friendly.",
      "pet": "The %s happily wags its tail while you pat their head."
    },
    "special_attacks": [ [ "LUNGE", 15 ] ]
  },
  {
    "id": "mon_dog_auscattle",
    "copy-from": "mon_dog",
    "type": "MONSTER",
    "name": { "str": "cattle dog" },
    "description": "An agile and sturdy breed that is welcome on any farm, the Australian Cattle Dog is adept at leaping fences and herding livestock.  Can be trained as an attack dog.",
    "volume": "18 L",
    "weight": "18000 g",
    "hp": 20,
    "speed": 200,
    "morale": 10,
    "melee_skill": 4,
    "melee_dice_sides": 2,
    "melee_cut": 6,
    "dodge": 4,
    "vision_night": 6,
    "special_attacks": [ { "type": "leap", "cooldown": 8, "max_range": 2 } ],
    "reproduction": { "baby_monster": "mon_dog_auscattle_pup", "baby_count": 4, "baby_timer": 270 },
    "//": "1-4 puppies & 270 days per-litter for size small canines",
    "petfood": {
      "food": [ "DOGFOOD" ],
      "feed": "The %s seems to like you!  It lets you pat its head and seems friendly.",
      "pet": "The %s happily wags its tail while you pat their head."
    },
    "flags": [ "ANIMAL", "CLIMBS", "CANPLAY", "HEARS", "HIT_AND_RUN", "KEENNOSE", "PATH_AVOID_DANGER_1", "SEES", "SMELLS", "WARM" ]
  },
  {
    "id": "mon_dog_atkauscattle",
    "copy-from": "mon_dog_auscattle",
    "type": "MONSTER",
    "name": { "str": "attack cattle dog" },
    "looks_like": "mon_dog_auscattle",
    "description": "A darting Australian Cattle Dog that has been trained to fight.  Improved agility, attack, health, owner bond, and speed.",
    "proportional": { "hp": 1.15, "morale": 1.67, "speed": 1.1 },
    "relative": { "aggression": 10, "dodge": 1, "melee_skill": 1, "melee_dice_sides": 1, "melee_cut": 1 },
    "revert_to_itype": "mon_dog_atkauscattle_crate",
    "petfood": {
      "food": [ "DOGFOOD" ],
      "feed": "The %s seems to like you!  It lets you pat its head and seems friendly.",
      "pet": "The %s happily wags its tail while you pat their head."
    },
    "special_attacks": [ [ "LUNGE", 15 ] ]
  },
  {
    "id": "mon_dog_pitbullmix",
    "copy-from": "mon_dog",
    "type": "MONSTER",
    "name": { "str": "pit bull mix" },
    "description": "The oft-misunderstood Pit Bull is not actually a single breed but a label for several such as American Pit Bull Terrier and American Staffordshire Terrier.  Average abilities and well-known for their 'lock jaw' which isn't real but their incredible determination is.  Can be trained as an attack dog.",
    "volume": "25 L",
    "weight": "25000 g",
    "hp": 27,
    "speed": 135,
    "aggression": 1,
    "morale": 11,
    "melee_skill": 4,
    "melee_dice_sides": 2,
    "melee_cut": 5,
    "harvest": "mammal_small_leather",
    "revert_to_itype": "mon_dog_pitbullmix_crate",
    "special_attacks": [ [ "dogbite", 5 ], [ "fdogbite", 15 ] ],
    "reproduction": { "baby_monster": "mon_dog_pitbullmix_pup", "baby_count": 4, "baby_timer": 270 },
    "//": "1-4 puppies & 270 days per-litter for size small canines",
    "petfood": {
      "food": [ "DOGFOOD" ],
      "feed": "The %s seems to like you!  It lets you pat its head and seems friendly.",
      "pet": "The %s happily wags its tail while you pat their head."
    },
    "flags": [ "ANIMAL", "HEARS", "HIT_AND_RUN", "KEENNOSE", "PATH_AVOID_DANGER_1", "SEES", "SMELLS", "WARM", "CANPLAY" ]
  },
  {
    "id": "mon_dog_atkpitbullmix",
    "copy-from": "mon_dog_pitbullmix",
    "type": "MONSTER",
    "name": { "str": "attack pit bull mix" },
    "looks_like": "mon_dog_pitbullmix",
    "description": "A ferocious Pit Bull mix that has been trained to fight.  Improved agility, attack, health, owner bond, and speed.",
    "proportional": { "hp": 1.15, "morale": 1.67, "speed": 1.1 },
    "relative": { "aggression": 10, "dodge": 1, "melee_skill": 1, "melee_dice_sides": 1, "melee_cut": 1 },
    "revert_to_itype": "mon_dog_atkpitbullmix_crate",
    "petfood": {
      "food": [ "DOGFOOD" ],
      "feed": "The %s seems to like you!  It lets you pat its head and seems friendly.",
      "pet": "The %s happily wags its tail while you pat their head."
    },
    "special_attacks": [ [ "LUNGE", 15 ] ]
  },
  {
    "id": "mon_dog_beagle",
    "copy-from": "mon_dog",
    "type": "MONSTER",
    "name": { "str": "beagle" },
    "description": "An adorable Beagle that has managed to survive the apocalypse.  Being agile and small, they are difficult to shoot at.  Generally attacks in packs.",
    "volume": "10 L",
    "weight": "10000 g",
    "hp": 13,
    "speed": 135,
    "melee_skill": 2,
    "melee_dice": 1,
    "melee_dice_sides": 1,
    "melee_cut": 2,
    "harvest": "mammal_small_leather",
    "revert_to_itype": "mon_dog_beagle_crate",
    "special_attacks": [ [ "minordogbite", 20 ] ],
    "fear_triggers": [ "HURT" ],
    "reproduction": { "baby_monster": "mon_dog_beagle_pup", "baby_count": 4, "baby_timer": 270 },
    "//": "1-4 puppies & 270 days per-litter for size tiny canines",
    "petfood": {
      "food": [ "DOGFOOD" ],
      "feed": "The %s seems to like you!  It lets you pat its head and seems friendly.",
      "pet": "The %s happily wags its tail while you pat their head."
    },
    "flags": [
      "ANIMAL",
      "GROUP_MORALE",
      "GUILT",
      "HARDTOSHOOT",
      "HEARS",
      "HIT_AND_RUN",
      "KEENNOSE",
      "PATH_AVOID_DANGER_1",
      "SEES",
      "SMELLS",
      "SWARMS",
      "WARM",
      "CANPLAY"
    ]
  },
  {
    "id": "mon_dog_atkbeagle",
    "copy-from": "mon_dog_beagle",
    "type": "MONSTER",
    "name": { "str": "attack beagle" },
    "looks_like": "mon_dog_beagle",
    "description": "A regal Beagle that has been trained to fight.  Improved agility, attack, health, owner bond, and speed.",
    "proportional": { "hp": 1.15, "morale": 1.67, "speed": 1.1 },
    "relative": { "aggression": 10, "dodge": 1, "melee_skill": 1, "melee_dice_sides": 1, "melee_cut": 1 },
    "petfood": {
      "food": [ "DOGFOOD" ],
      "feed": "The %s seems to like you!  It lets you pat its head and seems friendly.",
      "pet": "The %s happily wags its tail while you pat their head."
    },
    "revert_to_itype": "mon_dog_atkbeagle_crate"
  },
  {
    "id": "mon_dog_bcollie",
    "copy-from": "mon_dog",
    "type": "MONSTER",
    "name": { "str": "border collie" },
    "description": "An athletic and hyperactive dog that loves to herd animals and jump, the Border Collie is an agile attacker.  Although they can be easy to train, they don't work well in packs.  Can be trained as an attack dog.",
    "volume": "16 L",
    "weight": "16000 g",
    "hp": 19,
    "speed": 200,
    "aggression": -5,
    "morale": 10,
    "melee_cut": 4,
    "dodge": 4,
    "revert_to_itype": "mon_dog_bcollie_crate",
    "special_attacks": [ { "type": "leap", "cooldown": 8, "max_range": 2 } ],
    "reproduction": { "baby_monster": "mon_dog_bcollie_pup", "baby_count": 4, "baby_timer": 270 },
    "//": "1-4 puppies & 270 days per-litter for size small canines",
    "petfood": {
      "food": [ "DOGFOOD" ],
      "feed": "The %s seems to like you!  It lets you pat its head and seems friendly.",
      "pet": "The %s happily wags its tail while you pat their head."
    },
    "flags": [ "ANIMAL", "CLIMBS", "HEARS", "HIT_AND_RUN", "KEENNOSE", "PATH_AVOID_DANGER_1", "SEES", "SMELLS", "WARM", "CANPLAY" ]
  },
  {
    "id": "mon_dog_atkbcollie",
    "copy-from": "mon_dog_bcollie",
    "type": "MONSTER",
    "name": { "str": "attack border collie" },
    "looks_like": "mon_dog_bcollie",
    "description": "A hyper Border Collie that has been trained to fight.  Improved agility, attack, health, owner bond, and speed.",
    "proportional": { "hp": 1.15, "morale": 1.67, "speed": 1.1 },
    "relative": { "aggression": 10, "dodge": 1, "melee_skill": 1, "melee_dice_sides": 1, "melee_cut": 1 },
    "revert_to_itype": "mon_dog_atkbcollie_crate",
    "petfood": {
      "food": [ "DOGFOOD" ],
      "feed": "The %s seems to like you!  It lets you pat its head and seems friendly.",
      "pet": "The %s happily wags its tail while you pat their head."
    },
    "special_attacks": [ [ "LUNGE", 15 ] ]
  },
  {
    "id": "mon_dog_boxer",
    "copy-from": "mon_dog",
    "type": "MONSTER",
    "name": { "str": "boxer mastiff" },
    "description": "An ordinary breed full of affection, the Boxer Mastiff doesn't stand out amongst other dogs but has mediocre abilities nonetheless.  Can be trained as an attack dog.",
    "volume": "27500 ml",
    "weight": "27500 g",
    "hp": 29,
    "aggression": -8,
    "melee_skill": 4,
    "melee_dice_sides": 2,
    "melee_cut": 4,
    "vision_night": 4,
    "harvest": "mammal_small_leather",
    "revert_to_itype": "mon_dog_boxer_crate",
    "fear_triggers": [ "HURT" ],
    "reproduction": { "baby_monster": "mon_dog_boxer_pup", "baby_count": 4, "baby_timer": 270 },
    "//": "1-4 puppies & 270 days per-litter for size small canines",
    "petfood": {
      "food": [ "DOGFOOD" ],
      "feed": "The %s seems to like you!  It lets you pat its head and seems friendly.",
      "pet": "The %s happily wags its tail while you pat their head."
    }
  },
  {
    "id": "mon_dog_atkboxer",
    "copy-from": "mon_dog_boxer",
    "type": "MONSTER",
    "name": { "str": "attack boxer mastiff" },
    "looks_like": "mon_dog_boxer",
    "description": "A stocky Boxer Mastiff that has been trained to fight.  Improved agility, attack, health, owner bond, and speed.",
    "proportional": { "hp": 1.15, "morale": 1.67, "speed": 1.1 },
    "relative": { "aggression": 10, "dodge": 1, "melee_skill": 1, "melee_dice_sides": 1, "melee_cut": 1 },
    "revert_to_itype": "mon_dog_atkboxer_crate",
    "petfood": {
      "food": [ "DOGFOOD" ],
      "feed": "The %s seems to like you!  It lets you pat its head and seems friendly.",
      "pet": "The %s happily wags its tail while you pat their head."
    },
    "special_attacks": [ [ "LUNGE", 15 ] ]
  },
  {
    "id": "mon_dog_chihuahua",
    "copy-from": "mon_dog",
    "type": "MONSTER",
    "name": { "str": "chihuahua" },
    "description": "It's a tiny Chihuahua.  How it has managed to survive is a miracle; although its small size and aggressive nature may been useful.",
    "volume": "750 ml",
    "weight": "2200 g",
    "hp": 6,
    "speed": 135,
    "aggression": 4,
    "morale": 8,
    "melee_skill": 3,
    "melee_dice_sides": 2,
    "melee_cut": 2,
    "vision_night": 6,
    "harvest": "mammal_tiny",
    "revert_to_itype": "mon_dog_chihuahua_crate",
    "special_attacks": [ [ "minordogbite", 20 ] ],
    "fear_triggers": [ "HURT" ],
    "reproduction": { "baby_monster": "mon_dog_chihuahua_pup", "baby_count": 3, "baby_timer": 240 },
    "//": "1-3 puppies & 240 days per-litter for size tiny canines",
    "petfood": {
      "food": [ "DOGFOOD" ],
      "feed": "The %s seems to like you!  It lets you pat its head and seems friendly.",
      "pet": "The %s happily wags its tail while you pat their head."
    },
    "flags": [
      "ANIMAL",
      "GUILT",
      "HARDTOSHOOT",
      "HEARS",
      "HIT_AND_RUN",
      "KEENNOSE",
      "PATH_AVOID_DANGER_1",
      "SEES",
      "SMELLS",
      "WARM",
      "CANPLAY"
    ]
  },
  {
    "id": "mon_dog_atkchihuahua",
    "copy-from": "mon_dog_chihuahua",
    "type": "MONSTER",
    "name": { "str": "attack chihuahua" },
    "looks_like": "mon_dog_chihuahua",
    "description": "A skittish Chihuahua that has been trained to embrace its bark rather than its bite.  Improved agility, attack, health, owner bond, and speed.",
    "proportional": { "hp": 1.15, "morale": 1.67, "speed": 1.1 },
    "relative": { "aggression": 10, "dodge": 1, "melee_skill": 1, "melee_dice_sides": 1, "melee_cut": 1 },
    "petfood": {
      "food": [ "DOGFOOD" ],
      "feed": "The %s seems to like you!  It lets you pat its head and seems friendly.",
      "pet": "The %s happily wags its tail while you pat their head."
    },
    "revert_to_itype": "mon_dog_atkchihuahua_crate"
  },
  {
    "id": "mon_dog_dachshund",
    "copy-from": "mon_dog",
    "type": "MONSTER",
    "name": { "str": "dachshund" },
    "description": "A weiner dog!  This awkward looking dog can be a useful watch dog, plus it looks adorable as it bumbles around, also making it hard to shoot.",
    "volume": "10 L",
    "weight": "10000 g",
    "hp": 10,
    "speed": 135,
    "aggression": -4,
    "morale": 10,
    "melee_skill": 3,
    "melee_dice_sides": 2,
    "vision_night": 6,
    "harvest": "mammal_small_leather",
    "revert_to_itype": "mon_dog_dachshund_crate",
    "special_attacks": [ [ "minordogbite", 20 ] ],
    "fear_triggers": [ "HURT" ],
    "reproduction": { "baby_monster": "mon_dog_dachshund_pup", "baby_count": 4, "baby_timer": 270 },
    "//": "1-4 puppies & 270 days per-litter for size small canines",
    "petfood": {
      "food": [ "DOGFOOD" ],
      "feed": "The %s seems to like you!  It lets you pat its head and seems friendly.",
      "pet": "The %s happily wags its tail while you pat their head."
    },
    "flags": [
      "ANIMAL",
      "GUILT",
      "HARDTOSHOOT",
      "HEARS",
      "HIT_AND_RUN",
      "KEENNOSE",
      "PATH_AVOID_DANGER_1",
      "SEES",
      "SMELLS",
      "STUMBLES",
      "WARM",
      "CANPLAY"
    ]
  },
  {
    "id": "mon_dog_atkdachshund",
    "copy-from": "mon_dog_dachshund",
    "type": "MONSTER",
    "name": { "str": "attack dachshund" },
    "looks_like": "mon_dog_dachshund",
    "description": "A long-bodied Dachshund that has been trained to fight, or so it wants you to believe.  Improved agility, attack, health, owner bond, and speed.",
    "proportional": { "hp": 1.15, "morale": 1.67, "speed": 1.1 },
    "relative": { "aggression": 10, "dodge": 1, "melee_skill": 1, "melee_dice_sides": 1, "melee_cut": 1 },
    "petfood": {
      "food": [ "DOGFOOD" ],
      "feed": "The %s seems to like you!  It lets you pat its head and seems friendly.",
      "pet": "The %s happily wags its tail while you pat their head."
    },
    "revert_to_itype": "mon_dog_atkdachshund_crate"
  },
  {
    "id": "mon_dog_gshepherd",
    "copy-from": "mon_dog",
    "type": "MONSTER",
    "name": { "str": "german shepherd" },
    "description": "The original K-9 breed.  An easy to train and great attack dog that will also defend its owner to the death, however they don't work well in packs.  Can be trained as an attack dog.",
    "volume": "46500 ml",
    "weight": "38500 g",
    "hp": 36,
    "aggression": 2,
    "morale": 10,
    "melee_cut": 6,
    "vision_night": 6,
    "revert_to_itype": "mon_dog_gshepherd_crate",
    "reproduction": { "baby_monster": "mon_dog_gshepherd_pup", "baby_count": 7, "baby_timer": 300 },
    "//": "1-7 puppies & 300-320 days per-litter for size medium canines",
    "petfood": {
      "food": [ "DOGFOOD" ],
      "feed": "The %s seems to like you!  It lets you pat its head and seems friendly.",
      "pet": "The %s happily wags its tail while you pat their head."
    },
    "flags": [ "ANIMAL", "HEARS", "HIT_AND_RUN", "KEENNOSE", "PATH_AVOID_DANGER_1", "SEES", "SMELLS", "WARM", "CANPLAY" ]
  },
  {
    "id": "mon_dog_atkgshepherd",
    "copy-from": "mon_dog_gshepherd",
    "type": "MONSTER",
    "name": { "str": "attack german shepherd" },
    "looks_like": "mon_dog_gshepherd",
    "description": "A noble German Shepherd that has been trained to fight and not flee.  Improved agility, attack, health, owner bond, and speed.",
    "proportional": { "hp": 1.15, "morale": 1.67, "speed": 1.1 },
    "relative": { "aggression": 10, "dodge": 1, "melee_skill": 1, "melee_dice_sides": 1, "melee_cut": 1 },
    "revert_to_itype": "mon_dog_atkgshepherd_crate",
    "special_attacks": [ [ "LUNGE", 15 ] ],
    "petfood": {
      "food": [ "DOGFOOD" ],
      "feed": "The %s seems to like you!  It lets you pat its head and seems friendly.",
      "pet": "The %s happily wags its tail while you pat their head."
    },
    "flags": [ "ANIMAL", "HEARS", "KEENNOSE", "PATH_AVOID_DANGER_1", "SEES", "SMELLS", "WARM", "CANPLAY" ]
  },
  {
    "id": "mon_dog_gpyrenees",
    "copy-from": "mon_dog",
    "type": "MONSTER",
    "name": { "str": "great pyrenees" },
    "description": "A large and powerful breed, the Great Pyrenees has a beautiful, thick white coat.  Originally bred to deter wolves and other predators, now faced with protecting livestock from shambling hordes of undead.",
    "volume": "52500 ml",
    "weight": "52500 g",
    "hp": 40,
    "speed": 100,
    "aggression": 3,
    "morale": 10,
    "melee_dice": 1,
    "melee_dice_sides": 1,
    "melee_cut": 5,
    "dodge": 2,
    "vision_night": 6,
    "harvest": "mammal_fur",
    "revert_to_itype": "mon_dog_gpyrenees_crate",
    "reproduction": { "baby_monster": "mon_dog_gpyrenees_pup", "baby_count": 7, "baby_timer": 320 },
    "//": "1-7 puppies & 300-320 days per-litter for size medium canines",
    "petfood": {
      "food": [ "DOGFOOD" ],
      "feed": "The %s seems to like you!  It lets you pat its head and seems friendly.",
      "pet": "The %s happily wags its tail while you pat their head."
    },
    "flags": [ "ANIMAL", "HEARS", "HIT_AND_RUN", "KEENNOSE", "PATH_AVOID_DANGER_1", "SEES", "SMELLS", "WARM", "CANPLAY" ]
  },
  {
    "id": "mon_dog_atkgpyrenees",
    "copy-from": "mon_dog_gpyrenees",
    "type": "MONSTER",
    "name": { "str": "attack great pyrenees" },
    "looks_like": "mon_dog_gpyrenees",
    "description": "A resilient Great Pyrenees that has been trained to fight.  Improved agility, attack, health, owner bond, and speed.",
    "proportional": { "hp": 1.15, "morale": 1.67, "speed": 1.1 },
    "relative": { "aggression": 10, "dodge": 1, "melee_skill": 1, "melee_dice_sides": 1, "melee_cut": 1 },
    "petfood": {
      "food": [ "DOGFOOD" ],
      "feed": "The %s seems to like you!  It lets you pat its head and seems friendly.",
      "pet": "The %s happily wags its tail while you pat their head."
    },
    "revert_to_itype": "mon_dog_atkgpyrenees_crate"
  },
  {
    "id": "mon_dog_rottweiler",
    "copy-from": "mon_dog",
    "type": "MONSTER",
    "name": { "str": "rottweiler" },
    "description": "A terrifying breed to face feral, Rottweilers are descended from Roman legion mastiffs.  It's robust, vicious, and quite capable of mauling a human to death.",
    "volume": "50 L",
    "weight": "50000 g",
    "hp": 42,
    "speed": 135,
    "aggression": 4,
    "morale": 8,
    "melee_skill": 4,
    "melee_dice_sides": 2,
    "melee_cut": 6,
    "vision_night": 6,
    "harvest": "mammal_leather",
    "revert_to_itype": "mon_dog_rottweiler_crate",
    "reproduction": { "baby_monster": "mon_dog_rottweiler_pup", "baby_count": 7, "baby_timer": 300 },
    "//": "1-7 puppies & 300-320 days per-litter for size medium canines",
    "petfood": {
      "food": [ "DOGFOOD" ],
      "feed": "The %s seems to like you!  It lets you pat its head and seems friendly.",
      "pet": "The %s happily wags its tail while you pat their head."
    },
    "flags": [ "ANIMAL", "HEARS", "HIT_AND_RUN", "KEENNOSE", "PATH_AVOID_DANGER_1", "SEES", "SMELLS", "WARM", "CANPLAY" ]
  },
  {
    "id": "mon_dog_atkrottweiler",
    "copy-from": "mon_dog_rottweiler",
    "type": "MONSTER",
    "name": { "str": "attack rottweiler" },
    "looks_like": "mon_dog_rottweiler",
    "description": "A brutal Rottweiler that has been trained to fight.  Improved agility, attack, health, owner bond, and speed.",
    "proportional": { "hp": 1.15, "morale": 1.67, "speed": 1.1 },
    "relative": { "aggression": 10, "dodge": 1, "melee_skill": 1, "melee_dice_sides": 1, "melee_cut": 1 },
    "revert_to_itype": "mon_dog_atkrottweiler_crate",
    "petfood": {
      "food": [ "DOGFOOD" ],
      "feed": "The %s seems to like you!  It lets you pat its head and seems friendly.",
      "pet": "The %s happily wags its tail while you pat their head."
    },
    "special_attacks": [ [ "LUNGE", 15 ] ]
  }
]
