[
  {
    "type": "monster_attack",
    "attack_type": "melee",
    "id": "dogbite",
    "cooldown": 20,
    "move_cost": 150,
    "damage_max_instance": [ { "damage_type": "stab", "amount": 10, "armor_penetration": 2, "armor_multiplier": 0.5 } ],
    "body_parts": [
      [ "foot_l", 3 ],
      [ "foot_r", 3 ],
      [ "leg_l", 6 ],
      [ "leg_r", 6 ],
      [ "hand_l", 2 ],
      [ "hand_r", 2 ],
      [ "arm_l", 4 ],
      [ "arm_r", 4 ]
    ],
    "effects": [ { "id": "grabbed", "duration": 600 } ],
    "hit_dmg_u": "The %1$s bites your %2$s!",
    "hit_dmg_npc": "The %1$s bites <npcname>'s %2$s!",
    "no_dmg_msg_u": "The %1$s tries to bite your %2$s, but fails to penetrate your armor!",
    "no_dmg_msg_npc": "The %1$s tries to bite <npcname>'s %2$s, but fails to penetrate their armor!"
  },
  {
    "type": "monster_attack",
    "attack_type": "melee",
    "id": "fdogbite",
    "cooldown": 20,
    "move_cost": 135,
    "damage_max_instance": [ { "damage_type": "stab", "amount": 13, "armor_penetration": 4, "armor_multiplier": 0.6 } ],
    "body_parts": [
      [ "foot_l", 3 ],
      [ "foot_r", 3 ],
      [ "leg_l", 6 ],
      [ "leg_r", 6 ],
      [ "hand_l", 2 ],
      [ "hand_r", 2 ],
      [ "arm_l", 4 ],
      [ "arm_r", 4 ]
    ],
    "effects": [ { "id": "grabbed", "duration": 900 } ],
    "hit_dmg_u": "The %1$s ferociously bites your %2$s!",
    "hit_dmg_npc": "The %1$s ferociously bites <npcname>'s %2$s!",
    "no_dmg_msg_u": "The %1$s tries to bite your %2$s, but fails to penetrate your armor!",
    "no_dmg_msg_npc": "The %1$s tries to bite <npcname>'s %2$s, but fails to penetrate their armor!"
  },
  {
    "type": "monster_attack",
    "attack_type": "melee",
    "id": "minordogbite",
    "cooldown": 15,
    "move_cost": 135,
    "damage_max_instance": [ { "damage_type": "stab", "amount": 8, "armor_penetration": 2, "armor_multiplier": 0.5 } ],
    "body_parts": [ [ "foot_l", 3 ], [ "foot_r", 3 ], [ "leg_l", 6 ], [ "leg_r", 6 ] ],
    "effects": [ { "id": "grabbed", "duration": 300 } ],
    "hit_dmg_u": "The %1$s nips at your %2$s!",
    "hit_dmg_npc": "The %1$s nips at <npcname>'s %2$s!",
    "no_dmg_msg_u": "The %1$s tries to nips at your %2$s, but fails to penetrate your armor!",
    "no_dmg_msg_npc": "The %1$s tries to nips at <npcname>'s %2$s, but fails to penetrate their armor!"
  }
]
