[
  {
    "type": "GENERIC",
    "id": "gp_pot",
    "symbol": ")",
    "color": "brown",
    "name": { "str": "garden pot" },
    "description": "A special pot for growing plants, maintaining them at comfortable conditions for maximum yield.  It can be crafted with various seeds to plant them.",
    "price": 600,
    "material": [ "clay" ],
    "weight": "280 g",
    "volume": "2 L",
    "pocket_data": [ { "max_contains_volume": "1250 ml", "max_contains_weight": "3 kg", "open_container": true } ],
    "bashing": 1,
    "cutting": 0,
    "category": "tools",
    "to_hit": 0
  },
  {
    "type": "GENERIC",
    "abstract": "gp_pot_growing",
    "name": { "str": "garden pot (growing)", "str_pl": "garden pots (growing)" },
    "description": "A garden pot growing some tasty, unnameable plants.  You shouldn't see this item.",
    "weight": "480 g",
    "symbol": ")",
    "color": "brown",
    "price": "13 USD",
    "material": [ "clay", "veggy" ],
    "volume": "2500 ml",
    "bashing": 1,
    "category": "tools"
  },
  {
    "type": "GENERIC",
    "abstract": "gp_pot_grown",
    "name": { "str": "garden pot (grown)", "str_pl": "garden pots (grown)" },
    "description": "A garden pot with some ripe, unnameable plants.  You shouldn't see this item.",
    "copy-from": "gp_pot_growing",
    "use_action": "DISASSEMBLE"
  },
  {
    "type": "GENERIC",
    "id": "gp_tomato",
    "name": { "str": "garden pot (growing tomato)", "str_pl": "garden pots (growing tomatoes)" },
    "description": "This is a garden pot growing tomatoes.  Once ripe, it can be activated to prepare them for harvest.",
    "copy-from": "gp_pot_growing",
    "use_action": {
      "type": "delayed_transform",
      "transform_age": 432000,
      "not_ready_msg": "It isn't done growing yet.",
      "msg": "The tomatoes are ready to harvest!",
      "moves": 0,
      "target": "gp_tomato_ready"
    }
  },
  {
    "type": "GENERIC",
    "id": "gp_tomato_ready",
    "name": { "str": "garden pot (ripe tomato)", "str_pl": "garden pots (ripe tomatoes)" },
    "description": "This is a garden pot with a ripe tomato plant.  Disassemble to retrieve the tasty 'matos.",
    "copy-from": "gp_pot_grown"
  },
  {
    "type": "GENERIC",
    "id": "gp_wheat",
    "name": { "str": "garden pot (growing wheat)", "str_pl": "garden pots (growing wheat)" },
    "description": "This is a garden pot growing wheat.  Once ripe, it can be activated to prepare it for harvest.",
    "copy-from": "gp_pot_growing",
    "use_action": {
      "type": "delayed_transform",
      "transform_age": 432000,
      "not_ready_msg": "It isn't done growing yet.",
      "msg": "The wheat is ready to harvest!",
      "moves": 0,
      "target": "gp_wheat_ready"
    }
  },
  {
    "type": "GENERIC",
    "id": "gp_wheat_ready",
    "name": { "str": "garden pot (ripe wheat)", "str_pl": "garden pots (ripe wheat)" },
    "description": "This is a garden pot with wheat ready to harvest.  Disassemble to retrieve it.",
    "copy-from": "gp_pot_grown"
  },
  {
    "type": "GENERIC",
    "id": "gp_hops",
    "name": { "str": "garden pot (growing hops)", "str_pl": "garden pots (growing hops)" },
    "description": "This is a garden pot growing hops.  Once ripe, it can be activated to prepare it for harvest.",
    "copy-from": "gp_pot_growing",
    "use_action": {
      "type": "delayed_transform",
      "transform_age": 432000,
      "not_ready_msg": "It isn't done growing yet.",
      "msg": "The hops are ready to harvest!",
      "moves": 0,
      "target": "gp_hops_ready"
    }
  },
  {
    "type": "GENERIC",
    "id": "gp_hops_ready",
    "name": { "str": "garden pot (ripe hops)", "str_pl": "garden pots (ripe hops)" },
    "description": "This is a garden pot containing blooming hops flowers.  Disassemble to harvest them.",
    "copy-from": "gp_pot_grown"
  },
  {
    "type": "GENERIC",
    "id": "gp_buckwheat",
    "name": { "str": "garden pot (growing buckwheat)", "str_pl": "garden pots (growing buckwheat)" },
    "description": "This is a garden pot growing buckwheat.  Once ripe, it can be activated to prepare it for harvest.",
    "copy-from": "gp_pot_growing",
    "use_action": {
      "type": "delayed_transform",
      "transform_age": 432000,
      "not_ready_msg": "It isn't done growing yet.",
      "msg": "The buckwheat is ready to harvest!",
      "moves": 0,
      "target": "gp_buckwheat_ready"
    }
  },
  {
    "type": "GENERIC",
    "id": "gp_buckwheat_ready",
    "name": { "str": "garden pot (ripe buckwheat)", "str_pl": "garden pots (ripe buckwheat)" },
    "description": "This is a garden pot containing ripe buckwheat stalks.  Disassemble to harvest them.",
    "copy-from": "gp_pot_grown"
  },
  {
    "type": "GENERIC",
    "id": "gp_broccoli",
    "name": { "str": "garden pot (growing broccoli)", "str_pl": "garden pots (growing broccoli)" },
    "description": "This is a garden pot growing broccoli.  Once ripe, it can be activated to prepare it for harvest.",
    "copy-from": "gp_pot_growing",
    "use_action": {
      "type": "delayed_transform",
      "transform_age": 432000,
      "not_ready_msg": "It isn't done growing yet.",
      "msg": "The broccoli is ready to harvest!",
      "moves": 0,
      "target": "gp_broccoli_ready"
    }
  },
  {
    "type": "GENERIC",
    "id": "gp_broccoli_ready",
    "name": { "str": "garden pot (ripe broccoli)", "str_pl": "garden pots (ripe broccoli)" },
    "description": "This is a garden pot containing some fully-grown broccoli.  Disassemble to harvest it.",
    "copy-from": "gp_pot_grown"
  },
  {
    "type": "GENERIC",
    "id": "gp_oats",
    "name": { "str": "garden pot (growing oats)", "str_pl": "garden pots (growing oats)" },
    "description": "This is a garden pot growing oats.  Once ripe, it can be activated to prepare it for harvest.",
    "copy-from": "gp_pot_growing",
    "use_action": {
      "type": "delayed_transform",
      "transform_age": 432000,
      "not_ready_msg": "It isn't done growing yet.",
      "msg": "The oats are ready to harvest!",
      "moves": 0,
      "target": "gp_oats_ready"
    }
  },
  {
    "type": "GENERIC",
    "id": "gp_oats_ready",
    "name": { "str": "garden pot (ripe oats)", "str_pl": "garden pots (ripe oats)" },
    "description": "This is a garden pot containing some golden, fully-grown oats.  Disassemble to harvest them.",
    "copy-from": "gp_pot_grown"
  },
  {
    "type": "GENERIC",
    "id": "gp_barley",
    "name": { "str": "garden pot (growing barley)", "str_pl": "garden pots (growing barley)" },
    "description": "This is a garden pot growing barley.  Once ripe, it can be activated to prepare it for harvest.",
    "copy-from": "gp_pot_growing",
    "use_action": {
      "type": "delayed_transform",
      "transform_age": 432000,
      "not_ready_msg": "It isn't done growing yet.",
      "msg": "Barley is ready to harvest!",
      "moves": 0,
      "target": "gp_barley_ready"
    }
  },
  {
    "type": "GENERIC",
    "id": "gp_barley_ready",
    "name": { "str": "garden pot (ripe barley)", "str_pl": "garden pots (ripe barley)" },
    "description": "This is a garden pot containing some ready-to-harvest barley.  Disassemble to harvest it.",
    "copy-from": "gp_pot_grown"
  },
  {
    "type": "GENERIC",
    "id": "gp_carrot",
    "name": { "str": "garden pot (growing carrot)", "str_pl": "garden pots (growing carrots)" },
    "description": "This is a garden pot growing carrots.  Once ripe, it can be activated to prepare it for harvest.",
    "copy-from": "gp_pot_growing",
    "use_action": {
      "type": "delayed_transform",
      "transform_age": 432000,
      "not_ready_msg": "It isn't done growing yet.",
      "msg": "The carrots are ready to harvest!",
      "moves": 0,
      "target": "gp_carrot_ready"
    }
  },
  {
    "type": "GENERIC",
    "id": "gp_carrot_ready",
    "name": { "str": "garden pot (ripe carrot)", "str_pl": "garden pots (ripe carrot)" },
    "description": "This is a garden pot containing some ripe carrots.  Disassemble to harvest them.  Store away from rabbits.",
    "copy-from": "gp_pot_grown"
  },
  {
    "type": "GENERIC",
    "id": "gp_cotton_boll",
    "name": { "str": "garden pot (growing cotton)", "str_pl": "garden pots (growing cotton)" },
    "description": "This is a garden pot growing cotton.  Once ripe, it can be activated to prepare it for harvest.",
    "copy-from": "gp_pot_growing",
    "use_action": {
      "type": "delayed_transform",
      "transform_age": 432000,
      "not_ready_msg": "It isn't done growing yet.",
      "msg": "The cotton is ready to harvest!",
      "moves": 0,
      "target": "gp_cotton_boll_ready"
    }
  },
  {
    "type": "GENERIC",
    "id": "gp_cotton_boll_ready",
    "name": { "str": "garden pot (ripe cotton)", "str_pl": "garden pots (ripe cotton)" },
    "description": "This is a garden pot containing white, fluffy cotton bolls ready for the loom.  Disassemble to pluck them.",
    "copy-from": "gp_pot_grown"
  },
  {
    "type": "GENERIC",
    "id": "gp_cabbage",
    "name": { "str": "garden pot (growing cabbage)", "str_pl": "garden pots (growing cabbage)" },
    "description": "This is a garden pot growing cabbage.  Once ripe, it can be activated to prepare it for harvest.",
    "copy-from": "gp_pot_growing",
    "use_action": {
      "type": "delayed_transform",
      "transform_age": 432000,
      "not_ready_msg": "It isn't done growing yet.",
      "msg": "The cabbages are ready to harvest!",
      "moves": 0,
      "target": "gp_cabbage_ready"
    }
  },
  {
    "type": "GENERIC",
    "id": "gp_cabbage_ready",
    "name": { "str": "garden pot (ripe cabbage)", "str_pl": "garden pots (ripe cabbage)" },
    "description": "This is a garden pot containing a big cabbage leaf.  Disassemble to harvest it.",
    "copy-from": "gp_pot_grown"
  },
  {
    "type": "GENERIC",
    "id": "gp_cucumber",
    "name": { "str": "garden pot (growing cucumber)", "str_pl": "garden pots (growing cucumber)" },
    "description": "This is a garden pot growing cucumber.  Once ripe, it can be activated to prepare it for harvest.",
    "copy-from": "gp_pot_growing",
    "use_action": {
      "type": "delayed_transform",
      "transform_age": 432000,
      "not_ready_msg": "It isn't done growing yet.",
      "msg": "The cucumbers are ready to harvest!",
      "moves": 0,
      "target": "gp_cucumber_ready"
    }
  },
  {
    "type": "GENERIC",
    "id": "gp_cucumber_ready",
    "name": { "str": "garden pot (ripe cucumber)", "str_pl": "garden pots (ripe cucumber)" },
    "description": "This is a garden pot containing ripe cucumbers.  Disassemble to harvest them.",
    "copy-from": "gp_pot_grown"
  },
  {
    "type": "GENERIC",
    "id": "gp_garlic",
    "name": { "str": "garden pot (growing garlic)", "str_pl": "garden pots (growing garlic)" },
    "description": "This is a garden pot growing garlic bulbs.  Once ripe, it can be activated to prepare it for harvest.",
    "copy-from": "gp_pot_growing",
    "use_action": {
      "type": "delayed_transform",
      "transform_age": 432000,
      "not_ready_msg": "It isn't done growing yet.",
      "msg": "The garlic is ready to harvest!",
      "moves": 0,
      "target": "gp_garlic_ready"
    }
  },
  {
    "type": "GENERIC",
    "id": "gp_garlic_ready",
    "name": { "str": "garden pot (ripe garlic)", "str_pl": "garden pots (ripe garlic)" },
    "description": "This is a garden pot containing pungent garlic bulbs.  Disassemble to harvest them, or wave it at vampires to scare them.",
    "copy-from": "gp_pot_grown"
  }
]
