[
  {
    "type": "mod_tileset",
    "compatibility": [
      "Chibi_Ultica",
      "UltimateCataclysm",
      "MshockXottoplus",
      "UNDEAD_PEOPLE",
      "UNDEAD_PEOPLE_BASE",
      "UNDEAD_PEOPLE_LEGACY",
      "UlticaShell",
      "MshockXottoplus12",
      "MSX++DEAD_PEOPLE",
      "MXplus12_for_cosmetics",
      "MSXotto+"
    ],
    "tiles-new": [
      {
        "file": "Growable_pots_normal.png",
        "tiles": [
          { "id": "bg_shadow_pot", "fg": 1, "rotates": false },
          { "id": "gp_barley", "fg": 2, "bg": 1, "rotates": false },
          { "id": "overlay_wielded_gp_barley", "fg": 2, "rotates": false },
          { "id": "gp_barley_ready", "fg": 3, "bg": 1, "rotates": false },
          { "id": "overlay_wielded_gp_barley_ready", "fg": 3, "rotates": false },
          { "id": "gp_broccoli", "fg": 4, "bg": 1, "rotates": false },
          { "id": "overlay_wielded_gp_broccoli", "fg": 4, "rotates": false },
          { "id": "gp_broccoli_ready", "fg": 5, "bg": 1, "rotates": false },
          { "id": "overlay_wielded_gp_broccoli_ready", "fg": 5, "rotates": false },
          { "id": "gp_buckwheat", "fg": 6, "bg": 1, "rotates": false },
          { "id": "overlay_wielded_gp_buckwheat", "fg": 6, "rotates": false },
          { "id": "gp_buckwheat_ready", "fg": 7, "bg": 1, "rotates": false },
          { "id": "overlay_wielded_gp_buckwheat_ready", "fg": 7, "rotates": false },
          { "id": "gp_cabbage", "fg": 8, "bg": 1, "rotates": false },
          { "id": "overlay_wielded_gp_cabbage", "fg": 8, "rotates": false },
          { "id": "gp_cabbage_ready", "fg": 9, "bg": 1, "rotates": false },
          { "id": "overlay_wielded_gp_cabbage_ready", "fg": 9, "rotates": false },
          { "id": "gp_carrot", "fg": 10, "bg": 1, "rotates": false },
          { "id": "overlay_wielded_gp_carrot", "fg": 10, "rotates": false },
          { "id": "gp_carrot_ready", "fg": 11, "rotates": false },
          { "id": "overlay_wielded_gp_carrot_ready", "fg": 11, "rotates": false },
          { "id": "gp_cotton_boll", "fg": 12, "bg": 1, "rotates": false },
          { "id": "overlay_wielded_gp_cotton_boll", "fg": 12, "rotates": false },
          { "id": "gp_cotton_boll_ready", "fg": 13, "rotates": false },
          { "id": "overlay_wielded_gp_cotton_boll_ready", "fg": 13, "rotates": false },
          { "id": "gp_cucumber", "fg": 14, "bg": 1, "rotates": false },
          { "id": "overlay_wielded_gp_cucumber", "fg": 14, "rotates": false },
          { "id": "gp_cucumber_ready", "fg": 15, "bg": 1, "rotates": false },
          { "id": "overlay_wielded_gp_cucumber_ready", "fg": 15, "rotates": false },
          { "id": "gp_garlic", "fg": 16, "bg": 1, "rotates": false },
          { "id": "overlay_wielded_gp_garlic", "fg": 16, "rotates": false },
          { "id": "gp_garlic_ready", "fg": 17, "rotates": false },
          { "id": "overlay_wielded_gp_garlic_ready", "fg": 17, "rotates": false },
          { "id": "gp_hops", "fg": 18, "bg": 1, "rotates": false },
          { "id": "overlay_wielded_gp_hops", "fg": 18, "rotates": false },
          { "id": "gp_hops_ready", "fg": 19, "bg": 1, "rotates": false },
          { "id": "overlay_wielded_gp_hops_ready", "fg": 19, "rotates": false },
          { "id": "gp_oats", "fg": 20, "bg": 1, "rotates": false },
          { "id": "overlay_wielded_gp_oats", "fg": 20, "rotates": false },
          { "id": "gp_oats_ready", "fg": 21, "bg": 1, "rotates": false },
          { "id": "overlay_wielded_gp_oats_ready", "fg": 21, "rotates": false },
          { "id": "gp_pot", "fg": 22, "bg": 1, "rotates": false },
          { "id": "overlay_wielded_gp_pot", "fg": 22, "rotates": false },
          { "id": "gp_tomato", "fg": 23, "bg": 1, "rotates": false },
          { "id": "overlay_wielded_gp_tomato", "fg": 23, "rotates": false },
          { "id": "gp_wheat", "fg": 24, "bg": 1, "rotates": false },
          { "id": "overlay_wielded_gp_wheat", "fg": 24, "rotates": false },
          { "id": "gp_tomato_ready", "fg": 25, "bg": 1, "rotates": false },
          { "id": "overlay_wielded_gp_tomato_ready", "fg": 25, "rotates": false },
          { "id": "gp_wheat_ready", "fg": 26, "bg": 1, "rotates": false },
          { "id": "overlay_wielded_gp_wheat_ready", "fg": 26, "rotates": false }
        ],
        "//": "range 1 to 32",
        "sprite_width": 32,
        "sprite_height": 32,
        "sprite_offset_x": 0,
        "sprite_offset_y": 0
      }
    ]
  }
]
