[
  {
    "type": "recipe",
    "activity_level": "LIGHT_EXERCISE",
    "result": "gp_pot",
    "category": "CC_OTHER",
    "subcategory": "CSC_OTHER_TOOLS",
    "skill_used": "fabrication",
    "skills_required": [ "survival", 2 ],
    "difficulty": 2,
    "time": 45000,
    "autolearn": true,
    "qualities": [ { "id": "DIG", "level": 1 } ],
    "components": [ [ [ "clay_pot_flower", 1 ], [ "plastic_pot_flower", 1 ] ], [ [ "pointy_stick", 2 ] ] ]
  },
  {
    "type": "recipe",
    "activity_level": "NO_EXERCISE",
    "result": "gp_tomato",
    "category": "CC_OTHER",
    "subcategory": "CSC_OTHER_OTHER",
    "skill_used": "survival",
    "difficulty": 1,
    "time": 500,
    "autolearn": true,
    "components": [ [ [ "gp_pot", 1 ] ], [ [ "seed_tomato", 1 ] ], [ [ "water", 1 ], [ "water_clean", 1 ] ] ]
  },
  {
    "type": "uncraft",
    "activity_level": "NO_EXERCISE",
    "result": "gp_tomato_ready",
    "skill_used": "survival",
    "time": 500,
    "components": [ [ [ "gp_pot", 1 ] ], [ [ "tomato", 21 ] ] ]
  },
  {
    "type": "recipe",
    "activity_level": "NO_EXERCISE",
    "result": "gp_wheat",
    "category": "CC_OTHER",
    "subcategory": "CSC_OTHER_OTHER",
    "skill_used": "survival",
    "difficulty": 1,
    "time": 500,
    "autolearn": true,
    "components": [ [ [ "gp_pot", 1 ] ], [ [ "seed_wheat", 1 ] ], [ [ "water", 1 ], [ "water_clean", 1 ] ] ]
  },
  {
    "type": "uncraft",
    "activity_level": "NO_EXERCISE",
    "result": "gp_wheat_ready",
    "skill_used": "survival",
    "time": 500,
    "components": [ [ [ "gp_pot", 1 ] ], [ [ "wheat", 21 ] ] ]
  },
  {
    "type": "recipe",
    "activity_level": "NO_EXERCISE",
    "result": "gp_hops",
    "category": "CC_OTHER",
    "subcategory": "CSC_OTHER_OTHER",
    "skill_used": "survival",
    "difficulty": 1,
    "time": 500,
    "autolearn": true,
    "components": [ [ [ "gp_pot", 1 ] ], [ [ "seed_hops", 1 ] ], [ [ "water", 1 ], [ "water_clean", 1 ] ] ]
  },
  {
    "type": "uncraft",
    "activity_level": "NO_EXERCISE",
    "result": "gp_hops_ready",
    "skill_used": "survival",
    "time": 500,
    "components": [ [ [ "gp_pot", 1 ] ], [ [ "hops", 21 ] ] ]
  },
  {
    "type": "recipe",
    "activity_level": "NO_EXERCISE",
    "result": "gp_buckwheat",
    "category": "CC_OTHER",
    "subcategory": "CSC_OTHER_OTHER",
    "skill_used": "survival",
    "difficulty": 1,
    "time": 500,
    "autolearn": true,
    "components": [ [ [ "gp_pot", 1 ] ], [ [ "seed_buckwheat", 1 ] ], [ [ "water", 1 ], [ "water_clean", 1 ] ] ]
  },
  {
    "type": "uncraft",
    "activity_level": "NO_EXERCISE",
    "result": "gp_buckwheat_ready",
    "skill_used": "survival",
    "time": 500,
    "components": [ [ [ "gp_pot", 1 ] ], [ [ "buckwheat", 21 ] ] ]
  },
  {
    "type": "recipe",
    "activity_level": "NO_EXERCISE",
    "result": "gp_broccoli",
    "category": "CC_OTHER",
    "subcategory": "CSC_OTHER_OTHER",
    "skill_used": "survival",
    "difficulty": 1,
    "time": 500,
    "autolearn": true,
    "components": [ [ [ "gp_pot", 1 ] ], [ [ "seed_broccoli", 1 ] ], [ [ "water", 1 ], [ "water_clean", 1 ] ] ]
  },
  {
    "type": "uncraft",
    "activity_level": "NO_EXERCISE",
    "result": "gp_broccoli_ready",
    "skill_used": "survival",
    "time": 500,
    "components": [ [ [ "gp_pot", 1 ] ], [ [ "broccoli", 21 ] ] ]
  },
  {
    "type": "recipe",
    "activity_level": "NO_EXERCISE",
    "result": "gp_oats",
    "category": "CC_OTHER",
    "subcategory": "CSC_OTHER_OTHER",
    "skill_used": "survival",
    "difficulty": 1,
    "time": 500,
    "autolearn": true,
    "components": [ [ [ "gp_pot", 1 ] ], [ [ "seed_oats", 1 ] ], [ [ "water", 1 ], [ "water_clean", 1 ] ] ]
  },
  {
    "type": "uncraft",
    "activity_level": "NO_EXERCISE",
    "result": "gp_oats_ready",
    "skill_used": "survival",
    "time": 500,
    "components": [ [ [ "gp_pot", 1 ] ], [ [ "oats", 21 ] ] ]
  },
  {
    "type": "recipe",
    "activity_level": "NO_EXERCISE",
    "result": "gp_barley",
    "category": "CC_OTHER",
    "subcategory": "CSC_OTHER_OTHER",
    "skill_used": "survival",
    "difficulty": 1,
    "time": 500,
    "autolearn": true,
    "components": [ [ [ "gp_pot", 1 ] ], [ [ "seed_barley", 1 ] ], [ [ "water", 1 ], [ "water_clean", 1 ] ] ]
  },
  {
    "type": "uncraft",
    "activity_level": "NO_EXERCISE",
    "result": "gp_barley_ready",
    "skill_used": "survival",
    "time": 500,
    "components": [ [ [ "gp_pot", 1 ] ], [ [ "barley", 21 ] ] ]
  },
  {
    "type": "recipe",
    "activity_level": "NO_EXERCISE",
    "result": "gp_carrot",
    "category": "CC_OTHER",
    "subcategory": "CSC_OTHER_OTHER",
    "skill_used": "survival",
    "difficulty": 1,
    "time": 500,
    "autolearn": true,
    "components": [ [ [ "gp_pot", 1 ] ], [ [ "seed_carrot", 1 ] ], [ [ "water", 1 ], [ "water_clean", 1 ] ] ]
  },
  {
    "type": "uncraft",
    "activity_level": "NO_EXERCISE",
    "result": "gp_carrot_ready",
    "skill_used": "survival",
    "time": 500,
    "components": [ [ [ "gp_pot", 1 ] ], [ [ "seed_carrot", 1 ] ], [ [ "carrot", 20 ] ] ]
  },
  {
    "type": "recipe",
    "activity_level": "NO_EXERCISE",
    "result": "gp_cotton_boll",
    "category": "CC_OTHER",
    "subcategory": "CSC_OTHER_OTHER",
    "skill_used": "survival",
    "difficulty": 1,
    "time": 500,
    "autolearn": true,
    "components": [ [ [ "gp_pot", 1 ] ], [ [ "seed_cotton_boll", 1 ] ], [ [ "water", 1 ], [ "water_clean", 1 ] ] ]
  },
  {
    "type": "uncraft",
    "activity_level": "NO_EXERCISE",
    "result": "gp_cotton_boll_ready",
    "skill_used": "survival",
    "time": 500,
    "components": [ [ [ "gp_pot", 1 ] ], [ [ "seed_cotton_boll", 1 ] ], [ [ "cotton_boll", 20 ] ] ]
  },
  {
    "type": "recipe",
    "activity_level": "NO_EXERCISE",
    "result": "gp_cabbage",
    "category": "CC_OTHER",
    "subcategory": "CSC_OTHER_OTHER",
    "skill_used": "survival",
    "difficulty": 1,
    "time": 500,
    "autolearn": true,
    "components": [ [ [ "gp_pot", 1 ] ], [ [ "seed_cabbage", 1 ] ], [ [ "water", 1 ], [ "water_clean", 1 ] ] ]
  },
  {
    "type": "uncraft",
    "activity_level": "NO_EXERCISE",
    "result": "gp_cabbage_ready",
    "skill_used": "survival",
    "time": 500,
    "components": [ [ [ "gp_pot", 1 ] ], [ [ "seed_cabbage", 1 ] ], [ [ "cabbage", 20 ] ] ]
  },
  {
    "type": "recipe",
    "activity_level": "NO_EXERCISE",
    "result": "gp_cucumber",
    "category": "CC_OTHER",
    "subcategory": "CSC_OTHER_OTHER",
    "skill_used": "survival",
    "difficulty": 1,
    "time": 500,
    "autolearn": true,
    "components": [ [ [ "gp_pot", 1 ] ], [ [ "seed_cucumber", 1 ] ], [ [ "water", 1 ], [ "water_clean", 1 ] ] ]
  },
  {
    "type": "uncraft",
    "activity_level": "NO_EXERCISE",
    "result": "gp_cucumber_ready",
    "skill_used": "survival",
    "time": 500,
    "components": [ [ [ "gp_pot", 1 ] ], [ [ "cucumber", 20 ] ] ]
  },
  {
    "type": "recipe",
    "activity_level": "NO_EXERCISE",
    "result": "gp_garlic",
    "category": "CC_OTHER",
    "subcategory": "CSC_OTHER_OTHER",
    "skill_used": "survival",
    "difficulty": 1,
    "time": 500,
    "autolearn": true,
    "components": [ [ [ "gp_pot", 1 ] ], [ [ "seed_garlic", 1 ] ], [ [ "water", 1 ], [ "water_clean", 1 ] ] ]
  },
  {
    "type": "uncraft",
    "activity_level": "NO_EXERCISE",
    "result": "gp_garlic_ready",
    "skill_used": "survival",
    "time": 500,
    "components": [ [ [ "gp_pot", 1 ] ], [ [ "garlic", 20 ] ] ]
  }
]
