[
  {
    "type": "monstergroup",
    "name": "GROUP_LAB",
    "monsters": [ { "monster": "mon_BioCo_ScavBot", "weight": 85, "cost_multiplier": 0 } ]
  },
  {
    "type": "monstergroup",
    "name": "GROUP_CENTRAL_LAB",
    "monsters": [ { "monster": "mon_BioCo_ScavBot", "weight": 85, "cost_multiplier": 0 } ]
  },
  {
    "type": "monstergroup",
    "name": "GROUP_SMALL_STATION",
    "monsters": [ { "monster": "mon_BioCo_ScavBot", "weight": 50, "cost_multiplier": 0 } ]
  },
  {
    "type": "monstergroup",
    "name": "GROUP_LARGE_STATION",
    "monsters": [ { "monster": "mon_BioCo_ScavBot", "weight": 85, "cost_multiplier": 0 } ]
  },
  {
    "type": "monstergroup",
    "name": "GROUP_PUBLICWORKERS",
    "monsters": [ { "monster": "mon_BioCo_ScavBot", "weight": 10, "cost_multiplier": 0 } ]
  },
  {
    "type": "monstergroup",
    "name": "GROUP_PHARM",
    "monsters": [ { "monster": "mon_BioCo_ScavBot", "weight": 5, "cost_multiplier": 0 } ]
  },
  {
    "type": "monstergroup",
    "name": "GROUP_ROBOT",
    "monsters": [ { "monster": "mon_BioCo_ScavBot", "weight": 200, "cost_multiplier": 0 } ]
  }
]
