[
  {
    "id": "car_omnicorp",
    "type": "vehicle",
    "name": "Acid Sports Car",
    "//": "Acid as in acid cannon.",
    "blueprint": [
      [ "o-+-o" ],
      [ "+=#'|" ],
      [ "+=#'|" ],
      [ "o-+-o" ]
    ],
    "parts": [
      { "x": 0, "y": 0, "part": "frame_vertical_2" },
      { "x": 0, "y": 0, "part": "seat_leather" },
      { "x": 0, "y": 0, "part": "seatbelt" },
      { "x": 0, "y": 0, "part": "controls" },
      { "x": 0, "y": 0, "part": "dashboard" },
      { "x": 0, "y": 0, "part": "vehicle_alarm" },
      { "x": 0, "y": 0, "part": "horn_car" },
      { "x": 0, "y": 0, "part": "roof" },
      { "x": 0, "y": 1, "part": "frame_vertical_2" },
      { "x": 0, "y": 1, "part": "seat_leather" },
      { "x": 0, "y": 1, "part": "seatbelt" },
      { "x": 0, "y": 1, "part": "roof" },
      { "x": 0, "y": 1, "part": "turret_mount" },
      { "x": 0, "y": 1, "part": "mounted_ocges_biorifle" },
      { "x": 0, "y": -1, "part": "frame_vertical" },
      { "x": 0, "y": -1, "part": "door" },
      { "x": 0, "y": 2, "part": "frame_vertical" },
      { "x": 0, "y": 2, "part": "door" },
      { "x": 1, "y": 0, "part": "frame_horizontal" },
      { "x": 1, "y": 0, "part": "windshield" },
      { "x": 1, "y": 1, "part": "frame_horizontal" },
      { "x": 1, "y": 1, "part": "windshield" },
      { "x": 1, "y": -1, "part": "frame_vertical" },
      { "x": 1, "y": -1, "part": "windshield" },
      { "x": 1, "y": 2, "part": "frame_vertical" },
      { "x": 1, "y": 2, "part": "windshield" },
      { "x": 2, "y": 0, "part": "frame_horizontal" },
      { "x": 2, "y": 0, "part": "halfboard_horizontal" },
      { "x": 2, "y": 0, "part": "engine_v12" },
      { "x": 2, "y": 0, "part": "alternator_car" },
      { "x": 2, "y": 0, "part": "battery_car" },
      { "x": 2, "y": 1, "part": "frame_horizontal" },
      { "x": 2, "y": 1, "part": "halfboard_horizontal" },
      { "x": 2, "y": -1, "part": "frame_nw" },
      { "x": 2, "y": -1, "part": "halfboard_nw" },
      { "x": 2, "y": -1, "parts": [ "wheel_mount_medium_steerable", "wheel_slick" ] },
      { "x": 2, "y": -1, "part": "headlight" },
      { "x": 2, "y": 2, "part": "frame_ne" },
      { "x": 2, "y": 2, "part": "halfboard_ne" },
      { "x": 2, "y": 2, "parts": [ "wheel_mount_medium_steerable", "wheel_slick" ] },
      { "x": 2, "y": 2, "part": "headlight" },
      { "x": -1, "y": 0, "part": "frame_vertical" },
      { "x": -1, "y": 0, "part": "trunk" },
      { "x": -1, "y": 0, "part": "muffler" },
      { "x": -1, "y": 0, "part": "roof" },
      { "x": -1, "y": 1, "part": "frame_vertical" },
      { "x": -1, "y": 1, "part": "trunk" },
      { "x": -1, "y": 1, "part": "roof" },
      { "x": -1, "y": -1, "part": "frame_vertical" },
      { "x": -1, "y": -1, "part": "halfboard_vertical" },
      { "x": -1, "y": -1, "part": "tank", "fuel": "gasoline" },
      { "x": -1, "y": 2, "part": "frame_vertical" },
      { "x": -1, "y": 2, "part": "halfboard_vertical" },
      { "x": -1, "y": 2, "part": "tank", "fuel": "chem_sulphuric_acid" },
      { "x": -2, "y": -1, "part": "frame_horizontal" },
      { "x": -2, "y": -1, "part": "halfboard_sw" },
      { "x": -2, "y": -1, "parts": [ "wheel_mount_medium", "wheel_slick" ] },
      { "x": -2, "y": 0, "part": "frame_horizontal" },
      { "x": -2, "y": 0, "part": "door_trunk" },
      { "x": -2, "y": 1, "part": "frame_horizontal" },
      { "x": -2, "y": 1, "part": "door_trunk" },
      { "x": -2, "y": 2, "part": "frame_horizontal" },
      { "x": -2, "y": 2, "part": "halfboard_se" },
      { "x": -2, "y": 2, "parts": [ "wheel_mount_medium", "wheel_slick" ] }
    ],
    "items": [
      { "x": 0, "y": 0, "chance": 10, "item_groups": [ "snacks_fancy" ] },
      { "x": 0, "y": 1, "chance": 10, "item_groups": [ "snacks_fancy" ] },
      { "x": -1, "y": 0, "chance": 40, "items": [ "acid" ] },
      { "x": -1, "y": 0, "chance": 20, "items": [ "acid", "acid" ] },
      { "x": -1, "y": 0, "chance": 10, "items": [ "acid", "acid" ] },
      { "x": -1, "y": 0, "chance": 5, "items": [ "acid", "acid" ] },
      { "x": -1, "y": 1, "chance": 40, "items": [ "acid" ] },
      { "x": -1, "y": 1, "chance": 20, "items": [ "acid", "acid" ] },
      { "x": -1, "y": 1, "chance": 10, "items": [ "acid", "acid" ] },
      { "x": -1, "y": 1, "chance": 5, "items": [ "acid", "acid" ] }
    ]
  },
  {
    "id": "car_spymaster",
    "type": "vehicle",
    "name": "Spymaster Sports Car",
    "//": "A luxury car with a 'silenced' minigun. Maybe too over-the-top for James Bond but not for this guy.",
    "blueprint": [
      [ "o-+-o" ],
      [ "+=#'|" ],
      [ "+=#'|" ],
      [ "o-+-o" ]
    ],
    "parts": [
      { "x": 0, "y": 0, "part": "frame_vertical_2" },
      { "x": 0, "y": 0, "part": "seat_leather" },
      { "x": 0, "y": 0, "part": "seatbelt" },
      { "x": 0, "y": 0, "part": "controls" },
      { "x": 0, "y": 0, "part": "dashboard" },
      { "x": 0, "y": 0, "part": "vehicle_alarm" },
      { "x": 0, "y": 0, "part": "horn_car" },
      { "x": 0, "y": 0, "part": "roof" },
      { "x": 0, "y": 0, "part": "turret_mount" },
      { "x": 0, "y": 0, "ammo_types": [ "22etc_match" ], "part": "mounted_n8sd_nanogun", "ammo": 100, "ammo_qty": [ 620, 1240 ] },
      { "x": 0, "y": 1, "part": "frame_vertical_2" },
      { "x": 0, "y": 1, "part": "seat_leather" },
      { "x": 0, "y": 1, "part": "seatbelt" },
      { "x": 0, "y": 1, "part": "roof" },
      { "x": 0, "y": -1, "part": "frame_vertical" },
      { "x": 0, "y": -1, "part": "door" },
      { "x": 0, "y": 2, "part": "frame_vertical" },
      { "x": 0, "y": 2, "part": "door" },
      { "x": 1, "y": 0, "part": "frame_horizontal" },
      { "x": 1, "y": 0, "part": "windshield" },
      { "x": 1, "y": 1, "part": "frame_horizontal" },
      { "x": 1, "y": 1, "part": "windshield" },
      { "x": 1, "y": -1, "part": "frame_vertical" },
      { "x": 1, "y": -1, "part": "windshield" },
      { "x": 1, "y": 2, "part": "frame_vertical" },
      { "x": 1, "y": 2, "part": "windshield" },
      { "x": 2, "y": 0, "part": "frame_horizontal" },
      { "x": 2, "y": 0, "part": "halfboard_horizontal" },
      { "x": 2, "y": 0, "part": "engine_v12" },
      { "x": 2, "y": 0, "part": "alternator_car" },
      { "x": 2, "y": 0, "part": "battery_car" },
      { "x": 2, "y": 1, "part": "frame_horizontal" },
      { "x": 2, "y": 1, "part": "halfboard_horizontal" },
      { "x": 2, "y": -1, "part": "frame_nw" },
      { "x": 2, "y": -1, "part": "halfboard_nw" },
      { "x": 2, "y": -1, "parts": [ "wheel_mount_medium_steerable", "wheel_slick" ] },
      { "x": 2, "y": -1, "part": "headlight" },
      { "x": 2, "y": 2, "part": "frame_ne" },
      { "x": 2, "y": 2, "part": "halfboard_ne" },
      { "x": 2, "y": 2, "parts": [ "wheel_mount_medium_steerable", "wheel_slick" ] },
      { "x": 2, "y": 2, "part": "headlight" },
      { "x": -1, "y": 0, "part": "frame_vertical" },
      { "x": -1, "y": 0, "part": "trunk" },
      { "x": -1, "y": 0, "part": "muffler" },
      { "x": -1, "y": 0, "part": "roof" },
      { "x": -1, "y": 1, "part": "frame_vertical" },
      { "x": -1, "y": 1, "part": "trunk" },
      { "x": -1, "y": 1, "part": "roof" },
      { "x": -1, "y": -1, "part": "frame_vertical" },
      { "x": -1, "y": -1, "part": "halfboard_vertical" },
      { "x": -1, "y": -1, "part": "tank", "fuel": "gasoline" },
      { "x": -1, "y": 2, "part": "frame_vertical" },
      { "x": -1, "y": 2, "part": "halfboard_vertical" },
      { "x": -2, "y": -1, "part": "frame_horizontal" },
      { "x": -2, "y": -1, "part": "halfboard_sw" },
      { "x": -2, "y": -1, "parts": [ "wheel_mount_medium", "wheel_slick" ] },
      { "x": -2, "y": 0, "part": "frame_horizontal" },
      { "x": -2, "y": 0, "part": "door_trunk" },
      { "x": -2, "y": 1, "part": "frame_horizontal" },
      { "x": -2, "y": 1, "part": "door_trunk" },
      { "x": -2, "y": 2, "part": "frame_horizontal" },
      { "x": -2, "y": 2, "part": "halfboard_se" },
      { "x": -2, "y": 2, "parts": [ "wheel_mount_medium", "wheel_slick" ] }
    ],
    "items": [
      { "x": 0, "y": 0, "chance": 10, "item_groups": [ "snacks_fancy" ] },
      { "x": 0, "y": 0, "chance": 40, "items": [ "22etc_match" ] },
      { "x": 0, "y": 0, "chance": 20, "items": [ "22etc_match", "22etc_match" ] },
      { "x": 0, "y": 0, "chance": 10, "items": [ "22etc_match", "22etc_match" ] },
      { "x": 0, "y": 0, "chance": 5, "items": [ "22etc_match", "22etc_match" ] },
      { "x": 0, "y": 1, "chance": 10, "item_groups": [ "snacks_fancy" ] }
    ]
  },
  {
    "id": "suv_aeriallabs",
    "type": "vehicle",
    "name": "Laser SUV",
    "//": "A walking gasoline power generator armed with weak but energy-efficient lasers. One of them could be replaced with the starting EMP projector by a character with enough skills to do so.",
    "blueprint": [
      [ "-o-++-o" ],
      [ "+==##'|" ],
      [ "+==##'|" ],
      [ "-o-++-o" ]
    ],
    "parts": [
      { "x": 0, "y": 0, "part": "frame_vertical_2" },
      { "x": 0, "y": 0, "part": "reclining_seat_leather" },
      { "x": 0, "y": 0, "part": "seatbelt" },
      { "x": 0, "y": 0, "part": "controls" },
      { "x": 0, "y": 0, "part": "dashboard" },
      { "x": 0, "y": 0, "part": "vehicle_clock" },
      { "x": 0, "y": 0, "part": "vehicle_alarm" },
      { "x": 0, "y": 0, "part": "stereo" },
      { "x": 0, "y": 0, "part": "horn_car" },
      { "x": 0, "y": 0, "part": "roof" },
      { "x": 0, "y": 1, "part": "frame_vertical_2" },
      { "x": 0, "y": 1, "part": "reclining_seat_leather" },
      { "x": 0, "y": 1, "part": "seatbelt" },
      { "x": 0, "y": 1, "part": "roof" },
      { "x": 0, "y": -1, "part": "frame_vertical" },
      { "x": 0, "y": -1, "part": "door" },
      { "x": 0, "y": 2, "part": "frame_vertical" },
      { "x": 0, "y": 2, "part": "door" },
      { "x": -1, "y": 0, "part": "frame_vertical_2" },
      { "x": -1, "y": 0, "part": "seat_leather" },
      { "x": -1, "y": 0, "part": "seatbelt" },
      { "x": -1, "y": 0, "part": "roof" },
      { "x": -1, "y": 0, "part": "turret_mount" },
      { "x": -1, "y": 0, "part": "mounted_cmes_gun" },
      { "x": -1, "y": 1, "part": "frame_vertical_2" },
      { "x": -1, "y": 1, "part": "seat_leather" },
      { "x": -1, "y": 1, "part": "seatbelt" },
      { "x": -1, "y": 1, "part": "roof" },
      { "x": -1, "y": 1, "part": "turret_mount" },
      { "x": -1, "y": 1, "part": "mounted_cmes_gun" },
      { "x": -1, "y": -1, "part": "frame_vertical" },
      { "x": -1, "y": -1, "part": "door" },
      { "x": -1, "y": 2, "part": "frame_vertical" },
      { "x": -1, "y": 2, "part": "door" },
      { "x": 1, "y": 0, "part": "frame_horizontal" },
      { "x": 1, "y": 0, "part": "windshield" },
      { "x": 1, "y": 1, "part": "frame_horizontal" },
      { "x": 1, "y": 1, "part": "windshield" },
      { "x": 1, "y": -1, "part": "frame_vertical" },
      { "x": 1, "y": -1, "part": "windshield" },
      { "x": 1, "y": 2, "part": "frame_vertical" },
      { "x": 1, "y": 2, "part": "windshield" },
      { "x": 2, "y": 0, "part": "frame_horizontal" },
      { "x": 2, "y": 0, "part": "halfboard_horizontal" },
      { "x": 2, "y": 0, "part": "engine_inline4" },
      { "x": 2, "y": 0, "part": "generator_7500w" },
      { "x": 2, "y": 0, "part": "battery_car" },
      { "x": 2, "y": 1, "part": "frame_horizontal" },
      { "x": 2, "y": 1, "part": "halfboard_horizontal" },
      { "x": 2, "y": 1, "part": "engine_inline4" },
      { "x": 2, "y": 1, "part": "generator_7500w" },
      { "x": 2, "y": 1, "part": "battery_car" },
      { "x": 2, "y": -1, "part": "frame_nw" },
      { "x": 2, "y": -1, "part": "halfboard_nw" },
      { "x": 2, "y": -1, "parts": [ "wheel_mount_medium_steerable", "wheel_wide_or" ] },
      { "x": 2, "y": -1, "part": "headlight" },
      { "x": 2, "y": 2, "part": "frame_ne" },
      { "x": 2, "y": 2, "part": "halfboard_ne" },
      { "x": 2, "y": 2, "parts": [ "wheel_mount_medium_steerable", "wheel_wide_or" ] },
      { "x": 2, "y": 2, "part": "headlight" },
      { "x": -2, "y": 0, "part": "frame_vertical" },
      { "x": -2, "y": 0, "part": "trunk" },
      { "x": -2, "y": 0, "part": "roof" },
      { "x": -2, "y": 0, "part": "turret_mount" },
      { "x": -2, "y": 0, "part": "mounted_cmes_gun" },
      { "x": -2, "y": 1, "part": "frame_vertical" },
      { "x": -2, "y": 1, "part": "trunk" },
      { "x": -2, "y": 1, "part": "roof" },
      { "x": -2, "y": 1, "part": "turret_mount" },
      { "x": -2, "y": 1, "part": "mounted_cmes_gun" },
      { "x": -2, "y": -1, "part": "frame_vertical" },
      { "x": -2, "y": -1, "part": "halfboard_vertical" },
      { "x": -2, "y": -1, "part": "tank", "fuel": "gasoline" },
      { "x": -2, "y": 2, "part": "frame_vertical" },
      { "x": -2, "y": 2, "part": "halfboard_vertical" },
      { "x": -2, "y": 2, "part": "storage_battery_mount" },
      { "x": -2, "y": 2, "part": "large_storage_battery_removable" },
      { "x": -3, "y": 0, "part": "frame_vertical" },
      { "x": -3, "y": 0, "part": "trunk" },
      { "x": -3, "y": 0, "part": "muffler" },
      { "x": -3, "y": 0, "part": "roof" },
      { "x": -3, "y": 1, "part": "frame_vertical" },
      { "x": -3, "y": 1, "part": "trunk" },
      { "x": -3, "y": 1, "part": "roof" },
      { "x": -3, "y": -1, "part": "frame_vertical" },
      { "x": -3, "y": -1, "part": "halfboard_vertical" },
      { "x": -3, "y": -1, "part": "tank", "fuel": "gasoline" },
      { "x": -3, "y": -1, "parts": [ "wheel_mount_medium", "wheel_wide_or" ] },
      { "x": -3, "y": 2, "part": "frame_vertical" },
      { "x": -3, "y": 2, "part": "halfboard_vertical" },
      { "x": -3, "y": 2, "parts": [ "wheel_mount_medium", "wheel_wide_or" ] },
      { "x": -4, "y": -1, "part": "frame_horizontal" },
      { "x": -4, "y": -1, "part": "halfboard_sw" },
      { "x": -4, "y": 0, "part": "frame_horizontal" },
      { "x": -4, "y": 0, "part": "door_trunk" },
      { "x": -4, "y": 1, "part": "frame_horizontal" },
      { "x": -4, "y": 1, "part": "door_trunk" },
      { "x": -4, "y": 2, "part": "frame_horizontal" },
      { "x": -4, "y": 2, "part": "halfboard_se" }
    ],
    "items": [
      { "x": 0, "y": 0, "chance": 16, "items": [ "cig" ] },
      { "x": 0, "y": 0, "chance": 16, "items": [ "lighter" ] },
      { "x": 0, "y": 1, "chance": 1, "items": [ "roadmap" ] },
      { "x": 0, "y": 1, "chance": 10, "items": [ "flashlight" ] },
      { "x": 0, "y": 1, "chance": 5, "items": [ "1st_aid" ] },
      { "x": -1, "y": 0, "chance": 10, "item_groups": [ "snacks_fancy" ] },
      { "x": -1, "y": 1, "chance": 10, "item_groups": [ "snacks_fancy" ] },
      { "x": -2, "y": 1, "chance": 5, "items": [ "screwdriver" ] },
      { "x": -2, "y": 1, "chance": 5, "items": [ "scissors" ] },
      { "x": -2, "y": 1, "chance": 5, "items": [ "crowbar" ] },
      { "x": -2, "y": 1, "chance": 5, "items": [ "jumper_cable" ] },
      { "x": -2, "y": 1, "chance": 15, "items": [ "jack_small", "wheel_wide_or" ] }
    ]
  },
  {
    "id": "suv_leadworks",
    "type": "vehicle",
    "name": "Roadkiller SUV",
    "//": "No turret mounts but deadly thanks to front shredders.",
    "blueprint": [
      [ "-o-++-o*" ],
      [ "+==##'|*" ],
      [ "+==##'|*" ],
      [ "-o-++-o*" ]
    ],
    "parts": [
      { "x": 0, "y": 0, "part": "frame_vertical_2" },
      { "x": 0, "y": 0, "part": "reclining_seat_leather" },
      { "x": 0, "y": 0, "part": "seatbelt" },
      { "x": 0, "y": 0, "part": "controls" },
      { "x": 0, "y": 0, "part": "dashboard" },
      { "x": 0, "y": 0, "part": "vehicle_clock" },
      { "x": 0, "y": 0, "part": "vehicle_alarm" },
      { "x": 0, "y": 0, "part": "stereo" },
      { "x": 0, "y": 0, "part": "horn_car" },
      { "x": 0, "y": 0, "part": "roof" },
      { "x": 0, "y": 1, "part": "frame_vertical_2" },
      { "x": 0, "y": 1, "part": "reclining_seat_leather" },
      { "x": 0, "y": 1, "part": "seatbelt" },
      { "x": 0, "y": 1, "part": "roof" },
      { "x": 0, "y": -1, "part": "frame_vertical" },
      { "x": 0, "y": -1, "part": "door" },
      { "x": 0, "y": 2, "part": "frame_vertical" },
      { "x": 0, "y": 2, "part": "door" },
      { "x": -1, "y": 0, "part": "frame_vertical_2" },
      { "x": -1, "y": 0, "part": "seat_leather" },
      { "x": -1, "y": 0, "part": "seatbelt" },
      { "x": -1, "y": 0, "part": "roof" },
      { "x": -1, "y": 1, "part": "frame_vertical_2" },
      { "x": -1, "y": 1, "part": "seat_leather" },
      { "x": -1, "y": 1, "part": "seatbelt" },
      { "x": -1, "y": 1, "part": "roof" },
      { "x": -1, "y": -1, "part": "frame_vertical" },
      { "x": -1, "y": -1, "part": "door" },
      { "x": -1, "y": 2, "part": "frame_vertical" },
      { "x": -1, "y": 2, "part": "door" },
      { "x": 1, "y": 0, "part": "frame_horizontal" },
      { "x": 1, "y": 0, "part": "windshield" },
      { "x": 1, "y": 1, "part": "frame_horizontal" },
      { "x": 1, "y": 1, "part": "windshield" },
      { "x": 1, "y": -1, "part": "frame_vertical" },
      { "x": 1, "y": -1, "part": "windshield" },
      { "x": 1, "y": 2, "part": "frame_vertical" },
      { "x": 1, "y": 2, "part": "windshield" },
      { "x": 2, "y": 0, "part": "frame_horizontal" },
      { "x": 2, "y": 0, "part": "halfboard_horizontal" },
      { "x": 2, "y": 0, "part": "diesel_engine_v12" },
      { "x": 2, "y": 0, "part": "alternator_car" },
      { "x": 2, "y": 0, "part": "battery_car" },
      { "x": 2, "y": 1, "part": "frame_horizontal" },
      { "x": 2, "y": 1, "part": "halfboard_horizontal" },
      { "x": 2, "y": -1, "part": "frame_nw" },
      { "x": 2, "y": -1, "part": "halfboard_nw" },
      { "x": 2, "y": -1, "parts": [ "wheel_mount_medium_steerable", "wheel_wide_or" ] },
      { "x": 2, "y": -1, "part": "headlight" },
      { "x": 2, "y": 2, "part": "frame_ne" },
      { "x": 2, "y": 2, "part": "halfboard_ne" },
      { "x": 2, "y": 2, "parts": [ "wheel_mount_medium_steerable", "wheel_wide_or" ] },
      { "x": 2, "y": 2, "part": "headlight" },
      { "x": 3, "y": 0, "part": "tearer" },
      { "x": 3, "y": 1, "part": "tearer" },
      { "x": 3, "y": -1, "part": "tearer" },
      { "x": 3, "y": 2, "part": "tearer" },
      { "x": -2, "y": 0, "part": "frame_vertical" },
      { "x": -2, "y": 0, "part": "trunk" },
      { "x": -2, "y": 0, "part": "roof" },
      { "x": -2, "y": 1, "part": "frame_vertical" },
      { "x": -2, "y": 1, "part": "trunk" },
      { "x": -2, "y": 1, "part": "roof" },
      { "x": -2, "y": -1, "part": "frame_vertical" },
      { "x": -2, "y": -1, "part": "halfboard_vertical" },
      { "x": -2, "y": -1, "part": "tank", "fuel": "diesel" },
      { "x": -2, "y": 2, "part": "frame_vertical" },
      { "x": -2, "y": 2, "part": "halfboard_vertical" },
      { "x": -3, "y": 0, "part": "frame_vertical" },
      { "x": -3, "y": 0, "part": "trunk" },
      { "x": -3, "y": 0, "part": "muffler" },
      { "x": -3, "y": 0, "part": "roof" },
      { "x": -3, "y": 1, "part": "frame_vertical" },
      { "x": -3, "y": 1, "part": "trunk" },
      { "x": -3, "y": 1, "part": "roof" },
      { "x": -3, "y": -1, "part": "frame_vertical" },
      { "x": -3, "y": -1, "part": "halfboard_vertical" },
      { "x": -3, "y": -1, "part": "tank", "fuel": "diesel" },
      { "x": -3, "y": -1, "parts": [ "wheel_mount_medium", "wheel_wide_or" ] },
      { "x": -3, "y": 2, "part": "frame_vertical" },
      { "x": -3, "y": 2, "part": "halfboard_vertical" },
      { "x": -3, "y": 2, "parts": [ "wheel_mount_medium", "wheel_wide_or" ] },
      { "x": -4, "y": -1, "part": "frame_horizontal" },
      { "x": -4, "y": -1, "part": "halfboard_sw" },
      { "x": -4, "y": 0, "part": "frame_horizontal" },
      { "x": -4, "y": 0, "part": "door_trunk" },
      { "x": -4, "y": 1, "part": "frame_horizontal" },
      { "x": -4, "y": 1, "part": "door_trunk" },
      { "x": -4, "y": 2, "part": "frame_horizontal" },
      { "x": -4, "y": 2, "part": "halfboard_se" }
    ],
    "items": [
      { "x": 0, "y": 0, "chance": 16, "items": [ "cig" ] },
      { "x": 0, "y": 0, "chance": 16, "items": [ "lighter" ] },
      { "x": 0, "y": 1, "chance": 1, "items": [ "roadmap" ] },
      { "x": 0, "y": 1, "chance": 10, "items": [ "flashlight" ] },
      { "x": 0, "y": 1, "chance": 5, "items": [ "1st_aid" ] },
      { "x": -1, "y": 0, "chance": 10, "item_groups": [ "snacks_fancy" ] },
      { "x": -1, "y": 1, "chance": 10, "item_groups": [ "snacks_fancy" ] },
      { "x": -2, "y": 1, "chance": 5, "items": [ "screwdriver" ] },
      { "x": -2, "y": 1, "chance": 5, "items": [ "scissors" ] },
      { "x": -2, "y": 1, "chance": 5, "items": [ "crowbar" ] },
      { "x": -2, "y": 1, "chance": 5, "items": [ "jumper_cable" ] },
      { "x": -2, "y": 1, "chance": 15, "items": [ "jack_small", "wheel_wide_or" ] }
    ]
  },
  {
    "id": "suv_rivtech",
    "type": "vehicle",
    "name": "Steamer SUV",
    "//": "Using a fuel both less readily available and more abundant than gasoline seems thematically appropriate considering the relative scarcity of ammo for Rivtech guns. No turret mounts but tough superalloy rams guarding its front.",
    "blueprint": [
      [ "-o-++-oX" ],
      [ "+==##'|X" ],
      [ "+==##'|X" ],
      [ "-o-++-oX" ]
    ],
    "parts": [
      { "x": 0, "y": 0, "part": "frame_vertical_2" },
      { "x": 0, "y": 0, "part": "reclining_seat_leather" },
      { "x": 0, "y": 0, "part": "seatbelt" },
      { "x": 0, "y": 0, "part": "controls" },
      { "x": 0, "y": 0, "part": "dashboard" },
      { "x": 0, "y": 0, "part": "vehicle_clock" },
      { "x": 0, "y": 0, "part": "vehicle_alarm" },
      { "x": 0, "y": 0, "part": "stereo" },
      { "x": 0, "y": 0, "part": "horn_car" },
      { "x": 0, "y": 0, "part": "roof" },
      { "x": 0, "y": 1, "part": "frame_vertical_2" },
      { "x": 0, "y": 1, "part": "reclining_seat_leather" },
      { "x": 0, "y": 1, "part": "seatbelt" },
      { "x": 0, "y": 1, "part": "roof" },
      { "x": 0, "y": -1, "part": "frame_vertical" },
      { "x": 0, "y": -1, "part": "door" },
      { "x": 0, "y": 2, "part": "frame_vertical" },
      { "x": 0, "y": 2, "part": "door" },
      { "x": -1, "y": 0, "part": "frame_vertical_2" },
      { "x": -1, "y": 0, "part": "seat_leather" },
      { "x": -1, "y": 0, "part": "seatbelt" },
      { "x": -1, "y": 0, "part": "roof" },
      { "x": -1, "y": 1, "part": "frame_vertical_2" },
      { "x": -1, "y": 1, "part": "seat_leather" },
      { "x": -1, "y": 1, "part": "seatbelt" },
      { "x": -1, "y": 1, "part": "roof" },
      { "x": -1, "y": -1, "part": "frame_vertical" },
      { "x": -1, "y": -1, "part": "door" },
      { "x": -1, "y": 2, "part": "frame_vertical" },
      { "x": -1, "y": 2, "part": "door" },
      { "x": 1, "y": 0, "part": "frame_horizontal" },
      { "x": 1, "y": 0, "part": "windshield" },
      { "x": 1, "y": 1, "part": "frame_horizontal" },
      { "x": 1, "y": 1, "part": "windshield" },
      { "x": 1, "y": -1, "part": "frame_vertical" },
      { "x": 1, "y": -1, "part": "windshield" },
      { "x": 1, "y": 2, "part": "frame_vertical" },
      { "x": 1, "y": 2, "part": "windshield" },
      { "x": 2, "y": 0, "part": "frame_horizontal" },
      { "x": 2, "y": 0, "part": "halfboard_horizontal" },
      { "x": 2, "y": 0, "part": "engine_steam_medium" },
      { "x": 2, "y": 0, "part": "alternator_car" },
      { "x": 2, "y": 0, "part": "battery_car" },
      { "x": 2, "y": 1, "part": "frame_horizontal" },
      { "x": 2, "y": 1, "part": "halfboard_horizontal" },
      { "x": 2, "y": -1, "part": "frame_nw" },
      { "x": 2, "y": -1, "part": "halfboard_nw" },
      { "x": 2, "y": -1, "parts": [ "wheel_mount_medium_steerable", "wheel_wide_or" ] },
      { "x": 2, "y": -1, "part": "headlight" },
      { "x": 2, "y": 2, "part": "frame_ne" },
      { "x": 2, "y": 2, "part": "halfboard_ne" },
      { "x": 2, "y": 2, "parts": [ "wheel_mount_medium_steerable", "wheel_wide_or" ] },
      { "x": 2, "y": 2, "part": "headlight" },
      { "x": 3, "y": 0, "part": "ram_alloy" },
      { "x": 3, "y": 1, "part": "ram_alloy" },
      { "x": 3, "y": -1, "part": "ram_alloy" },
      { "x": 3, "y": 2, "part": "ram_alloy" },
      { "x": -2, "y": 0, "part": "frame_vertical" },
      { "x": -2, "y": 0, "part": "trunk" },
      { "x": -2, "y": 0, "part": "roof" },
      { "x": -2, "y": 1, "part": "frame_vertical" },
      { "x": -2, "y": 1, "part": "trunk" },
      { "x": -2, "y": 1, "part": "roof" },
      { "x": -2, "y": -1, "part": "frame_vertical" },
      { "x": -2, "y": -1, "part": "halfboard_vertical" },
      { "x": -2, "y": -1, "part": "fuel_bunker", "fuel": "coal_lump" },
      { "x": -2, "y": 2, "part": "frame_vertical" },
      { "x": -2, "y": 2, "part": "halfboard_vertical" },
      { "x": -3, "y": 0, "part": "frame_vertical" },
      { "x": -3, "y": 0, "part": "trunk" },
      { "x": -3, "y": 0, "part": "muffler" },
      { "x": -3, "y": 0, "part": "roof" },
      { "x": -3, "y": 1, "part": "frame_vertical" },
      { "x": -3, "y": 1, "part": "trunk" },
      { "x": -3, "y": 1, "part": "roof" },
      { "x": -3, "y": -1, "part": "frame_vertical" },
      { "x": -3, "y": -1, "part": "halfboard_vertical" },
      { "x": -3, "y": -1, "part": "fuel_bunker", "fuel": "coal_lump" },
      { "x": -3, "y": -1, "parts": [ "wheel_mount_medium", "wheel_wide_or" ] },
      { "x": -3, "y": 2, "part": "frame_vertical" },
      { "x": -3, "y": 2, "part": "halfboard_vertical" },
      { "x": -3, "y": 2, "parts": [ "wheel_mount_medium", "wheel_wide_or" ] },
      { "x": -4, "y": -1, "part": "frame_horizontal" },
      { "x": -4, "y": -1, "part": "halfboard_sw" },
      { "x": -4, "y": 0, "part": "frame_horizontal" },
      { "x": -4, "y": 0, "part": "door_trunk" },
      { "x": -4, "y": 1, "part": "frame_horizontal" },
      { "x": -4, "y": 1, "part": "door_trunk" },
      { "x": -4, "y": 2, "part": "frame_horizontal" },
      { "x": -4, "y": 2, "part": "halfboard_se" }
    ],
    "items": [
      { "x": 0, "y": 0, "chance": 16, "items": [ "cig" ] },
      { "x": 0, "y": 0, "chance": 16, "items": [ "lighter" ] },
      { "x": 0, "y": 1, "chance": 1, "items": [ "roadmap" ] },
      { "x": 0, "y": 1, "chance": 10, "items": [ "flashlight" ] },
      { "x": 0, "y": 1, "chance": 5, "items": [ "1st_aid" ] },
      { "x": -1, "y": 0, "chance": 10, "item_groups": [ "snacks_fancy" ] },
      { "x": -1, "y": 1, "chance": 10, "item_groups": [ "snacks_fancy" ] },
      { "x": -2, "y": 1, "chance": 5, "items": [ "screwdriver" ] },
      { "x": -2, "y": 1, "chance": 5, "items": [ "scissors" ] },
      { "x": -2, "y": 1, "chance": 5, "items": [ "crowbar" ] },
      { "x": -2, "y": 1, "chance": 5, "items": [ "jumper_cable" ] },
      { "x": -2, "y": 1, "chance": 15, "items": [ "jack_small", "wheel_wide_or" ] }
    ]
  }
]