[
  {
    "id": "bot_sniperrobot",
    "type": "TOOL",
    "symbol": "@",
    "color": "green",
    "name": { "str": "inactive sniper joe" },
    "description": "This is an inactive Sniper Joe. Sniper Joes are advanced robots capable of combat and have substantial armor.",
    "price": "30000 USD",
    "material": [ "steel", "superalloy" ],
    "weight": "150000 g",
    "volume": "19500 ml",
    "bashing": 8,
    "cutting": 0,
    "to_hit": -7,
    "max_charges": 0,
    "initial_charges": 0,
    "charges_per_use": 0,
    "turns_per_charge": 0,
    "use_action": {
      "type": "place_monster",
      "monster_id": "mon_sniper",
      "difficulty": 5,
      "skills": [ "electronics", "mechanics" ],
      "hostile_msg": "You've made a mistake, and the sniper joe turns on you!",
      "friendly_msg": "The sniper joe activates and it's visor glows eerily.",
      "place_randomly": false,
      "moves": 120
    }
  }
]
