[
  {
    "type": "item_group",
    "id": "tools_home",
    "items": [ [ "3d_printer", 2 ], [ "3d_factory", 1 ] ]
  },
  {
    "type": "item_group",
    "id": "consumer_electronics",
    "items": [ [ "3d_printer", 3 ], [ "3d_factory", 2 ], [ "cnc_workstation", 1 ] ]
  },
  {
    "type": "item_group",
    "id": "electronics",
    "items": [ [ "3d_printer", 3 ], [ "3d_factory", 2 ], [ "cnc_workstation", 1 ] ]
  },
  {
    "type": "item_group",
    "id": "tools_gunsmith",
    "items": [ [ "cnc_workstation", 10 ] ]
  },
  {
    "type": "item_group",
    "id": "tools_robotics",
    "items": [ [ "laptop_working", 2 ], [ "laptop_working_ubuntu", 1 ] ]
  }
]
