[
  {
    "type": "material",
    "id": "myomer",
    "name": "myomer",
    "density": 6,
    "soft": true,
    "bash_resist": 2,
    "cut_resist": 2,
    "acid_resist": 2,
    "fire_resist": 2,
    "elec_resist": 2,
    "chip_resist": 70,
    "bullet_resist": 1,
    "repaired_with": "cbma_myomer_fiber",
    "dmg_adj": [ "scratched", "cut", "shredded", "tattered" ],
    "bash_dmg_verb": "ripped",
    "cut_dmg_verb": "sliced"
  },
  {
    "type": "material",
    "id": "myomer_on",
    "name": "myomer",
    "density": 6,
    "soft": true,
    "bash_resist": 12,
    "cut_resist": 12,
    "acid_resist": 12,
    "fire_resist": 12,
    "elec_resist": 12,
    "chip_resist": 70,
    "bullet_resist": 9,
    "dmg_adj": [ "scratched", "cut", "shredded", "tattered" ],
    "bash_dmg_verb": "ripped",
    "cut_dmg_verb": "sliced"
  },
  {
    "type": "material",
    "id": "refinedalloy",
    "name": "Superalloy",
    "density": 26,
    "bash_resist": 14,
    "cut_resist": 12,
    "acid_resist": 25,
    "fire_resist": 27,
    "elec_resist": 0,
    "chip_resist": 20,
    "bullet_resist": 9,
    "dmg_adj": [ "marked", "dented", "smashed", "shattered" ],
    "bash_dmg_verb": "dented",
    "cut_dmg_verb": "scratched"
  }
]
