[
  {
    "type": "profession",
    "id": "cbma_test_prof",
    "name": "Debugger for CBMA",
    "description": "For those cheaters out there.",
    "points": 8,
    "items": {
      "both": {
        "items": [
          "cbma_enhanced_armor",
          "cbma_enhanced_helmet",
          "cbma_enhanced_gloves",
          "cbma_enhanced_boots",
          "cbma_enhanced_duster",
          "cbma_inner_suite"
        ],
        "entries": [
          { "item": "cbma_bionic_armor", "custom-flags": [ "no_auto_equip" ] },
          { "item": "cbma_bionic_helmet", "custom-flags": [ "no_auto_equip" ] },
          { "item": "cbma_bionic_mask", "custom-flags": [ "no_auto_equip" ] },
          { "item": "cbma_bionic_gloves", "custom-flags": [ "no_auto_equip" ] },
          { "item": "cbma_bionic_boots", "custom-flags": [ "no_auto_equip" ] },
          { "item": "cbma_bionic_duster", "custom-flags": [ "no_auto_equip" ] },
          { "item": "cbma_carry_frame", "custom-flags": [ "no_auto_equip" ] },
          { "item": "cbma_em_railrifle", "custom-flags": [ "no_auto_equip" ] },
          { "item": "cbma_em_railrifle_as", "custom-flags": [ "no_auto_equip" ] },
          { "item": "cbma_pilehammer_exp", "custom-flags": [ "no_auto_equip" ] },
          { "item": "cbma_pilehammer_emp", "custom-flags": [ "no_auto_equip" ] },
          { "item": "cbma_mono_cutter", "custom-flags": [ "no_auto_equip" ] },
          { "item": "cbma_mono_knife", "custom-flags": [ "no_auto_equip" ] },
          { "item": "cbma_mono_sword", "custom-flags": [ "no_auto_equip" ] },
          { "item": "cbma_mono_spear", "custom-flags": [ "no_auto_equip" ] },
          { "item": "cbma_alloy_pile", "custom-flags": [ "no_auto_equip" ] },
          { "item": "cbma_mono_throw_dagger", "charges": 10, "custom-flags": [ "no_auto_equip" ] },
          { "item": "cbma_pile_ammo", "charges": 60 },
          { "item": "cbma_em_rail_iron", "charges": 50 },
          { "item": "cbma_em_rail_steel", "charges": 50 },
          { "item": "cbma_em_rail_alloy", "charges": 50 },
          { "item": "plut_cell", "charges": 500 },
          { "item": "cbma_em_railmag" }
        ]
      }
    }
  }
]
