[
  {
    "type": "sound_effect",
    "id": "fire_gun",
    "volume": 90,
    "variant": "cbma_pilehammer_exp",
    "files": [ "guns/pumpshotgun_generic/weapon_fire_20x66.ogg" ]
  },
  {
    "type": "sound_effect",
    "id": "reload",
    "volume": 100,
    "variant": "cbma_pilehammer_exp",
    "files": [ "guns/pumpshotgun_generic/weapon_reload.ogg" ]
  },
  {
    "type": "sound_effect",
    "id": "fire_gun",
    "volume": 90,
    "variant": "cbma_pilehammer_emp",
    "files": [ "guns/energy_generic/weapon_fire_railgun.ogg" ]
  },
  {
    "type": "sound_effect",
    "id": "fire_gun",
    "volume": 90,
    "variant": "cbma_em_railrifle",
    "files": [ "guns/energy_generic/weapon_fire_railgun.ogg" ]
  },
  {
    "type": "sound_effect",
    "id": "reload",
    "volume": 100,
    "variant": "cbma_em_railrifle",
    "files": [ "guns/pumpshotgun_generic/weapon_reload.ogg" ]
  },
  {
    "type": "sound_effect",
    "id": "fire_gun",
    "volume": 90,
    "variant": "cbma_em_railrifle_as",
    "files": [ "guns/energy_generic/weapon_fire_railgun.ogg" ]
  },
  {
    "type": "sound_effect",
    "id": "reload",
    "volume": 100,
    "variant": "cbma_em_railrifle_as",
    "files": [ "guns/boltrifle_generic/weapon_reload_mag.ogg" ]
  }
]
