[
  {
    "id": "cbma_monoblade_part",
    "type": "GENERIC",
    "category": "spare_parts",
    "name": { "str": "Monomolecular blade (part)", "str_pl": "Monomolecular blades (part)" },
    "description": "An extracted blade of a monomolecular blade.",
    "weight": "50 g",
    "color": "dark_gray",
    "symbol": "{",
    "looks_like": "spike",
    "material": [ "superalloy" ],
    "volume": "250 ml"
  },
  {
    "id": "cbma_mono_cutter",
    "type": "TOOL",
    "category": "weapons",
    "name": { "str": "Monomolecular cutter", "str_pl": "Monomolecular cutters" },
    "description": "I have connected a simple handle to the blade of a monomolecular blade. It is difficult to treat as a weapon, but it looks like it can be treated as a tool.",
    "weight": "100 g",
    "to_hit": 1,
    "color": "dark_gray",
    "symbol": "{",
    "looks_like": "carver_off",
    "material": [ "plastic", "superalloy" ],
    "volume": "250 ml",
    "cutting": 7,
    "flags": [ "SHEATH_KNIFE", "TRADER_AVOID" ],
    "qualities": [ [ "CUT", 1 ], [ "CUT_FINE", 2 ], [ "BUTCHER", 22 ] ]
  },
  {
    "id": "cbma_mono_knife",
    "type": "TOOL",
    "category": "weapons",
    "name": { "str": "Monomolecular knife", "str_pl": "Monomolecular knives" },
    "description": "The handle is welded to the blade of the monomolecular blade and can be used as a weapon. The connection is a bit gritty but maybe it's ok.",
    "weight": "150 g",
    "to_hit": 2,
    "color": "dark_gray",
    "symbol": "{",
    "looks_like": "carver_off",
    "material": [ "steel", "superalloy" ],
    "volume": "750 ml",
    "cutting": 24,
    "techniques": [ "RAPID" ],
    "flags": [ "DURABLE_MELEE", "SHEATH_KNIFE", "TRADER_AVOID" ],
    "qualities": [ [ "CUT", 1 ], [ "BUTCHER", 22 ] ]
  },
  {
    "id": "cbma_mono_sword",
    "type": "TOOL",
    "category": "weapons",
    "name": { "str": "Monomolecular sword", "str_pl": "Monomolecular swords" },
    "description": "The durability as a weapon has been greatly improved by making the whole superalloy made of a monomolecular knife. If it is this, a weapon will be fine even if it is stepped on by a giant zombie.",
    "weight": "200 g",
    "to_hit": 2,
    "color": "dark_gray",
    "symbol": "{",
    "looks_like": "sword_crude",
    "material": [ "superalloy" ],
    "volume": "1500 ml",
    "cutting": 45,
    "techniques": [ "RAPID", "WBLOCK_2" ],
    "flags": [ "UNBREAKABLE_MELEE", "SHEATH_SWORD", "NONCONDUCTIVE", "TRADER_AVOID" ],
    "qualities": [ [ "CUT", 1 ], [ "BUTCHER", 22 ] ]
  },
  {
    "id": "cbma_mono_spear",
    "type": "GENERIC",
    "category": "weapons",
    "name": { "str": "Monomolecular spear", "str_pl": "Monomolecular spears" },
    "description": "A scaly weapon with a long handle attached to the blade of a monomolecular knife. Even a concrete wall is likely to be pierced... not really.",
    "weight": "480 g",
    "to_hit": 2,
    "color": "dark_gray",
    "symbol": "{",
    "looks_like": "spear_knife",
    "material": [ "steel", "superalloy" ],
    "volume": "2 L",
    "bashing": 8,
    "cutting": 38,
    "techniques": [ "IMPALE", "WIDE", "RAPID", "PRECISE", "WBLOCK_2" ],
    "flags": [ "DURABLE_MELEE", "SPEAR", "REACH_ATTACK", "TRADER_AVOID" ]
  },
  {
    "id": "cbma_alloy_pile",
    "type": "GENERIC",
    "category": "weapons",
    "name": { "str": "Superalloy spike", "str_pl": "Superalloy spike" },
    "description": "It is a heavy and large pile made of superalloy. There is nothing I can not treat as a weapon.",
    "weight": "6480 g",
    "to_hit": -2,
    "color": "dark_gray",
    "symbol": "{",
    "looks_like": "pipe",
    "material": [ "superalloy" ],
    "volume": "4 L",
    "bashing": 28,
    "cutting": 8,
    "flags": [ "UNBREAKABLE_MELEE", "ALWAYS_TWOHAND", "TRADER_AVOID" ]
  },
  {
    "id": "cbma_mono_throw_dagger",
    "type": "AMMO",
    "category": "weapons",
    "name": { "str": "Monomolecular throwing dagger", "str_pl": "Monomolecular throwing daggers" },
    "description": "It is a small knife that is easy to throw as a monomolecular blade. It is not suitable for swinging directly because it is processed to a shape and weight that is easy to throw.",
    "weight": "250 g",
    "volume": "500 ml",
    "price": 200,
    "cutting": 4,
    "material": [ "steel", "superalloy" ],
    "symbol": ";",
    "color": "dark_gray",
    "looks_like": "throwing_knife",
    "count": 2,
    "ammo_type": "thrown",
    "thrown_damage": [ { "damage_type": "stab", "amount": 20 }, { "damage_type": "bash", "amount": 20 } ],
    "flags": [ "DURABLE_MELEE", "NOGIB", "TRADER_AVOID" ]
  }
]
