[
  {
    "id": "cbma_em_railrifle",
    "type": "GUN",
    "name": { "str": "EM railgun", "str_pl": "EM railguns" },
    "description": "A type of railgun that accelerates and ejects a projectile by electromagnetic induction. The projectile to be ejected is semi-plasma and can not be reused because it dissolves at the time of impact.",
    "weight": "12500 g",
    "volume": "5 L",
    "price": "16500 USD",
    "to_hit": -4,
    "bashing": 12,
    "material": [ "steel", "superalloy" ],
    "skill": "rifle",
    "symbol": "(",
    "color": "dark_gray",
    "looks_like": "hk_g80",
    "ammo": [ "cbma_em_rail" ],
    "ammo_effects": [ "PLASMA", "INCENDIARY" ],
    "range": 0,
    "ranged_damage": { "damage_type": "stab", "amount": 10 },
    "dispersion": 40,
    "durability": 8,
    "barrel_volume": "1250 ml",
    "clip_size": 8,
    "pocket_data": [ { "pocket_type": "MAGAZINE", "rigid": true, "ammo_restriction": { "cbma_em_rail": 8 } } ],
    "reload": 120,
    "reload_noise_volume": 10,
    "valid_mod_locations": [ [ "accessories", 4 ], [ "grip", 1 ], [ "rail", 1 ], [ "sights", 1 ], [ "stock", 1 ], [ "underbarrel", 1 ] ],
    "flags": [ "NEVER_JAMS", "RELOAD_ONE" ]
  },
  {
    "id": "cbma_em_railrifle_as",
    "type": "GUN",
    "name": { "str": "Improved EM railgun", "str_pl": "Improved EM railguns" },
    "description": "A type of railgun that accelerates and ejects a projectile by electromagnetic induction. The acceleration rail is shortened, and multiple parallelization is provided with a pseudo blaze function. Also, because the ammunition is made into a magazine, the time for reloading is shortened.",
    "weight": "20000 g",
    "volume": "8 L",
    "price": "16500 USD",
    "to_hit": -4,
    "bashing": 12,
    "material": [ "steel", "superalloy" ],
    "skill": "rifle",
    "symbol": "(",
    "color": "dark_gray",
    "looks_like": "hk_g80",
    "ammo": [ "cbma_em_rail" ],
    "ammo_effects": [ "PLASMA", "INCENDIARY" ],
    "range": 0,
    "ranged_damage": { "damage_type": "stab", "amount": 10 },
    "dispersion": 90,
    "durability": 8,
    "barrel_volume": "750 ml",
    "reload": 100,
    "reload_noise_volume": 10,
    "valid_mod_locations": [ [ "accessories", 4 ], [ "grip", 1 ], [ "rail", 1 ], [ "sights", 1 ], [ "stock", 1 ], [ "underbarrel", 1 ] ],
    "pocket_data": [
      {
        "pocket_type": "MAGAZINE_WELL",
        "holster": true,
        "max_contains_volume": "20 L",
        "magazine_well": "250 ml",
        "max_contains_weight": "20 kg",
        "item_restriction": [ "cbma_em_railmag" ]
      }
    ],
    "flags": [ "MODE_BURST", "NEVER_JAMS" ]
  },
  {
    "id": "cbma_pilehammer_exp",
    "type": "GUN",
    "name": { "str": "Explosive pile hammer", "str_pl": "Explosive pile hammers" },
    "description": "It is a weapon that shoots a superalloy 'pile' at a super high speed and short distance by the explosive power of glaze loaded in the medicine room. It's terribly embarrassing and bad, but you can see as many blows as there is nothing to compare.",
    "weight": "17500 g",
    "volume": "7 L",
    "price": "16500 USD",
    "to_hit": 1,
    "bashing": 12,
    "cutting": 24,
    "material": [ "steel", "superalloy" ],
    "symbol": "|",
    "color": "dark_gray",
    "skill": "melee",
    "ammo": [ "cbma_ammo_pile" ],
    "range": 2,
    "ranged_damage": { "damage_type": "stab", "amount": 250, "armor_penetration": 128 },
    "dispersion": 0,
    "sight_dispersion": 0,
    "durability": 8,
    "reload": 100,
    "reload_noise_volume": 10,
    "clip_size": 6,
    "pocket_data": [ { "pocket_type": "MAGAZINE", "rigid": true, "ammo_restriction": { "cbma_ammo_pile": 6 } } ],
    "flags": [ "NEVER_JAMS", "RELOAD_ONE", "FIRE_TWOHAND", "ALWAYS_TWOHAND", "UNBREAKABLE_MELEE" ]
  },
  {
    "id": "cbma_pilehammer_emp",
    "type": "GUN",
    "name": { "str": "EM pile hammer", "str_pl": "EM pile hammers" },
    "description": "Instead of the explosive power of glaze, it is a weapon that shoots a superalloy “pile” at an ultra-high speed and short distance by electromagnetic induction. Although it consumes a great deal of power and is less powerful than a glazed type, EMP generated by electromagnetic induction can be expected to cause more damage to robots etc.",
    "weight": "17500 g",
    "volume": "7 L",
    "price": "16500 USD",
    "to_hit": 1,
    "bashing": 12,
    "cutting": 24,
    "material": [ "steel", "superalloy" ],
    "symbol": "|",
    "color": "dark_gray",
    "skill": "melee",
    "ups_charges": 250,
    "range": 2,
    "ranged_damage": { "damage_type": "stab", "amount": 125, "armor_penetration": 128 },
    "dispersion": 0,
    "sight_dispersion": 0,
    "durability": 8,
    "reload": 0,
    "recoil": 4900,
    "loudness": 75,
    "ammo_effects": [ "EMP", "WIDE" ],
    "flags": [ "NEVER_JAMS", "FIRE_TWOHAND", "ALWAYS_TWOHAND", "UNBREAKABLE_MELEE", "NO_UNLOAD" ]
  }
]
