[
  {
    "type": "mod_tileset",
    "compatibility": [
      "Chibi_Ultica",
      "UltimateCataclysm",
      "MshockXottoplus",
      "UNDEAD_PEOPLE",
      "UNDEAD_PEOPLE_BASE",
      "UNDEAD_PEOPLE_LEGACY",
      "UlticaShell",
      "MshockXottoplus12",
      "MSX++DEAD_PEOPLE",
      "MXplus12_for_cosmetics"
    ],
    "tiles-new": [
      {
        "file": "tiles/CBMA_tiles.png",
        "tiles": [
          {
            "id": [
              "overlay_wielded_cbma_pilehammer_exp",
              "overlay_wielded_cbma_pilehammer_emp",
              "cbma_pilehammer_exp",
              "cbma_pilehammer_emp"
            ],
            "fg": 0,
            "rotates": false
          },
          {
            "id": [
              "overlay_wielded_cbma_em_railrifle",
              "overlay_wielded_cbma_em_railrifle_as",
              "cbma_em_railrifle",
              "cbma_em_railrifle_as"
            ],
            "fg": 1,
            "rotates": false
          },
          {
            "id": [
              "overlay_worn_cbma_bionic_helmet",
              "overlay_worn_cbma_bionic_mask",
              "overlay_worn_cbma_enhanced_helmet",
              "overlay_worn_cbma_enhanced_helmet_on",
              "overlay_worn_cbma_enhanced_helmet_ups",
              "overlay_worn_cbma_enhanced_helmet_ups_on"
            ],
            "fg": 2,
            "rotates": false
          }
        ]
      }
    ]
  }
]
