[
  {
    "result": "bio_blade",
    "activity_level": "NO_EXERCISE",
    "type": "uncraft",
    "skill_used": "electronics",
    "difficulty": 7,
    "skills_required": [ "firstaid", 5 ],
    "time": 50000,
    "using": [ [ "soldering_standard", 20 ] ],
    "qualities": [ { "id": "SCREW", "level": 1 } ],
    "components": [ [ [ "burnt_out_bionic", 1 ] ], [ [ "cbma_monoblade_part", 2 ] ] ]
  },
  {
    "result": "bio_str_enhancer",
    "activity_level": "NO_EXERCISE",
    "type": "uncraft",
    "skill_used": "electronics",
    "difficulty": 7,
    "skills_required": [ "firstaid", 5 ],
    "time": 50000,
    "using": [ [ "soldering_standard", 20 ] ],
    "qualities": [ { "id": "SCREW", "level": 1 } ],
    "components": [ [ [ "burnt_out_bionic", 1 ] ], [ [ "cbma_myomer_fiber", 2 ] ] ]
  },
  {
    "result": "cbma_myomer_fiber_dupe_done",
    "activity_level": "NO_EXERCISE",
    "type": "uncraft",
    "skill_used": "firstaid",
    "difficulty": 5,
    "time": 1000,
    "components": [ [ [ "flask_glass", 1 ] ], [ [ "cbma_myomer_fiber", 1 ] ] ]
  }
]
