[
  {
    "type": "requirement",
    "id": "cbma_req_qualities",
    "qualities": [
      { "id": "CUT", "level": 1 },
      { "id": "CUT_FINE", "level": 2 },
      { "id": "GLARE", "level": 1 },
      { "id": "HAMMER_FINE", "level": 1 },
      { "id": "SCREW_FINE", "level": 1 },
      { "id": "SAW_M_FINE", "level": 1 },
      { "id": "SEW", "level": 1 }
    ]
  },
  {
    "type": "requirement",
    "id": "cbma_req_tool_armor",
    "tools": [
      [ [ "welder", 200 ], [ "welder_crude", 300 ], [ "toolset", 300 ], [ "oxy_torch", 40 ] ],
      [ [ "soldering_iron", 200 ], [ "toolset", 200 ] ],
      [ [ "cbma_mono_cutter", -1 ] ]
    ]
  },
  {
    "type": "requirement",
    "id": "cbma_req_tool_weapon_melee",
    "tools": [
      [ [ "welder", 200 ], [ "welder_crude", 300 ], [ "toolset", 300 ], [ "oxy_torch", 40 ] ],
      [ [ "soldering_iron", 200 ], [ "toolset", 200 ] ],
      [ [ "tongs", -1 ] ],
      [ [ "anvil", -1 ] ],
      [ [ "swage", -1 ] ],
      [ [ "forge", 450 ], [ "oxy_torch", 90 ] ]
    ]
  },
  {
    "type": "requirement",
    "id": "cbma_req_tool_weapon_ranged",
    "tools": [
      [ [ "welder", 300 ], [ "welder_crude", 450 ], [ "toolset", 450 ], [ "oxy_torch", 60 ] ],
      [ [ "soldering_iron", 200 ], [ "toolset", 200 ] ],
      [ [ "cbma_mono_cutter", -1 ] ]
    ]
  },
  {
    "type": "requirement",
    "id": "cbma_req_tool_ammo",
    "qualities": [
      { "id": "HAMMER_FINE", "level": 1 },
      { "id": "SAW_M_FINE", "level": 1 },
      { "id": "GLARE", "level": 1 },
      { "id": "CHISEL", "level": 3 }
    ],
    "tools": [ [ [ "tongs", -1 ] ], [ [ "anvil", -1 ] ], [ [ "swage", -1 ] ], [ [ "forge", 10 ], [ "oxy_torch", 2 ] ] ]
  }
]
