[
  {
    "id": "cbma_pile_ammo",
    "type": "AMMO",
    "name": { "str": "Molded glaze", "str_pl": "Molded glaze" },
    "description": "It is a molded glaze used for firing the glaze hammer. Steel exteriors are damaged at launch and can not be reused.",
    "weight": "30 g",
    "volume": "250 ml",
    "price": "0 cent",
    "material": [ "powder", "steel" ],
    "symbol": "=",
    "looks_like": "unfinished_charcoal",
    "count": 6,
    "stack_size": 6,
    "ammo_type": "cbma_ammo_pile",
    "range": 0,
    "damage": { "damage_type": "stab", "amount": 0, "armor_penetration": 0 },
    "dispersion": 0,
    "recoil": 19800,
    "loudness": 325,
    "effects": [ "NEVER_MISFIRES", "COOKOFF", "MUZZLE_SMOKE", "WIDE" ]
  },
  {
    "id": "cbma_em_rail_iron",
    "type": "AMMO",
    "name": { "str": "Iron electromagnetic projectile", "str_pl": "Iron electromagnetic projectiles" },
    "description": "A rod for electromagnetic projectile guns made of iron. It is easy to make, but it is fragile compared to other EM projectiles, so it lacks flight distance and stability.",
    "weight": "15 g",
    "volume": "250 ml",
    "price": "0 cent",
    "material": [ "iron" ],
    "symbol": "=",
    "looks_like": "arrow_metal_sharpened_fletched",
    "count": 10,
    "stack_size": 10,
    "ammo_type": "cbma_em_rail",
    "range": 45,
    "damage": { "damage_type": "stab", "amount": 65, "armor_penetration": 10 },
    "dispersion": 30,
    "recoil": 0,
    "loudness": 25,
    "effects": [ "NEVER_MISFIRES" ]
  },
  {
    "id": "cbma_em_rail_steel",
    "copy-from": "cbma_em_rail_iron",
    "type": "AMMO",
    "name": { "str": "Steel electromagnetic projectile", "str_pl": "Steel electromagnetic projectiles" },
    "description": "A rod for electromagnetic projectile guns made of steel. It is a standard projectile with stable performance.",
    "material": [ "steel" ],
    "relative": { "damage": { "damage_type": "stab", "amount": 15, "armor_penetration": 5 }, "range": 5, "dispersion": -15 }
  },
  {
    "id": "cbma_em_rail_alloy",
    "copy-from": "cbma_em_rail_iron",
    "type": "AMMO",
    "name": { "str": "Superalloy electromagnetic projectile", "str_pl": "Superalloy electromagnetic projectiles" },
    "description": "A rod for electromagnetic projectile guns made of superalloy. It is a projectile with high performance due to its excellent electrical and chemical properties.",
    "material": [ "superalloy" ],
    "relative": { "damage": { "damage_type": "stab", "amount": 55, "armor_penetration": 30 }, "range": 15, "dispersion": -30 }
  },
  {
    "id": "cbma_em_railmag",
    "type": "MAGAZINE",
    "name": { "str": "Electromagnetic projectile magazine", "str_pl": "Electromagnetic projectile magazines" },
    "description": "A magazine dedicated to the improved electromagnetic projectile gun. You can load up to 20 rods.",
    "weight": "150 g",
    "volume": "500 ml",
    "price": "0 cent",
    "material": [ "steel" ],
    "symbol": "#",
    "looks_like": "blrmag",
    "ammo_type": [ "cbma_em_rail" ],
    "capacity": 20,
    "pocket_data": [ { "pocket_type": "MAGAZINE", "rigid": true, "ammo_restriction": { "cbma_em_rail": 20 } } ],
    "reload_time": 100,
    "flags": [ "MAG_BULKY" ]
  }
]
