[
  {
    "result": "alloy_plate",
    "activity_level": "LIGHT_EXERCISE",
    "type": "recipe",
    "category": "CC_OTHER",
    "subcategory": "CSC_OTHER_PARTS",
    "skill_used": "fabrication",
    "difficulty": 5,
    "autolearn": true,
    "time": 50000,
    "reversible": true,
    "using": [ [ "welding_standard", 10 ] ],
    "components": [ [ [ "alloy_sheet", 4 ] ] ]
  },
  {
    "result": "cbma_myomer_repair_tool",
    "activity_level": "LIGHT_EXERCISE",
    "type": "recipe",
    "category": "CC_OTHER",
    "subcategory": "CSC_OTHER_TOOLS",
    "skill_used": "fabrication",
    "difficulty": 5,
    "autolearn": true,
    "time": 90000,
    "reversible": true,
    "using": [ [ "welding_standard", 10 ] ],
    "components": [ [ [ "scalpel", 1 ] ], [ [ "tailors_kit", 1 ] ], [ [ "soldering_iron", 1 ] ], [ [ "welder", 1 ] ] ]
  },
  {
    "result": "cbma_myomer_fiber_dupe",
    "activity_level": "LIGHT_EXERCISE",
    "type": "recipe",
    "category": "CC_CHEM",
    "subcategory": "CSC_CHEM_OTHER",
    "skill_used": "firstaid",
    "difficulty": 7,
    "skills_required": [ [ "cooking", 8 ] ],
    "book_learn": [ [ "recipe_mil_augs", 6 ] ],
    "time": 20000,
    "autolearn": true,
    "byproducts": [ [ "cbma_myomer_fiber", 1 ] ],
    "tools": [ [ [ "food_processor", 50 ] ] ],
    "components": [
      [ [ "cbma_myomer_fiber", 1 ] ],
      [ [ "meat", 2 ] ],
      [ [ "eyedrops", 50 ] ],
      [ [ "flask_glass", 1 ] ],
      [ [ "water_clean", 1 ] ]
    ]
  }
]
