[
  {
    "result": "cbma_bionic_armor",
    "activity_level": "LIGHT_EXERCISE",
    "type": "recipe",
    "category": "CC_ARMOR",
    "subcategory": "CSC_ARMOR_SUIT",
    "skill_used": "fabrication",
    "difficulty": 9,
    "skills_required": [ [ "electronics", 8 ], [ "mechanics", 8 ], [ "tailor", 8 ] ],
    "book_learn": [ [ "recipe_mil_augs", 6 ] ],
    "time": "4 h",
    "autolearn": true,
    "using": [ [ "cbma_req_qualities", 1 ], [ "tailoring_nomex_patchwork", 3 ], [ "filament", 200 ], [ "cbma_req_tool_armor", 1 ] ],
    "components": [
      [ [ "rag", 10 ] ],
      [ [ "leather", 30 ], [ "tanned_hide", 6 ] ],
      [ [ "coat_rain", 1 ] ],
      [
        [ "chestrig", 1 ],
        [ "legrig", 1 ],
        [ "vest", 1 ],
        [ "tool_belt", 1 ],
        [ "ragpouch", 6 ],
        [ "leather_pouch", 4 ],
        [ "dump_pouch", 1 ],
        [ "purse", 2 ],
        [ "fanny", 2 ]
      ],
      [ [ "duct_tape", 400 ] ],
      [ [ "kevlar", 1 ], [ "ballistic_vest_empty", 1 ], [ "swat_armor", 1 ], [ "sheet_kevlar_layered", 24 ] ],
      [ [ "bio_armor_torso", 2 ], [ "alloy_sheet", 8 ], [ "alloy_plate", 2 ] ],
      [ [ "bio_armor_arms", 1 ], [ "alloy_sheet", 4 ], [ "alloy_plate", 1 ] ],
      [ [ "bio_armor_legs", 1 ], [ "alloy_sheet", 4 ], [ "alloy_plate", 1 ] ],
      [ [ "bio_carbon", 1 ], [ "cbma_myomer_fiber", 8 ], [ "bio_str_enhancer", 4 ] ],
      [ [ "snapfastener_steel", 12 ] ],
      [ [ "plastic_chunk", 400 ], [ "plastic_sheet", 80 ], [ "rigid_plastic_sheet", 2 ] ],
      [ [ "gold_small", 2000 ] ],
      [ [ "cable", 300 ], [ "scrap_copper", 16 ], [ "copper", 400 ] ],
      [ [ "solder_wire", 150 ] ]
    ],
    "proficiencies": [
      { "proficiency": "prof_polymerworking", "required": false, "time_multiplier": 5 },
      { "proficiency": "prof_leatherworking", "required": false, "time_multiplier": 1.5 },
      { "proficiency": "prof_closures_waterproofing", "required": false, "time_multiplier": 3.5 },
      { "proficiency": "prof_armorsmithing", "required": false, "time_multiplier": 2 },
      { "proficiency": "prof_plasticworking", "required": false, "time_multiplier": 4.5 },
      { "proficiency": "prof_fine_metalsmithing", "required": false, "time_multiplier": 6 }
    ]
  },
  {
    "result": "cbma_enhanced_armor",
    "activity_level": "LIGHT_EXERCISE",
    "type": "recipe",
    "category": "CC_ARMOR",
    "subcategory": "CSC_ARMOR_SUIT",
    "skill_used": "fabrication",
    "difficulty": 10,
    "skills_required": [ [ "electronics", 10 ], [ "mechanics", 10 ], [ "tailor", 10 ], [ "computer", 9 ] ],
    "book_learn": [ [ "recipe_mil_augs", 7 ] ],
    "time": "2 d 12 h",
    "autolearn": true,
    "using": [ [ "cbma_req_qualities", 1 ], [ "filament", 200 ], [ "cbma_req_tool_armor", 1 ] ],
    "tools": [ [ [ "laptop", 500 ] ] ],
    "components": [
      [ [ "cbma_bionic_armor", 1 ] ],
      [ [ "bio_str_enhancer", 1 ], [ "cbma_myomer_fiber", 2 ] ],
      [ [ "bio_int_enhancer", 1 ] ],
      [ [ "bio_torsionratchet", 2 ] ],
      [ [ "solarpack", 1 ] ],
      [ [ "bio_nanobots", 1 ] ],
      [ [ "bio_speed", 1 ] ],
      [ [ "bio_teleport", 1 ] ],
      [ [ "minireactor", 1 ] ],
      [ [ "bio_power_storage_mkII", 10 ], [ "bio_power_storage", 20 ] ],
      [ [ "solder_wire", 400 ] ],
      [ [ "alloy_sheet", 8 ], [ "alloy_plate", 2 ] ]
    ]
  },
  {
    "result": "cbma_enhanced_armor_ups",
    "activity_level": "LIGHT_EXERCISE",
    "type": "recipe",
    "category": "CC_ARMOR",
    "subcategory": "CSC_ARMOR_SUIT",
    "skill_used": "fabrication",
    "difficulty": 10,
    "skills_required": [ [ "electronics", 10 ], [ "mechanics", 10 ], [ "tailor", 10 ] ],
    "book_learn": [ [ "recipe_mil_augs", 8 ] ],
    "time": "1 h",
    "autolearn": true,
    "using": [ [ "cbma_req_qualities", 1 ], [ "filament", 200 ], [ "cbma_req_tool_armor", 1 ] ],
    "components": [ [ [ "cbma_enhanced_armor", 1 ] ], [ [ "bio_ups", 1 ], [ "UPS_off", 2 ] ], [ [ "solder_wire", 300 ] ] ]
  },
  {
    "result": "cbma_bionic_helmet",
    "activity_level": "LIGHT_EXERCISE",
    "type": "recipe",
    "category": "CC_ARMOR",
    "subcategory": "CSC_ARMOR_HEAD",
    "skill_used": "fabrication",
    "difficulty": 9,
    "skills_required": [ [ "electronics", 8 ], [ "mechanics", 8 ], [ "tailor", 8 ] ],
    "book_learn": [ [ "recipe_mil_augs", 6 ] ],
    "time": "2 h",
    "autolearn": true,
    "using": [ [ "cbma_req_qualities", 1 ], [ "tailoring_nomex_patchwork", 1 ], [ "filament", 200 ], [ "cbma_req_tool_armor", 1 ] ],
    "components": [
      [ [ "helmet_liner", 1 ], [ "hat_cotton", 1 ], [ "rag", 3 ] ],
      [ [ "tac_helmet", 1 ], [ "tac_fullhelmet", 1 ], [ "helmet_army", 1 ], [ "sheet_kevlar_layered", 6 ] ],
      [ [ "hood_rain", 1 ], [ "bag_plastic", 2 ] ],
      [ [ "steel_chunk", 2 ], [ "scrap", 6 ] ],
      [ [ "duct_tape", 200 ] ],
      [
        [ "helmet_riot", 1 ],
        [ "helmet_motor", 1 ],
        [ "helmet_football", 1 ],
        [ "helmet_ball", 1 ],
        [ "helmet_skid", 1 ],
        [ "helmet_bike", 1 ],
        [ "hat_hard", 1 ],
        [ "firehelmet", 1 ],
        [ "pickelhaube", 1 ],
        [ "plastic_chunk", 8 ]
      ],
      [ [ "bio_armor_head", 1 ], [ "alloy_sheet", 4 ], [ "alloy_plate", 1 ] ],
      [ [ "reinforced_glass_sheet", 1 ] ],
      [ [ "plastic_chunk", 200 ], [ "plastic_sheet", 40 ], [ "rigid_plastic_sheet", 1 ] ],
      [ [ "gold_small", 500 ] ],
      [ [ "cable", 100 ], [ "scrap_copper", 5 ], [ "copper", 150 ] ],
      [ [ "solder_wire", 150 ] ]
    ],
    "proficiencies": [
      { "proficiency": "prof_polymerworking", "required": false, "time_multiplier": 3 },
      { "proficiency": "prof_closures_waterproofing", "required": false, "time_multiplier": 3 },
      { "proficiency": "prof_armorsmithing", "required": false, "time_multiplier": 4 },
      { "proficiency": "prof_plasticworking", "required": false, "time_multiplier": 2.5 },
      { "proficiency": "prof_fine_metalsmithing", "required": false, "time_multiplier": 2.5 },
      { "proficiency": "prof_glassblowing", "required": false, "time_multiplier": 2.5 }
    ]
  },
  {
    "result": "cbma_bionic_mask",
    "activity_level": "LIGHT_EXERCISE",
    "type": "recipe",
    "category": "CC_ARMOR",
    "subcategory": "CSC_ARMOR_HEAD",
    "skill_used": "fabrication",
    "difficulty": 9,
    "skills_required": [ [ "electronics", 8 ], [ "mechanics", 8 ], [ "tailor", 8 ] ],
    "book_learn": [ [ "recipe_mil_augs", 6 ] ],
    "time": "3 h",
    "autolearn": true,
    "using": [ [ "cbma_req_qualities", 1 ], [ "filament", 200 ], [ "cbma_req_tool_armor", 1 ] ],
    "components": [
      [ [ "mask_bunker", 1 ], [ "mask_gas", 1 ], [ "mask_gas_xl", 1 ] ],
      [ [ "steel_chunk", 2 ], [ "scrap", 6 ] ],
      [ [ "duct_tape", 250 ] ],
      [ [ "sheet_nomex", 8 ] ],
      [ [ "bio_armor_head", 1 ], [ "alloy_sheet", 4 ], [ "alloy_plate", 1 ] ],
      [ [ "reinforced_glass_sheet", 1 ] ],
      [ [ "plastic_chunk", 200 ], [ "plastic_sheet", 40 ], [ "rigid_plastic_sheet", 1 ] ],
      [ [ "gold_small", 700 ] ],
      [ [ "cable", 150 ], [ "scrap_copper", 6 ], [ "copper", 225 ] ],
      [ [ "solder_wire", 250 ] ]
    ],
    "proficiencies": [
      { "proficiency": "prof_polymerworking", "required": false, "time_multiplier": 1.5 },
      { "proficiency": "prof_closures_waterproofing", "required": false, "time_multiplier": 1.5 },
      { "proficiency": "prof_armorsmithing", "required": false, "time_multiplier": 4 },
      { "proficiency": "prof_plasticworking", "required": false, "time_multiplier": 2 },
      { "proficiency": "prof_fine_metalsmithing", "required": false, "time_multiplier": 8 },
      { "proficiency": "prof_glassblowing", "required": false, "time_multiplier": 2.5 }
    ]
  },
  {
    "result": "cbma_enhanced_helmet",
    "activity_level": "LIGHT_EXERCISE",
    "type": "recipe",
    "category": "CC_ARMOR",
    "subcategory": "CSC_ARMOR_HEAD",
    "skill_used": "fabrication",
    "difficulty": 10,
    "skills_required": [ [ "electronics", 10 ], [ "mechanics", 10 ], [ "tailor", 10 ], [ "computer", 9 ] ],
    "book_learn": [ [ "recipe_mil_augs", 7 ] ],
    "time": "2d",
    "autolearn": true,
    "using": [ [ "cbma_req_qualities", 1 ], [ "filament", 200 ], [ "cbma_req_tool_armor", 1 ] ],
    "tools": [ [ [ "laptop", 500 ] ] ],
    "components": [
      [ [ "cbma_bionic_helmet", 1 ] ],
      [ [ "cbma_bionic_mask", 1 ] ],
      [ [ "bio_armor_eyes", 1 ] ],
      [ [ "bio_eye_enhancer", 1 ] ],
      [ [ "bio_membrane", 1 ] ],
      [ [ "bio_purifier", 1 ] ],
      [ [ "bio_sunglasses", 1 ] ],
      [ [ "bio_eye_optic", 1 ] ],
      [ [ "bio_gills", 1 ] ],
      [ [ "minireactor", 1 ] ],
      [ [ "bio_power_storage_mkII", 10 ], [ "bio_power_storage", 20 ] ],
      [ [ "solder_wire", 300 ] ],
      [ [ "alloy_sheet", 2 ] ]
    ]
  },
  {
    "result": "cbma_enhanced_helmet_ups",
    "activity_level": "LIGHT_EXERCISE",
    "type": "recipe",
    "category": "CC_ARMOR",
    "subcategory": "CSC_ARMOR_HEAD",
    "skill_used": "fabrication",
    "difficulty": 10,
    "skills_required": [ [ "electronics", 10 ], [ "mechanics", 10 ], [ "tailor", 10 ] ],
    "book_learn": [ [ "recipe_mil_augs", 8 ] ],
    "time": "1h",
    "autolearn": true,
    "using": [ [ "cbma_req_qualities", 1 ], [ "filament", 200 ], [ "cbma_req_tool_armor", 1 ] ],
    "components": [ [ [ "cbma_enhanced_helmet", 1 ] ], [ [ "bio_ups", 1 ], [ "UPS_off", 2 ] ], [ [ "solder_wire", 300 ] ] ]
  },
  {
    "result": "cbma_bionic_gloves",
    "activity_level": "LIGHT_EXERCISE",
    "type": "recipe",
    "category": "CC_ARMOR",
    "subcategory": "CSC_ARMOR_HANDS",
    "skill_used": "fabrication",
    "difficulty": 9,
    "skills_required": [ [ "electronics", 8 ], [ "mechanics", 8 ], [ "tailor", 8 ] ],
    "book_learn": [ [ "recipe_mil_augs", 6 ] ],
    "time": "3 h",
    "autolearn": true,
    "using": [ [ "cbma_req_qualities", 1 ], [ "tailoring_nomex_patchwork", 2 ], [ "filament", 200 ], [ "cbma_req_tool_armor", 1 ] ],
    "components": [
      [ [ "rag", 8 ] ],
      [ [ "leather", 20 ] ],
      [ [ "scrap", 12 ] ],
      [ [ "duct_tape", 400 ] ],
      [ [ "gloves_tactical", 1 ], [ "sheet_kevlar_layered", 4 ] ],
      [
        [ "gloves_leather", 1 ],
        [ "gloves_light", 1 ],
        [ "gloves_liner", 1 ],
        [ "wetsuit_gloves", 1 ],
        [ "fire_gauntlets", 1 ]
      ],
      [ [ "bio_armor_arms", 1 ], [ "alloy_sheet", 4 ], [ "alloy_plate", 1 ] ],
      [ [ "plastic_chunk", 400 ], [ "plastic_sheet", 80 ], [ "rigid_plastic_sheet", 2 ] ],
      [ [ "gold_small", 1200 ] ],
      [ [ "cable", 300 ], [ "scrap_copper", 12 ], [ "copper", 450 ] ],
      [ [ "solder_wire", 400 ] ]
    ],
    "proficiencies": [
      { "proficiency": "prof_polymerworking", "required": false, "time_multiplier": 3.5 },
      { "proficiency": "prof_leatherworking", "required": false, "time_multiplier": 2 },
      { "proficiency": "prof_closures_waterproofing", "required": false, "time_multiplier": 3 },
      { "proficiency": "prof_armorsmithing", "required": false, "time_multiplier": 2.5 },
      { "proficiency": "prof_plasticworking", "required": false, "time_multiplier": 2.5 },
      { "proficiency": "prof_fine_metalsmithing", "required": false, "time_multiplier": 4.5 },
      { "proficiency": "prof_articulation", "required": false, "time_multiplier": 3 }
    ]
  },
  {
    "result": "cbma_enhanced_gloves",
    "activity_level": "LIGHT_EXERCISE",
    "type": "recipe",
    "category": "CC_ARMOR",
    "subcategory": "CSC_ARMOR_HANDS",
    "skill_used": "fabrication",
    "difficulty": 10,
    "skills_required": [ [ "electronics", 10 ], [ "mechanics", 10 ], [ "tailor", 10 ], [ "computer", 9 ] ],
    "book_learn": [ [ "recipe_mil_augs", 7 ] ],
    "time": "2d 12h",
    "autolearn": true,
    "using": [ [ "cbma_req_qualities", 1 ], [ "filament", 200 ], [ "cbma_req_tool_armor", 1 ] ],
    "tools": [ [ [ "laptop", 500 ] ] ],
    "components": [
      [ [ "cbma_bionic_gloves", 1 ] ],
      [ [ "bio_magnet", 1 ] ],
      [ [ "bio_cqb", 1 ] ],
      [ [ "bio_hydraulics", 1 ], [ "bio_str_enhancer", 1 ], [ "cbma_myomer_fiber", 2 ] ],
      [ [ "minireactor", 1 ] ],
      [ [ "bio_power_storage_mkII", 10 ], [ "bio_power_storage", 20 ] ],
      [ [ "solder_wire", 200 ] ],
      [ [ "alloy_sheet", 2 ] ]
    ]
  },
  {
    "result": "cbma_enhanced_gloves_ups",
    "activity_level": "LIGHT_EXERCISE",
    "type": "recipe",
    "category": "CC_ARMOR",
    "subcategory": "CSC_ARMOR_HANDS",
    "skill_used": "fabrication",
    "difficulty": 10,
    "skills_required": [ [ "electronics", 10 ], [ "mechanics", 10 ], [ "tailor", 10 ] ],
    "book_learn": [ [ "recipe_mil_augs", 8 ] ],
    "time": "1h",
    "autolearn": true,
    "using": [ [ "cbma_req_qualities", 1 ], [ "filament", 200 ], [ "cbma_req_tool_armor", 1 ] ],
    "components": [ [ [ "cbma_enhanced_gloves", 1 ] ], [ [ "bio_ups", 1 ], [ "UPS_off", 2 ] ], [ [ "solder_wire", 300 ] ] ]
  },
  {
    "result": "cbma_bionic_boots",
    "activity_level": "LIGHT_EXERCISE",
    "type": "recipe",
    "category": "CC_ARMOR",
    "subcategory": "CSC_ARMOR_FEET",
    "skill_used": "fabrication",
    "difficulty": 9,
    "skills_required": [ [ "electronics", 8 ], [ "mechanics", 8 ], [ "tailor", 8 ] ],
    "book_learn": [ [ "recipe_mil_augs", 6 ] ],
    "time": "2 h",
    "autolearn": true,
    "using": [ [ "cbma_req_qualities", 1 ], [ "tailoring_nomex_patchwork", 2 ], [ "filament", 200 ], [ "cbma_req_tool_armor", 1 ] ],
    "components": [
      [ [ "rag", 12 ] ],
      [ [ "leather", 12 ] ],
      [ [ "steel_chunk", 12 ], [ "scrap", 48 ] ],
      [ [ "sheet_kevlar_layered", 8 ] ],
      [ [ "duct_tape", 350 ] ],
      [ [ "boots_combat", 1 ], [ "boots_steel", 1 ], [ "boots_hiking", 1 ], [ "boots_bunker", 1 ], [ "boots", 1 ] ],
      [ [ "bio_armor_legs", 1 ], [ "alloy_sheet", 4 ], [ "alloy_plate", 1 ] ],
      [ [ "plastic_chunk", 400 ], [ "plastic_sheet", 80 ], [ "rigid_plastic_sheet", 2 ] ],
      [ [ "gold_small", 1400 ] ],
      [ [ "cable", 350 ], [ "scrap_copper", 14 ], [ "copper", 450 ] ],
      [ [ "solder_wire", 450 ] ]
    ],
    "proficiencies": [
      { "proficiency": "prof_polymerworking", "required": false, "time_multiplier": 3 },
      { "proficiency": "prof_leatherworking", "required": false, "time_multiplier": 2 },
      { "proficiency": "prof_closures_waterproofing", "required": false, "time_multiplier": 3 },
      { "proficiency": "prof_armorsmithing", "required": false, "time_multiplier": 2 },
      { "proficiency": "prof_plasticworking", "required": false, "time_multiplier": 2 },
      { "proficiency": "prof_fine_metalsmithing", "required": false, "time_multiplier": 4 },
      { "proficiency": "prof_articulation", "required": false, "time_multiplier": 3 },
      { "proficiency": "prof_cobbling", "required": false, "time_multiplier": 3 }
    ]
  },
  {
    "result": "cbma_enhanced_boots",
    "activity_level": "LIGHT_EXERCISE",
    "type": "recipe",
    "category": "CC_ARMOR",
    "subcategory": "CSC_ARMOR_FEET",
    "skill_used": "fabrication",
    "difficulty": 10,
    "skills_required": [ [ "electronics", 10 ], [ "mechanics", 10 ], [ "tailor", 10 ], [ "computer", 9 ] ],
    "book_learn": [ [ "recipe_mil_augs", 7 ] ],
    "time": "2d 12h",
    "autolearn": true,
    "using": [ [ "cbma_req_qualities", 1 ], [ "filament", 200 ], [ "cbma_req_tool_armor", 1 ] ],
    "tools": [ [ [ "laptop", 500 ] ] ],
    "components": [
      [ [ "cbma_bionic_boots", 1 ] ],
      [ [ "bio_dex_enhancer", 1 ] ],
      [ [ "bio_time_freeze", 1 ] ],
      [ [ "bio_uncanny_dodge", 1 ] ],
      [ [ "minireactor", 1 ] ],
      [ [ "bio_power_storage_mkII", 10 ], [ "bio_power_storage", 20 ] ],
      [ [ "solder_wire", 400 ] ],
      [ [ "alloy_sheet", 2 ] ]
    ]
  },
  {
    "result": "cbma_enhanced_boots_ups",
    "activity_level": "LIGHT_EXERCISE",
    "type": "recipe",
    "category": "CC_ARMOR",
    "subcategory": "CSC_ARMOR_FEET",
    "skill_used": "fabrication",
    "difficulty": 10,
    "skills_required": [ [ "electronics", 10 ], [ "mechanics", 10 ], [ "tailor", 10 ] ],
    "book_learn": [ [ "recipe_mil_augs", 8 ] ],
    "time": "1h",
    "autolearn": true,
    "using": [ [ "cbma_req_qualities", 1 ], [ "filament", 200 ], [ "cbma_req_tool_armor", 1 ] ],
    "components": [ [ [ "cbma_enhanced_boots", 1 ] ], [ [ "bio_ups", 1 ], [ "UPS_off", 2 ] ], [ [ "solder_wire", 300 ] ] ]
  },
  {
    "result": "cbma_bionic_duster",
    "activity_level": "LIGHT_EXERCISE",
    "type": "recipe",
    "category": "CC_ARMOR",
    "subcategory": "CSC_ARMOR_TORSO",
    "skill_used": "fabrication",
    "difficulty": 9,
    "skills_required": [ [ "electronics", 8 ], [ "mechanics", 8 ], [ "tailor", 8 ] ],
    "book_learn": [ [ "recipe_mil_augs", 6 ] ],
    "time": "1h 20m",
    "autolearn": true,
    "using": [ [ "cbma_req_qualities", 1 ], [ "tailoring_nomex_patchwork", 4 ], [ "filament", 200 ], [ "cbma_req_tool_armor", 1 ] ],
    "components": [
      [ [ "trenchcoat_survivor", 1 ], [ "duster_survivor", 1 ] ],
      [ [ "kevlar", 1 ], [ "ballistic_vest_empty", 1 ], [ "swat_armor", 1 ], [ "sheet_kevlar_layered", 24 ] ],
      [ [ "bio_carbon", 1 ] ],
      [ [ "snapfastener_steel", 12 ] ],
      [ [ "duct_tape", 100 ] ],
      [ [ "plastic_chunk", 400 ], [ "plastic_sheet", 80 ], [ "rigid_plastic_sheet", 2 ] ],
      [ [ "gold_small", 700 ] ],
      [ [ "cable", 200 ], [ "scrap_copper", 8 ], [ "copper", 300 ] ],
      [ [ "solder_wire", 300 ] ]
    ],
    "proficiencies": [
      { "proficiency": "prof_polymerworking", "required": false, "time_multiplier": 6 },
      { "proficiency": "prof_leatherworking", "required": false, "time_multiplier": 5 },
      { "proficiency": "prof_closures_waterproofing", "required": false, "time_multiplier": 3.5 },
      { "proficiency": "prof_armorsmithing", "required": false, "time_multiplier": 3.5 },
      { "proficiency": "prof_plasticworking", "required": false, "time_multiplier": 4 },
      { "proficiency": "prof_fine_metalsmithing", "required": false, "time_multiplier": 3 }
    ]
  },
  {
    "result": "cbma_enhanced_duster",
    "activity_level": "LIGHT_EXERCISE",
    "type": "recipe",
    "category": "CC_ARMOR",
    "subcategory": "CSC_ARMOR_TORSO",
    "skill_used": "fabrication",
    "difficulty": 10,
    "skills_required": [ [ "electronics", 10 ], [ "mechanics", 10 ], [ "tailor", 10 ], [ "computer", 9 ] ],
    "book_learn": [ [ "recipe_mil_augs", 7 ] ],
    "time": "2d",
    "autolearn": true,
    "using": [ [ "cbma_req_qualities", 1 ], [ "filament", 200 ], [ "cbma_req_tool_armor", 1 ] ],
    "tools": [ [ [ "laptop", 500 ] ] ],
    "components": [
      [ [ "cbma_bionic_duster", 1 ] ],
      [ [ "bio_ads", 1 ] ],
      [ [ "bio_chain_lightning", 1 ] ],
      [ [ "bio_emp", 1 ] ],
      [ [ "bio_faraday", 1 ] ],
      [ [ "minireactor", 1 ] ],
      [ [ "bio_power_storage_mkII", 10 ], [ "bio_power_storage", 20 ] ],
      [ [ "solder_wire", 400 ] ],
      [ [ "cable", 200 ] ],
      [ [ "alloy_sheet", 2 ] ]
    ]
  },
  {
    "result": "cbma_enhanced_duster_ups",
    "activity_level": "LIGHT_EXERCISE",
    "type": "recipe",
    "category": "CC_ARMOR",
    "subcategory": "CSC_ARMOR_TORSO",
    "skill_used": "fabrication",
    "difficulty": 10,
    "skills_required": [ [ "electronics", 10 ], [ "mechanics", 10 ], [ "tailor", 10 ] ],
    "book_learn": [ [ "recipe_mil_augs", 8 ] ],
    "time": "1h",
    "autolearn": true,
    "using": [ [ "cbma_req_qualities", 1 ], [ "filament", 200 ], [ "cbma_req_tool_armor", 1 ] ],
    "components": [ [ [ "cbma_enhanced_duster", 1 ] ], [ [ "bio_ups", 1 ], [ "UPS_off", 2 ] ], [ [ "solder_wire", 300 ] ] ]
  },
  {
    "result": "cbma_carry_frame",
    "activity_level": "LIGHT_EXERCISE",
    "type": "recipe",
    "category": "CC_ARMOR",
    "subcategory": "CSC_ARMOR_OTHER",
    "skill_used": "fabrication",
    "difficulty": 10,
    "skills_required": [ [ "electronics", 10 ], [ "mechanics", 10 ] ],
    "book_learn": [ [ "recipe_mil_augs", 7 ] ],
    "time": 480000,
    "autolearn": true,
    "using": [ [ "cbma_req_qualities", 1 ], [ "filament", 200 ], [ "cbma_req_tool_armor", 1 ] ],
    "components": [
      [ [ "power_armor_frame", 1 ] ],
      [ [ "bio_hydraulics", 2 ] ],
      [ [ "minireactor", 1 ] ],
      [ [ "bio_power_storage_mkII", 12 ], [ "bio_power_storage", 24 ] ],
      [ [ "solder_wire", 200 ] ],
      [ [ "cable", 200 ] ],
      [ [ "alloy_sheet", 4 ], [ "alloy_plate", 1 ] ]
    ]
  },
  {
    "result": "cbma_inner_suite",
    "activity_level": "LIGHT_EXERCISE",
    "type": "recipe",
    "category": "CC_ARMOR",
    "subcategory": "CSC_ARMOR_OTHER",
    "skill_used": "fabrication",
    "difficulty": 10,
    "skills_required": [ [ "electronics", 9 ], [ "mechanics", 9 ], [ "tailor", 9 ] ],
    "book_learn": [ [ "recipe_mil_augs", 7 ] ],
    "time": 480000,
    "autolearn": true,
    "using": [ [ "cbma_req_qualities", 1 ], [ "filament", 200 ], [ "cbma_req_tool_armor", 1 ] ],
    "components": [
      [ [ "union_suit", 1 ], [ "wetsuit", 1 ], [ "nomex_suit", 1 ] ],
      [ [ "bio_str_enhancer", 8 ], [ "cbma_myomer_fiber", 16 ] ],
      [ [ "bio_face_mask", 1 ] ],
      [ [ "bio_ads", 1 ] ],
      [ [ "bio_ods", 1 ] ],
      [ [ "bio_cqb", 1 ] ],
      [ [ "minireactor", 1 ] ],
      [ [ "bio_power_storage_mkII", 10 ], [ "bio_power_storage", 20 ] ],
      [ [ "solder_wire", 200 ] ],
      [ [ "cable", 200 ] ]
    ]
  },
  {
    "result": "cbma_inner_suite_ups",
    "activity_level": "LIGHT_EXERCISE",
    "type": "recipe",
    "category": "CC_ARMOR",
    "subcategory": "CSC_ARMOR_OTHER",
    "skill_used": "fabrication",
    "difficulty": 10,
    "skills_required": [ [ "electronics", 10 ], [ "mechanics", 9 ], [ "tailor", 9 ] ],
    "book_learn": [ [ "recipe_mil_augs", 8 ] ],
    "time": 60000,
    "autolearn": true,
    "using": [ [ "cbma_req_qualities", 1 ], [ "filament", 200 ], [ "cbma_req_tool_armor", 1 ] ],
    "components": [ [ [ "cbma_inner_suite", 1 ] ], [ [ "bio_ups", 1 ], [ "UPS_off", 2 ] ], [ [ "solder_wire", 300 ] ] ]
  }
]
