[
  {
    "result": "cbma_mono_cutter",
    "activity_level": "LIGHT_EXERCISE",
    "type": "recipe",
    "category": "CC_WEAPON",
    "subcategory": "CSC_WEAPON_CUTTING",
    "skill_used": "fabrication",
    "difficulty": 7,
    "skills_required": [ [ "electronics", 4 ], [ "mechanics", 4 ] ],
    "book_learn": [ [ "recipe_mil_augs", 6 ] ],
    "time": 30000,
    "autolearn": true,
    "using": [ [ "cbma_req_qualities", 1 ] ],
    "tools": [ [ [ "welder", 10 ], [ "welder_crude", 15 ], [ "soldering_iron", 30 ] ], [ [ "mold_plastic", -1 ] ] ],
    "components": [ [ [ "cbma_monoblade_part", 1 ] ], [ [ "plastic_chunk", 8 ] ], [ [ "duct_tape", 10 ] ] ]
  },
  {
    "result": "cbma_mono_knife",
    "activity_level": "LIGHT_EXERCISE",
    "type": "recipe",
    "category": "CC_WEAPON",
    "subcategory": "CSC_WEAPON_CUTTING",
    "skill_used": "fabrication",
    "difficulty": 8,
    "skills_required": [ [ "melee", 3 ] ],
    "book_learn": [ [ "recipe_mil_augs", 6 ] ],
    "time": 480000,
    "autolearn": true,
    "using": [ [ "cbma_req_qualities", 1 ], [ "cbma_req_tool_weapon_melee", 1 ] ],
    "components": [
      [ [ "cbma_monoblade_part", 1 ] ],
      [ [ "leather", 4 ] ],
      [ [ "duct_tape", 200 ] ],
      [ [ "scrap", 9 ], [ "steel_chunk", 3 ], [ "steel_lump", 1 ] ]
    ]
  },
  {
    "result": "cbma_mono_sword",
    "activity_level": "LIGHT_EXERCISE",
    "type": "recipe",
    "category": "CC_WEAPON",
    "subcategory": "CSC_WEAPON_CUTTING",
    "skill_used": "fabrication",
    "difficulty": 9,
    "skills_required": [ [ "melee", 5 ] ],
    "book_learn": [ [ "recipe_mil_augs", 7 ] ],
    "time": 720000,
    "autolearn": true,
    "using": [ [ "cbma_req_qualities", 1 ], [ "cbma_req_tool_weapon_melee", 1 ] ],
    "components": [ [ [ "cbma_monoblade_part", 1 ], [ "cbma_mono_knife", 1 ] ], [ [ "alloy_sheet", 8 ], [ "alloy_plate", 2 ] ] ]
  },
  {
    "result": "cbma_mono_spear",
    "activity_level": "LIGHT_EXERCISE",
    "type": "recipe",
    "category": "CC_WEAPON",
    "subcategory": "CSC_WEAPON_PIERCING",
    "skill_used": "fabrication",
    "difficulty": 9,
    "skills_required": [ [ "melee", 5 ] ],
    "book_learn": [ [ "recipe_mil_augs", 7 ] ],
    "time": 720000,
    "autolearn": true,
    "using": [ [ "cbma_req_qualities", 1 ], [ "cbma_req_tool_weapon_melee", 1 ] ],
    "components": [
      [ [ "cbma_monoblade_part", 1 ], [ "cbma_mono_knife", 1 ] ],
      [ [ "leather", 8 ] ],
      [ [ "duct_tape", 200 ] ],
      [ [ "scrap", 27 ], [ "steel_chunk", 9 ], [ "steel_lump", 3 ] ]
    ]
  },
  {
    "result": "cbma_alloy_pile",
    "activity_level": "LIGHT_EXERCISE",
    "type": "recipe",
    "category": "CC_WEAPON",
    "subcategory": "CSC_WEAPON_BASHING",
    "skill_used": "fabrication",
    "difficulty": 9,
    "book_learn": [ [ "recipe_mil_augs", 6 ] ],
    "time": 720000,
    "autolearn": true,
    "using": [ [ "cbma_req_qualities", 1 ], [ "cbma_req_tool_weapon_melee", 1 ] ],
    "components": [ [ [ "alloy_plate", 8 ], [ "alloy_sheet", 32 ] ] ]
  },
  {
    "result": "cbma_em_railrifle",
    "activity_level": "LIGHT_EXERCISE",
    "type": "recipe",
    "category": "CC_WEAPON",
    "subcategory": "CSC_WEAPON_RANGED",
    "skill_used": "fabrication",
    "difficulty": 8,
    "skills_required": [ [ "electronics", 6 ], [ "mechanics", 6 ], [ "gun", 3 ] ],
    "book_learn": [ [ "recipe_mil_augs", 7 ] ],
    "time": 480000,
    "autolearn": true,
    "using": [ [ "cbma_req_qualities", 1 ], [ "cbma_req_tool_weapon_ranged", 1 ] ],
    "components": [
      [ [ "bio_railgun", 2 ] ],
      [ [ "bio_chain_lightning", 2 ] ],
      [ [ "bio_targeting", 1 ] ],
      [ [ "bio_heatsink", 2 ] ],
      [ [ "minireactor", 1 ] ],
      [ [ "bio_power_storage_mkII", 10 ], [ "bio_power_storage", 20 ] ],
      [ [ "solder_wire", 200 ] ],
      [ [ "cable", 200 ] ],
      [ [ "alloy_sheet", 16 ], [ "alloy_plate", 4 ] ]
    ]
  },
  {
    "result": "cbma_em_railrifle_as",
    "activity_level": "LIGHT_EXERCISE",
    "id_suffix": "from_components",
    "type": "recipe",
    "category": "CC_WEAPON",
    "subcategory": "CSC_WEAPON_RANGED",
    "skill_used": "fabrication",
    "difficulty": 9,
    "skills_required": [ [ "electronics", 7 ], [ "mechanics", 7 ], [ "gun", 5 ] ],
    "book_learn": [ [ "recipe_mil_augs", 7 ] ],
    "time": 600000,
    "autolearn": true,
    "using": [ [ "cbma_req_qualities", 1 ], [ "cbma_req_tool_weapon_ranged", 1 ] ],
    "components": [
      [ [ "bio_railgun", 8 ] ],
      [ [ "bio_chain_lightning", 8 ] ],
      [ [ "bio_targeting", 1 ] ],
      [ [ "bio_heatsink", 4 ] ],
      [ [ "minireactor", 4 ] ],
      [ [ "bio_power_storage_mkII", 24 ], [ "bio_power_storage", 48 ] ],
      [ [ "solder_wire", 650 ] ],
      [ [ "cable", 600 ] ],
      [ [ "alloy_sheet", 40 ], [ "alloy_plate", 10 ] ]
    ]
  },
  {
    "result": "cbma_em_railrifle_as",
    "activity_level": "LIGHT_EXERCISE",
    "id_suffix": "from_guns",
    "type": "recipe",
    "category": "CC_WEAPON",
    "subcategory": "CSC_WEAPON_RANGED",
    "skill_used": "fabrication",
    "difficulty": 9,
    "skills_required": [ [ "electronics", 7 ], [ "mechanics", 7 ], [ "gun", 5 ] ],
    "book_learn": [ [ "recipe_mil_augs", 7 ] ],
    "time": 240000,
    "autolearn": true,
    "using": [ [ "cbma_req_qualities", 1 ], [ "cbma_req_tool_weapon_ranged", 1 ] ],
    "components": [
      [ [ "cbma_em_railrifle", 4 ] ],
      [ [ "solder_wire", 250 ] ],
      [ [ "cable", 400 ] ],
      [ [ "alloy_sheet", 4 ], [ "alloy_plate", 1 ] ]
    ]
  },
  {
    "result": "cbma_em_rail_iron",
    "activity_level": "LIGHT_EXERCISE",
    "type": "recipe",
    "category": "CC_AMMO",
    "subcategory": "CSC_AMMO_OTHER",
    "skill_used": "fabrication",
    "difficulty": 6,
    "skills_required": [ "mechanics", 4 ],
    "book_learn": [ [ "recipe_mil_augs", 4 ] ],
    "time": 10000,
    "autolearn": true,
    "using": [ [ "cbma_req_tool_ammo", 4 ] ],
    "components": [ [ [ "steel_chunk", 1 ], [ "scrap", 3 ] ] ]
  },
  {
    "result": "cbma_em_rail_steel",
    "activity_level": "LIGHT_EXERCISE",
    "type": "recipe",
    "category": "CC_AMMO",
    "subcategory": "CSC_AMMO_OTHER",
    "skill_used": "fabrication",
    "difficulty": 7,
    "skills_required": [ "mechanics", 5 ],
    "book_learn": [ [ "recipe_mil_augs", 5 ] ],
    "time": 20000,
    "autolearn": true,
    "using": [ [ "cbma_req_tool_ammo", 5 ] ],
    "components": [ [ [ "steel_chunk", 6 ], [ "steel_lump", 2 ] ] ]
  },
  {
    "result": "cbma_em_rail_alloy",
    "activity_level": "LIGHT_EXERCISE",
    "type": "recipe",
    "category": "CC_AMMO",
    "subcategory": "CSC_AMMO_OTHER",
    "skill_used": "fabrication",
    "difficulty": 8,
    "skills_required": [ [ "electronics", 6 ], [ "mechanics", 6 ] ],
    "book_learn": [ [ "recipe_mil_augs", 6 ] ],
    "time": 30000,
    "autolearn": true,
    "using": [ [ "cbma_req_tool_ammo", 10 ] ],
    "components": [ [ [ "alloy_sheet", 1 ] ], [ [ "steel_chunk", 3 ], [ "steel_lump", 1 ] ] ]
  },
  {
    "result": "cbma_em_railmag",
    "activity_level": "LIGHT_EXERCISE",
    "type": "recipe",
    "category": "CC_WEAPON",
    "subcategory": "CSC_WEAPON_MAGAZINES",
    "skill_used": "fabrication",
    "difficulty": 6,
    "skills_required": [ [ "gun", 3 ] ],
    "book_learn": [ [ "recipe_mil_augs", 4 ] ],
    "time": 60000,
    "autolearn": true,
    "qualities": [
      { "id": "HAMMER_FINE", "level": 1 },
      { "id": "SAW_M_FINE", "level": 1 },
      { "id": "GLARE", "level": 1 },
      { "id": "CHISEL", "level": 3 }
    ],
    "tools": [
      [ [ "tongs", -1 ] ],
      [ [ "anvil", -1 ] ],
      [ [ "swage", -1 ] ],
      [ [ "soldering_iron", 40 ], [ "toolset", 40 ] ],
      [ [ "forge", 25 ], [ "toolset", 25 ], [ "oxy_torch", 5 ] ]
    ],
    "components": [ [ [ "motor_tiny", 1 ], [ "motor_micro", 1 ] ], [ [ "chain", 1 ] ], [ [ "sheet_metal", 4 ], [ "steel_plate", 1 ] ] ]
  },
  {
    "result": "cbma_pilehammer_exp",
    "activity_level": "LIGHT_EXERCISE",
    "type": "recipe",
    "category": "CC_WEAPON",
    "subcategory": "CSC_WEAPON_OTHER",
    "skill_used": "fabrication",
    "difficulty": 10,
    "skills_required": [ [ "mechanics", 10 ], [ "melee", 5 ], [ "gun", 5 ] ],
    "book_learn": [ [ "recipe_mil_augs", 7 ] ],
    "time": 720000,
    "autolearn": true,
    "using": [ [ "cbma_req_qualities", 1 ], [ "cbma_req_tool_weapon_melee", 1 ] ],
    "tools": [ [ [ "cbma_mono_cutter", -1 ] ] ],
    "components": [
      [ [ "cbma_alloy_pile", 1 ] ],
      [ [ "m2browning", 1 ] ],
      [ [ "steel_chunk", 30 ], [ "steel_lump", 10 ] ],
      [ [ "solder_wire", 200 ] ],
      [ [ "cable", 200 ] ],
      [ [ "alloy_sheet", 40 ], [ "alloy_plate", 10 ] ]
    ]
  },
  {
    "result": "cbma_pilehammer_emp",
    "activity_level": "LIGHT_EXERCISE",
    "type": "recipe",
    "category": "CC_WEAPON",
    "subcategory": "CSC_WEAPON_OTHER",
    "skill_used": "fabrication",
    "difficulty": 10,
    "skills_required": [ [ "electronics", 10 ], [ "mechanics", 10 ], [ "melee", 5 ], [ "gun", 5 ] ],
    "book_learn": [ [ "recipe_mil_augs", 7 ] ],
    "time": 720000,
    "autolearn": true,
    "using": [ [ "cbma_req_qualities", 1 ], [ "cbma_req_tool_weapon_melee", 1 ] ],
    "tools": [ [ [ "cbma_mono_cutter", -1 ] ] ],
    "components": [
      [ [ "cbma_alloy_pile", 1 ] ],
      [ [ "m2browning", 1 ] ],
      [ [ "steel_chunk", 21 ], [ "steel_lump", 7 ] ],
      [ [ "solder_wire", 200 ] ],
      [ [ "cable", 200 ] ],
      [ [ "bio_railgun", 4 ] ],
      [ [ "minireactor", 1 ] ],
      [ [ "bio_power_storage_mkII", 10 ], [ "bio_power_storage", 20 ] ],
      [ [ "alloy_sheet", 28 ], [ "alloy_plate", 7 ] ]
    ]
  },
  {
    "result": "cbma_pile_ammo",
    "activity_level": "LIGHT_EXERCISE",
    "type": "recipe",
    "category": "CC_AMMO",
    "subcategory": "CSC_AMMO_OTHER",
    "skill_used": "fabrication",
    "difficulty": 6,
    "skills_required": [ [ "gun", 4 ] ],
    "book_learn": [ [ "recipe_mil_augs", 4 ] ],
    "time": 30000,
    "autolearn": true,
    "using": [ [ "cbma_req_tool_ammo", 10 ] ],
    "components": [ [ [ "chem_rdx", 1 ], [ "gunpowder", 800 ] ], [ [ "chem_hmtd", 1 ] ], [ [ "steel_chunk", 1 ] ] ]
  },
  {
    "result": "cbma_mono_throw_dagger",
    "activity_level": "LIGHT_EXERCISE",
    "type": "recipe",
    "category": "CC_WEAPON",
    "subcategory": "CSC_WEAPON_RANGED",
    "skill_used": "fabrication",
    "difficulty": 8,
    "skills_required": [ [ "throw", 3 ] ],
    "book_learn": [ [ "recipe_mil_augs", 6 ] ],
    "time": 60000,
    "autolearn": true,
    "using": [ [ "cbma_req_qualities", 1 ], [ "cbma_req_tool_weapon_melee", 1 ] ],
    "components": [ [ [ "cbma_monoblade_part", 1 ] ], [ [ "steel_chunk", 1 ] ] ]
  }
]
