[
  {
    "id": "cbma_bionic_armor",
    "type": "ARMOR",
    "category": "armor",
    "name": { "str": "bionic armor" },
    "description": "A strong and lightweight protective suit that combines superalloy, Kevlar and internal thin layer of Nomex. It protects you firmly against physical factors, as well as offering some minor fire protection.",
    "weight": "3500 g",
    "volume": "10500 ml",
    "price": "8500 USD",
    "material": [ "kevlar", "superalloy", "nomex" ],
    "symbol": "[",
    "color": "dark_gray",
    "looks_like": "survivor_suit",
    "pocket_data": [
      { "pocket_type": "CONTAINER", "max_contains_volume": "2400 ml", "max_contains_weight": "7 kg", "moves": 65 },
      { "pocket_type": "CONTAINER", "max_contains_volume": "2400 ml", "max_contains_weight": "7 kg", "moves": 65 },
      { "pocket_type": "CONTAINER", "max_contains_volume": "640 ml", "max_contains_weight": "2 kg", "moves": 75 },
      { "pocket_type": "CONTAINER", "max_contains_volume": "640 ml", "max_contains_weight": "2 kg", "moves": 75 },
      { "pocket_type": "CONTAINER", "max_contains_volume": "1700 ml", "max_contains_weight": "4 kg", "moves": 110 },
      { "pocket_type": "CONTAINER", "max_contains_volume": "1700 ml", "max_contains_weight": "4 kg", "moves": 110 }
    ],
    "warmth": 15,
    "flags": [ "VARSIZE", "WATERPROOF", "RAINPROOF", "STURDY", "OVERSIZE", "TRADER_AVOID" ],
    "armor": [
      {
        "encumbrance": 24,
        "coverage": 100,
        "covers": [ "torso" ],
        "material": [ "kevlar", "superalloy", "nomex" ],
        "material_thickness": 6,
        "environmental_protection": 9
      }
    ]
  },
  {
    "id": "cbma_enhanced_armor",
    "type": "TOOL_ARMOR",
    "category": "armor",
    "name": { "str": "enhanced bionic armor (off)" },
    "description": "A tough and lightweight protective suit that combines superalloys, Kevlar and Nomex, this is a gem that should be called Survivor Power Armor. Power for normal operation is supplied by Solar and Ratchet.",
    "weight": "4100 g",
    "volume": "10500 ml",
    "ammo": [ "battery" ],
    "price": "28500 USD",
    "material": [ "kevlar", "refinedalloy", "nomex" ],
    "symbol": "[",
    "color": "dark_gray",
    "looks_like": "survivor_suit",
    "pocket_data": [
      { "pocket_type": "CONTAINER", "max_contains_volume": "2400 ml", "max_contains_weight": "7 kg", "moves": 65 },
      { "pocket_type": "CONTAINER", "max_contains_volume": "2400 ml", "max_contains_weight": "7 kg", "moves": 65 },
      { "pocket_type": "CONTAINER", "max_contains_volume": "640 ml", "max_contains_weight": "2 kg", "moves": 75 },
      { "pocket_type": "CONTAINER", "max_contains_volume": "640 ml", "max_contains_weight": "2 kg", "moves": 75 },
      { "pocket_type": "CONTAINER", "max_contains_volume": "1700 ml", "max_contains_weight": "4 kg", "moves": 110 },
      { "pocket_type": "CONTAINER", "max_contains_volume": "1700 ml", "max_contains_weight": "4 kg", "moves": 110 },
      {
        "magazine_well": "250 ml",
        "pocket_type": "MAGAZINE_WELL",
        "holster": true,
        "max_contains_volume": "20 L",
        "max_contains_weight": "20 kg",
        "item_restriction": [ "heavy_battery_cell", "heavy_plus_battery_cell", "heavy_atomic_battery_cell", "heavy_disposable_cell" ]
      }
    ],
    "warmth": 15,
    "flags": [ "VARSIZE", "WATERPROOF", "WATER_FRIENDLY", "RAINPROOF", "STURDY", "OVERSIZE", "TRADER_AVOID", "NO_UNLOAD" ],
    "use_action": {
      "type": "transform",
      "msg": "You activate your %s.",
      "target": "cbma_enhanced_armor_on",
      "active": true,
      "need_charges": 1,
      "need_charges_msg": "The system started for a moment... and then went silent."
    },
    "armor": [
      {
        "encumbrance": 12,
        "coverage": 100,
        "covers": [ "torso" ],
        "material": [ "kevlar", "refinedalloy", "nomex" ],
        "material_thickness": 6,
        "environmental_protection": 15
      }
    ]
  },
  {
    "id": "cbma_enhanced_armor_on",
    "type": "TOOL_ARMOR",
    "category": "armor",
    "name": { "str": "enhanced bionic armor (on)" },
    "description": "A tough and lightweight protective suit that combines superalloys, Kevlar and Nomex, this is a gem that should be called Survivor Power Armor. The built-in mechanism that is activated strengthens the cardiopulmonary function and can exert greater power than usual.",
    "weight": "4100 g",
    "volume": "10500 ml",
    "turns_per_charge": 20,
    "ammo": [ "battery" ],
    "price": "28500 USD",
    "material": [ "kevlar", "refinedalloy", "nomex" ],
    "symbol": "[",
    "color": "dark_gray",
    "looks_like": "survivor_suit",
    "pocket_data": [
      { "pocket_type": "CONTAINER", "max_contains_volume": "2400 ml", "max_contains_weight": "7 kg", "moves": 65 },
      { "pocket_type": "CONTAINER", "max_contains_volume": "2400 ml", "max_contains_weight": "7 kg", "moves": 65 },
      { "pocket_type": "CONTAINER", "max_contains_volume": "640 ml", "max_contains_weight": "2 kg", "moves": 75 },
      { "pocket_type": "CONTAINER", "max_contains_volume": "640 ml", "max_contains_weight": "2 kg", "moves": 75 },
      { "pocket_type": "CONTAINER", "max_contains_volume": "1700 ml", "max_contains_weight": "4 kg", "moves": 110 },
      { "pocket_type": "CONTAINER", "max_contains_volume": "1700 ml", "max_contains_weight": "4 kg", "moves": 110 },
      {
        "magazine_well": "250 ml",
        "pocket_type": "MAGAZINE_WELL",
        "holster": true,
        "max_contains_volume": "20 L",
        "max_contains_weight": "20 kg",
        "item_restriction": [ "heavy_battery_cell", "heavy_plus_battery_cell", "heavy_atomic_battery_cell", "heavy_disposable_cell" ]
      }
    ],
    "warmth": 15,
    "flags": [ "VARSIZE", "WATERPROOF", "WATER_FRIENDLY", "RAINPROOF", "STURDY", "OVERSIZE", "TRADER_AVOID", "NO_UNLOAD" ],
    "use_action": { "type": "transform", "msg": "Your %s deactivates.", "target": "cbma_enhanced_armor" },
    "relic_data": {
      "passive_effects": [
        {
          "has": "WORN",
          "condition": "ALWAYS",
          "values": [
            { "value": "STRENGTH", "add": 3 },
            { "value": "ATTACK_SPEED", "multiply": 0.015 },
            { "value": "METABOLISM", "multiply": 0.01 }
          ]
        }
      ]
    },
    "armor": [
      {
        "encumbrance": 6,
        "coverage": 100,
        "covers": [ "torso" ],
        "material": [ "kevlar", "refinedalloy", "nomex" ],
        "material_thickness": 6,
        "environmental_protection": 15
      }
    ]
  },
  {
    "id": "cbma_bionic_helmet",
    "type": "ARMOR",
    "category": "armor",
    "name": { "str": "bionic helmet" },
    "description": "A tough, lightweight protective helmet that combines superalloys, Kevlar and a thin helmet liner within made of Nomex. It protects you firmly against physical factors and gives some minor fire protection.",
    "weight": "856 g",
    "volume": "2500 ml",
    "price": "960 USD",
    "to_hit": -1,
    "bashing": 10,
    "material": [ "kevlar", "superalloy", "nomex" ],
    "symbol": "[",
    "color": "dark_gray",
    "looks_like": "helmet_survivor",
    "warmth": 15,
    "flags": [ "VARSIZE", "WATERPROOF", "STURDY", "RAINPROOF", "OVERSIZE", "TRADER_AVOID" ],
    "armor": [
      {
        "encumbrance": 24,
        "coverage": 100,
        "covers": [ "head" ],
        "material": [ "kevlar", "superalloy", "nomex" ],
        "material_thickness": 6,
        "environmental_protection": 9
      }
    ]
  },
  {
    "id": "cbma_bionic_mask",
    "type": "ARMOR",
    "category": "armor",
    "name": { "str": "bionic mask" },
    "description": "A tough, lightweight protective mask that combines superalloys, Kevlar and a thin internal layer of Nomex. It protects you strongly from various environmental factors besides physical factors.",
    "weight": "856 g",
    "volume": "2500 ml",
    "price": "960 USD",
    "to_hit": -1,
    "bashing": 10,
    "material": [ "kevlar", "superalloy", "nomex" ],
    "symbol": "[",
    "color": "dark_gray",
    "looks_like": "mask_gas",
    "warmth": 15,
    "flags": [ "VARSIZE", "WATERPROOF", "STURDY", "RAINPROOF", "OVERSIZE", "GAS_PROOF", "TRADER_AVOID" ],
    "armor": [
      {
        "encumbrance": 24,
        "coverage": 100,
        "covers": [ "mouth", "eyes" ],
        "material": [ "kevlar", "superalloy", "nomex" ],
        "material_thickness": 6,
        "environmental_protection": 22
      }
    ]
  },
  {
    "id": "cbma_enhanced_helmet",
    "type": "TOOL_ARMOR",
    "category": "armor",
    "name": { "str": "enhanced bionic helmet (off)" },
    "description": "A tough and lightweight protective helmet that combines superalloys, Kevlar and Nomex, it is a gem that should be called Survivor Power Armor. By activating various expansion systems installed inside, it is possible to operate under various environments.",
    "weight": "856 g",
    "volume": "2500 ml",
    "pocket_data": [
      {
        "magazine_well": "250 ml",
        "pocket_type": "MAGAZINE_WELL",
        "holster": true,
        "max_contains_volume": "20 L",
        "max_contains_weight": "20 kg",
        "item_restriction": [ "heavy_battery_cell", "heavy_plus_battery_cell", "heavy_atomic_battery_cell", "heavy_disposable_cell" ]
      }
    ],
    "ammo": [ "battery" ],
    "price": "960 USD",
    "to_hit": -1,
    "bashing": 10,
    "material": [ "kevlar", "refinedalloy", "nomex" ],
    "symbol": "[",
    "color": "dark_gray",
    "looks_like": "helmet_hsurvivor",
    "warmth": 15,
    "qualities": [ [ "GLARE", 1 ] ],
    "use_action": {
      "type": "transform",
      "msg": "You activate your %s.",
      "target": "cbma_enhanced_helmet_on",
      "active": true,
      "need_charges": 1,
      "need_charges_msg": "The system started for a moment... and then went silent."
    },
    "flags": [
      "VARSIZE",
      "WATERPROOF",
      "WATER_FRIENDLY",
      "STURDY",
      "RAINPROOF",
      "OVERSIZE",
      "SUN_GLASSES",
      "GAS_PROOF",
      "TRADER_AVOID",
      "NO_UNLOAD"
    ],
    "armor": [
      {
        "encumbrance": 12,
        "coverage": 100,
        "covers": [ "head", "mouth", "eyes" ],
        "material": [ "kevlar", "refinedalloy", "nomex" ],
        "material_thickness": 6,
        "environmental_protection": 24
      }
    ]
  },
  {
    "id": "cbma_enhanced_helmet_on",
    "type": "TOOL_ARMOR",
    "category": "armor",
    "name": { "str": "enhanced bionic helmet (on)" },
    "description": "A tough and lightweight protective helmet that combines superalloys, Kevlar and Nomex, it is a gem that should be called Survivor Power Armor. It operates the built-in expansion system and is capable of aiming assistance, loud protection, and underwater activities.",
    "weight": "856 g",
    "volume": "2500 ml",
    "turns_per_charge": 20,
    "ammo": [ "battery" ],
    "pocket_data": [
      {
        "magazine_well": "250 ml",
        "pocket_type": "MAGAZINE_WELL",
        "holster": true,
        "max_contains_volume": "20 L",
        "max_contains_weight": "20 kg",
        "item_restriction": [ "heavy_battery_cell", "heavy_plus_battery_cell", "heavy_atomic_battery_cell", "heavy_disposable_cell" ]
      }
    ],
    "price": "960 USD",
    "to_hit": -1,
    "bashing": 10,
    "material": [ "kevlar", "refinedalloy", "nomex" ],
    "symbol": "[",
    "color": "dark_gray",
    "looks_like": "helmet_hsurvivor",
    "warmth": 15,
    "qualities": [ [ "GLARE", 1 ] ],
    "use_action": { "type": "transform", "msg": "Your %s deactivates.", "target": "cbma_enhanced_helmet" },
    "flags": [
      "VARSIZE",
      "WATERPROOF",
      "WATER_FRIENDLY",
      "STURDY",
      "RAINPROOF",
      "OVERSIZE",
      "SUN_GLASSES",
      "PARTIAL_DEAF",
      "REBREATHER",
      "SWIM_GOGGLES",
      "FLASH_PROTECTION",
      "GAS_PROOF",
      "TRADER_AVOID",
      "NO_UNLOAD"
    ],
    "relic_data": {
      "passive_effects": [
        {
          "has": "WORN",
          "condition": "ALWAYS",
          "values": [
            { "value": "PERCEPTION", "add": 3 },
            { "value": "ATTACK_SPEED", "multiply": 0.015 },
            { "value": "METABOLISM", "multiply": 0.01 }
          ]
        }
      ]
    },
    "armor": [
      {
        "encumbrance": 0,
        "coverage": 100,
        "covers": [ "head", "mouth", "eyes" ],
        "material": [ "kevlar", "refinedalloy", "nomex" ],
        "material_thickness": 6,
        "environmental_protection": 24
      }
    ]
  },
  {
    "id": "cbma_bionic_gloves",
    "type": "ARMOR",
    "category": "armor",
    "name": { "str": "bionic gloves" },
    "description": "A pair of superalloys and Kevlar combined with a strong, lightweight arm covering the entire arm. Has a thin Nomex layer embedded within. It protects you firmly against physical factors, as well as offering some minor fire protection.",
    "weight": "190 g",
    "volume": "1 L",
    "price": "380 USD",
    "to_hit": 2,
    "material": [ "kevlar", "superalloy", "nomex" ],
    "symbol": "[",
    "color": "dark_gray",
    "looks_like": "gloves_lsurvivor",
    "warmth": 15,
    "flags": [ "VARSIZE", "WATERPROOF", "STURDY", "OVERSIZE", "TRADER_AVOID" ],
    "armor": [
      {
        "encumbrance": 24,
        "coverage": 100,
        "covers": [ "arm_l", "arm_r", "hand_l", "hand_r" ],
        "material": [ "kevlar", "superalloy", "nomex" ],
        "material_thickness": 6,
        "environmental_protection": 9
      }
    ]
  },
  {
    "id": "cbma_enhanced_gloves",
    "type": "TOOL_ARMOR",
    "category": "armor",
    "name": { "str": "enhanced bionic gloves (off)" },
    "description": "A tough and lightweight pair of superalloys, Kevlar and Nomex, combined with a further improvement to the hand, this is a gem that should be called Survivor Power Armor.",
    "weight": "190 g",
    "volume": "1 L",
    "ammo": [ "battery" ],
    "pocket_data": [
      {
        "magazine_well": "250 ml",
        "pocket_type": "MAGAZINE_WELL",
        "holster": true,
        "max_contains_volume": "20 L",
        "max_contains_weight": "20 kg",
        "item_restriction": [ "heavy_battery_cell", "heavy_plus_battery_cell", "heavy_atomic_battery_cell", "heavy_disposable_cell" ]
      }
    ],
    "price": "380 USD",
    "to_hit": 2,
    "material": [ "kevlar", "refinedalloy", "nomex" ],
    "symbol": "[",
    "color": "dark_gray",
    "looks_like": "gloves_lsurvivor",
    "warmth": 15,
    "use_action": {
      "type": "transform",
      "msg": "You activate your %s.",
      "target": "cbma_enhanced_gloves_on",
      "active": true,
      "need_charges": 1,
      "need_charges_msg": "The system started for a moment... and then went silent."
    },
    "flags": [ "VARSIZE", "WATERPROOF", "WATER_FRIENDLY", "STURDY", "OVERSIZE", "TRADER_AVOID" ],
    "armor": [
      {
        "encumbrance": 12,
        "coverage": 100,
        "covers": [ "arm_l", "arm_r", "hand_l", "hand_r" ],
        "material": [ "kevlar", "refinedalloy", "nomex" ],
        "material_thickness": 6,
        "environmental_protection": 15
      }
    ]
  },
  {
    "id": "cbma_enhanced_gloves_on",
    "type": "TOOL_ARMOR",
    "category": "armor",
    "name": { "str": "enhanced bionic gloves (on)" },
    "description": "A tough and lightweight pair of superalloys, Kevlar and Nomex, combined with a further improvement to the hand, this is a gem that should be called Survivor Power Armor. The embedded electronic auxiliary system enables accurate operation and does not disturb the operation at all.",
    "weight": "190 g",
    "volume": "1 L",
    "turns_per_charge": 20,
    "ammo": [ "battery" ],
    "pocket_data": [
      {
        "magazine_well": "250 ml",
        "pocket_type": "MAGAZINE_WELL",
        "holster": true,
        "max_contains_volume": "20 L",
        "max_contains_weight": "20 kg",
        "item_restriction": [ "heavy_battery_cell", "heavy_plus_battery_cell", "heavy_atomic_battery_cell", "heavy_disposable_cell" ]
      }
    ],
    "price": "380 USD",
    "to_hit": 2,
    "material": [ "kevlar", "refinedalloy", "nomex" ],
    "symbol": "[",
    "color": "dark_gray",
    "looks_like": "gloves_lsurvivor",
    "warmth": 15,
    "use_action": { "type": "transform", "msg": "Your %s deactivates.", "target": "cbma_enhanced_gloves" },
    "flags": [ "VARSIZE", "WATERPROOF", "WATER_FRIENDLY", "STURDY", "OVERSIZE", "TRADER_AVOID" ],
    "armor": [
      {
        "encumbrance": 0,
        "coverage": 100,
        "covers": [ "arm_l", "arm_r", "hand_l", "hand_r" ],
        "material": [ "kevlar", "refinedalloy", "nomex" ],
        "material_thickness": 6,
        "environmental_protection": 15
      }
    ]
  },
  {
    "id": "cbma_bionic_boots",
    "type": "ARMOR",
    "category": "armor",
    "name": { "str": "bionic boots" },
    "description": "A tough, lightweight protective boot that combines superalloys, Kevlar and Nomex. It protects you firmly against physical factors and offers some minor fire protection.",
    "weight": "800 g",
    "volume": "3 L",
    "price": "500 USD",
    "to_hit": -1,
    "bashing": 1,
    "material": [ "kevlar", "superalloy", "nomex" ],
    "symbol": "[",
    "color": "dark_gray",
    "looks_like": "boots_plate",
    "warmth": 15,
    "flags": [ "VARSIZE", "WATERPROOF", "STURDY", "OVERSIZE", "TRADER_AVOID" ],
    "armor": [
      {
        "encumbrance": 24,
        "coverage": 100,
        "covers": [ "leg_l", "leg_r", "foot_l", "foot_r" ],
        "material": [ "kevlar", "superalloy", "nomex" ],
        "material_thickness": 6,
        "environmental_protection": 9
      }
    ]
  },
  {
    "id": "cbma_enhanced_boots",
    "type": "TOOL_ARMOR",
    "category": "armor",
    "name": { "str": "enhanced bionic boots (off)" },
    "description": "A tough and lightweight protective boot that combines superalloys, Kevlar and Nomex, it is a gem to be called Survivor Power Armor. When activated, it activates the lower limb operation support device.",
    "weight": "800 g",
    "volume": "3 L",
    "ammo": [ "battery" ],
    "pocket_data": [
      {
        "magazine_well": "250 ml",
        "pocket_type": "MAGAZINE_WELL",
        "holster": true,
        "max_contains_volume": "20 L",
        "max_contains_weight": "20 kg",
        "item_restriction": [ "heavy_battery_cell", "heavy_plus_battery_cell", "heavy_atomic_battery_cell", "heavy_disposable_cell" ]
      }
    ],
    "price": "500 USD",
    "to_hit": -1,
    "bashing": 1,
    "material": [ "kevlar", "refinedalloy" ],
    "symbol": "[",
    "color": "dark_gray",
    "looks_like": "boots_plate",
    "warmth": 15,
    "flags": [ "VARSIZE", "WATERPROOF", "WATER_FRIENDLY", "STURDY", "OVERSIZE", "TRADER_AVOID" ],
    "use_action": {
      "type": "transform",
      "msg": "You activate your %s.",
      "target": "cbma_enhanced_boots_on",
      "active": true,
      "need_charges": 1,
      "need_charges_msg": "The system started for a moment... and then went silent."
    },
    "armor": [
      {
        "encumbrance": 12,
        "coverage": 100,
        "covers": [ "leg_l", "leg_r", "foot_l", "foot_r" ],
        "material": [ "kevlar", "refinedalloy" ],
        "material_thickness": 6,
        "environmental_protection": 15
      }
    ]
  },
  {
    "id": "cbma_enhanced_boots_on",
    "type": "TOOL_ARMOR",
    "category": "armor",
    "name": { "str": "enhanced bionic boots (on)" },
    "description": "A tough and lightweight protective boot that combines superalloys, Kevlar and Nomex, it is a gem that should be called Survivor Power Armor. The lower-limb aiding device is in operation and helps more accurate avoidance and positioning.",
    "weight": "800 g",
    "volume": "3 L",
    "turns_per_charge": 20,
    "ammo": [ "battery" ],
    "pocket_data": [
      {
        "magazine_well": "250 ml",
        "pocket_type": "MAGAZINE_WELL",
        "holster": true,
        "max_contains_volume": "20 L",
        "max_contains_weight": "20 kg",
        "item_restriction": [ "heavy_battery_cell", "heavy_plus_battery_cell", "heavy_atomic_battery_cell", "heavy_disposable_cell" ]
      }
    ],
    "price": "500 USD",
    "to_hit": -1,
    "bashing": 1,
    "material": [ "kevlar", "refinedalloy", "nomex" ],
    "symbol": "[",
    "color": "dark_gray",
    "looks_like": "boots_plate",
    "warmth": 15,
    "flags": [ "VARSIZE", "WATERPROOF", "WATER_FRIENDLY", "STURDY", "OVERSIZE", "TRADER_AVOID" ],
    "use_action": { "type": "transform", "msg": "Your %s deactivates.", "target": "cbma_enhanced_boots" },
    "relic_data": {
      "passive_effects": [
        {
          "has": "WORN",
          "condition": "ALWAYS",
          "values": [
            { "value": "DEXTERITY", "add": 3 },
            { "value": "ATTACK_SPEED", "multiply": 0.015 },
            { "value": "METABOLISM", "multiply": 0.01 }
          ]
        }
      ]
    },
    "armor": [
      {
        "encumbrance": 6,
        "coverage": 100,
        "covers": [ "leg_l", "leg_r", "foot_l", "foot_r" ],
        "material": [ "kevlar", "refinedalloy", "nomex" ],
        "material_thickness": 6,
        "environmental_protection": 15
      }
    ]
  },
  {
    "id": "cbma_bionic_duster",
    "type": "ARMOR",
    "category": "armor",
    "name": { "str": "bionic duster" },
    "description": "A carbon fiber, Kevlar and Nomex composite coat for ease of movement and accommodation. Provides good defense against physical factors, as well as some fire protection.",
    "weight": "960 g",
    "volume": "7 L",
    "price": "400 USD",
    "to_hit": -1,
    "material": [ "kevlar", "nomex" ],
    "symbol": "[",
    "color": "brown",
    "looks_like": "trenchcoat_survivor",
    "pocket_data": [
      { "pocket_type": "CONTAINER", "max_contains_volume": "2400 ml", "max_contains_weight": "7 kg", "moves": 75 },
      { "pocket_type": "CONTAINER", "max_contains_volume": "2400 ml", "max_contains_weight": "7 kg", "moves": 75 },
      { "pocket_type": "CONTAINER", "max_contains_volume": "2400 ml", "max_contains_weight": "7 kg", "moves": 75 },
      { "pocket_type": "CONTAINER", "max_contains_volume": "2400 ml", "max_contains_weight": "7 kg", "moves": 75 },
      { "pocket_type": "CONTAINER", "max_contains_volume": "1400 ml", "max_contains_weight": "3 kg", "moves": 100 },
      { "pocket_type": "CONTAINER", "max_contains_volume": "1400 ml", "max_contains_weight": "3 kg", "moves": 100 }
    ],
    "warmth": 0,
    "flags": [ "VARSIZE", "POCKETS", "HOOD", "COLLAR", "STURDY", "WATERPROOF", "RAINPROOF", "OUTER", "OVERSIZE", "TRADER_AVOID" ],
    "armor": [
      {
        "encumbrance": 10,
        "coverage": 85,
        "covers": [ "torso" ],
        "material": [ "kevlar", "nomex" ],
        "material_thickness": 7,
        "environmental_protection": 3
      }
    ]
  },
  {
    "id": "cbma_enhanced_duster",
    "type": "TOOL_ARMOR",
    "category": "armor",
    "name": { "str": "enhanced bionic duster (off)" },
    "description": "A specially made coat that incorporates superalloy point armor, multiple Nomex layerying, and a whole-body dielectric device into the bionic coat. By activating the dielectric device, the wearer can be protected from electrical damage.",
    "weight": "960 g",
    "volume": "7 L",
    "ammo": [ "battery" ],
    "price": "400 USD",
    "to_hit": -1,
    "material": [ "kevlar", "refinedalloy", "nomex" ],
    "symbol": "[",
    "color": "brown",
    "looks_like": "trenchcoat_survivor",
    "pocket_data": [
      { "pocket_type": "CONTAINER", "max_contains_volume": "2400 ml", "max_contains_weight": "7 kg", "moves": 75 },
      { "pocket_type": "CONTAINER", "max_contains_volume": "2400 ml", "max_contains_weight": "7 kg", "moves": 75 },
      { "pocket_type": "CONTAINER", "max_contains_volume": "2400 ml", "max_contains_weight": "7 kg", "moves": 75 },
      { "pocket_type": "CONTAINER", "max_contains_volume": "2400 ml", "max_contains_weight": "7 kg", "moves": 75 },
      { "pocket_type": "CONTAINER", "max_contains_volume": "1400 ml", "max_contains_weight": "3 kg", "moves": 100 },
      { "pocket_type": "CONTAINER", "max_contains_volume": "1400 ml", "max_contains_weight": "3 kg", "moves": 100 },
      {
        "magazine_well": "250 ml",
        "pocket_type": "MAGAZINE_WELL",
        "holster": true,
        "max_contains_volume": "20 L",
        "max_contains_weight": "20 kg",
        "item_restriction": [ "heavy_battery_cell", "heavy_plus_battery_cell", "heavy_atomic_battery_cell", "heavy_disposable_cell" ]
      }
    ],
    "warmth": 0,
    "flags": [
      "VARSIZE",
      "POCKETS",
      "HOOD",
      "COLLAR",
      "STURDY",
      "WATERPROOF",
      "WATER_FRIENDLY",
      "RAINPROOF",
      "OUTER",
      "OVERSIZE",
      "TRADER_AVOID"
    ],
    "use_action": {
      "type": "transform",
      "msg": "You activate your %s.",
      "target": "cbma_enhanced_duster_on",
      "active": true,
      "need_charges": 1,
      "need_charges_msg": "The system started for a moment... and then went silent."
    },
    "armor": [
      {
        "encumbrance": 10,
        "coverage": 85,
        "covers": [ "torso" ],
        "material": [ "kevlar", "refinedalloy", "nomex" ],
        "material_thickness": 5,
        "environmental_protection": 15
      }
    ]
  },
  {
    "id": "cbma_enhanced_duster_on",
    "type": "TOOL_ARMOR",
    "category": "armor",
    "name": { "str": "enhanced bionic duster (on)" },
    "description": "A specially made coat that incorporates superalloy point armor, multiple Nomex layerying, and a whole-body dielectric device into the bionic coat. The dielectric device is activated and can protect the wearer from electrical damage.",
    "weight": "960 g",
    "volume": "7 L",
    "turns_per_charge": 20,
    "ammo": [ "battery" ],
    "price": "400 USD",
    "to_hit": -1,
    "material": [ "kevlar", "refinedalloy", "nomex" ],
    "symbol": "[",
    "color": "brown",
    "looks_like": "trenchcoat_survivor",
    "pocket_data": [
      { "pocket_type": "CONTAINER", "max_contains_volume": "2400 ml", "max_contains_weight": "7 kg", "moves": 75 },
      { "pocket_type": "CONTAINER", "max_contains_volume": "2400 ml", "max_contains_weight": "7 kg", "moves": 75 },
      { "pocket_type": "CONTAINER", "max_contains_volume": "2400 ml", "max_contains_weight": "7 kg", "moves": 75 },
      { "pocket_type": "CONTAINER", "max_contains_volume": "2400 ml", "max_contains_weight": "7 kg", "moves": 75 },
      { "pocket_type": "CONTAINER", "max_contains_volume": "1400 ml", "max_contains_weight": "3 kg", "moves": 100 },
      { "pocket_type": "CONTAINER", "max_contains_volume": "1400 ml", "max_contains_weight": "3 kg", "moves": 100 },
      {
        "magazine_well": "250 ml",
        "pocket_type": "MAGAZINE_WELL",
        "holster": true,
        "max_contains_volume": "20 L",
        "max_contains_weight": "20 kg",
        "item_restriction": [ "heavy_battery_cell", "heavy_plus_battery_cell", "heavy_atomic_battery_cell", "heavy_disposable_cell" ]
      }
    ],
    "warmth": 0,
    "flags": [
      "VARSIZE",
      "POCKETS",
      "HOOD",
      "COLLAR",
      "STURDY",
      "WATERPROOF",
      "WATER_FRIENDLY",
      "RAINPROOF",
      "OUTER",
      "OVERSIZE",
      "TRADER_AVOID"
    ],
    "use_action": { "type": "transform", "msg": "Your %s deactivates.", "target": "cbma_enhanced_duster" },
    "relic_data": { "passive_effects": [ { "has": "WORN", "condition": "ALWAYS", "values": [ { "value": "ARMOR_ELEC", "add": 20 } ] } ] },
    "armor": [
      {
        "encumbrance": 10,
        "coverage": 85,
        "covers": [ "torso" ],
        "material": [ "kevlar", "refinedalloy", "nomex" ],
        "material_thickness": 5,
        "environmental_protection": 15
      }
    ]
  },
  {
    "id": "cbma_carry_frame",
    "type": "TOOL_ARMOR",
    "category": "armor",
    "name": { "str": "bionic transport frame (off)" },
    "description": "It is a modified version of the transport frame for Power Armor so that it can be used alone. It is currently without power.",
    "weight": "2500 g",
    "volume": "7 L",
    "ammo": [ "battery" ],
    "pocket_data": [
      { "pocket_type": "CONTAINER", "max_contains_volume": "40 L", "max_contains_weight": "50 kg", "moves": 1400 },
      {
        "magazine_well": "250 ml",
        "pocket_type": "MAGAZINE_WELL",
        "holster": true,
        "max_contains_volume": "20 L",
        "max_contains_weight": "20 kg",
        "item_restriction": [ "heavy_battery_cell", "heavy_plus_battery_cell", "heavy_atomic_battery_cell", "heavy_disposable_cell" ]
      }
    ],
    "price": "400 USD",
    "to_hit": -10,
    "material": [ "steel", "superalloy" ],
    "symbol": "[",
    "color": "light_gray",
    "looks_like": "power_armor_frame",
    "warmth": 0,
    "flags": [ "STURDY", "WATERPROOF", "WATER_FRIENDLY", "RAINPROOF", "OUTER", "OVERSIZE", "TRADER_AVOID" ],
    "use_action": {
      "type": "transform",
      "msg": "You activate your %s.",
      "target": "cbma_carry_frame_on",
      "active": true,
      "need_charges": 1,
      "need_charges_msg": "The system started for a moment... and then went silent."
    },
    "relic_data": {
      "passive_effects": [
        {
          "has": "WORN",
          "condition": "ALWAYS",
          "values": [ { "value": "STRENGTH", "add": -3 }, { "value": "DEXTERITY", "add": -2 }, { "value": "SPEED", "multiply": -0.2 } ]
        }
      ]
    },
    "armor": [
      {
        "encumbrance": 120,
        "coverage": 85,
        "covers": [ "torso", "arm_l", "arm_r", "hand_l", "hand_r", "leg_l", "leg_r", "foot_l", "foot_r" ],
        "material": [ "steel", "superalloy" ],
        "material_thickness": 7
      }
    ]
  },
  {
    "id": "cbma_carry_frame_on",
    "type": "TOOL_ARMOR",
    "category": "armor",
    "name": { "str": "bionic transport frame (on)" },
    "description": "It is a modified version of the transport frame for Power Armor so that it can be used alone.",
    "weight": "2500 g",
    "volume": "7 L",
    "turns_per_charge": 20,
    "pocket_data": [
      { "pocket_type": "CONTAINER", "max_contains_volume": "40 L", "max_contains_weight": "50 kg", "moves": 1400 },
      {
        "magazine_well": "250 ml",
        "pocket_type": "MAGAZINE_WELL",
        "holster": true,
        "max_contains_volume": "20 L",
        "max_contains_weight": "20 kg",
        "item_restriction": [ "heavy_battery_cell", "heavy_plus_battery_cell", "heavy_atomic_battery_cell", "heavy_disposable_cell" ]
      }
    ],
    "price": "400 USD",
    "to_hit": -10,
    "material": [ "steel", "superalloy" ],
    "symbol": "[",
    "color": "light_gray",
    "looks_like": "power_armor_frame",
    "warmth": 0,
    "flags": [ "STURDY", "WATERPROOF", "WATER_FRIENDLY", "RAINPROOF", "OUTER", "OVERSIZE", "TRADER_AVOID" ],
    "use_action": { "type": "transform", "msg": "Your %s deactivates.", "target": "cbma_carry_frame" },
    "relic_data": {
      "passive_effects": [
        {
          "has": "WORN",
          "condition": "ALWAYS",
          "values": [ { "value": "STRENGTH", "add": 0 } ],
          "mutations": [ "STRONGBACK", "PACKMULE", "CLUMSY" ]
        }
      ]
    },
    "armor": [
      {
        "encumbrance": 40,
        "coverage": 85,
        "covers": [ "torso", "arm_l", "arm_r", "hand_l", "hand_r", "leg_l", "leg_r", "foot_l", "foot_r" ],
        "material": [ "steel", "superalloy" ],
        "material_thickness": 7
      }
    ]
  },
  {
    "id": "cbma_inner_suite",
    "type": "TOOL_ARMOR",
    "category": "armor",
    "name": { "str": "inner armored suit (off)" },
    "description": "A thin, strong Myamar inner suit covering the entire body. The artificial muscles are not powered and do not perform as expected. Power supply is started by starting up.",
    "weight": "100 g",
    "volume": "4500 ml",
    "price": "400 USD",
    "to_hit": -1,
    "material": [ "myomer" ],
    "symbol": "[",
    "color": "light_gray",
    "looks_like": "union_suit",
    "pocket_data": [
      {
        "magazine_well": "250 ml",
        "pocket_type": "MAGAZINE_WELL",
        "holster": true,
        "max_contains_volume": "20 L",
        "max_contains_weight": "20 kg",
        "item_restriction": [ "heavy_battery_cell", "heavy_plus_battery_cell", "heavy_atomic_battery_cell", "heavy_disposable_cell" ]
      }
    ],
    "warmth": 0,
    "flags": [ "WATERPROOF", "WATER_FRIENDLY", "RAINPROOF", "SKINTIGHT", "TRADER_AVOID", "NO_UNLOAD", "RAD_RESIST" ],
    "use_action": {
      "type": "transform",
      "msg": "You activate your %s.",
      "target": "cbma_inner_suite_on",
      "active": true,
      "need_charges": 1,
      "need_charges_msg": "The system started for a moment... and then went silent."
    },
    "armor": [
      {
        "encumbrance": 5,
        "coverage": 100,
        "covers": [ "torso", "arm_l", "arm_r", "hand_l", "hand_r", "leg_l", "leg_r", "foot_l", "foot_r" ],
        "material": [ "myomer" ],
        "material_thickness": 1
      }
    ]
  },
  {
    "id": "cbma_inner_suite_on",
    "type": "TOOL_ARMOR",
    "category": "armor",
    "name": { "str": "inner armored suit (on)" },
    "description": "A thin, strong Myamar inner suit covering the entire body. Electric power is supplied to the artificial muscles, and the original performance is exhibited.",
    "weight": "100 g",
    "volume": "4500 ml",
    "price": "400 USD",
    "to_hit": -1,
    "material": [ "myomer_on" ],
    "symbol": "[",
    "color": "light_gray",
    "looks_like": "jumpsuit_xl",
    "ammo": [ "battery" ],
    "pocket_data": [
      {
        "magazine_well": "250 ml",
        "pocket_type": "MAGAZINE_WELL",
        "holster": true,
        "max_contains_volume": "20 L",
        "max_contains_weight": "20 kg",
        "item_restriction": [ "heavy_battery_cell", "heavy_plus_battery_cell", "heavy_atomic_battery_cell", "heavy_disposable_cell" ]
      }
    ],
    "turns_per_charge": 20,
    "warmth": 0,
    "flags": [
      "WATERPROOF",
      "WATER_FRIENDLY",
      "RAINPROOF",
      "SKINTIGHT",
      "TRADER_AVOID",
      "NO_UNLOAD",
      "RAD_PROOF",
      "CLIMATE_CONTROL",
      "STURDY"
    ],
    "use_action": { "type": "transform", "msg": "Your %s deactivates.", "target": "cbma_inner_suite" },
    "relic_data": {
      "passive_effects": [
        {
          "has": "WORN",
          "condition": "ALWAYS",
          "values": [
            { "value": "STRENGTH", "add": 3 },
            { "value": "DEXTERITY", "add": 3 },
            { "value": "PERCEPTION", "add": 3 },
            { "value": "SPEED", "multiply": 0.2 }
          ]
        }
      ]
    },
    "armor": [
      {
        "encumbrance": 0,
        "coverage": 100,
        "covers": [ "torso", "arm_l", "arm_r", "hand_l", "hand_r", "leg_l", "leg_r", "foot_l", "foot_r" ],
        "material": [ "myomer_on" ],
        "material_thickness": 1,
        "environmental_protection": 20
      }
    ]
  },
  {
    "id": "cbma_enhanced_armor_ups",
    "type": "TOOL_ARMOR",
    "category": "armor",
    "name": { "str": "enhanced bionic armor (off) (UPS)" },
    "description": "A tough and lightweight protective suit that combines superalloys, Kevlar and Nomex, this is a gem that should be called Survivor Power Armor. Power for normal operation is supplied by Solar and Ratchet. It has been modified so that UPS can supply power.",
    "weight": "4100 g",
    "volume": "10500 ml",
    "charges_per_use": 1,
    "ammo": [ "battery" ],
    "price": "28500 USD",
    "material": [ "kevlar", "refinedalloy", "nomex" ],
    "symbol": "[",
    "color": "dark_gray",
    "looks_like": "survivor_suit",
    "pocket_data": [
      { "pocket_type": "MAGAZINE", "rigid": true, "ammo_restriction": { "battery": 1000 } },
      { "pocket_type": "CONTAINER", "max_contains_volume": "2400 ml", "max_contains_weight": "7 kg", "moves": 65 },
      { "pocket_type": "CONTAINER", "max_contains_volume": "2400 ml", "max_contains_weight": "7 kg", "moves": 65 },
      { "pocket_type": "CONTAINER", "max_contains_volume": "640 ml", "max_contains_weight": "2 kg", "moves": 75 },
      { "pocket_type": "CONTAINER", "max_contains_volume": "640 ml", "max_contains_weight": "2 kg", "moves": 75 },
      { "pocket_type": "CONTAINER", "max_contains_volume": "1700 ml", "max_contains_weight": "4 kg", "moves": 110 },
      { "pocket_type": "CONTAINER", "max_contains_volume": "1700 ml", "max_contains_weight": "4 kg", "moves": 110 }
    ],
    "warmth": 15,
    "flags": [
      "VARSIZE",
      "WATERPROOF",
      "WATER_FRIENDLY",
      "RAINPROOF",
      "STURDY",
      "OVERSIZE",
      "TRADER_AVOID",
      "NO_UNLOAD",
      "USE_UPS",
      "NO_RELOAD"
    ],
    "use_action": {
      "type": "transform",
      "msg": "You activate your %s.",
      "target": "cbma_enhanced_armor_ups_on",
      "active": true,
      "need_charges": 1,
      "need_charges_msg": "The system started for a moment... and then went silent."
    },
    "armor": [
      {
        "encumbrance": 12,
        "coverage": 100,
        "covers": [ "torso" ],
        "material": [ "kevlar", "refinedalloy", "nomex" ],
        "material_thickness": 6,
        "environmental_protection": 15
      }
    ]
  },
  {
    "id": "cbma_enhanced_armor_ups_on",
    "type": "TOOL_ARMOR",
    "category": "armor",
    "name": { "str": "enhanced bionic armor (on) (UPS)" },
    "description": "A tough and lightweight protective suit that combines superalloys, Kevlar and Nomex, this is a gem that should be called Survivor Power Armor. The built-in mechanism that is activated strengthens the cardiopulmonary function and can exert greater power than usual. It has been modified so that the UPS can supply power.",
    "weight": "4100 g",
    "volume": "10500 ml",
    "turns_per_charge": 10,
    "ammo": [ "battery" ],
    "price": "28500 USD",
    "material": [ "kevlar", "refinedalloy", "nomex" ],
    "symbol": "[",
    "color": "dark_gray",
    "looks_like": "survivor_suit",
    "pocket_data": [
      { "pocket_type": "MAGAZINE", "rigid": true, "ammo_restriction": { "battery": 1000 } },
      { "pocket_type": "CONTAINER", "max_contains_volume": "2400 ml", "max_contains_weight": "7 kg", "moves": 65 },
      { "pocket_type": "CONTAINER", "max_contains_volume": "2400 ml", "max_contains_weight": "7 kg", "moves": 65 },
      { "pocket_type": "CONTAINER", "max_contains_volume": "640 ml", "max_contains_weight": "2 kg", "moves": 75 },
      { "pocket_type": "CONTAINER", "max_contains_volume": "640 ml", "max_contains_weight": "2 kg", "moves": 75 },
      { "pocket_type": "CONTAINER", "max_contains_volume": "1700 ml", "max_contains_weight": "4 kg", "moves": 110 },
      { "pocket_type": "CONTAINER", "max_contains_volume": "1700 ml", "max_contains_weight": "4 kg", "moves": 110 }
    ],
    "warmth": 15,
    "revert_to": "cbma_enhanced_armor_ups",
    "flags": [
      "VARSIZE",
      "WATERPROOF",
      "WATER_FRIENDLY",
      "RAINPROOF",
      "STURDY",
      "OVERSIZE",
      "TRADER_AVOID",
      "NO_UNLOAD",
      "USE_UPS",
      "NO_RELOAD"
    ],
    "use_action": { "type": "transform", "msg": "Your %s deactivates.", "target": "cbma_enhanced_armor_ups" },
    "relic_data": { "passive_effects": [ { "has": "WORN", "condition": "ALWAYS", "values": [ { "value": "STRENGTH", "add": 3 } ] } ] },
    "armor": [
      {
        "encumbrance": 6,
        "coverage": 100,
        "covers": [ "torso" ],
        "material": [ "kevlar", "refinedalloy", "nomex" ],
        "material_thickness": 6,
        "environmental_protection": 15
      }
    ]
  },
  {
    "id": "cbma_enhanced_helmet_ups",
    "type": "TOOL_ARMOR",
    "category": "armor",
    "name": { "str": "enhanced helmet (off) (UPS)" },
    "description": "A tough and lightweight protective helmet that combines superalloys, Kevlar and Nomex, it is a gem that should be called Survivor Power Armor. By activating various expansion systems installed inside, it is possible to operate under various environments. It has been modified so that the UPS can supply power.",
    "weight": "856 g",
    "volume": "2500 ml",
    "pocket_data": [ { "pocket_type": "MAGAZINE", "rigid": true, "ammo_restriction": { "battery": 1000 } } ],
    "charges_per_use": 1,
    "ammo": [ "battery" ],
    "price": "960 USD",
    "to_hit": -1,
    "bashing": 10,
    "material": [ "kevlar", "refinedalloy", "nomex" ],
    "symbol": "[",
    "color": "dark_gray",
    "looks_like": "helmet_hsurvivor",
    "warmth": 15,
    "techniques": [ "WBLOCK_1" ],
    "qualities": [ [ "GLARE", 1 ] ],
    "use_action": {
      "type": "transform",
      "msg": "You activate your %s.",
      "target": "cbma_enhanced_helmet_ups_on",
      "active": true,
      "need_charges": 1,
      "need_charges_msg": "The system started for a moment... and then went silent."
    },
    "flags": [
      "VARSIZE",
      "WATERPROOF",
      "WATER_FRIENDLY",
      "STURDY",
      "RAINPROOF",
      "OVERSIZE",
      "SUN_GLASSES",
      "GAS_PROOF",
      "TRADER_AVOID",
      "NO_UNLOAD",
      "USE_UPS",
      "NO_RELOAD"
    ],
    "armor": [
      {
        "encumbrance": 12,
        "coverage": 100,
        "covers": [ "head", "mouth", "eyes" ],
        "material": [ "kevlar", "refinedalloy", "nomex" ],
        "material_thickness": 6,
        "environmental_protection": 24
      }
    ]
  },
  {
    "id": "cbma_enhanced_helmet_ups_on",
    "type": "TOOL_ARMOR",
    "category": "armor",
    "name": { "str": "enhanced bionic helmet (on) (UPS)" },
    "description": "A tough and lightweight protective helmet that combines superalloys, Kevlar and Nomex, it is a gem that should be called Survivor Power Armor. It operates the built-in expansion system and is capable of aiming assistance, loud protection, and underwater activities. It has been modified so that the UPS can supply power.",
    "weight": "856 g",
    "volume": "2500 ml",
    "pocket_data": [ { "pocket_type": "MAGAZINE", "rigid": true, "ammo_restriction": { "battery": 1000 } } ],
    "turns_per_charge": 10,
    "ammo": [ "battery" ],
    "price": "960 USD",
    "to_hit": -1,
    "bashing": 10,
    "material": [ "kevlar", "refinedalloy", "nomex" ],
    "symbol": "[",
    "color": "dark_gray",
    "looks_like": "helmet_hsurvivor",
    "warmth": 15,
    "revert_to": "cbma_enhanced_helmet_ups",
    "techniques": [ "WBLOCK_1" ],
    "qualities": [ [ "GLARE", 1 ] ],
    "use_action": { "type": "transform", "msg": "Your %s deactivates.", "target": "cbma_enhanced_helmet_ups" },
    "flags": [
      "VARSIZE",
      "WATERPROOF",
      "WATER_FRIENDLY",
      "STURDY",
      "RAINPROOF",
      "OVERSIZE",
      "SUN_GLASSES",
      "PARTIAL_DEAF",
      "REBREATHER",
      "SWIM_GOGGLES",
      "FLASH_PROTECTION",
      "GAS_PROOF",
      "TRADER_AVOID",
      "NO_UNLOAD",
      "USE_UPS",
      "NO_RELOAD"
    ],
    "relic_data": { "passive_effects": [ { "has": "WORN", "condition": "ALWAYS", "values": [ { "value": "PERCEPTION", "add": 3 } ] } ] },
    "armor": [
      {
        "encumbrance": 0,
        "coverage": 100,
        "covers": [ "head", "mouth", "eyes" ],
        "material": [ "kevlar", "refinedalloy", "nomex" ],
        "material_thickness": 6,
        "environmental_protection": 24
      }
    ]
  },
  {
    "id": "cbma_enhanced_gloves_ups",
    "type": "TOOL_ARMOR",
    "category": "armor",
    "name": { "str": "enhanced bionic gloves (off) (UPS)" },
    "description": "A tough and lightweight pair of superalloys, Kevlar and Nomex, combined with a further improvement to the hand, this is a gem that should be called Survivor Power Armor. It has been modified so that the UPS can supply power.",
    "weight": "190 g",
    "volume": "1 L",
    "pocket_data": [ { "pocket_type": "MAGAZINE", "rigid": true, "ammo_restriction": { "battery": 1000 } } ],
    "charges_per_use": 1,
    "ammo": [ "battery" ],
    "price": "380 USD",
    "to_hit": 2,
    "material": [ "kevlar", "refinedalloy", "nomex" ],
    "symbol": "[",
    "color": "dark_gray",
    "looks_like": "gloves_lsurvivor",
    "warmth": 15,
    "use_action": {
      "type": "transform",
      "msg": "You activate your %s.",
      "target": "cbma_enhanced_gloves_ups_on",
      "active": true,
      "need_charges": 1,
      "need_charges_msg": "The system started for a moment... and then went silent."
    },
    "flags": [ "VARSIZE", "WATERPROOF", "WATER_FRIENDLY", "STURDY", "OVERSIZE", "TRADER_AVOID", "USE_UPS", "NO_UNLOAD", "NO_RELOAD" ],
    "armor": [
      {
        "encumbrance": 12,
        "coverage": 100,
        "covers": [ "arm_l", "arm_r", "hand_l", "hand_r" ],
        "material": [ "kevlar", "refinedalloy", "nomex" ],
        "material_thickness": 6,
        "environmental_protection": 15
      }
    ]
  },
  {
    "id": "cbma_enhanced_gloves_ups_on",
    "type": "TOOL_ARMOR",
    "category": "armor",
    "name": { "str": "enhanced bionic gloves (on) (UPS)" },
    "description": "A tough and lightweight pair of superalloys, Kevlar and Nomex, combined with a further improvement to the hand, this is a gem that should be called Survivor Power Armor. The embedded electronic auxiliary system enables accurate operation and does not disturb the operation at all. It has been modified so that the UPS can supply power.",
    "weight": "190 g",
    "volume": "1 L",
    "pocket_data": [ { "pocket_type": "MAGAZINE", "rigid": true, "ammo_restriction": { "battery": 1000 } } ],
    "turns_per_charge": 10,
    "ammo": [ "battery" ],
    "price": "380 USD",
    "to_hit": 2,
    "material": [ "kevlar", "refinedalloy", "nomex" ],
    "symbol": "[",
    "color": "dark_gray",
    "looks_like": "gloves_lsurvivor",
    "warmth": 15,
    "revert_to": "cbma_enhanced_gloves_ups",
    "use_action": { "type": "transform", "msg": "Your %s deactivates.", "target": "cbma_enhanced_gloves_ups" },
    "flags": [ "VARSIZE", "WATERPROOF", "WATER_FRIENDLY", "STURDY", "OVERSIZE", "TRADER_AVOID", "USE_UPS", "NO_UNLOAD", "NO_RELOAD" ],
    "armor": [
      {
        "encumbrance": 0,
        "coverage": 100,
        "covers": [ "arm_l", "arm_r", "hand_l", "hand_r" ],
        "material": [ "kevlar", "refinedalloy", "nomex" ],
        "material_thickness": 6,
        "environmental_protection": 15
      }
    ]
  },
  {
    "id": "cbma_enhanced_boots_ups",
    "type": "TOOL_ARMOR",
    "category": "armor",
    "name": { "str": "enhanced bionic boots (off) (UPS)" },
    "description": "A tough and lightweight protective boot that combines superalloys, Kevlar and Nomex, it is a gem that should be called Survivor Power Armor. When activated, it activates the lower limb operation support device. It has been modified so that the UPS can supply power.",
    "weight": "800 g",
    "volume": "3 L",
    "pocket_data": [ { "pocket_type": "MAGAZINE", "rigid": true, "ammo_restriction": { "battery": 1000 } } ],
    "charges_per_use": 1,
    "ammo": [ "battery" ],
    "price": "500 USD",
    "to_hit": -1,
    "bashing": 1,
    "material": [ "kevlar", "refinedalloy" ],
    "symbol": "[",
    "color": "dark_gray",
    "looks_like": "boots_plate",
    "warmth": 15,
    "flags": [ "VARSIZE", "WATERPROOF", "WATER_FRIENDLY", "STURDY", "OVERSIZE", "TRADER_AVOID", "USE_UPS", "NO_UNLOAD", "NO_RELOAD" ],
    "use_action": {
      "type": "transform",
      "msg": "You activate your %s.",
      "target": "cbma_enhanced_boots_ups_on",
      "active": true,
      "need_charges": 1,
      "need_charges_msg": "The system started for a moment... and then went silent."
    },
    "armor": [
      {
        "encumbrance": 12,
        "coverage": 100,
        "covers": [ "leg_l", "leg_r", "foot_l", "foot_r" ],
        "material": [ "kevlar", "refinedalloy" ],
        "material_thickness": 6,
        "environmental_protection": 15
      }
    ]
  },
  {
    "id": "cbma_enhanced_boots_ups_on",
    "type": "TOOL_ARMOR",
    "category": "armor",
    "name": { "str": "enhanced bionic boots (on) (UPS)" },
    "description": "A tough and lightweight protective boot that combines superalloys, Kevlar and Nomex, it is a gem to be called Survivor Power Armor. The lower-limb aiding device is in operation and helps more accurate avoidance and positioning. It has been modified so that the UPS can supply power.",
    "weight": "800 g",
    "volume": "3 L",
    "pocket_data": [ { "pocket_type": "MAGAZINE", "rigid": true, "ammo_restriction": { "battery": 1000 } } ],
    "turns_per_charge": 10,
    "ammo": [ "battery" ],
    "price": "500 USD",
    "to_hit": -1,
    "bashing": 1,
    "material": [ "kevlar", "refinedalloy", "nomex" ],
    "symbol": "[",
    "color": "dark_gray",
    "looks_like": "boots_plate",
    "warmth": 15,
    "revert_to": "cbma_enhanced_boots_ups",
    "flags": [ "VARSIZE", "WATERPROOF", "WATER_FRIENDLY", "STURDY", "OVERSIZE", "TRADER_AVOID", "USE_UPS", "NO_UNLOAD", "NO_RELOAD" ],
    "use_action": { "type": "transform", "msg": "Your %s deactivates.", "target": "cbma_enhanced_boots_ups" },
    "relic_data": { "passive_effects": [ { "has": "WORN", "condition": "ALWAYS", "values": [ { "value": "DEXTERITY", "add": 3 } ] } ] },
    "armor": [
      {
        "encumbrance": 6,
        "coverage": 100,
        "covers": [ "leg_l", "leg_r", "foot_l", "foot_r" ],
        "material": [ "kevlar", "refinedalloy", "nomex" ],
        "material_thickness": 6,
        "environmental_protection": 15
      }
    ]
  },
  {
    "id": "cbma_enhanced_duster_ups",
    "type": "TOOL_ARMOR",
    "category": "armor",
    "name": { "str": "enhanced bionic duster (off) (UPS)" },
    "description": "A specially made coat that incorporates superalloy point armor, multiple Nomex layerying and a whole-body dielectric device into the bionic coat. By activating the dielectric device, the wearer can be protected from electrical damage. It has been modified so that the UPS can supply power.",
    "weight": "960 g",
    "volume": "7 L",
    "charges_per_use": 1,
    "ammo": [ "battery" ],
    "price": "400 USD",
    "to_hit": -1,
    "material": [ "kevlar", "refinedalloy", "nomex" ],
    "symbol": "[",
    "color": "brown",
    "looks_like": "trenchcoat_survivor",
    "pocket_data": [
      { "pocket_type": "MAGAZINE", "rigid": true, "ammo_restriction": { "battery": 1000 } },
      { "pocket_type": "CONTAINER", "max_contains_volume": "2400 ml", "max_contains_weight": "7 kg", "moves": 75 },
      { "pocket_type": "CONTAINER", "max_contains_volume": "2400 ml", "max_contains_weight": "7 kg", "moves": 75 },
      { "pocket_type": "CONTAINER", "max_contains_volume": "2400 ml", "max_contains_weight": "7 kg", "moves": 75 },
      { "pocket_type": "CONTAINER", "max_contains_volume": "2400 ml", "max_contains_weight": "7 kg", "moves": 75 },
      { "pocket_type": "CONTAINER", "max_contains_volume": "1400 ml", "max_contains_weight": "3 kg", "moves": 100 },
      { "pocket_type": "CONTAINER", "max_contains_volume": "1400 ml", "max_contains_weight": "3 kg", "moves": 100 }
    ],
    "warmth": 0,
    "flags": [
      "VARSIZE",
      "POCKETS",
      "HOOD",
      "COLLAR",
      "STURDY",
      "WATERPROOF",
      "WATER_FRIENDLY",
      "RAINPROOF",
      "OUTER",
      "OVERSIZE",
      "TRADER_AVOID",
      "USE_UPS",
      "NO_UNLOAD",
      "NO_RELOAD"
    ],
    "use_action": {
      "type": "transform",
      "msg": "You activate your %s.",
      "target": "cbma_enhanced_duster_ups_on",
      "active": true,
      "need_charges": 1,
      "need_charges_msg": "The system started for a moment... and then went silent."
    },
    "armor": [
      {
        "encumbrance": 10,
        "coverage": 85,
        "covers": [ "torso" ],
        "material": [ "kevlar", "refinedalloy", "nomex" ],
        "material_thickness": 5,
        "environmental_protection": 15
      }
    ]
  },
  {
    "id": "cbma_enhanced_duster_ups_on",
    "type": "TOOL_ARMOR",
    "category": "armor",
    "name": { "str": "enhanced bionic duster (on) (UPS)" },
    "description": "A specially made coat that incorporates superalloy point armor, multiple Nomex layerying and a whole-body dielectric device into the bionic coat. The dielectric device is activated and can protect the wearer from electrical damage. It has been modified so that the UPS can supply power.",
    "weight": "960 g",
    "volume": "7 L",
    "turns_per_charge": 10,
    "ammo": [ "battery" ],
    "price": "400 USD",
    "to_hit": -1,
    "material": [ "kevlar", "refinedalloy", "nomex" ],
    "symbol": "[",
    "color": "brown",
    "looks_like": "trenchcoat_survivor",
    "pocket_data": [
      { "pocket_type": "MAGAZINE", "rigid": true, "ammo_restriction": { "battery": 1000 } },
      { "pocket_type": "CONTAINER", "max_contains_volume": "2400 ml", "max_contains_weight": "7 kg", "moves": 75 },
      { "pocket_type": "CONTAINER", "max_contains_volume": "2400 ml", "max_contains_weight": "7 kg", "moves": 75 },
      { "pocket_type": "CONTAINER", "max_contains_volume": "2400 ml", "max_contains_weight": "7 kg", "moves": 75 },
      { "pocket_type": "CONTAINER", "max_contains_volume": "2400 ml", "max_contains_weight": "7 kg", "moves": 75 },
      { "pocket_type": "CONTAINER", "max_contains_volume": "1400 ml", "max_contains_weight": "3 kg", "moves": 100 },
      { "pocket_type": "CONTAINER", "max_contains_volume": "1400 ml", "max_contains_weight": "3 kg", "moves": 100 }
    ],
    "warmth": 0,
    "revert_to": "cbma_enhanced_duster_ups",
    "flags": [
      "VARSIZE",
      "POCKETS",
      "HOOD",
      "COLLAR",
      "STURDY",
      "WATERPROOF",
      "WATER_FRIENDLY",
      "RAINPROOF",
      "OUTER",
      "OVERSIZE",
      "TRADER_AVOID",
      "USE_UPS",
      "NO_UNLOAD",
      "NO_RELOAD"
    ],
    "use_action": { "type": "transform", "msg": "Your %s deactivates.", "target": "cbma_enhanced_duster_ups" },
    "relic_data": { "passive_effects": [ { "has": "WORN", "condition": "ALWAYS", "values": [ { "value": "ARMOR_ELEC", "add": 20 } ] } ] },
    "armor": [
      {
        "encumbrance": 10,
        "coverage": 85,
        "covers": [ "torso" ],
        "material": [ "kevlar", "refinedalloy", "nomex" ],
        "material_thickness": 5,
        "environmental_protection": 15
      }
    ]
  },
  {
    "id": "cbma_inner_suite_ups",
    "type": "TOOL_ARMOR",
    "category": "armor",
    "name": { "str": "inner armored suit (off) (UPS)" },
    "description": "A thin and strong inner cover made of Myamar fiber that covers the entire body so that it can be fed by UPS. The artificial muscles are not powered and do not perform as expected. Power supply is started by starting up.",
    "weight": "100 g",
    "volume": "4500 ml",
    "price": "400 USD",
    "to_hit": -1,
    "material": [ "myomer" ],
    "symbol": "[",
    "color": "light_gray",
    "looks_like": "union_suit",
    "pocket_data": [ { "pocket_type": "MAGAZINE", "rigid": true, "ammo_restriction": { "battery": 1000 } } ],
    "charges_per_use": 1,
    "ammo": [ "battery" ],
    "warmth": 0,
    "flags": [
      "WATERPROOF",
      "WATER_FRIENDLY",
      "RAINPROOF",
      "SKINTIGHT",
      "TRADER_AVOID",
      "NO_UNLOAD",
      "RAD_RESIST",
      "USE_UPS",
      "NO_RELOAD"
    ],
    "use_action": [
      {
        "type": "transform",
        "msg": "You activate your %s.",
        "target": "cbma_inner_suite_ups_on",
        "active": true,
        "need_charges": 1,
        "need_charges_msg": "The system started for a moment... and then went silent."
      }
    ],
    "armor": [
      {
        "encumbrance": 5,
        "coverage": 100,
        "covers": [ "torso", "arm_l", "arm_r", "hand_l", "hand_r", "leg_l", "leg_r", "foot_l", "foot_r" ],
        "material": [ "myomer" ],
        "material_thickness": 1
      }
    ]
  },
  {
    "id": "cbma_inner_suite_ups_on",
    "type": "TOOL_ARMOR",
    "category": "armor",
    "name": { "str": "inner armored suit (on) (UPS)" },
    "description": "A thin and strong inner cover made of Myamar fiber that covers the entire body so that it can be fed by UPS. Electric power is supplied to the artificial muscles, and the original performance is exhibited.",
    "weight": "100 g",
    "volume": "4500 ml",
    "price": "400 USD",
    "to_hit": -1,
    "material": [ "myomer_on" ],
    "symbol": "[",
    "color": "light_gray",
    "looks_like": "jumpsuit_xl",
    "pocket_data": [ { "pocket_type": "MAGAZINE", "rigid": true, "ammo_restriction": { "battery": 1000 } } ],
    "turns_per_charge": 10,
    "ammo": [ "battery" ],
    "warmth": 0,
    "revert_to": "cbma_inner_suite_ups",
    "flags": [
      "WATERPROOF",
      "WATER_FRIENDLY",
      "RAINPROOF",
      "SKINTIGHT",
      "TRADER_AVOID",
      "NO_UNLOAD",
      "RAD_PROOF",
      "CLIMATE_CONTROL",
      "USE_UPS",
      "NO_RELOAD",
      "STURDY"
    ],
    "use_action": { "type": "transform", "msg": "Your %s deactivates.", "target": "cbma_inner_suite_ups" },
    "relic_data": {
      "passive_effects": [
        {
          "has": "WORN",
          "condition": "ALWAYS",
          "values": [
            { "value": "STRENGTH", "add": 3 },
            { "value": "DEXTERITY", "add": 3 },
            { "value": "PERCEPTION", "add": 3 },
            { "value": "SPEED", "multiply": 0.2 }
          ]
        }
      ]
    },
    "armor": [
      {
        "encumbrance": 0,
        "coverage": 100,
        "covers": [ "torso", "arm_l", "arm_r", "hand_l", "hand_r", "leg_l", "leg_r", "foot_l", "foot_r" ],
        "material": [ "myomer_on" ],
        "material_thickness": 1,
        "environmental_protection": 20
      }
    ]
  }
]
