[
  {
    "id": "style_eskrima",
    "copy-from": "style_eskrima",
    "type": "martial_art",
    "name": { "str": "Eskrima" },
    "extend": { "weapons": [ "cbma_mono_knife" ] }
  },
  {
    "id": "style_fencing",
    "copy-from": "style_fencing",
    "type": "martial_art",
    "name": { "str": "Fencing" },
    "extend": { "weapons": [ "cbma_mono_sword" ] }
  },
  {
    "id": "style_krav_maga",
    "copy-from": "style_krav_maga",
    "type": "martial_art",
    "name": { "str": "Krav Maga" },
    "extend": { "weapons": [ "cbma_mono_knife" ] }
  },
  {
    "id": "style_swordsmanship",
    "copy-from": "style_swordsmanship",
    "type": "martial_art",
    "name": { "str": "Medieval Swordsmanship" },
    "extend": { "weapons": [ "cbma_mono_sword" ] }
  },
  {
    "id": "style_ninjutsu",
    "copy-from": "style_ninjutsu",
    "type": "martial_art",
    "name": { "str": "Ninjutsu" },
    "extend": { "weapons": [ "cbma_mono_knife", "cbma_mono_sword" ] }
  },
  {
    "id": "style_niten",
    "copy-from": "style_niten",
    "type": "martial_art",
    "name": { "str": "Niten Ichi-Ryu" },
    "extend": { "weapons": [ "cbma_mono_sword" ] }
  },
  {
    "id": "style_silat",
    "copy-from": "style_silat",
    "type": "martial_art",
    "name": { "str": "Silat" },
    "extend": { "weapons": [ "cbma_mono_knife" ] }
  },
  {
    "id": "style_sojutsu",
    "copy-from": "style_sojutsu",
    "type": "martial_art",
    "name": { "str": "Sojutsu" },
    "extend": { "weapons": [ "cbma_mono_spear", "cbma_alloy_pile" ] }
  }
]
