[
  {
    "type": "TOOL",
    "id": "ultrasonication_station",
    "name": { "str": "ultrasonication station" },
    "description": "A portable station used for ultrasonic breakdown of materials into nanopowders.",
    "symbol": ",",
    "color": "light_gray",
    "volume": "83 L",
    "weight": "12 kg",
    "ammo": [ "battery" ],
    "charges_per_use": 1,
    "pocket_data": [
      {
        "magazine_well": "1000 ml",
        "pocket_type": "MAGAZINE_WELL",
        "holster": true,
        "max_contains_volume": "20 L",
        "max_contains_weight": "20 kg",
        "item_restriction": [ "medium_battery_cell", "medium_plus_battery_cell", "medium_disposable_cell", "medium_atomic_battery_cell" ]
      }
    ]
  }
]
