[
  {
    "type": "TOOL",
    "id": "3d_printer",
    "name": { "str": "3D printer" },
    "description": "relatively-compact consumer-grade 3D printer for simple polymer projects. This one is a portable version, manufactured to work off a single medium battery.",
    "symbol": ",",
    "color": "light_gray",
    "//": "based on Makerbot Replicator+, mostly because it looks cool and was regarded well in the reviews",
    "volume": "95 L",
    "weight": "18 kg",
    "qualities": [ [ "POLYMER_PRINTING", 1 ] ],
    "ammo": [ "battery" ],
    "charges_per_use": 1,
    "pocket_data": [
      {
        "pocket_type": "MAGAZINE_WELL",
        "magazine_well": "250 ml",
        "holster": true,
        "max_contains_volume": "20 L",
        "max_contains_weight": "20 kg",
        "item_restriction": [ "medium_battery_cell", "medium_plus_battery_cell", "medium_atomic_battery_cell", "medium_disposable_cell" ]
      }
    ]
  },
  {
    "type": "TOOL",
    "id": "3d_factory",
    "name": { "str": "3D factory" },
    "description": "Large and heavy industry-grade 3D factory capable of producing medium-sized items out of polymer, ceramic, biomolecular, and metal feedstock. This is a portable version, manufactured to work off a single large battery.",
    "symbol": ",",
    "color": "light_gray",
    "//": "based on Ultimaker S5: seems large enough to fit the idea",
    "volume": "255 L",
    "weight": "30 kg",
    "qualities": [ [ "POLYMER_PRINTING", 3 ], [ "CERAMIC_PRINTING", 2 ], [ "BIOMEDICAL_PRINTING", 2 ] ],
    "ammo": [ "battery" ],
    "charges_per_use": 1,
    "pocket_data": [
      {
        "magazine_well": "250 ml",
        "pocket_type": "MAGAZINE_WELL",
        "holster": true,
        "max_contains_volume": "20 L",
        "max_contains_weight": "20 kg",
        "item_restriction": [ "heavy_battery_cell", "heavy_plus_battery_cell", "heavy_atomic_battery_cell", "heavy_disposable_cell" ]
      }
    ]
  },
  {
    "type": "TOOL",
    "id": "cnc_workstation",
    "name": { "str": "CNC firearm workstation" },
    "description": "Battery-powered set of CNC tools for manufacture of firearm parts from 80% parts or raw materials.",
    "symbol": ",",
    "color": "light_gray",
    "//": "based roughly on Ghost Gunner 3",
    "volume": "220 L",
    "weight": "19 kg",
    "qualities": [ [ "CNC_MANUFACTURE", 1 ] ],
    "ammo": [ "battery" ],
    "charges_per_use": 1,
    "pocket_data": [
      {
        "magazine_well": "250 ml",
        "pocket_type": "MAGAZINE_WELL",
        "holster": true,
        "max_contains_volume": "20 L",
        "max_contains_weight": "20 kg",
        "item_restriction": [ "heavy_battery_cell", "heavy_plus_battery_cell", "heavy_atomic_battery_cell", "heavy_disposable_cell" ]
      }
    ]
  }
]
