[
  {
    "type": "recipe",
    "activity_level": "LIGHT_EXERCISE",
    "result": "bio_increased_bionics_space_mkI",
    "category": "CC_ELECTRONIC",
    "subcategory": "CSC_ELECTRONIC_CBMS",
    "skill_used": "electronics",
    "skills_required": [ "computer", 7 ],
    "difficulty": 7,
    "time": 50000,
    "book_learn": [ [ "recipe_lab_elec", 10 ] ],
    "qualities": [ { "id": "SCREW", "level": 1 } ],
    "tools": [ [ [ "soldering_iron", 200 ], [ "toolset", 200 ] ], [ [ "laptop", -1 ] ] ],
    "components": [
      [ [ "burnt_out_bionic", 1 ] ],
      [ [ "bio_nanobots", 1 ] ],
      [ [ "bio_power_storage_mkII", 1 ] ],
      [ [ "bio_hydraulics", 1 ] ],
      [ [ "power_supply", 1 ] ],
      [ [ "amplifier", 1 ] ],
      [ [ "RAM", 1 ] ],
      [ [ "processor", 1 ] ]
    ]
  },
  {
    "type": "recipe",
    "activity_level": "LIGHT_EXERCISE",
    "result": "bio_increased_bionics_space_mkII",
    "category": "CC_ELECTRONIC",
    "subcategory": "CSC_ELECTRONIC_CBMS",
    "skill_used": "electronics",
    "skills_required": [ "computer", 8 ],
    "difficulty": 8,
    "time": 50000,
    "book_learn": [ [ "recipe_lab_elec", 10 ] ],
    "qualities": [ { "id": "SCREW", "level": 1 } ],
    "tools": [ [ [ "soldering_iron", 200 ], [ "toolset", 200 ] ], [ [ "laptop", -1 ] ] ],
    "components": [
      [ [ "bio_increased_bionics_space_mkI", 1 ] ],
      [ [ "bio_nanobots", 1 ] ],
      [ [ "bio_power_storage_mkII", 1 ] ],
      [ [ "power_supply", 1 ] ],
      [ [ "amplifier", 1 ] ],
      [ [ "RAM", 1 ] ],
      [ [ "processor", 1 ] ]
    ]
  },
  {
    "type": "recipe",
    "activity_level": "LIGHT_EXERCISE",
    "result": "bio_increased_bionics_space_mkIII",
    "category": "CC_ELECTRONIC",
    "subcategory": "CSC_ELECTRONIC_CBMS",
    "skill_used": "electronics",
    "skills_required": [ "computer", 9 ],
    "difficulty": 9,
    "time": 50000,
    "book_learn": [ [ "recipe_lab_elec", 10 ] ],
    "qualities": [ { "id": "SCREW", "level": 1 } ],
    "tools": [ [ [ "soldering_iron", 200 ], [ "toolset", 200 ] ], [ [ "laptop", -1 ] ] ],
    "components": [
      [ [ "bio_increased_bionics_space_mkII", 1 ] ],
      [ [ "bio_nanobots", 1 ] ],
      [ [ "bio_power_storage_mkII", 1 ] ],
      [ [ "bio_teleport", 1 ] ],
      [ [ "power_supply", 1 ] ],
      [ [ "amplifier", 1 ] ],
      [ [ "RAM", 1 ] ],
      [ [ "processor", 1 ] ]
    ]
  },
  {
    "type": "recipe",
    "activity_level": "LIGHT_EXERCISE",
    "result": "bio_increased_bionics_space_mkIV",
    "category": "CC_ELECTRONIC",
    "subcategory": "CSC_ELECTRONIC_CBMS",
    "skill_used": "electronics",
    "skills_required": [ "computer", 10 ],
    "difficulty": 10,
    "time": 50000,
    "book_learn": [ [ "recipe_lab_elec", 10 ] ],
    "qualities": [ { "id": "SCREW", "level": 1 } ],
    "tools": [ [ [ "soldering_iron", 200 ], [ "toolset", 200 ] ], [ [ "laptop", -1 ] ] ],
    "components": [
      [ [ "bio_increased_bionics_space_mkIII", 1 ] ],
      [ [ "bio_nanobots", 1 ] ],
      [ [ "bio_power_storage_mkII", 1 ] ],
      [ [ "bio_probability_travel", 1 ] ],
      [ [ "power_supply", 1 ] ],
      [ [ "amplifier", 1 ] ],
      [ [ "RAM", 1 ] ],
      [ [ "processor", 1 ] ]
    ]
  },
  {
    "result": "bio_increased_bionics_space_mkI",
    "activity_level": "LIGHT_EXERCISE",
    "type": "uncraft",
    "skill_used": "electronics",
    "difficulty": 7,
    "skills_required": [ "computer", 7 ],
    "time": 50000,
    "qualities": [ { "id": "SCREW", "level": 1 } ],
    "tools": [ [ [ "soldering_iron", 20 ], [ "toolset", 20 ] ] ],
    "components": [ [ [ "burnt_out_bionic", 1 ] ] ]
  },
  {
    "result": "bio_increased_bionics_space_mkII",
    "activity_level": "LIGHT_EXERCISE",
    "type": "uncraft",
    "skill_used": "electronics",
    "difficulty": 7,
    "skills_required": [ "computer", 7 ],
    "time": 50000,
    "qualities": [ { "id": "SCREW", "level": 1 } ],
    "tools": [ [ [ "soldering_iron", 20 ], [ "toolset", 20 ] ] ],
    "components": [ [ [ "burnt_out_bionic", 1 ] ] ]
  },
  {
    "result": "bio_increased_bionics_space_mkIII",
    "activity_level": "LIGHT_EXERCISE",
    "type": "uncraft",
    "skill_used": "electronics",
    "difficulty": 7,
    "skills_required": [ "computer", 7 ],
    "time": 50000,
    "qualities": [ { "id": "SCREW", "level": 1 } ],
    "tools": [ [ [ "soldering_iron", 20 ], [ "toolset", 20 ] ] ],
    "components": [ [ [ "burnt_out_bionic", 1 ] ] ]
  },
  {
    "result": "bio_increased_bionics_space_mkIV",
    "activity_level": "LIGHT_EXERCISE",
    "type": "uncraft",
    "skill_used": "electronics",
    "difficulty": 7,
    "skills_required": [ "computer", 7 ],
    "time": 50000,
    "qualities": [ { "id": "SCREW", "level": 1 } ],
    "tools": [ [ [ "soldering_iron", 20 ], [ "toolset", 20 ] ] ],
    "components": [ [ [ "burnt_out_bionic", 1 ] ] ]
  },
  {
    "id": "bio_increased_bionics_space_mkI",
    "copy-from": "bionic_general",
    "type": "BIONIC_ITEM",
    "name": { "str": "Bionic Space Expander CBM Mk. I" },
    "description": "Nanobots replace large parts of the involuntary muscles with an innovativ, synthetic muscle structure (that's far smaller but equally capable) to expand the available space for bionic implementations.",
    "price": "20000 USD",
    "difficulty": 6
  },
  {
    "id": "bio_increased_bionics_space_mkII",
    "copy-from": "bionic_general",
    "type": "BIONIC_ITEM",
    "name": { "str": "Bionic Space Expander CBM Mk. II" },
    "description": "Parts of the stroma and skeleton get replaced by nanobots with small storage units to significantly increase the space for bionic implementations in all bodyparts.",
    "price": "45000 USD",
    "difficulty": 8
  },
  {
    "id": "bio_increased_bionics_space_mkIII",
    "copy-from": "bionic_general",
    "type": "BIONIC_ITEM",
    "name": { "str": "Bionic Space Expander CBM Mk. III" },
    "description": "Within picoseconds mikro teleport systems cut currently unused bionic implants in an uncountable number of pieces, move them to otherwise unusable space (like the fat tissue) and restore now needed implants on that location.",
    "price": "70000 USD",
    "difficulty": 10
  },
  {
    "id": "bio_increased_bionics_space_mkIV",
    "copy-from": "bionic_general",
    "type": "BIONIC_ITEM",
    "name": { "str": "Bionic Space Expander CBM Mk. IV" },
    "description": "Through quantum tunneling most of your implants aren't in this universe anymore ... wherever they are: you've got a lot more space for bionic implementations!",
    "price": "95000 USD",
    "difficulty": 12
  },
  {
    "id": "bio_increased_bionics_space_mkI",
    "type": "bionic",
    "name": { "str": "Bionic Space Expander Mk. I" },
    "description": "Nanobots replace large parts of the involuntary muscles with an innovativ, synthetic muscle structure (that's far smaller but equally capable) to expand the available space for bionic implementations.",
    "occupied_bodyparts": [
      [ "torso", -64 ],
      [ "head", -6 ],
      [ "eyes", -1 ],
      [ "mouth", 0 ],
      [ "arm_l", -9 ],
      [ "arm_r", -9 ],
      [ "hand_l", -3 ],
      [ "hand_r", -3 ],
      [ "leg_l", -9 ],
      [ "leg_r", -9 ],
      [ "foot_l", -1 ],
      [ "foot_r", -1 ]
    ]
  },
  {
    "id": "bio_increased_bionics_space_mkII",
    "type": "bionic",
    "name": { "str": "Bionic Space Expander Mk. II" },
    "description": "Parts of the stroma and skeleton get replaced by nanobots with small storage units to significantly increase the space for bionic implementations in all bodyparts.",
    "occupied_bodyparts": [
      [ "torso", -128 ],
      [ "head", -12 ],
      [ "eyes", -2 ],
      [ "mouth", -1 ],
      [ "arm_l", -18 ],
      [ "arm_r", -18 ],
      [ "hand_l", -7 ],
      [ "hand_r", -7 ],
      [ "leg_l", -18 ],
      [ "leg_r", -18 ],
      [ "foot_l", -3 ],
      [ "foot_r", -3 ]
    ]
  },
  {
    "id": "bio_increased_bionics_space_mkIII",
    "type": "bionic",
    "name": { "str": "Bionic Space Expander Mk. III" },
    "description": "Within picoseconds mikro teleport systems cut currently unused bionic implants in an uncountable number of pieces, move them to otherwise unusable space (like the fat tissue) and restore now needed implants on that location.",
    "occupied_bodyparts": [
      [ "torso", -192 ],
      [ "head", -18 ],
      [ "eyes", -3 ],
      [ "mouth", -2 ],
      [ "arm_l", -27 ],
      [ "arm_r", -27 ],
      [ "hand_l", -10 ],
      [ "hand_r", -10 ],
      [ "leg_l", -27 ],
      [ "leg_r", -27 ],
      [ "foot_l", -5 ],
      [ "foot_r", -5 ]
    ]
  },
  {
    "id": "bio_increased_bionics_space_mkIV",
    "type": "bionic",
    "name": { "str": "Bionic Space Expander Mk. IV" },
    "description": "Through quantum tunneling most of your implants aren't in this universe anymore ... wherever they are: you've got a lot more space for bionic implementations!",
    "occupied_bodyparts": [
      [ "torso", -256 ],
      [ "head", -24 ],
      [ "eyes", -4 ],
      [ "mouth", -3 ],
      [ "arm_l", -36 ],
      [ "arm_r", -36 ],
      [ "hand_l", -14 ],
      [ "hand_r", -14 ],
      [ "leg_l", -36 ],
      [ "leg_r", -36 ],
      [ "foot_l", -7 ],
      [ "foot_r", -7 ]
    ]
  },
  {
    "id": "bio_blaster",
    "copy-from": "bionic_general",
    "type": "BIONIC_ITEM",
    "name": { "str": "Fusion Blaster Arm CBM" },
    "description": "Your left arm has been replaced by a heavy-duty fusion blaster!  You may use your energy banks to fire a damaging heat ray.  However, you are unable to use or carry two-handed items, and your strength limits what you can use with your one hand.",
    "price": "2200 USD",
    "difficulty": 3
  },
  {
    "id": "bio_blaster",
    "type": "bionic",
    "name": { "str": "Fusion Blaster Arm" },
    "description": "Your left arm has been surgically replaced by a heavy-duty fusion blaster!  You may use your energy banks to fire a damaging heat ray.  However, you are unable to use or carry two-handed items, and your strength limits what you can use with your one hand.",
    "occupied_bodyparts": [ [ "arm_l", 20 ], [ "hand_l", 5 ] ],
    "act_cost": 50,
    "fake_weapon": "bio_blaster_gun",
    "flags": [ "BIONIC_GUN", "USES_BIONIC_POWER" ],
    "cant_remove_reason": "Removing %1$s Fusion Blaster Arm would leave %2$s with a useless stump."
  },
  {
    "id": "bio_blaster_gun",
    "type": "GUN",
    "name": { "str": "fusion blaster" },
    "description": "this a pseudo item",
    "volume": "3 L",
    "price": "0 cent",
    "material": [ "steel", "plastic" ],
    "symbol": "(",
    "color": "magenta",
    "skill": "rifle",
    "range": 30,
    "ranged_damage": { "damage_type": "stab", "amount": 22, "armor_penetration": 15 },
    "dispersion": 30,
    "durability": 10,
    "loudness": 12,
    "modes": [ [ "DEFAULT", "single shot", 1 ], [ "burst", "triple shot", 3 ] ],
    "reload": 500,
    "built_in_mods": [ "bio_powershot" ],
    "ammo_effects": [ "PLASMA" ],
    "flags": [ "NEVER_JAMS", "TRADER_AVOID", "ZERO_WEIGHT" ]
  },
  {
    "type": "item_group",
    "id": "bionics_sci",
    "subtype": "distribution",
    "//": "High-tech bionics, handy for the harried researcher.  They get access to classified toys too, but only stuff a scientist would have use for.",
    "items": [
      [ "burnt_out_bionic", 60 ],
      [ "bio_batteries", 30 ],
      [ "bio_power_storage", 30 ],
      [ "bio_metabolics", 5 ],
      [ "bio_ethanol", 5 ],
      [ "bio_ups", 10 ],
      [ "bio_torsionratchet", 30 ],
      [ "bio_tools", 10 ],
      [ "bio_flashlight", 30 ],
      [ "bio_lighter", 25 ],
      [ "bio_magnet", 20 ],
      [ "bio_memory", 15 ],
      [ "bio_ears", 10 ],
      [ "bio_sunglasses", 10 ],
      [ "bio_eye_optic", 10 ],
      [ "bio_eye_enhancer", 5 ],
      [ "bio_dex_enhancer", 5 ],
      [ "bio_int_enhancer", 10 ],
      [ "bio_night_vision", 1 ],
      [ "bio_infrared", 2 ],
      [ "bio_synaptic_regen", 12 ],
      [ "bio_gills", 5 ],
      [ "bio_climate", 2 ],
      [ "bio_heatsink", 2 ],
      [ "bio_blood_filter", 10 ],
      [ "bio_fingerhack", 2 ],
      [ "bio_lockpick", 2 ],
      [ "bio_surgical_razor", 8 ],
      [ "bio_nanobots", 15 ],
      [ "bio_blood_anal", 10 ],
      [ "bio_geiger", 15 ],
      [ "bio_radscrubber", 10 ],
      [ "bio_watch", 40 ],
      [ "bio_leukocyte", 15 ],
      [ "bio_syringe", 2 ],
      [ "bio_jointservo", 10 ],
      [ "bio_soporific", 2 ],
      [ "bio_increased_bionics_space_mkI", 2 ],
      [ "bio_increased_bionics_space_mkII", 2 ],
      [ "bio_increased_bionics_space_mkIII", 1 ],
      [ "bio_increased_bionics_space_mkIV", 1 ]
    ]
  },
  {
    "type": "item_group",
    "id": "bionics_mil",
    "items": [
      [ "bio_power_storage", 10 ],
      [ "potato", 10 ],
      [ "bio_batteries", 10 ],
      [ "bio_metabolics", 10 ],
      [ "bio_ethanol", 10 ],
      [ "bio_ups", 10 ],
      [ "bio_torsionratchet", 10 ],
      [ "bio_ears", 10 ],
      [ "bio_sunglasses", 10 ],
      [ "bio_eye_optic", 10 ],
      [ "bio_eye_enhancer", 10 ],
      [ "bio_dex_enhancer", 10 ],
      [ "bio_str_enhancer", 10 ],
      [ "bio_night_vision", 10 ],
      [ "bio_infrared", 10 ],
      [ "bio_recycler", 10 ],
      [ "bio_digestion", 10 ],
      [ "bio_evap", 10 ],
      [ "bio_water_extractor", 10 ],
      [ "bio_carbon", 10 ],
      [ "bio_armor_head", 10 ],
      [ "bio_armor_torso", 10 ],
      [ "bio_armor_arms", 10 ],
      [ "bio_armor_legs", 10 ],
      [ "bio_armor_eyes", 10 ],
      [ "bio_targeting", 10 ],
      [ "bio_ground_sonar", 10 ],
      [ "bio_face_mask", 10 ],
      [ "bio_scent_mask", 10 ],
      [ "bio_cloak", 10 ],
      [ "bio_fingerhack", 10 ],
      [ "bio_lockpick", 10 ],
      [ "bio_night", 10 ],
      [ "bio_nanobots", 10 ],
      [ "bio_blood_anal", 10 ],
      [ "bio_geiger", 10 ],
      [ "bio_radscrubber", 10 ],
      [ "bio_ads", 10 ],
      [ "bio_ods", 10 ],
      [ "bio_uncanny_dodge", 10 ],
      [ "bio_blaster", 10 ],
      [ "bio_laser", 10 ],
      [ "bio_emp", 10 ],
      [ "bio_railgun", 10 ],
      [ "bio_flashbang", 10 ],
      [ "bio_chain_lightning", 10 ],
      [ "bio_time_freeze", 10 ],
      [ "bio_teleport", 10 ],
      [ "bio_probability_travel", 10 ],
      [ "bio_power_armor_interface", 10 ],
      [ "bio_cqb", 5 ],
      [ "bio_blade", 2 ],
      [ "bio_speed", 2 ],
      [ "bio_adrenaline", 10 ],
      [ "bio_watch", 10 ],
      [ "bio_power_armor_interface_mkII", 5 ],
      [ "bio_meteorologist", 10 ],
      [ "bio_cable", 10 ],
      [ "bio_increased_bionics_space_mkI", 1 ]
    ]
  },
  {
    "type": "item_group",
    "id": "bionics_op",
    "subtype": "distribution",
    "//": "What the commandos get.",
    "items": [
      [ "bio_power_storage_mkII", 10 ],
      [ "bio_batteries", 10 ],
      [ "bio_metabolics", 20 ],
      [ "bio_torsionratchet", 20 ],
      [ "bio_ups", 10 ],
      [ "bio_ears", 10 ],
      [ "bio_sunglasses", 10 ],
      [ "bio_eye_optic", 10 ],
      [ "bio_eye_enhancer", 10 ],
      [ "bio_dex_enhancer", 10 ],
      [ "bio_str_enhancer", 10 ],
      [ "bio_night_vision", 15 ],
      [ "bio_infrared", 15 ],
      [ "bio_recycler", 20 ],
      [ "bio_digestion", 15 ],
      [ "bio_evap", 15 ],
      [ "bio_water_extractor", 10 ],
      [ "bio_armor_head", 10 ],
      [ "bio_armor_torso", 10 ],
      [ "bio_armor_arms", 10 ],
      [ "bio_armor_legs", 10 ],
      [ "bio_armor_eyes", 10 ],
      [ "bio_targeting", 20 ],
      [ "bio_ground_sonar", 10 ],
      [ "bio_face_mask", 10 ],
      [ "bio_scent_mask", 10 ],
      [ "bio_cloak", 10 ],
      [ "bio_fingerhack", 15 ],
      [ "bio_lockpick", 20 ],
      [ "bio_night", 5 ],
      [ "bio_nanobots", 20 ],
      [ "bio_blood_anal", 10 ],
      [ "bio_geiger", 10 ],
      [ "bio_radscrubber", 15 ],
      [ "bio_ads", 10 ],
      [ "bio_ods", 10 ],
      [ "bio_uncanny_dodge", 10 ],
      [ "bio_laser", 15 ],
      [ "bio_emp", 10 ],
      [ "bio_emp_armgun", 10 ],
      [ "bio_railgun", 10 ],
      [ "bio_flashbang", 15 ],
      [ "bio_chain_lightning", 10 ],
      [ "bio_time_freeze", 5 ],
      [ "bio_teleport", 5 ],
      [ "bio_probability_travel", 5 ],
      [ "bio_power_armor_interface", 10 ],
      [ "bio_cqb", 5 ],
      [ "bio_blade", 5 ],
      [ "bio_speed", 5 ],
      [ "bio_adrenaline", 15 ],
      [ "bio_watch", 10 ],
      [ "bio_power_armor_interface_mkII", 5 ],
      [ "bio_meteorologist", 10 ],
      [ "bio_cable", 10 ],
      [ "bio_jointservo", 20 ],
      [ "bio_shotgun", 10 ],
      [ "bio_increased_bionics_space_mkI", 1 ],
      [ "bio_increased_bionics_space_mkII", 1 ]
    ]
  }
]
