[
  {
    "type": "construction",
    "id": "constr_hydroponics",
    "group": "build_hydroponics",
    "category": "CONSTRUCT",
    "required_skills": [ [ "fabrication", 4 ], [ "survival", 2 ], [ "electronics", 2 ] ],
    "time": "3 h",
    "qualities": [ [ { "id": "SAW_M", "level": 1 } ], [ { "id": "SCREW", "level": 1 } ], [ { "id": "WRENCH", "level": 2 } ] ],
    "components": [
      [ [ "pipe", 6 ], [ "xlframe", 1 ] ],
      [ [ "plastic_chunk", 10 ] ],
      [ [ "metal_tank_little", 2 ] ],
      [ [ "cu_pipe", 4 ] ],
      [ [ "small_storage_battery", 1 ] ],
      [ [ "plut_cell", 1 ] ],
      [ [ "e_scrap", 2 ] ],
      [ [ "lightstrip_inactive", 2 ] ],
      [ [ "circuit", 1 ] ],
      [ [ "fertilizer_commercial", 1 ] ],
      [ [ "water", 100 ] ]
    ],
    "pre_special": "check_empty",
    "post_terrain": "f_hydroponics"
  },
  {
    "type": "construction",
    "id": "constr_hydro_heater",
    "group": "build_hydroponics_heater",
    "category": "CONSTRUCT",
    "required_skills": [ [ "fabrication", 4 ], [ "electronics", 3 ] ],
    "time": "45 m",
    "qualities": [ [ { "id": "SAW_M", "level": 1 } ], [ { "id": "SCREW", "level": 1 } ], [ { "id": "WRENCH", "level": 2 } ] ],
    "components": [
      [ [ "plut_cell", 1 ] ],
      [ [ "small_storage_battery", 1 ] ],
      [ [ "element", 12 ] ],
      [ [ "cable", 6 ] ],
      [ [ "sheet_metal", 4 ] ],
      [ [ "power_supply", 1 ] ]
    ],
    "pre_special": "check_empty",
    "post_terrain": "f_hydro_heater"
  }
]
