[
  {
    "result": "223blackout",
    "copy-from": "ammo_cartridge",
    "type": "uncraft",
    "skill_used": "gun",
    "difficulty": 5,
    "using": [ [ "ammo_223", 1 ] ],
    "components": [ [ [ "223_blackout_tp", 1 ] ], [ [ "gunpowder_rifle", 2 ] ] ]
  },
  {
    "result": "22etc_apt",
    "copy-from": "ammo_cartridge",
    "type": "uncraft",
    "using": [ [ "ammo_22etc", 1 ] ],
    "components": [ [ [ "22etc_apt_tball", 1 ] ], [ [ "gunpowder_magnum_pistol", 1 ] ] ]
  },
  {
    "result": "22etc_hp",
    "copy-from": "ammo_cartridge",
    "type": "uncraft",
    "using": [ [ "ammo_22etc", 1 ] ],
    "components": [ [ [ "lead", 2 ] ], [ [ "gunpowder_magnum_pistol", 1 ] ] ]
  },
  {
    "result": "22etc_match",
    "copy-from": "ammo_cartridge",
    "type": "uncraft",
    "using": [ [ "ammo_22etc", 1 ] ],
    "components": [ [ [ "lead", 2 ] ], [ [ "gunpowder_magnum_pistol", 2 ] ], [ [ "copper", 2 ] ] ]
  },
  {
    "result": "22etc_microflechette",
    "copy-from": "ammo_cartridge",
    "type": "uncraft",
    "using": [ [ "ammo_22etc", 1 ] ],
    "components": [ [ [ "22etc_extracted_microflechette", 5 ] ], [ [ "gunpowder_magnum_pistol", 2 ] ] ]
  },
  {
    "result": "556blackout",
    "copy-from": "ammo_cartridge",
    "type": "uncraft",
    "skill_used": "gun",
    "difficulty": 5,
    "using": [ [ "ammo_223", 1 ] ],
    "components": [ [ [ "556noctis_up", 1 ] ], [ [ "gunpowder_rifle", 2 ] ] ]
  },
  {
    "result": "410shot_doorbuster",
    "copy-from": "ammo_cartridge",
    "type": "uncraft",
    "skill_used": "gun",
    "difficulty": 5,
    "time": "1 s",
    "components": [ [ [ "410shot_hull", 1 ] ], [ [ "shotgun_primer", 1 ] ], [ [ "gunpowder_pistol", 5 ] ], [ [ "lead", 11 ] ] ]
  },
  {
    "result": "410shot_flech",
    "copy-from": "ammo_cartridge",
    "type": "uncraft",
    "skill_used": "gun",
    "difficulty": 5,
    "time": "1 s",
    "components": [ [ [ "410shot_hull", 1 ] ], [ [ "shotgun_primer", 1 ] ], [ [ "gunpowder_pistol", 5 ] ], [ [ "combatnail", 5 ] ] ]
  },
  {
    "result": "556dk",
    "copy-from": "ammo_cartridge",
    "type": "uncraft",
    "skill_used": "gun",
    "difficulty": 5,
    "using": [ [ "ammo_556etc", 1 ] ],
    "components": [ [ [ "lead", 1 ] ], [ [ "gunpowder_rifle", 6 ] ], [ [ "copper", 1 ] ] ]
  },
  {
    "result": "556dk_incendiary",
    "copy-from": "ammo_cartridge",
    "type": "uncraft",
    "skill_used": "gun",
    "difficulty": 5,
    "using": [ [ "ammo_556etc", 1 ] ],
    "components": [ [ [ "incendiary", 1 ] ], [ [ "gunpowder_rifle", 6 ] ], [ [ "copper", 1 ] ] ]
  },
  {
    "result": "556sap",
    "copy-from": "ammo_cartridge",
    "type": "uncraft",
    "skill_used": "gun",
    "difficulty": 5,
    "using": [ [ "ammo_556etc", 1 ] ],
    "components": [ [ [ "556etc_sap_up", 1 ] ], [ [ "gunpowder_rifle", 1 ] ] ]
  },
  {
    "result": "762ec",
    "copy-from": "ammo_cartridge",
    "type": "uncraft",
    "skill_used": "gun",
    "difficulty": 5,
    "using": [ [ "ammo_762etc", 1 ] ],
    "components": [ [ [ "lead", 1 ] ], [ [ "lgrifle_plut_microcell", 1 ] ], [ [ "gunpowder_large_rifle", 12 ] ] ]
  },
  {
    "result": "762echv",
    "copy-from": "ammo_cartridge",
    "type": "uncraft",
    "skill_used": "gun",
    "difficulty": 5,
    "using": [ [ "ammo_762etc", 1 ] ],
    "components": [ [ [ "lead", 2 ] ], [ [ "lgrifle_plut_microcell", 1 ] ], [ [ "gunpowder_large_rifle", 9 ] ], [ [ "copper", 1 ] ] ]
  },
  {
    "result": "762echv_incendiary",
    "copy-from": "ammo_cartridge",
    "type": "uncraft",
    "skill_used": "gun",
    "difficulty": 5,
    "using": [ [ "ammo_762etc", 1 ] ],
    "components": [
      [ [ "lead", 2 ] ],
      [ [ "incendiary", 1 ] ],
      [ [ "lgrifle_plut_microcell", 1 ] ],
      [ [ "gunpowder", 9 ] ],
      [ [ "copper", 1 ] ]
    ]
  },
  {
    "result": "9etc",
    "copy-from": "ammo_cartridge",
    "type": "uncraft",
    "using": [ [ "ammo_9etc", 1 ] ],
    "components": [ [ [ "lead", 2 ] ], [ [ "gunpowder_magnum_pistol", 3 ] ] ]
  },
  {
    "result": "9etcfmj",
    "copy-from": "9etc",
    "type": "uncraft",
    "components": [ [ [ "lead", 2 ] ], [ [ "gunpowder_magnum_pistol", 3 ] ], [ [ "copper", 1 ] ] ]
  },
  {
    "result": "9etchvp",
    "copy-from": "ammo_cartridge",
    "type": "uncraft",
    "using": [ [ "ammo_9etc", 1 ] ],
    "components": [ [ [ "lead", 2 ] ], [ [ "gunpowder_magnum_pistol", 6 ] ] ]
  },
  {
    "result": "9etcmatch",
    "copy-from": "ammo_cartridge",
    "type": "uncraft",
    "using": [ [ "ammo_9etc", 1 ] ],
    "components": [ [ [ "9etc_hapm_tp", 1 ] ], [ [ "gunpowder_magnum_pistol", 7 ] ] ]
  },
  {
    "result": "9etcsap",
    "copy-from": "ammo_cartridge",
    "type": "uncraft",
    "using": [ [ "ammo_9etc", 1 ] ],
    "components": [ [ [ "9etc_sap_up", 1 ] ], [ [ "gunpowder_magnum_pistol", 1 ] ] ]
  }
]
