[
  {
    "result": "etc_er555ads_pack",
    "type": "uncraft",
    "time": "1 m",
    "components": [
      [ [ "etc_er555ads_kit", 1 ] ],
      [ [ "shoulder_strap", 1 ] ],
      [ [ "rifle_scope", 1 ] ],
      [ [ "ocg556e_14", 2 ] ],
      [ [ "briefcase", 1 ] ]
    ]
  },
  {
    "result": "etc_er555car_pack",
    "type": "uncraft",
    "time": "1 m",
    "components": [
      [ [ "etc_er555car_kit", 1 ] ],
      [ [ "shoulder_strap", 1 ] ],
      [ [ "red_dot_sight", 1 ] ],
      [ [ "rail_laser_sight", 1 ] ],
      [ [ "laser_sight", 1 ] ],
      [ [ "ocg556e_30", 2 ] ],
      [ [ "briefcase", 1 ] ]
    ]
  },
  {
    "result": "etc_er555cqb_pack",
    "type": "uncraft",
    "time": "1 m",
    "components": [
      [ [ "etc_er555cqb_kit", 1 ] ],
      [ [ "shoulder_strap", 1 ] ],
      [ [ "red_dot_sight", 1 ] ],
      [ [ "rail_laser_sight", 1 ] ],
      [ [ "ocg556e_20", 3 ] ],
      [ [ "briefcase", 1 ] ]
    ]
  },
  {
    "result": "etc_er555saw_pack",
    "type": "uncraft",
    "time": "1 m",
    "components": [
      [ [ "etc_er555saw_kit", 1 ] ],
      [ [ "shoulder_strap", 1 ] ],
      [ [ "acog_scope", 1 ] ],
      [ [ "belt556etc", 1 ] ],
      [ [ "sheet_metal_small", 4 ] ],
      [ [ "briefcase", 1 ] ]
    ]
  },
  {
    "result": "etc_er555sr_pack",
    "type": "uncraft",
    "time": "1 m",
    "components": [
      [ [ "etc_er555sr_kit", 1 ] ],
      [ [ "shoulder_strap", 1 ] ],
      [ [ "rifle_scope", 1 ] ],
      [ [ "ocg556e_14", 2 ] ],
      [ [ "briefcase", 1 ] ]
    ]
  },
  {
    "result": "etc_er555udd_pack",
    "type": "uncraft",
    "time": "1 m",
    "components": [
      [ [ "etc_er555udd_kit", 1 ] ],
      [ [ "shoulder_strap", 1 ] ],
      [ [ "grip", 1 ] ],
      [ [ "red_dot_sight", 1 ] ],
      [ [ "m320_mod", 1 ] ],
      [ [ "40x46mm_m576", 4 ] ],
      [ [ "ocg556e_20", 5 ] ],
      [ [ "briefcase", 1 ] ]
    ]
  },
  {
    "result": "etc_erqr555_pack",
    "type": "uncraft",
    "time": "1 m",
    "components": [
      [ [ "etc_erqr555_kit", 1 ] ],
      [ [ "shoulder_strap", 1 ] ],
      [ [ "holo_sight", 1 ] ],
      [ [ "rail_laser_sight", 1 ] ],
      [ [ "m320_mod", 1 ] ],
      [ [ "40x46mm_m433", 2 ] ],
      [ [ "40x46mm_m576", 1 ] ],
      [ [ "40x46mm_m651", 1 ] ],
      [ [ "ocg556e_30", 2 ] ],
      [ [ "briefcase", 1 ] ]
    ]
  },
  {
    "result": "etc_qr555car_pack",
    "type": "uncraft",
    "time": "1 m",
    "components": [
      [ [ "etc_qr555car_kit", 1 ] ],
      [ [ "shoulder_strap", 1 ] ],
      [ [ "red_dot_sight", 1 ] ],
      [ [ "rail_laser_sight", 1 ] ],
      [ [ "laser_sight", 1 ] ],
      [ [ "ocg556e_30", 2 ] ],
      [ [ "briefcase", 1 ] ]
    ]
  },
  {
    "result": "etc_qr555cqb_pack",
    "type": "uncraft",
    "time": "1 m",
    "components": [
      [ [ "etc_qr555cqb_kit", 1 ] ],
      [ [ "light_grip", 1 ] ],
      [ [ "shoulder_strap", 1 ] ],
      [ [ "red_dot_sight", 1 ] ],
      [ [ "rail_laser_sight", 1 ] ],
      [ [ "ocg556e_20", 3 ] ],
      [ [ "briefcase", 1 ] ]
    ]
  },
  {
    "result": "etc_qr555dmr_pack",
    "type": "uncraft",
    "time": "1 m",
    "components": [
      [ [ "etc_qr555dmr_kit", 1 ] ],
      [ [ "shoulder_strap", 1 ] ],
      [ [ "rifle_scope", 1 ] ],
      [ [ "rail_laser_sight", 1 ] ],
      [ [ "ocg556e_14", 2 ] ],
      [ [ "briefcase", 1 ] ]
    ]
  },
  {
    "result": "etc_qr555saw_pack",
    "type": "uncraft",
    "time": "1 m",
    "components": [
      [ [ "etc_qr555saw_kit", 1 ] ],
      [ [ "shoulder_strap", 1 ] ],
      [ [ "acog_scope", 1 ] ],
      [ [ "ammolink223", 500 ] ],
      [ [ "556blackout", 500 ] ],
      [ [ "sheet_metal_small", 6 ] ],
      [ [ "briefcase", 1 ] ]
    ]
  },
  {
    "result": "etc_qrer555_pack",
    "type": "uncraft",
    "time": "1 m",
    "components": [
      [ [ "etc_qrer555_kit", 1 ] ],
      [ [ "shoulder_strap", 1 ] ],
      [ [ "ocg556e_30", 2 ] ],
      [ [ "briefcase", 1 ] ]
    ]
  },
  {
    "result": "etc_qr555smg9_pack",
    "type": "uncraft",
    "time": "1 m",
    "components": [
      [ [ "etc_qr555smg9_kit", 1 ] ],
      [ [ "shoulder_strap", 1 ] ],
      [ [ "minirifle_mag", 2 ] ],
      [ [ "briefcase", 1 ] ]
    ]
  },
  {
    "result": "etc_qsmg9r555_pack",
    "type": "uncraft",
    "time": "1 m",
    "components": [
      [ [ "etc_qsmg9r555_kit", 1 ] ],
      [ [ "shoulder_strap", 1 ] ],
      [ [ "holo_sight", 1 ] ],
      [ [ "rail_laser_sight", 1 ] ],
      [ [ "m320_mod", 1 ] ],
      [ [ "40x46mm_m433", 2 ] ],
      [ [ "40x46mm_m576", 1 ] ],
      [ [ "40x46mm_m651", 1 ] ],
      [ [ "ocg556e_30", 2 ] ],
      [ [ "briefcase", 1 ] ]
    ]
  }
]
