[
  {
    "result": "ocm_xnu_mea_hydrocell",
    "type": "uncraft",
    "time": "1 s",
    "//": "Not bothering with maths on the exact volume of water a single solid hydrogen canister would produce after completely used in a fuel cell. This shouldn't be too off anyway.",

    "components": [
      [ [ "ocm_xnu_mea_hydrocell_empty", 1 ] ],
      [ [ "water_clean", 1 ] ]
    ],
    "flags": [ "BLIND_EASY" ]
  },
  {
    "result": "ocm_xnu_mea_hydrocell_empty",
    "type": "uncraft",
    "time": "1 s",
    "components": [
      [ [ "ocm_xnu_mea_hydrocell", 1 ] ]
    ],
    "flags": [ "BLIND_EASY" ]
  }
]