[
  {
    "id": "inactive_cyborg",
    "type": "TOOL",
    "symbol": ",",
    "color": "light_green",
    "name": { "str": "hibernating cyborg" },
    "description": "This is an inactive cyborg, composed of a previously dead human, several bionic upgrades, and some limiters and control systems.",
    "price": "16000 USD",
    "material": [ "hflesh", "steel" ],
    "weight": "87500 g",
    "volume": "21250 ml",
    "bashing": 6,
    "cutting": 0,
    "to_hit": -10,
    "max_charges": 0,
    "initial_charges": 0,
    "charges_per_use": 0,
    "turns_per_charge": 0,
    "use_action": {
      "type": "place_monster",
      "monster_id": "mon_cyborg",
      "difficulty": 4,
      "skills": [ "electronics", "mechanics" ],
      "hostile_msg": "You've activate the cyborg improperly, and it attacks!",
      "friendly_msg": "The cyborg activates, and raises to it's feet.",
      "place_randomly": false,
      "moves": 230
    }
  },
  {
    "id": "inactive_cyborg_heavy",
    "type": "TOOL",
    "symbol": ",",
    "color": "light_green",
    "name": { "str": "hibernating heavy cyborg" },
    "description": "This is an inactive cyborg, sturdy in it's construction, with many pieces of extra hardware attached, and a thick steel skin, covering it's advanced electronics and life sustaining systems. It it's current state, this cyborg is probably less man than machine.",
    "price": "19500 USD",
    "material": [ "hardsteel", "hflesh" ],
    "weight": "100000 g",
    "volume": "22 L",
    "bashing": 8,
    "cutting": 0,
    "to_hit": -12,
    "max_charges": 0,
    "initial_charges": 0,
    "charges_per_use": 0,
    "turns_per_charge": 0,
    "use_action": {
      "type": "place_monster",
      "monster_id": "mon_cyborg_heavy",
      "difficulty": 5,
      "skills": [ "electronics", "mechanics" ],
      "hostile_msg": "You've activate the cyborg improperly, and it attacks!",
      "friendly_msg": "The cyborg activates, and raises to it's feet.",
      "place_randomly": false,
      "moves": 250
    }
  },
  {
    "id": "inactive_cyborg_advanced",
    "type": "TOOL",
    "symbol": ",",
    "color": "light_green",
    "name": { "str": "hibernating advanced cyborg" },
    "description": "A sturdy mechanical body, with little in the way of organic matter visible. It has what appears to be segments of power armor grafted to its skin and steel frame, with cybernetic augmentations protruding.",
    "price": "25000 USD",
    "material": [ "hardsteel", "hflesh" ],
    "weight": "125000 g",
    "volume": "24500 ml",
    "bashing": 12,
    "cutting": 0,
    "to_hit": -16,
    "max_charges": 0,
    "initial_charges": 0,
    "charges_per_use": 0,
    "turns_per_charge": 0,
    "use_action": {
      "type": "place_monster",
      "monster_id": "mon_cyborg_advanced",
      "difficulty": 7,
      "skills": [ "electronics", "mechanics" ],
      "hostile_msg": "You've activate the cyborg improperly, and it attacks!",
      "friendly_msg": "The cyborg activates, and raises to it's feet.",
      "place_randomly": false,
      "moves": 270
    }
  }
]
