[
  {
    "type": "recipe",
    "activity_level": "LIGHT_EXERCISE",
    "result": "inactive_cyborg",
    "category": "CC_OTHER",
    "subcategory": "CSC_OTHER_PARTS",
    "skill_used": "fabrication",
    "skills_required": [ "electronics", 3 ],
    "difficulty": 9,
    "time": 36000,
    "reversible": true,
    "autolearn": false,
    "book_learn": [ [ "textbook_cyborgs_electronics", 6 ], [ "textbook_cyborgs_fabrication", 6 ], [ "textbook_cyborgs_firstaid", 6 ] ],
    "qualities": [
      { "id": "HAMMER", "level": 1 },
      { "id": "SCREW", "level": 1 },
      { "id": "WRENCH", "level": 1 },
      { "id": "GLARE", "level": 1 }
    ],
    "proficiencies": [
      { "proficiency": "prof_plasticworking", "time_multiplier": 1.5 },
      { "proficiency": "prof_elec_soldering" },
      { "proficiency": "prof_metalworking" },
      { "proficiency": "prof_welding_basic" },
      { "proficiency": "prof_welding" },
      { "proficiency": "prof_articulation" }
    ],
    "tools": [
      [ [ "welder", 150 ], [ "welder_crude", 150 ], [ "toolset", 10 ], [ "oxy_torch", 100 ] ],
      [ [ "precision_toolkit", 120 ] ]
    ],
    "components": [
      [ [ "cyborg_chassis_light", 1 ] ],
      [ [ "disinfectant", 1 ] ],
      [ [ "plut_cell", 1 ] ],
      [ [ "steel_plate", 4 ] ],
      [ [ "9mm", 5 ] ]
    ]
  },
  {
    "type": "recipe",
    "activity_level": "LIGHT_EXERCISE",
    "result": "inactive_cyborg_heavy",
    "category": "CC_OTHER",
    "subcategory": "CSC_OTHER_PARTS",
    "skill_used": "fabrication",
    "skills_required": [ "electronics", 5 ],
    "difficulty": 9,
    "time": 36000,
    "reversible": true,
    "autolearn": false,
    "book_learn": [ [ "textbook_cyborgs_electronics", 7 ], [ "textbook_cyborgs_fabrication", 7 ], [ "textbook_cyborgs_firstaid", 7 ] ],
    "qualities": [
      { "id": "HAMMER", "level": 1 },
      { "id": "SCREW", "level": 1 },
      { "id": "WRENCH", "level": 1 },
      { "id": "GLARE", "level": 1 }
    ],
    "proficiencies": [
      { "proficiency": "prof_plasticworking", "time_multiplier": 1.5 },
      { "proficiency": "prof_elec_soldering" },
      { "proficiency": "prof_metalworking" },
      { "proficiency": "prof_welding_basic" },
      { "proficiency": "prof_welding" },
      { "proficiency": "prof_articulation" }
    ],
    "tools": [
      [ [ "welder", 175 ], [ "welder_crude", 200 ], [ "toolset", 15 ], [ "oxy_torch", 125 ] ],
      [ [ "precision_toolkit", 140 ] ]
    ],
    "components": [
      [ [ "cyborg_chassis_heavy", 1 ] ],
      [ [ "disinfectant", 1 ] ],
      [ [ "plut_cell", 2 ] ],
      [ [ "hard_plate", 4 ] ],
      [ [ "500_Magnum", 10 ] ]
    ]
  },
  {
    "type": "recipe",
    "activity_level": "LIGHT_EXERCISE",
    "result": "inactive_cyborg_advanced",
    "category": "CC_OTHER",
    "subcategory": "CSC_OTHER_PARTS",
    "skill_used": "fabrication",
    "skills_required": [ "electronics", 7 ],
    "difficulty": 9,
    "time": 36000,
    "reversible": false,
    "autolearn": false,
    "book_learn": [ [ "textbook_cyborgs_electronics", 9 ], [ "textbook_cyborgs_fabrication", 9 ], [ "textbook_cyborgs_firstaid", 9 ] ],
    "qualities": [
      { "id": "HAMMER", "level": 1 },
      { "id": "SCREW", "level": 1 },
      { "id": "WRENCH", "level": 1 },
      { "id": "GLARE", "level": 1 }
    ],
    "proficiencies": [
      { "proficiency": "prof_plasticworking", "time_multiplier": 1.5 },
      { "proficiency": "prof_elec_soldering" },
      { "proficiency": "prof_metalworking" },
      { "proficiency": "prof_welding_basic" },
      { "proficiency": "prof_welding" },
      { "proficiency": "prof_articulation" }
    ],
    "tools": [
      [ [ "welder", 200 ], [ "welder_crude", 300 ], [ "toolset", 20 ], [ "oxy_torch", 150 ] ],
      [ [ "precision_toolkit", 200 ] ]
    ],
    "components": [
      [ [ "cyborg_chassis_heavy", 1 ] ],
      [ [ "disinfectant", 1 ] ],
      [ [ "plut_cell", 2 ] ],
      [ [ "power_armor_basic", 1 ] ],
      [ [ "hard_plate", 8 ] ],
      [ [ "m249", 1 ] ],
      [ [ "223", 5 ], [ "556", 5 ] ],
      [ [ "500_Magnum", 10 ] ]
    ]
  },
  {
    "type": "recipe",
    "activity_level": "LIGHT_EXERCISE",
    "result": "cyborg_chassis_light",
    "category": "CC_OTHER",
    "subcategory": "CSC_OTHER_PARTS",
    "skill_used": "fabrication",
    "skills_required": [ "electronics", 3 ],
    "difficulty": 7,
    "time": 48000,
    "reversible": false,
    "autolearn": false,
    "book_learn": [ [ "textbook_cyborgs_electronics", 5 ], [ "textbook_cyborgs_fabrication", 5 ], [ "textbook_cyborgs_firstaid", 5 ] ],
    "qualities": [
      { "id": "HAMMER", "level": 1 },
      { "id": "SAW_M", "level": 1 },
      { "id": "CUT", "level": 1 },
      { "id": "SCREW_FINE", "level": 1 },
      { "id": "WRENCH", "level": 1 },
      { "id": "GLARE", "level": 1 }
    ],
    "proficiencies": [
      { "proficiency": "prof_plasticworking", "time_multiplier": 1.5 },
      { "proficiency": "prof_elec_soldering" },
      { "proficiency": "prof_metalworking" },
      { "proficiency": "prof_welding_basic" },
      { "proficiency": "prof_welding" },
      { "proficiency": "prof_articulation" }
    ],
    "tools": [
      [ [ "welder", 150 ], [ "welder_crude", 175 ], [ "toolset", 10 ], [ "oxy_torch", 100 ] ],
      [ [ "soldering_iron", 250 ] ],
      [ [ "precision_toolkit", 120 ] ],
      [ [ "needle_bone", 80 ], [ "needle_wood", 80 ], [ "sewing_kit", 80 ] ],
      [ [ "scalpel", -1 ] ]
    ],
    "components": [
      [ [ "frame", 4 ] ],
      [ [ "disinfectant", 1 ] ],
      [ [ "solder_wire", 200 ] ],
      [ [ "processor", 2 ] ],
      [ [ "storage_battery", 1 ] ],
      [ [ "hose", 4 ] ],
      [ [ "blood", 8 ] ],
      [ [ "human_flesh", 12 ] ],
      [ [ "cable", 6 ] ],
      [ [ "cyborg_organ_heart", 1 ] ],
      [ [ "cyborg_organ_lung", 2 ] ],
      [ [ "cyborg_organ_kidney", 1 ] ],
      [ [ "cyborg_organ_eye", 1 ] ],
      [ [ "cyborg_processor", 1 ] ],
      [ [ "uzi", 1 ] ]
    ]
  },
  {
    "type": "recipe",
    "activity_level": "LIGHT_EXERCISE",
    "result": "cyborg_chassis_heavy",
    "category": "CC_OTHER",
    "subcategory": "CSC_OTHER_PARTS",
    "skill_used": "fabrication",
    "skills_required": [ "electronics", 3 ],
    "difficulty": 9,
    "time": 72000,
    "reversible": false,
    "autolearn": false,
    "book_learn": [ [ "textbook_cyborgs_electronics", 7 ], [ "textbook_cyborgs_fabrication", 7 ], [ "textbook_cyborgs_firstaid", 7 ] ],
    "qualities": [
      { "id": "HAMMER", "level": 1 },
      { "id": "SAW_M", "level": 1 },
      { "id": "CUT", "level": 1 },
      { "id": "SCREW_FINE", "level": 1 },
      { "id": "WRENCH", "level": 1 },
      { "id": "GLARE", "level": 1 }
    ],
    "proficiencies": [
      { "proficiency": "prof_plasticworking", "time_multiplier": 1.5 },
      { "proficiency": "prof_elec_soldering" },
      { "proficiency": "prof_metalworking" },
      { "proficiency": "prof_welding_basic" },
      { "proficiency": "prof_welding" },
      { "proficiency": "prof_articulation" }
    ],
    "tools": [
      [ [ "welder", 175 ], [ "welder_crude", 200 ], [ "toolset", 20 ], [ "oxy_torch", 150 ] ],
      [ [ "soldering_iron", 250 ] ],
      [ [ "precision_toolkit", 200 ] ],
      [ [ "needle_bone", 100 ], [ "needle_wood", 100 ], [ "sewing_kit", 100 ] ],
      [ [ "scalpel", -1 ] ]
    ],
    "components": [
      [ [ "hdframe", 5 ] ],
      [ [ "disinfectant", 1 ] ],
      [ [ "solder_wire", 400 ] ],
      [ [ "processor", 2 ] ],
      [ [ "storage_battery", 2 ] ],
      [ [ "hose", 8 ] ],
      [ [ "blood", 10 ] ],
      [ [ "human_flesh", 12 ] ],
      [ [ "cable", 8 ] ],
      [ [ "cyborg_organ_heart", 1 ] ],
      [ [ "cyborg_organ_lung", 2 ] ],
      [ [ "cyborg_organ_kidney", 2 ] ],
      [ [ "cyborg_organ_eye", 2 ] ],
      [ [ "cyborg_processor", 1 ] ],
      [ [ "sw_500", 1 ] ]
    ]
  },
  {
    "type": "recipe",
    "activity_level": "LIGHT_EXERCISE",
    "result": "cyborg_organ_heart",
    "category": "CC_OTHER",
    "subcategory": "CSC_OTHER_PARTS",
    "skill_used": "electronics",
    "skills_required": [ [ "electronics", 3 ], [ "fabrication", 3 ], [ "firstaid", 9 ] ],
    "difficulty": 7,
    "time": 76000,
    "reversible": true,
    "autolearn": false,
    "book_learn": [ [ "textbook_cyborgs_electronics", 6 ], [ "textbook_cyborgs_fabrication", 6 ], [ "textbook_cyborgs_firstaid", 6 ] ],
    "qualities": [ { "id": "HAMMER", "level": 1 }, { "id": "SCREW_FINE", "level": 1 } ],
    "proficiencies": [ { "proficiency": "prof_plasticworking", "time_multiplier": 1.5 }, { "proficiency": "prof_elec_soldering" } ],
    "tools": [ [ [ "soldering_iron", 150 ], [ "toolset", 15 ] ], [ [ "precision_toolkit", 400 ] ], [ [ "scalpel", -1 ] ] ],
    "components": [
      [ [ "steel_chunk", 2 ] ],
      [ [ "solder_wire", 60 ] ],
      [ [ "circuit", 1 ] ],
      [ [ "hose", 8 ] ],
      [ [ "cable", 8 ] ],
      [ [ "e_scrap", 2 ] ],
      [ [ "human_flesh", 4 ] ],
      [ [ "burnt_out_bionic", 1 ] ],
      [ [ "power_supply", 2 ] ]
    ]
  },
  {
    "type": "recipe",
    "activity_level": "LIGHT_EXERCISE",
    "result": "cyborg_organ_eye",
    "category": "CC_OTHER",
    "subcategory": "CSC_OTHER_PARTS",
    "skill_used": "electronics",
    "skills_required": [ [ "electronics", 9 ], [ "fabrication", 4 ], [ "firstaid", 9 ] ],
    "difficulty": 7,
    "time": 72000,
    "reversible": true,
    "autolearn": false,
    "book_learn": [ [ "textbook_cyborgs_electronics", 6 ], [ "textbook_cyborgs_fabrication", 6 ], [ "textbook_cyborgs_firstaid", 6 ] ],
    "qualities": [ { "id": "HAMMER", "level": 1 }, { "id": "SCREW_FINE", "level": 1 } ],
    "proficiencies": [ { "proficiency": "prof_plasticworking", "time_multiplier": 1.5 }, { "proficiency": "prof_elec_soldering" } ],
    "tools": [ [ [ "soldering_iron", 120 ], [ "toolset", 12 ] ], [ [ "precision_toolkit", 400 ] ] ],
    "components": [
      [ [ "steel_chunk", 2 ] ],
      [ [ "solder_wire", 30 ] ],
      [ [ "processor", 2 ] ],
      [ [ "lens", 2 ] ],
      [ [ "cable", 6 ] ],
      [ [ "human_flesh", 2 ] ],
      [ [ "burnt_out_bionic", 1 ] ],
      [ [ "processor", 2 ] ]
    ]
  },
  {
    "type": "recipe",
    "activity_level": "LIGHT_EXERCISE",
    "result": "cyborg_processor",
    "category": "CC_OTHER",
    "subcategory": "CSC_OTHER_PARTS",
    "skill_used": "electronics",
    "skills_required": [ [ "electronics", 9 ], [ "firstaid", 9 ] ],
    "difficulty": 9,
    "time": 80000,
    "reversible": false,
    "autolearn": false,
    "book_learn": [ [ "textbook_cyborgs_electronics", 6 ], [ "textbook_cyborgs_fabrication", 6 ], [ "textbook_cyborgs_firstaid", 6 ] ],
    "qualities": [ { "id": "SCREW_FINE", "level": 1 } ],
    "proficiencies": [ { "proficiency": "prof_plasticworking", "time_multiplier": 1.5 }, { "proficiency": "prof_elec_soldering" } ],
    "tools": [ [ [ "soldering_iron", 300 ], [ "toolset", 30 ] ], [ [ "precision_toolkit", 120 ] ] ],
    "components": [
      [ [ "steel_chunk", 1 ] ],
      [ [ "plastic_chunk", 3 ] ],
      [ [ "solder_wire", 100 ] ],
      [ [ "processor", 6 ] ],
      [ [ "RAM", 8 ] ],
      [ [ "circuit", 3 ] ],
      [ [ "cable", 12 ] ],
      [ [ "e_scrap", 4 ] ],
      [ [ "burnt_out_bionic", 1 ] ],
      [ [ "power_supply", 2 ] ]
    ]
  },
  {
    "type": "recipe",
    "activity_level": "LIGHT_EXERCISE",
    "result": "cyborg_organ_kidney",
    "category": "CC_OTHER",
    "subcategory": "CSC_OTHER_PARTS",
    "skill_used": "electronics",
    "skills_required": [ "firstaid", 7 ],
    "difficulty": 6,
    "time": 65000,
    "reversible": false,
    "autolearn": false,
    "book_learn": [ [ "textbook_cyborgs_electronics", 6 ], [ "textbook_cyborgs_fabrication", 6 ], [ "textbook_cyborgs_firstaid", 6 ] ],
    "qualities": [ { "id": "HAMMER", "level": 1 }, { "id": "SCREW_FINE", "level": 1 } ],
    "proficiencies": [ { "proficiency": "prof_plasticworking", "time_multiplier": 1.5 }, { "proficiency": "prof_elec_soldering" } ],
    "tools": [ [ [ "soldering_iron", 150 ], [ "toolset", 15 ] ], [ [ "precision_toolkit", 200 ] ], [ [ "mold_plastic", -1 ] ] ],
    "components": [
      [ [ "plastic_chunk", 2 ] ],
      [ [ "solder_wire", 60 ] ],
      [ [ "silver_small", 3 ] ],
      [ [ "circuit", 1 ] ],
      [ [ "hose", 3 ] ],
      [ [ "cable", 3 ] ],
      [ [ "e_scrap", 2 ] ],
      [ [ "burnt_out_bionic", 1 ] ]
    ]
  },
  {
    "type": "recipe",
    "activity_level": "LIGHT_EXERCISE",
    "result": "cyborg_organ_lung",
    "category": "CC_OTHER",
    "subcategory": "CSC_OTHER_PARTS",
    "skill_used": "electronics",
    "skills_required": [ "firstaid", 7 ],
    "difficulty": 6,
    "time": 65000,
    "reversible": false,
    "autolearn": false,
    "book_learn": [ [ "textbook_cyborgs_electronics", 6 ], [ "textbook_cyborgs_fabrication", 6 ], [ "textbook_cyborgs_firstaid", 6 ] ],
    "qualities": [ { "id": "SCREW_FINE", "level": 1 } ],
    "proficiencies": [ { "proficiency": "prof_plasticworking", "time_multiplier": 1.5 }, { "proficiency": "prof_elec_soldering" } ],
    "tools": [ [ [ "soldering_iron", 150 ], [ "toolset", 15 ] ], [ [ "precision_toolkit", 200 ] ], [ [ "mold_plastic", -1 ] ] ],
    "components": [
      [ [ "plastic_chunk", 2 ] ],
      [ [ "solder_wire", 60 ] ],
      [ [ "silver_small", 3 ] ],
      [ [ "circuit", 1 ] ],
      [ [ "hose", 3 ] ],
      [ [ "cable", 3 ] ],
      [ [ "e_scrap", 2 ] ],
      [ [ "burnt_out_bionic", 1 ] ]
    ]
  }
]
