[
  {
    "id": "bio_Fire_Extinguisher",
    "type": "bionic",
    "name": { "str": "Fire Extinguisher" },
    "description": "A small, retractable launcher resides in the palm of your hand through your arm. The system will automatically produce small gelatinous orbs that when launched into fire will rapidly expand into a fire fighting foam. ",
    "occupied_bodyparts": [ [ "arm_r", 5 ], [ "hand_r", 2 ] ],
    "act_cost": 100,
    "fake_weapon": "bio_Fire_Extinguisher",
    "flags": [ "BIONIC_TOGGLED", "BIONIC_WEAPON", "USES_BIONIC_POWER" ]
  }
]
