[
  {
    "id": "cdf_seed_poppy",
    "copy-from": "seed",
    "type": "COMESTIBLE",
    "name": { "str": "mutated poppy seed", "str_pl": "mutated poppy seeds" },
    "description": "Some mutated poppy seeds.",
    "seed_data": { "plant_name": "mutated poppy", "fruit": "poppy_bud", "grow": 91 }
  },
  {
    "id": "cdf_seed_nubamboo",
    "copy-from": "seed",
    "type": "COMESTIBLE",
    "name": { "str": "nu-bamboo seed", "str_pl": "nu-bamboo seeds" },
    "description": "Some seeds of nu-bamboo, a plant genetically engineered to provide cheap wood for industrial carpentry.",
    "seed_data": { "plant_name": "bamboo", "fruit": "stick", "byproducts": [ "splinter" ], "grow": 120 }
  },
  {
    "id": "coffee_bean",
    "copy-from": "coffee_bean",
    "type": "COMESTIBLE",
    "name": { "str": "coffee bean", "str_pl": "coffee beans" },
    "seed_data": { "plant_name": "coffee plant", "fruit": "coffee_bean", "byproducts": [ "withered" ], "grow": 91 }
  },
  {
    "id": "cdf_seed_eggplant",
    "copy-from": "seed",
    "type": "COMESTIBLE",
    "name": { "str": "eggplant seed", "str_pl": "eggplant seeds" },
    "description": "Some eggplant seeds.",
    "seed_data": { "plant_name": "eggplant", "fruit": "cdf_eggplant", "byproducts": [ "withered" ], "grow": 91 }
  },
  {
    "id": "cdf_seed_tea",
    "copy-from": "seed",
    "type": "COMESTIBLE",
    "name": { "str": "tea bush seed", "str_pl": "tea bush seeds" },
    "description": "Some tea bush seeds.",
    "seed_data": { "plant_name": "tea bush", "fruit": "tea_raw", "byproducts": [ "withered" ], "grow": 91 }
  },
  {
    "id": "cdf_seed_tobacco",
    "copy-from": "seed",
    "type": "COMESTIBLE",
    "name": { "str": "tobacco seed", "str_pl": "tobacco seeds" },
    "description": "Some tobacco seeds.",
    "seed_data": { "plant_name": "tobacco plant", "fruit": "tobacco", "byproducts": [ "withered" ], "grow": 91 }
  },
  {
    "id": "cdf_seed_coca",
    "copy-from": "seed",
    "type": "COMESTIBLE",
    "name": { "str": "coca seed", "str_pl": "coca seeds" },
    "description": "Some coca plant seeds.",
    "seed_data": { "plant_name": "coca plant", "fruit": "cdf_coca_raw", "byproducts": [ "withered" ], "grow": 91 }
  }
]
