[
  {
    "id": "cdf_eggplant",
    "type": "COMESTIBLE",
    "comestible_type": "FOOD",
    "name": { "str": "eggplant" },
    "description": "A large eggplant.",
    "weight": "530 g",
    "volume": "750 ml",
    "price": 900,
    "material": [ "veggy" ],
    "symbol": "%",
    "color": "green",
    "nutrition": 80,
    "healthy": 3,
    "spoils_in": 120,
    "flags": [ "EATEN_HOT" ]
  },
  {
    "id": "cdf_coca_raw",
    "type": "COMESTIBLE",
    "comestible_type": "MED",
    "name": { "str": "coca leaves" },
    "description": "Leaves from the coca plant. Can be further refined into cocaine or smoked as it is.",
    "weight": "1 g",
    "volume": "1 ml",
    "price": "10 USD",
    "container": "bag_plastic",
    "symbol": "!",
    "color": "brown",
    "charges": 10,
    "stack_size": 60,
    "healthy": -2,
    "stim": 4,
    "fun": 5,
    "addiction_type": "cocaine",
    "addiction_potential": 20,
    "use_action": {
      "type": "consume_drug",
      "activation_message": "You smoke some coca leaves.",
      "moves": 250,
      "charges_needed": { "fire": 1 },
      "tools_needed": { "apparatus": -1 },
      "fields_produced": { "fd_cigsmoke": 2 }
    }
  }
]
