[
  {
    "id": "TRACKED",
    "type": "json_flag"
  },
  {
    "id": "TOOL_NONE",
    "type": "json_flag"
  },
  {
    "id": "NO_JACK",
    "type": "json_flag"
  },
  {
    "id": "nanovp",
    "type": "vehicle_part",
    "name": { "str": "nanotech vehicle part" },
    "color": "light_gray",
    "broken_color": "dark_gray",
    "symbol": "]",
    "durability": 1500,
    "item": "xl_nanite_cluster",
    "description": "Seeing this is a bug - nanovp",
    "requirements": {
      "install": { "skills": [ [ "computer", 0 ] ], "time": 6000, "qualities": [ { "id": "NANO_PRO", "level": 1 } ] },
      "removal": { "skills": [ [ "computer", 0 ] ], "qualities": [ { "id": "NANO_PRO", "level": 1 } ] },
      "repair": { "skills": [ [ "computer", 0 ] ], "time": 6000, "qualities": [ { "id": "NANO_PRO", "level": 1 } ] }
    },
    "breaks_into": [ { "item": "xl_nanite_cluster", "count": [ 1, 1 ] } ],
    "damage_reduction": { "all": 200 }
  },
  {
    "id": "nanovp_fold",
    "type": "vehicle_part",
    "name": { "str": "nanotech vehicle part (foldable)" },
    "description": "Seeing this is a bug - nanovp_fold",
    "copy-from": "nanovp",
    "folded_volume": "2 L"
  },
  {
    "type": "vehicle_part",
    "id": "nano_door",
    "name": { "str": "nanotech door" },
    "copy-from": "nanovp",
    "symbol": "+",
    "looks_like": "hdhatch",
    "broken_symbol": "&",
    "description": "A very durable barrier composed of nanites acting as a door, it also contains a fine mesh that acts as a window.",
    "location": "center",
    "durability": 5000,
    "folded_volume": "6250 ml",
    "size": 200,
    "flags": [ "AISLE", "CARGO", "OBSTACLE", "OPENABLE", "BOARDABLE", "WINDOW" ],
    "damage_reduction": { "all": 400 }
  },
  {
    "type": "vehicle_part",
    "id": "nano_door_opaque",
    "name": { "str": "nanotech iris" },
    "copy-from": "nano_door",
    "looks_like": "hdhatch_opaque",
    "description": "A highly durable iris composed of nanites, this blocks sight while also acting as a combination of door and armor.",
    "location": "center",
    "extend": { "flags": [ "OPAQUE" ] },
    "delete": { "flags": [ "WINDOW" ] }
  },
  {
    "id": "nano_boat",
    "type": "vehicle_part",
    "name": { "str": "nanotech boat coating" },
    "copy-from": "nanovp_fold",
    "description": "An outer coating of nanites that work together to seal out water while also providing another layer of protection.",
    "location": "under",
    "looks_like": "metal_boat_hull",
    "symbol": "H",
    "broken_symbol": "#",
    "flags": [ "FLOATS", "FOLDABLE" ]
  },
  {
    "id": "nanovp_turret",
    "type": "vehicle_part",
    "name": { "str": "nanotech vehicle turret" },
    "copy-from": "nanovp_fold",
    "symbol": "t",
    "location": "on_roof",
    "default_ammo": "metal_nanopowder",
    "flags": [ "USE_TANKS" ]
  },
  {
    "id": "nano_turret_shredder",
    "copy-from": "nanovp_turret",
    "type": "vehicle_part",
    "name": { "str": "nanotech shredder turret" },
    "description": "A nanotech shredder adapted for vehicular usage.",
    "breaks_into": [ { "item": "nano_turret_shredder", "count": [ 1, 1 ] } ],
    "item": "nano_turret_shredder"
  },
  {
    "id": "nano_turret_pistol",
    "copy-from": "nanovp_turret",
    "type": "vehicle_part",
    "name": { "str": "nanotech pistol turret" },
    "description": "A nanotech pistol adapted for vehicular usage.",
    "breaks_into": [ { "item": "nano_turret_pistol", "count": [ 1, 1 ] } ],
    "item": "nano_turret_pistol"
  },
  {
    "id": "nano_turret_rifle",
    "copy-from": "nanovp_turret",
    "type": "vehicle_part",
    "name": { "str": "nanotech rifle turret" },
    "description": "A nanotech rifle adapted for vehicular usage.",
    "breaks_into": [ { "item": "nano_turret_rifle", "count": [ 1, 1 ] } ],
    "item": "nano_turret_rifle"
  },
  {
    "id": "nano_turret_smg",
    "copy-from": "nanovp_turret",
    "type": "vehicle_part",
    "name": { "str": "nanotech SMG turret" },
    "description": "A nanotech smg adapted for vehicular usage.",
    "breaks_into": [ { "item": "nano_turret_smg", "count": [ 1, 1 ] } ],
    "item": "nano_turret_smg"
  },
  {
    "type": "vehicle_part",
    "id": "nano_aisle",
    "name": { "str": "nanotech aisle" },
    "looks_like": "aisle_horizontal",
    "copy-from": "nanovp_fold",
    "symbol": "H",
    "broken_symbol": "#",
    "description": "A nanotech aisle, capable of assisting with lifting nearby objects.",
    "location": "center",
    "size": 200,
    "flags": [ "AISLE", "BOARDABLE", "FLAT_SURF", "CARGO", "COVERED" ],
    "qualities": [ [ "LIFT", 40 ] ]
  },
  {
    "type": "vehicle_part",
    "id": "nano_roof",
    "name": { "str": "nanotech roof" },
    "copy-from": "nanovp_fold",
    "symbol": "#",
    "broken_symbol": "#",
    "description": "A nanotech roof that is capable of interfacing with a turret.",
    "location": "roof",
    "flags": [ "ROOF", "TURRET_MOUNT", "FLAT_SURF" ]
  },
  {
    "type": "vehicle_part",
    "id": "nt_solar_1",
    "name": { "str": "nanotech solar panel" },
    "copy-from": "nanovp_fold",
    "symbol": "#",
    "color": "yellow",
    "broken_symbol": "x",
    "broken_color": "light_gray",
    "damage_modifier": 10,
    "description": "A large sheet of nanites arranged to capture sunlight and convert it to electrical energy.",
    "epower": 5000,
    "location": "on_roof",
    "flags": [ "SOLAR_PANEL", "FOLDABLE" ]
  },
  {
    "type": "vehicle_part",
    "id": "nt_armor_1",
    "name": { "str": "nanotech passive plating" },
    "copy-from": "nanovp_fold",
    "symbol": ")",
    "color": "green",
    "broken_symbol": ")",
    "broken_color": "light_gray",
    "durability": 15000,
    "description": "Nanites formed into a self-reinforcing mesh designed to reduce incoming damage.",
    "damage_modifier": 100,
    "location": "armor",
    "flags": [ "ARMOR", "FOLDABLE" ],
    "damage_reduction": { "all": 1600 }
  },
  {
    "type": "vehicle_part",
    "id": "nt_armor_2",
    "name": { "str": "nanotech active plating" },
    "copy-from": "nanovp_fold",
    "symbol": ")",
    "color": "green",
    "broken_symbol": ")",
    "broken_color": "light_gray",
    "durability": 10000,
    "description": "Nanites formed into a highly active mesh designed to shred anything they collide with.",
    "damage_modifier": 1000,
    "item": "xl_nanite_ai",
    "location": "armor",
    "flags": [ "ARMOR", "FOLDABLE" ],
    "breaks_into": [ { "item": "xl_nanite_ai", "count": [ 1, 1 ] } ],
    "damage_reduction": { "all": 500 }
  },
  {
    "type": "vehicle_part",
    "id": "nt_fluid_tank_1",
    "name": { "str": "nanotech compression tank (2500L)" },
    "copy-from": "nanovp_fold",
    "symbol": "O",
    "color": "light_blue",
    "broken_symbol": "#",
    "broken_color": "red",
    "damage_modifier": 80,
    "folded_volume": "4 L",
    "description": "Collection of nanites formed into a hollow sphere with a complex mechanism to compress and decompress liquid to extreme levels.",
    "size": 2500000,
    "item": "nano_container",
    "location": "fuel_source",
    "flags": [ "FLUIDTANK", "FOLDABLE" ],
    "breaks_into": [ { "item": "nano_container", "count": [ 1, 1 ] } ]
  },
  {
    "type": "vehicle_part",
    "id": "nt_storage",
    "name": { "str": "nanotech 'shoggoth' storage node" },
    "copy-from": "nanovp_fold",
    "symbol": "=",
    "broken_symbol": "#",
    "description": "A large blob of nanites with an AI, it actively branches out pseudopods to grasp items held near it and supports them as optimally as possible",
    "size": 5000,
    "item": "nano_storage",
    "location": "center",
    "flags": [ "BOARDABLE", "CARGO", "FOLDABLE" ],
    "breaks_into": [ { "item": "nano_storage", "count": [ 1, 1 ] } ]
  },
  {
    "type": "vehicle_part",
    "id": "nt_crafter",
    "name": { "str": "nanotech crafting node" },
    "copy-from": "nt_storage",
    "description": "A large blob of nanites with an AI, it actively branches out pseudopods to assist with crafting efforts performed nearby.  Additionally, it will act as most tools upon command.",
    "size": 3000,
    "flags": [ "BOARDABLE", "CARGO", "FOLDABLE", "FLAT_SURF", "WORKBENCH" ],
    "pseudo_tools": [
      { "id": "anvil" },
      { "id": "can_sealer" },
      { "id": "crucible" },
      { "id": "mold_plastic" },
      { "id": "pastaextruder" },
      { "id": "polisher" },
      { "id": "press" },
      { "id": "puller" },
      { "id": "swage" },
      { "id": "tongs" },
      { "id": "hotplate", "hotkey": "h" },
      { "id": "pot" },
      { "id": "welder", "hotkey": "w" },
      { "id": "soldering_iron", "hotkey": "s" },
      { "id": "vac_sealer" },
      { "id": "dehydrator" },
      { "id": "chemistry_set" },
      { "id": "forge" }
    ],
    "workbench": { "multiplier": 2.5, "mass": 5000000, "volume": "750L" }
  },
  {
    "type": "vehicle_part",
    "id": "nano_fridge",
    "name": { "str": "nanotech fridge" },
    "looks_like": "minifridge",
    "copy-from": "nanovp_fold",
    "symbol": "=",
    "broken_symbol": "#",
    "description": "Collection of nanites formed into a hollow container, a large portion of their power is devoted to maintaining a cool temperature, leading to them being immobile and blocking passage.",
    "size": 2000,
    "location": "center",
    "flags": [ "OBSTACLE", "CARGO", "FRIDGE", "COVERED", "FOLDABLE" ]
  },
  {
    "type": "vehicle_part",
    "id": "nano_freezer",
    "name": { "str": "nanotech freezer" },
    "looks_like": "minifreezer",
    "copy-from": "nano_fridge",
    "description": "Collection of nanites formed into a hollow container, a large portion of their power is devoted to maintaining a frozen temperature, leading to them being immobile and blocking passage.",
    "flags": [ "OBSTACLE", "CARGO", "FREEZER", "COVERED", "FOLDABLE" ]
  },
  {
    "type": "vehicle_part",
    "id": "nanofactory_vehicle_1",
    "name": { "str": "installed nanofactory MK I" },
    "copy-from": "nanovp",
    "symbol": "#",
    "color": "light_green",
    "broken_symbol": "0",
    "broken_color": "blue",
    "damage_modifier": 10,
    "durability": 2000,
    "description": "A large and bulky prototype nanofactory sitting on a frame somehow not functioning properly",
    "epower": -1,
    "bonus": 600,
    "item": "nanofactory_1",
    "location": "center",
    "flags": [ "RECHARGE", "ENABLED_DRAINS_EPOWER", "NOINSTALL" ],
    "pseudo_tools": [
      { "id": "anvil" },
      { "id": "can_sealer" },
      { "id": "crucible" },
      { "id": "mold_plastic" },
      { "id": "pastaextruder" },
      { "id": "polisher" },
      { "id": "press" },
      { "id": "puller" },
      { "id": "swage" },
      { "id": "tongs" },
      { "id": "hotplate", "hotkey": "h" },
      { "id": "pot" },
      { "id": "welder", "hotkey": "w" },
      { "id": "soldering_iron", "hotkey": "s" },
      { "id": "vac_sealer" },
      { "id": "dehydrator" },
      { "id": "chemistry_set" },
      { "id": "forge" },
      { "id": "nanofactory_2" }
    ],
    "breaks_into": [ { "item": "nanofactory_1", "count": [ 1, 1 ] } ]
  },
  {
    "type": "vehicle_part",
    "id": "nanofactory_vehicle_2",
    "name": { "str": "installed nanofactory MK II" },
    "copy-from": "nanovp",
    "symbol": "#",
    "color": "light_green",
    "broken_symbol": "0",
    "broken_color": "blue",
    "damage_modifier": 10,
    "durability": 2000,
    "description": "A large and bulky nanofactory sitting on a frame somehow not functioning properly.",
    "epower": -1,
    "bonus": 600,
    "item": "nanofactory_2",
    "location": "center",
    "flags": [ "RECHARGE", "ENABLED_DRAINS_EPOWER", "NOINSTALL" ],
    "pseudo_tools": [
      { "id": "anvil" },
      { "id": "can_sealer" },
      { "id": "crucible" },
      { "id": "mold_plastic" },
      { "id": "pastaextruder" },
      { "id": "polisher" },
      { "id": "press" },
      { "id": "puller" },
      { "id": "swage" },
      { "id": "tongs" },
      { "id": "hotplate", "hotkey": "h" },
      { "id": "pot" },
      { "id": "welder", "hotkey": "w" },
      { "id": "soldering_iron", "hotkey": "s" },
      { "id": "vac_sealer" },
      { "id": "dehydrator" },
      { "id": "chemistry_set" },
      { "id": "forge" },
      { "id": "nanofactory_2" }
    ],
    "breaks_into": [ { "item": "nanofactory_2", "count": [ 1, 1 ] } ]
  },
  {
    "id": "nanotech_battery",
    "type": "vehicle_part",
    "name": { "str": "nanotech storage array" },
    "copy-from": "nanovp_fold",
    "item": "nanotech_battery",
    "location": "fuel_source",
    "fuel_type": "battery",
    "symbol": "O",
    "color": "yellow",
    "broken_color": "red",
    "description": "A mass of nanites programmed to store vast amounts of power.",
    "damage_modifier": 50,
    "flags": [ "FOLDABLE", "RECHARGE" ],
    "breaks_into": [ { "item": "nanotech_battery", "count": [ 1, 1 ] } ]
  },
  {
    "id": "nanotech_generator",
    "type": "vehicle_part",
    "name": { "str": "nanotech power generator" },
    "copy-from": "nanovp_fold",
    "item": "nanotech_generator",
    "location": "engine_block",
    "fuel_type": "null",
    "power": 100,
    "symbol": "O",
    "color": "yellow",
    "broken_color": "red",
    "epower": 45000,
    "size": 100,
    "description": "A mass of nanites and power cells optimized for generating power.",
    "damage_modifier": 50,
    "flags": [ "REACTOR", "PERPETUAL", "FOLDABLE" ],
    "breaks_into": [ { "item": "nanotech_generator", "count": [ 1, 1 ] } ]
  },
  {
    "id": "nanotech_anima",
    "copy-from": "engine_electric_large",
    "type": "vehicle_part",
    "name": { "str": "nanotech anima" },
    "proportional": { "energy_consumption": 0.25, "power": 9 },
    "item": "xl_nanite_ai",
    "durability": 5000,
    "description": "A mass of nanites programmed to locate mechanical power systems and interface with them to provide mechanical power.",
    "noise_factor": 0,
    "damage_modifier": 80,
    "folded_volume": "2 L",
    "requirements": {
      "install": { "skills": [ [ "computer", 0 ] ], "qualities": [ { "id": "NANO_PRO", "level": 1 } ] },
      "removal": { "skills": [ [ "computer", 0 ] ], "qualities": [ { "id": "NANO_PRO", "level": 1 } ] },
      "repair": { "skills": [ [ "computer", 0 ] ], "qualities": [ { "id": "NANO_PRO", "level": 1 } ] }
    },
    "damage_reduction": { "all": 200 },
    "flags": [ "FOLDABLE", "ENGINE", "E_HEATER", "E_STARTS_INSTANTLY" ],
    "breaks_into": [ { "item": "xl_nanite_ai", "count": [ 1, 1 ] } ]
  },
  {
    "id": "nanotech_crawler",
    "type": "vehicle_part",
    "name": { "str": "nanotech crawler" },
    "copy-from": "nanovp_fold",
    "item": "nano_crawler",
    "symbol": "|",
    "broken_symbol": "x",
    "durability": 15000,
    "description": "A mass of nanites optimized for travel across any land-based surface while lifting a larger object.",
    "damage_modifier": 120,
    "qualities": [ [ "SELF_JACK", 40 ] ],
    "breaks_into": [ { "item": "nano_crawler", "count": [ 1, 1 ] } ],
    "rolling_resistance": 1.25,
    "wheel_type": "off-road",
    "contact_area": 3500,
    "flags": [ "WHEEL", "MULTISQUARE", "TRACKED", "NO_JACK", "VARIABLE_SIZE", "FOLDABLE", "STABLE", "SELF_JACK" ]
  },
  {
    "type": "vehicle_part",
    "id": "nanotech_control",
    "name": { "str": "nanotech control pod" },
    "copy-from": "nanovp_fold",
    "looks_like": "seat",
    "symbol": "#",
    "damage_modifier": 20,
    "bonus": 50,
    "description": "A large blob of nanites you can enter, it acts as a combined control system, chair, and camera control system all in one.",
    "item": "xl_nanite_ai",
    "epower": -500,
    "location": "center",
    "flags": [
      "REMOTE_CONTROLS",
      "CONTROLS",
      "FOLDABLE",
      "BED",
      "SEAT",
      "BOARDABLE",
      "BELTABLE",
      "CTRL_ELECTRONIC",
      "VISION",
      "CAMERA",
      "CAMERA_CONTROL",
      "ENABLED_DRAINS_EPOWER"
    ],
    "breaks_into": [ { "item": "xl_nanite_ai", "count": [ 1, 1 ] } ]
  },
  {
    "type": "vehicle_part",
    "id": "nanotech_shockmesh",
    "name": { "str": "nanotech shock mesh" },
    "copy-from": "nanovp_fold",
    "symbol": ",",
    "damage_modifier": 10,
    "description": "A series of straps attached to the seat, intended to fasten together after going over your shoulders and hips and between your legs.",
    "bonus": 150,
    "location": "on_seat",
    "flags": [ "SEATBELT", "FOLDABLE" ]
  },
  {
    "type": "vehicle_part",
    "id": "nanocam",
    "name": { "str": "nanotech sensor array" },
    "copy-from": "nanovp_fold",
    "looks_like": "omnicam",
    "symbol": "o",
    "damage_modifier": 10,
    "description": "Advanced nanotech sensor array with basic armor, can transmit video to a camera control system or a nanotech control pod.",
    "bonus": 60,
    "epower": -275,
    "location": "on_roof",
    "flags": [ "VISION", "CAMERA", "ENABLED_DRAINS_EPOWER" ]
  }
]
