[
  {
    "type": "recipe",
    "activity_level": "LIGHT_EXERCISE",
    "result": "mon_dog_train_atk",
    "category": "CC_CANINE TRAINING",
    "subcategory": "CSC_CANINE TRAINING_CANINE TRAINING",
    "skills_required": [ [ "dodge", 2 ], [ "melee", 2 ], [ "survival", 2 ], [ "unarmed", 2 ] ],
    "time": 240000,
    "autolearn": true,
    "tools": [ [ [ "dog_whistle", -1 ] ] ],
    "components": [ [ [ "dogfood", 10 ] ], [ [ "mon_dog_crate", 1 ] ] ]
  },
  {
    "type": "recipe",
    "activity_level": "LIGHT_EXERCISE",
    "result": "mon_dog_bull_train_atk",
    "category": "CC_CANINE TRAINING",
    "subcategory": "CSC_CANINE TRAINING_CANINE TRAINING",
    "skills_required": [ [ "dodge", 2 ], [ "melee", 2 ], [ "survival", 2 ], [ "unarmed", 2 ] ],
    "time": 240000,
    "autolearn": true,
    "tools": [ [ [ "dog_whistle", -1 ] ] ],
    "components": [ [ [ "dogfood", 10 ] ], [ [ "mon_dog_bull_crate", 1 ] ] ]
  },
  {
    "type": "recipe",
    "activity_level": "LIGHT_EXERCISE",
    "result": "mon_dog_auscattle_train_atk",
    "category": "CC_CANINE TRAINING",
    "subcategory": "CSC_CANINE TRAINING_CANINE TRAINING",
    "skills_required": [ [ "dodge", 2 ], [ "melee", 2 ], [ "survival", 2 ], [ "unarmed", 2 ] ],
    "time": 240000,
    "autolearn": true,
    "tools": [ [ [ "dog_whistle", -1 ] ] ],
    "components": [ [ [ "dogfood", 10 ] ], [ [ "mon_dog_auscattle_crate", 1 ] ] ]
  },
  {
    "type": "recipe",
    "activity_level": "LIGHT_EXERCISE",
    "result": "mon_dog_pitbullmix_train_atk",
    "category": "CC_CANINE TRAINING",
    "subcategory": "CSC_CANINE TRAINING_CANINE TRAINING",
    "skills_required": [ [ "dodge", 2 ], [ "melee", 2 ], [ "survival", 2 ], [ "unarmed", 2 ] ],
    "time": 240000,
    "autolearn": true,
    "tools": [ [ [ "dog_whistle", -1 ] ] ],
    "components": [ [ [ "dogfood", 10 ] ], [ [ "mon_dog_pitbullmix_crate", 1 ] ] ]
  },
  {
    "type": "recipe",
    "activity_level": "LIGHT_EXERCISE",
    "result": "mon_dog_beagle_train_atk",
    "category": "CC_CANINE TRAINING",
    "subcategory": "CSC_CANINE TRAINING_CANINE TRAINING",
    "skills_required": [ [ "dodge", 2 ], [ "melee", 2 ], [ "survival", 2 ], [ "unarmed", 2 ] ],
    "time": 240000,
    "autolearn": true,
    "tools": [ [ [ "dog_whistle", -1 ] ] ],
    "components": [ [ [ "dogfood", 10 ] ], [ [ "mon_dog_beagle_crate", 1 ] ] ]
  },
  {
    "type": "recipe",
    "activity_level": "LIGHT_EXERCISE",
    "result": "mon_dog_bcollie_train_atk",
    "category": "CC_CANINE TRAINING",
    "subcategory": "CSC_CANINE TRAINING_CANINE TRAINING",
    "skills_required": [ [ "dodge", 2 ], [ "melee", 2 ], [ "survival", 2 ], [ "unarmed", 2 ] ],
    "time": 240000,
    "autolearn": true,
    "tools": [ [ [ "dog_whistle", -1 ] ] ],
    "components": [ [ [ "dogfood", 10 ] ], [ [ "mon_dog_bcollie_crate", 1 ] ] ]
  },
  {
    "type": "recipe",
    "activity_level": "LIGHT_EXERCISE",
    "result": "mon_dog_boxer_train_atk",
    "category": "CC_CANINE TRAINING",
    "subcategory": "CSC_CANINE TRAINING_CANINE TRAINING",
    "skills_required": [ [ "dodge", 2 ], [ "melee", 2 ], [ "survival", 2 ], [ "unarmed", 2 ] ],
    "time": 240000,
    "autolearn": true,
    "tools": [ [ [ "dog_whistle", -1 ] ] ],
    "components": [ [ [ "dogfood", 10 ] ], [ [ "mon_dog_boxer_crate", 1 ] ] ]
  },
  {
    "type": "recipe",
    "activity_level": "LIGHT_EXERCISE",
    "result": "mon_dog_chihuahua_train_atk",
    "category": "CC_CANINE TRAINING",
    "subcategory": "CSC_CANINE TRAINING_CANINE TRAINING",
    "skills_required": [ [ "dodge", 2 ], [ "melee", 2 ], [ "survival", 2 ], [ "unarmed", 2 ] ],
    "time": 240000,
    "autolearn": true,
    "tools": [ [ [ "dog_whistle", -1 ] ] ],
    "components": [ [ [ "dogfood", 10 ] ], [ [ "mon_dog_chihuahua_crate", 1 ] ] ]
  },
  {
    "type": "recipe",
    "activity_level": "LIGHT_EXERCISE",
    "result": "mon_dog_dachshund_train_atk",
    "category": "CC_CANINE TRAINING",
    "subcategory": "CSC_CANINE TRAINING_CANINE TRAINING",
    "skill_used": "survival",
    "skills_required": [ [ "dodge", 2 ], [ "melee", 2 ], [ "survival", 2 ], [ "unarmed", 2 ] ],
    "time": 240000,
    "autolearn": true,
    "tools": [ [ [ "dog_whistle", -1 ] ] ],
    "components": [ [ [ "dogfood", 10 ] ], [ [ "mon_dog_dachshund_crate", 1 ] ] ]
  },
  {
    "type": "recipe",
    "activity_level": "LIGHT_EXERCISE",
    "result": "mon_dog_gshepherd_train_atk",
    "category": "CC_CANINE TRAINING",
    "subcategory": "CSC_CANINE TRAINING_CANINE TRAINING",
    "skills_required": [ [ "dodge", 2 ], [ "melee", 2 ], [ "survival", 2 ], [ "unarmed", 2 ] ],
    "time": 240000,
    "autolearn": true,
    "tools": [ [ [ "dog_whistle", -1 ] ] ],
    "components": [ [ [ "dogfood", 10 ] ], [ [ "mon_dog_gshepherd_crate", 1 ] ] ]
  },
  {
    "type": "recipe",
    "activity_level": "LIGHT_EXERCISE",
    "result": "mon_dog_gpyrenees_train_atk",
    "category": "CC_CANINE TRAINING",
    "subcategory": "CSC_CANINE TRAINING_CANINE TRAINING",
    "skills_required": [ [ "dodge", 2 ], [ "melee", 2 ], [ "survival", 2 ], [ "unarmed", 2 ] ],
    "time": 240000,
    "autolearn": true,
    "tools": [ [ [ "dog_whistle", -1 ] ] ],
    "components": [ [ [ "dogfood", 10 ] ], [ [ "mon_dog_gpyrenees_crate", 1 ] ] ]
  },
  {
    "type": "recipe",
    "activity_level": "LIGHT_EXERCISE",
    "result": "mon_dog_rottweiler_train_atk",
    "category": "CC_CANINE TRAINING",
    "subcategory": "CSC_CANINE TRAINING_CANINE TRAINING",
    "skills_required": [ [ "dodge", 2 ], [ "melee", 2 ], [ "survival", 2 ], [ "unarmed", 2 ] ],
    "time": 240000,
    "autolearn": true,
    "tools": [ [ [ "dog_whistle", -1 ] ] ],
    "components": [ [ [ "dogfood", 10 ] ], [ [ "mon_dog_rottweiler_crate", 1 ] ] ]
  }
]
