[
  {
    "id": "f_BioCo_Assembly_Machine",
    "type": "construction",
    "group": "build_bioco_assembly_machine",
    "category": "FURN",
    "required_skills": [ [ "fabrication", 6 ], [ "electronics", 7 ], [ "computer", 5 ] ],
    "time": 500,
    "using": [ [ "soldering_standard", 24 ] ],
    "qualities": [ [ { "id": "SCREW", "level": 1 } ] ],
    "components": [ [ [ "BioCo_Assembly_Machine", 1 ] ] ],
    "pre_note": "A assembly machine capable of producing BioCo Tech given the correct software.",
    "pre_special": "check_empty",
    "post_terrain": "f_BioCo_Assembly_Machine"
  },
  {
    "id": "f_BioCo_Chemical_Engine",
    "type": "construction",
    "group": "build_bioco_chemical_engine",
    "category": "FURN",
    "required_skills": [ [ "fabrication", 6 ], [ "electronics", 7 ], [ "computer", 5 ] ],
    "time": 500,
    "using": [ [ "soldering_standard", 24 ] ],
    "qualities": [ [ { "id": "SCREW", "level": 1 } ] ],
    "components": [ [ [ "BioCo_Chemical_Engine", 1 ] ] ],
    "pre_note": "A BioCo manufacturing device for various chemical components and medicines.",
    "pre_special": "check_empty",
    "post_terrain": "f_BioCo_Chemical_Engine"
  },
  {
    "id": "f_autodoc",
    "type": "construction",
    "group": "build_bioco_autodoc",
    "category": "FURN",
    "required_skills": [ [ "fabrication", 6 ], [ "electronics", 7 ], [ "computer", 5 ] ],
    "time": 500,
    "using": [ [ "soldering_standard", 24 ] ],
    "qualities": [ [ { "id": "SCREW", "level": 1 } ] ],
    "components": [ [ [ "BioCo_AutoDoc", 1 ] ] ],
    "pre_note": "A BioCo Autodoc, due to the limited storage capacity of its disk you'll have to program the procedures yourself each use.",
    "pre_special": "check_empty",
    "post_terrain": "f_autodoc"
  },
  {
    "id": "BioCo_AutoDoc_Couch",
    "type": "construction",
    "group": "build_bioco_autodoc_couch",
    "category": "FURN",
    "required_skills": [ [ "fabrication", 6 ], [ "electronics", 7 ], [ "computer", 5 ] ],
    "time": 500,
    "using": [ [ "soldering_standard", 24 ] ],
    "qualities": [ [ { "id": "SCREW", "level": 1 } ] ],
    "components": [ [ [ "BioCo_AutoDoc_Couch", 1 ] ] ],
    "pre_note": "A BioCo Autodoc Couch. A series of wires connecting it and a nearby AutoDoc transmit needed data about the creature laying down.",
    "pre_special": "check_empty",
    "post_terrain": "f_autodoc_couch"
  }
]
