[
  {
    "id": "animalctrl",
    "type": "vehicle",
    "name": "Animal Control Truck",
    "blueprint": [
      [ "-O-+-+-O" ],
      [ "+=+=+#'|" ],
      [ "+---+o'>" ],
      [ "+=+=+#'|" ],
      [ "-O-+-+-O" ]
    ],
    "parts": [
      { "x": -5, "y": -1, "parts": [ "frame_vertical", "board_sw" ] },
      { "x": -5, "y": 0, "parts": [ "frame_vertical", "stowboard_horizontal" ] },
      { "x": -5, "y": 1, "parts": [ "frame_vertical", "stowboard_horizontal", "beeper" ] },
      { "x": -5, "y": 2, "parts": [ "frame_vertical", "stowboard_horizontal" ] },
      { "x": -5, "y": 3, "parts": [ "frame_vertical", "board_se" ] },
      { "x": -4, "y": -1, "parts": [ "frame_vertical", "hatch", "wheel_mount_medium", "wheel_wide" ] },
      { "x": -4, "y": 0, "parts": [ "frame_vertical", "cargo_space" ] },
      { "x": -4, "y": 1, "parts": [ "frame_vertical", "board_vertical" ] },
      { "x": -4, "y": 2, "parts": [ "frame_vertical", "cargo_space" ] },
      { "x": -4, "y": 3, "parts": [ "frame_vertical", "hatch", "wheel_mount_medium", "wheel_wide" ] },
      { "x": -3, "y": -1, "parts": [ "frame_vertical", "halfboard_vertical" ] },
      { "x": -3, "y": 0, "parts": [ "frame_vertical", "stowboard_horizontal" ] },
      { "x": -3, "y": 1, "parts": [ "frame_vertical", "board_vertical" ] },
      { "x": -3, "y": 2, "parts": [ "frame_vertical", "stowboard_horizontal" ] },
      { "x": -3, "y": 3, "parts": [ "frame_vertical", "halfboard_vertical" ] },
      { "x": -2, "y": -1, "parts": [ "frame_vertical", "hatch" ] },
      { "x": -2, "y": 0, "parts": [ "frame_vertical", "cargo_space" ] },
      { "x": -2, "y": 1, "parts": [ "frame_vertical", "board_vertical" ] },
      { "x": -2, "y": 2, "parts": [ "frame_vertical", "cargo_space" ] },
      { "x": -2, "y": 3, "parts": [ "frame_vertical", "hatch" ] },
      { "x": -1, "y": -1, "parts": [ "frame_vertical", "halfboard_vertical" ] },
      { "x": -1, "y": 0, "parts": [ "frame_vertical", "stowboard_horizontal" ] },
      { "x": -1, "y": 1, "parts": [ "frame_vertical", "stowboard_horizontal" ] },
      { "x": -1, "y": 2, "parts": [ "frame_vertical", "stowboard_horizontal" ] },
      { "x": -1, "y": 3, "parts": [ "frame_vertical", "halfboard_vertical" ] },
      { "x": 0, "y": -1, "parts": [ "frame_vertical", "door" ] },
      {
        "x": 0,
        "y": 0,
        "parts": [ "frame_vertical_2", "seat", "seatbelt", "roof", "controls", "dashboard", "vehicle_alarm", "horn_car", "light_red" ]
      },
      { "x": 0, "y": 1, "parts": [ "frame_vertical", "box", "roof" ] },
      { "x": 0, "y": 2, "parts": [ "frame_vertical_2", "seat", "seatbelt", "roof", "light_blue" ] },
      { "x": 0, "y": 3, "parts": [ "frame_vertical", "door" ] },
      { "x": 1, "y": -1, "parts": [ "frame_vertical", "windshield" ] },
      { "x": 1, "y": 0, "parts": [ "frame_horizontal", "windshield" ] },
      { "x": 1, "y": 1, "parts": [ "frame_horizontal", "windshield" ] },
      { "x": 1, "y": 2, "parts": [ "frame_horizontal", "windshield" ] },
      { "x": 1, "y": 3, "parts": [ "frame_vertical", "windshield" ] },
      {
        "x": 2,
        "y": -1,
        "parts": [ "frame_nw", "halfboard_nw", "headlight", "wheel_mount_medium_steerable", "wheel_wide" ]
      },
      { "x": 2, "y": 0, "parts": [ "frame_horizontal", "halfboard_horizontal" ] },
      {
        "x": 2,
        "y": 1,
        "parts": [ "frame_cover", "halfboard_cover", "engine_v6", "alternator_truck", "battery_car" ]
      },
      { "x": 2, "y": 2, "parts": [ "frame_horizontal", "halfboard_horizontal" ] },
      {
        "x": 2,
        "y": 3,
        "parts": [ "frame_ne", "halfboard_ne", "headlight", "wheel_mount_medium_steerable", "wheel_wide" ]
      }
    ],
    "items": [
      { "x": 0, "y": 0, "chance": 25, "items": [ "file" ] },
      { "x": 0, "y": 1, "chance": 5, "items": [ "tazer" ] },
      { "x": 0, "y": 1, "chance": 5, "items": [ "energy_drink" ] },
      { "x": 0, "y": 1, "chance": 5, "items": [ "sports_drink" ] },
      { "x": 0, "y": 1, "chance": 5, "items": [ "irish_coffee" ] },
      { "x": 0, "y": 1, "chance": 5, "items": [ "dog_whistle" ] },
      { "x": 0, "y": 2, "chance": 25, "items": [ "file" ] },
      { "x": -1, "y": 0, "chance": 5, "items": [ "cotton_ball" ] },
      { "x": -1, "y": 0, "chance": 5, "items": [ "disinfectant" ] },
      { "x": -1, "y": 1, "chance": 5, "items": [ "cotton_ball" ] },
      { "x": -1, "y": 1, "chance": 5, "items": [ "disinfectant" ] },
      { "x": -1, "y": 2, "chance": 5, "items": [ "cotton_ball" ] },
      { "x": -1, "y": 2, "chance": 5, "items": [ "disinfectant" ] },
      { "x": -2, "y": 0, "chance": 20, "items": [ "blanket" ] },
      { "x": -1, "y": 0, "chance": 5, "item_groups": [ "dog_crates" ] },
      { "x": -2, "y": 2, "chance": 20, "items": [ "blanket" ] },
      { "x": -1, "y": 2, "chance": 5, "item_groups": [ "dog_crates" ] },
      { "x": -3, "y": 0, "chance": 10, "items": [ "catfood" ] },
      { "x": -3, "y": 0, "chance": 10, "items": [ "dogfood" ] },
      { "x": -3, "y": 2, "chance": 10, "items": [ "catfood" ] },
      { "x": -3, "y": 2, "chance": 10, "items": [ "dogfood" ] },
      { "x": -4, "y": 0, "chance": 20, "items": [ "blanket" ] },
      { "x": -4, "y": 0, "chance": 5, "item_groups": [ "dog_crates" ] },
      { "x": -4, "y": 2, "chance": 20, "items": [ "blanket" ] },
      { "x": -4, "y": 2, "chance": 5, "item_groups": [ "dog_crates" ] },
      { "x": -5, "y": 0, "chance": 5, "items": [ "dog_whistle" ] },
      { "x": -5, "y": 0, "chance": 10, "items": [ "catfood" ] },
      { "x": -5, "y": 0, "chance": 10, "items": [ "dogfood" ] },
      { "x": -5, "y": 0, "chance": 10, "items": [ "catfood" ] },
      { "x": -5, "y": 0, "chance": 10, "items": [ "dogfood" ] },
      { "x": -5, "y": 1, "chance": 5, "items": [ "dog_whistle" ] },
      { "x": -5, "y": 1, "chance": 10, "items": [ "catfood" ] },
      { "x": -5, "y": 1, "chance": 10, "items": [ "dogfood" ] },
      { "x": -5, "y": 1, "chance": 3, "items": [ "beartrap" ] },
      { "x": -5, "y": 2, "chance": 5, "items": [ "dog_whistle" ] },
      { "x": -5, "y": 2, "chance": 10, "items": [ "catfood" ] },
      { "x": -5, "y": 2, "chance": 10, "items": [ "dogfood" ] },
      { "x": -5, "y": 2, "chance": 10, "items": [ "catfood" ] },
      { "x": -5, "y": 2, "chance": 10, "items": [ "dogfood" ] }
    ]
  }
]
