[
  {
    "id": "antique_rare",
    "type": "item_group",
    "items": [
      [ "fire_lance", 2 ],
      [ "lance_charge", 1 ],
      [ "lance_charge_shot", 1 ],
      [ "shield_hoplon", 1 ],
      [ "shield_scutum", 1 ],
      [ "shield_round", 3 ],
      [ "shield_kite", 3 ],
      [ "shield_heater", 5 ],
      [ "shield_buckler", 5 ],
      [ "sword_gladius", 3 ]
    ]
  },
  {
    "id": "medieval",
    "type": "item_group",
    "items": [
      [ "shield_kite", 5 ],
      [ "shield_heater", 10 ],
      [ "shield_buckler", 1 ],
      [ "helmet_szyszak", 1 ],
      [ "wings_ornamental", 1 ]
    ]
  },
  {
    "id": "pawn",
    "type": "item_group",
    "items": [
      [ "shield_hoplon", 1 ],
      [ "shield_scutum", 1 ],
      [ "shield_round", 3 ],
      [ "shield_kite", 3 ],
      [ "shield_heater", 5 ],
      [ "shield_buckler", 5 ],
      [ "helmet_szyszak", 1 ]
    ]
  },
  {
    "id": "museum_melee",
    "type": "item_group",
    "items": [ [ "sword_gladius", 10 ] ]
  },
  {
    "id": "museum_guns",
    "type": "item_group",
    "items": [ [ "fire_lance", 20 ], [ "lance_charge", 10 ], [ "lance_charge_shot", 5 ] ]
  },
  {
    "id": "mansion_guns",
    "type": "item_group",
    "items": [ [ "fire_lance", 2 ], [ "lance_charge", 1 ], [ "lance_charge_shot", 1 ] ]
  },
  {
    "id": "museum_armor",
    "type": "item_group",
    "items": [
      [ "shield_wooden", 10 ],
      [ "shield_wooden_large", 5 ],
      [ "shield_hoplon", 10 ],
      [ "shield_scutum", 10 ],
      [ "shield_round", 10 ],
      [ "shield_kite", 10 ],
      [ "shield_heater", 20 ],
      [ "shield_buckler", 25 ],
      [ "helmet_szyszak", 40 ],
      [ "wings_ornamental", 10 ]
    ]
  },
  {
    "id": "museum_armor_torso",
    "type": "item_group",
    "items": [ [ "wings_ornamental", 5 ] ]
  },
  {
    "type": "item_group",
    "id": "museum_armor_head",
    "items": [ [ "helmet_szyszak", 20 ] ]
  },
  {
    "id": "allclothes",
    "type": "item_group",
    "items": [ [ "wings_ornamental", 1 ] ]
  },
  {
    "id": "survivorzed_extra",
    "type": "item_group",
    "items": [ [ "shield_wooden", 10 ], [ "shield_wooden_large", 5 ] ]
  },
  {
    "id": "soa_plate",
    "type": "item_group",
    "subtype": "collection",
    "items": [ { "group": "soa_shields_plate", "prob": 25 } ]
  },
  {
    "id": "soa_shields_plate",
    "type": "item_group",
    "items": [ [ "shield_heater", 25 ], [ "shield_buckler", 75 ] ]
  },
  {
    "id": "soa_mail",
    "type": "item_group",
    "subtype": "collection",
    "items": [ { "group": "soa_shields_mail", "prob": 50 } ]
  },
  {
    "id": "soa_shields_mail",
    "type": "item_group",
    "items": [ [ "shield_round", 30 ], [ "shield_kite", 30 ], [ "shield_heater", 40 ] ]
  }
]
