[
  {
    "type": "mod_tileset",
    "compatibility": [
      "Chibi_Ultica",
      "UltimateCataclysm",
      "MshockXottoplus",
      "UNDEAD_PEOPLE",
      "UNDEAD_PEOPLE_BASE",
      "UNDEAD_PEOPLE_LEGACY",
      "UlticaShell",
      "MshockXottoplus12",
      "MSX++DEAD_PEOPLE",
      "MXplus12_for_cosmetics",
      "MSXotto+"
    ],
    "tiles-new": [
      {
        "file": "Medieval_Mod_Reborn_normal.png",
        "tiles": [
          { "id": "bg_shadow_item", "fg": 1, "rotates": false },
          { "id": "lance_charge", "fg": 2, "bg": 1 },
          { "id": "overlay_wielded_lance_charge", "fg": 2 },
          { "id": "lance_charge_shot", "fg": 3, "bg": 1 },
          { "id": "overlay_wielded_lance_charge_shot", "fg": 3 },
          { "id": "fire_lance", "fg": 4, "bg": 1, "rotates": false },
          { "id": "overlay_wielded_fire_lance", "fg": 5, "rotates": false },
          { "id": "overlay_wielded_shield_buckler", "fg": 6, "rotates": false },
          { "id": "shield_buckler", "fg": 6, "rotates": false },
          { "id": "overlay_worn_shield_buckler", "fg": 7, "rotates": false },
          { "id": "overlay_wielded_shield_heater", "fg": 8, "rotates": false },
          { "id": "shield_heater", "fg": 8, "rotates": false },
          { "id": "overlay_worn_shield_heater", "fg": 9, "rotates": false },
          { "id": "overlay_wielded_shield_hoplon", "fg": 10, "rotates": false },
          { "id": "shield_hoplon", "fg": 10, "rotates": false },
          { "id": "overlay_worn_shield_hoplon", "fg": 11, "rotates": false },
          { "id": "overlay_wielded_shield_kite", "fg": 12, "rotates": false },
          { "id": "shield_kite", "fg": 12, "rotates": false },
          { "id": "overlay_worn_shield_kite", "fg": 13, "rotates": false },
          { "id": "overlay_wielded_shield_round", "fg": 14, "rotates": false },
          { "id": "shield_round", "fg": 14, "rotates": false },
          { "id": "overlay_worn_shield_round", "fg": 15, "rotates": false },
          { "id": "overlay_wielded_shield_scutum", "fg": 16, "rotates": false },
          { "id": "shield_scutum", "fg": 16, "rotates": false },
          { "id": "overlay_wielded_shield_wooden", "fg": 17, "rotates": false },
          { "id": "shield_wooden", "fg": 17, "rotates": false },
          { "id": "overlay_worn_shield_wooden", "fg": 18, "rotates": false },
          { "id": "overlay_wielded_shield_wooden_large", "fg": 19 },
          { "id": "shield_wooden_large", "fg": 19, "bg": 1 },
          { "id": "overlay_worn_shield_wooden_large", "fg": 20, "rotates": false },
          { "id": "dusksword", "fg": 21, "bg": 1, "rotates": false },
          { "id": "overlay_wielded_dusksword", "fg": 22, "rotates": false },
          { "id": "sword_gladius", "fg": 23, "bg": 1, "rotates": false },
          { "id": "overlay_wielded_sword_gladius", "fg": 24, "rotates": false }
        ],
        "//": "range 1 to 32",
        "sprite_width": 32,
        "sprite_height": 32,
        "sprite_offset_x": 0,
        "sprite_offset_y": 0
      }
    ]
  }
]
