[
  {
    "id": "exo_leg_steel",
    "type": "ARMOR",
    "category": "exosuit",
    "name": { "str": "steel leg plate (exosuit)", "str_pl": "steel leg plates (exosuit)" },
    "description": "Designed to attach to an exosuit's legs, these are sturdy plates of steel.",
    "weight": "13500 g",
    "volume": "6500 ml",
    "material": [ "qt_steel" ],
    "symbol": "L",
    "looks_like": "legguard_lightplate",
    "color": "light_gray",
    "flags": [ "CANT_WEAR", "ABLATIVE_LARGE", "EXO_LEG_PLATE" ],
    "non_functional": "damaged_exo_leg_steel_plate",
    "armor": [
      {
        "material": [ { "type": "qt_steel", "covered_by_mat": 100, "thickness": 6 } ],
        "covers": [ "leg_l", "leg_r", "foot_l", "foot_r" ],
        "coverage": 100,
        "encumbrance": 5
      }
    ]
  },
  {
    "id": "damaged_exo_leg_steel_plate",
    "type": "ARMOR",
    "copy-from": "exo_leg_steel",
    "name": { "str": "damaged steel leg plate (exosuit)", "str_pl": "damaged steel leg plates (exosuit)" },
    "description": "The remains of a steel leg plate after taking a strong impact.  Can be repaired in the field.",
    "looks_like": "exo_leg_steel",
    "non_functional": "destroyed_exo_leg_steel_plate",
    "armor": [
      {
        "material": [ { "type": "qt_steel", "covered_by_mat": 100, "thickness": 3 } ],
        "covers": [ "leg_l", "leg_r", "foot_l", "foot_r" ],
        "coverage": 85,
        "encumbrance": 5
      }
    ]
  },
  {
    "id": "destroyed_exo_leg_steel_plate",
    "type": "ARMOR",
    "copy-from": "exo_leg_steel",
    "name": { "str": "shattered steel leg plate (exosuit)", "str_pl": "shattered steel leg plates (exosuit)" },
    "description": "The remains of a steel leg plate after taking a strong impact.  No longer provides functional protection, just weight.",
    "looks_like": "exo_leg_steel"
  },
  {
    "id": "exo_leg_plastic",
    "type": "ARMOR",
    "category": "exosuit",
    "copy-from": "exo_leg_steel",
    "name": { "str": "plastic leg plate (exosuit)", "str_pl": "plastic leg plates (exosuit)" },
    "description": "Designed to attach to an exosuit's legs, these are plates of plastic.",
    "weight": "6000 g",
    "volume": "10 L",
    "material": [ "plastic" ],
    "non_functional": "damaged_exo_leg_plastic_plate",
    "armor": [
      {
        "material": [ { "type": "plastic", "covered_by_mat": 100, "thickness": 4.5 } ],
        "covers": [ "leg_l", "leg_r", "foot_l", "foot_r" ],
        "coverage": 100,
        "encumbrance": 5
      }
    ]
  },
  {
    "id": "damaged_exo_leg_plastic_plate",
    "type": "ARMOR",
    "copy-from": "exo_leg_plastic",
    "name": { "str": "damaged plastic leg plate (exosuit)", "str_pl": "damaged plastic leg plates (exosuit)" },
    "description": "The remains of a plastic leg plate after taking a strong impact.  Can be repaired in the field.",
    "looks_like": "exo_leg_plastic",
    "non_functional": "destroyed_exo_leg_plastic_plate",
    "armor": [
      {
        "material": [ { "type": "plastic", "covered_by_mat": 100, "thickness": 2.25 } ],
        "covers": [ "leg_l", "leg_r", "foot_l", "foot_r" ],
        "coverage": 85,
        "encumbrance": 5
      }
    ]
  },
  {
    "id": "destroyed_exo_leg_plastic_plate",
    "type": "ARMOR",
    "copy-from": "exo_leg_plastic",
    "name": { "str": "shattered plastic leg plate (exosuit)", "str_pl": "shattered plastic leg plates (exosuit)" },
    "description": "The remains of a plastic leg plate after taking a strong impact.  No longer provides functional protection, just weight.",
    "looks_like": "exo_leg_plastic"
  },
  {
    "id": "exo_leg_vcc",
    "type": "ARMOR",
    "category": "exosuit",
    "copy-from": "exo_leg_steel",
    "name": { "str": "carbide leg plate (exosuit)", "str_pl": "carbide leg plates (exosuit)" },
    "description": "Designed to attach to an exosuit's legs, these are sturdy plates of vacuum-cast carbide.",
    "weight": "13365 g",
    "volume": "10 L",
    "material": [ "vacuum_carbide" ],
    "non_functional": "damaged_exo_leg_vcc_plate",
    "armor": [
      {
        "material": [ { "type": "vacuum_carbide", "covered_by_mat": 100, "thickness": 4 } ],
        "covers": [ "leg_l", "leg_r", "foot_l", "foot_r" ],
        "coverage": 100,
        "encumbrance": 20
      }
    ]
  },
  {
    "id": "damaged_exo_leg_vcc_plate",
    "type": "ARMOR",
    "copy-from": "exo_leg_vcc",
    "name": { "str": "damaged carbide leg plate (exosuit)", "str_pl": "damaged carbide leg plates (exosuit)" },
    "description": "The remains of a carbide leg plate after taking a strong impact.",
    "looks_like": "exo_leg_vcc",
    "non_functional": "destroyed_exo_leg_vcc_plate",
    "armor": [
      {
        "material": [ { "type": "vacuum_carbide", "covered_by_mat": 100, "thickness": 2 } ],
        "covers": [ "leg_l", "leg_r", "foot_l", "foot_r" ],
        "coverage": 85,
        "encumbrance": 5
      }
    ]
  },
  {
    "id": "destroyed_exo_leg_vcc_plate",
    "type": "ARMOR",
    "copy-from": "exo_leg_vcc",
    "name": { "str": "shattered carbide leg plate (exosuit)", "str_pl": "shattered carbide leg plates (exosuit)" },
    "description": "The remains of a vacuum-cast carbide leg plate after taking a strong impact.  No longer provides functional protection, just weight.",
    "looks_like": "exo_leg_vcc"
  }
]
