[
  {
    "id": "exo_arm_steel",
    "type": "ARMOR",
    "category": "exosuit",
    "name": { "str": "steel arm plate (exosuit)", "str_pl": "steel arm plates (exosuit)" },
    "description": "Designed to attach to an exosuit's arms, these are sturdy plates of steel.",
    "weight": "13500 g",
    "volume": "6500 ml",
    "material": [ "qt_steel" ],
    "symbol": "[",
    "looks_like": "armguard_lightplate",
    "color": "light_gray",
    "warmth": 20,
    "flags": [ "CANT_WEAR", "ABLATIVE_LARGE", "EXO_ARM_PLATE" ],
    "non_functional": "damaged_exo_arm_steel_plate",
    "armor": [
      {
        "material": [ { "type": "qt_steel", "covered_by_mat": 100, "thickness": 6 } ],
        "covers": [ "arm_l", "arm_r" ],
        "coverage": 100,
        "encumbrance": 5,
        "layers": [ "OUTER" ]
      },
      {
        "material": [ { "type": "qt_steel", "covered_by_mat": 100, "thickness": 6 } ],
        "covers": [ "hand_l", "hand_r" ],
        "coverage": 100,
        "encumbrance": 5
      }
    ]
  },
  {
    "id": "damaged_exo_arm_steel_plate",
    "type": "ARMOR",
    "copy-from": "exo_arm_steel",
    "name": { "str": "damaged steel arm plate (exosuit)", "str_pl": "damaged steel arm plates (exosuit)" },
    "description": "The remains of a steel arm plate after taking a strong impact.  Can be repaired in the field.",
    "looks_like": "exo_arm_steel",
    "non_functional": "destroyed_exo_arm_steel_plate",
    "armor": [
      {
        "material": [ { "type": "qt_steel", "covered_by_mat": 100, "thickness": 3 } ],
        "covers": [ "arm_l", "arm_r" ],
        "coverage": 100,
        "encumbrance": 5,
        "layers": [ "OUTER" ]
      },
      {
        "material": [ { "type": "qt_steel", "covered_by_mat": 100, "thickness": 3 } ],
        "covers": [ "hand_l", "hand_r" ],
        "coverage": 100,
        "encumbrance": 5
      }
    ]
  },
  {
    "id": "destroyed_exo_arm_steel_plate",
    "type": "ARMOR",
    "copy-from": "exo_arm_steel",
    "name": { "str": "destroyed steel arm plate (exosuit)", "str_pl": "destroyed steel arm plates (exosuit)" },
    "description": "The remains of a steel arm plate after taking a strong impact.  Can be recycled at a nanofabricator.",
    "looks_like": "exo_arm_steel",
    "extend": { "flags": [ "NO_REPAIR" ] }
  },
  {
    "id": "exo_arm_plastic",
    "type": "ARMOR",
    "category": "exosuit",
    "copy-from": "exo_arm_steel",
    "name": { "str": "plastic arm plate (exosuit)", "str_pl": "plastic arm plates (exosuit)" },
    "description": "Designed to attach to an exosuit's arms, these are plates of plastic.",
    "weight": "3000 g",
    "volume": "1500 ml",
    "material": [ "plastic" ],
    "non_functional": "damaged_exo_arm_plastic_plate",
    "armor": [
      {
        "material": [ { "type": "plastic", "covered_by_mat": 100, "thickness": 4.5 } ],
        "covers": [ "arm_l", "arm_r" ],
        "coverage": 100,
        "encumbrance": 5,
        "layers": [ "OUTER" ]
      },
      {
        "material": [ { "type": "plastic", "covered_by_mat": 100, "thickness": 4.5 } ],
        "covers": [ "hand_l", "hand_r" ],
        "coverage": 100,
        "encumbrance": 5
      }
    ]
  },
  {
    "id": "damaged_exo_arm_plastic_plate",
    "type": "ARMOR",
    "copy-from": "exo_arm_plastic",
    "name": { "str": "damaged plastic arm plate (exosuit)", "str_pl": "damaged plastic arm plates (exosuit)" },
    "description": "The remains of a plastic arm plate after taking a strong impact.  Can be repaired in the field.",
    "looks_like": "exo_arm_plastic",
    "non_functional": "destroyed_exo_arm_plastic_plate",
    "armor": [
      {
        "material": [ { "type": "plastic", "covered_by_mat": 100, "thickness": 2.25 } ],
        "covers": [ "arm_l", "arm_r" ],
        "coverage": 100,
        "encumbrance": 5,
        "layers": [ "OUTER" ]
      },
      {
        "material": [ { "type": "plastic", "covered_by_mat": 100, "thickness": 2.25 } ],
        "covers": [ "hand_l", "hand_r" ],
        "coverage": 100,
        "encumbrance": 5
      }
    ]
  },
  {
    "id": "destroyed_exo_arm_plastic_plate",
    "type": "ARMOR",
    "copy-from": "exo_arm_plastic",
    "name": { "str": "shattered plastic arm plate (exosuit)", "str_pl": "shattered plastic arm plates (exosuit)" },
    "description": "The remains of a plastic arm plate after taking a strong impact.  No longer provides functional protection, just weight.",
    "looks_like": "exo_arm_plastic"
  },
  {
    "id": "exo_arm_vcc",
    "type": "ARMOR",
    "category": "exosuit",
    "copy-from": "exo_arm_steel",
    "name": { "str": "carbide arm plate (exosuit)", "str_pl": "carbide arm plates (exosuit)" },
    "description": "Designed to attach to an exosuit's arms, these are sturdy plates of vacuum-cast carbide.",
    "weight": "13365 g",
    "volume": "1500 ml",
    "material": [ "vacuum_carbide" ],
    "non_functional": "damaged_exo_arm_vcc_plate",
    "armor": [
      {
        "material": [ { "type": "vacuum_carbide", "covered_by_mat": 100, "thickness": 4 } ],
        "covers": [ "arm_l", "arm_r" ],
        "coverage": 100,
        "encumbrance": 5,
        "layers": [ "OUTER" ]
      },
      {
        "material": [ { "type": "vacuum_carbide", "covered_by_mat": 100, "thickness": 4 } ],
        "covers": [ "hand_l", "hand_r" ],
        "coverage": 100,
        "encumbrance": 5
      }
    ]
  },
  {
    "id": "damaged_exo_arm_vcc_plate",
    "type": "ARMOR",
    "copy-from": "exo_arm_vcc",
    "name": { "str": "damaged carbide arm plate (exosuit)", "str_pl": "damaged carbide arm plates (exosuit)" },
    "description": "The remains of a carbide arm plate after taking a strong impact.",
    "looks_like": "exo_arm_vcc",
    "non_functional": "destroyed_exo_arm_vcc_plate",
    "armor": [
      {
        "material": [ { "type": "vacuum_carbide", "covered_by_mat": 100, "thickness": 2 } ],
        "covers": [ "arm_l", "arm_r" ],
        "coverage": 100,
        "encumbrance": 5,
        "layers": [ "OUTER" ]
      },
      {
        "material": [ { "type": "vacuum_carbide", "covered_by_mat": 100, "thickness": 2 } ],
        "covers": [ "hand_l", "hand_r" ],
        "coverage": 100,
        "encumbrance": 5
      }
    ]
  },
  {
    "id": "destroyed_exo_arm_vcc_plate",
    "type": "ARMOR",
    "copy-from": "exo_arm_vcc",
    "name": { "str": "shattered carbide arm plate (exosuit)", "str_pl": "shattered carbide arm plates (exosuit)" },
    "description": "The remains of a vacuum-cast carbide arm plate after taking a strong impact.  No longer provides functional protection, just weight.",
    "looks_like": "exo_arm_vcc"
  }
]
