[
  {
    "id": "exo_torso_steel",
    "type": "ARMOR",
    "category": "exosuit",
    "name": { "str": "steel torso plate (exosuit)", "str_pl": "steel torso plates (exosuit)" },
    "description": "Designed to attach to an exosuit's torso, this is a sturdy plate of steel.",
    "weight": "20 kg",
    "volume": "8 L",
    "material": [ "qt_steel" ],
    "symbol": "[",
    "looks_like": "cuirass_lightplate",
    "color": "light_gray",
    "warmth": 25,
    "flags": [ "CANT_WEAR", "ABLATIVE_LARGE", "EXO_TORSO_PLATE" ],
    "non_functional": "damaged_exo_torso_steel_plate",
    "armor": [
      {
        "material": [ { "type": "qt_steel", "covered_by_mat": 100, "thickness": 6 } ],
        "covers": [ "torso" ],
        "coverage": 100,
        "encumbrance": 5
      },
      {
        "material": [ { "type": "qt_steel", "covered_by_mat": 100, "thickness": 6 } ],
        "covers": [ "leg_l", "leg_r", "arm_l", "arm_r" ],
        "specifically_covers": [ "arm_shoulder_r", "arm_shoulder_l", "leg_hip_l", "leg_hip_r" ],
        "coverage": 100,
        "encumbrance": 5
      }
    ]
  },
  {
    "id": "damaged_exo_torso_steel_plate",
    "type": "ARMOR",
    "copy-from": "exo_torso_steel",
    "name": { "str": "damaged steel helmet plate (exosuit)", "str_pl": "damaged steel helmet plates (exosuit)" },
    "description": "The remains of a steel torso plate after taking a strong impact.  Can be repaired in the field.",
    "looks_like": "exo_torso_steel",
    "non_functional": "destroyed_exo_helmet_steel_plate",
    "armor": [
      {
        "material": [ { "type": "qt_steel", "covered_by_mat": 100, "thickness": 3 } ],
        "covers": [ "torso" ],
        "coverage": 85,
        "encumbrance": 5
      },
      {
        "material": [ { "type": "qt_steel", "covered_by_mat": 100, "thickness": 3 } ],
        "covers": [ "leg_l", "leg_r", "arm_l", "arm_r" ],
        "specifically_covers": [ "arm_shoulder_r", "arm_shoulder_l", "leg_hip_l", "leg_hip_r" ],
        "coverage": 85,
        "encumbrance": 5
      }
    ]
  },
  {
    "id": "destroyed_exo_torso_steel_plate",
    "type": "ARMOR",
    "copy-from": "exo_torso_steel",
    "name": { "str": "shattered steel torso plate (exosuit)", "str_pl": "shattered steel torso plates (exosuit)" },
    "description": "The remains of a steel torso plate after taking a strong impact.  No longer provides functional protection, just weight.",
    "looks_like": "exo_torso_steel",
    "extend": { "flags": [ "NO_REPAIR" ] }
  },
  {
    "id": "exo_torso_plastic",
    "type": "ARMOR",
    "category": "exosuit",
    "copy-from": "exo_torso_steel",
    "name": { "str": "plastic torso plate (exosuit)", "str_pl": "plastic torso plates (exosuit)" },
    "description": "Designed to attach to an exosuit's torso, this is a plate of plastic.",
    "weight": "3432 g",
    "volume": "8 L",
    "material": [ "plastic" ],
    "non_functional": "damaged_exo_torso_plastic",
    "armor": [
      {
        "material": [ { "type": "plastic", "covered_by_mat": 100, "thickness": 4.5 } ],
        "covers": [ "torso" ],
        "coverage": 100,
        "encumbrance": 5
      },
      {
        "material": [ { "type": "plastic", "covered_by_mat": 100, "thickness": 4.5 } ],
        "covers": [ "leg_l", "leg_r", "arm_l", "arm_r" ],
        "specifically_covers": [ "arm_shoulder_r", "arm_shoulder_l", "leg_hip_l", "leg_hip_r" ],
        "coverage": 100,
        "encumbrance": 5
      }
    ]
  },
  {
    "id": "damaged_exo_torso_plastic_plate",
    "type": "ARMOR",
    "copy-from": "exo_torso_plastic",
    "name": { "str": "damaged plastic helmet plate (exosuit)", "str_pl": "damaged plastic helmet plates (exosuit)" },
    "description": "The remains of a plastic torso plate after taking a strong impact.  Can be repaired in the field.",
    "looks_like": "exo_torso_plastic",
    "non_functional": "destroyed_exo_helmet_plastic_plate",
    "armor": [
      {
        "material": [ { "type": "plastic", "covered_by_mat": 100, "thickness": 2.25 } ],
        "covers": [ "torso" ],
        "coverage": 85,
        "encumbrance": 5
      },
      {
        "material": [ { "type": "plastic", "covered_by_mat": 100, "thickness": 2.25 } ],
        "covers": [ "leg_l", "leg_r", "arm_l", "arm_r" ],
        "specifically_covers": [ "arm_shoulder_r", "arm_shoulder_l", "leg_hip_l", "leg_hip_r" ],
        "coverage": 85,
        "encumbrance": 5
      }
    ]
  },
  {
    "id": "destroyed_exo_torso_plastic_plate",
    "type": "ARMOR",
    "copy-from": "exo_torso_plastic",
    "name": { "str": "shattered plastic torso plate (exosuit)", "str_pl": "shattered plastic torso plates (exosuit)" },
    "description": "The remains of a plastic torso plate after taking a strong impact.  No longer provides functional protection, just weight.",
    "looks_like": "exo_torso_plastic",
    "extend": { "flags": [ "NO_REPAIR" ] }
  },
  {
    "id": "exo_torso_vcc",
    "type": "ARMOR",
    "category": "exosuit",
    "copy-from": "exo_torso_steel",
    "name": { "str": "carbide torso plate (exosuit)", "str_pl": "carbide torso plates (exosuit)" },
    "description": "Designed to attach to an exosuit's torso, this is a sturdy plate of vacuum-cast carbide.",
    "weight": "29700 g",
    "volume": "8 L",
    "material": [ "vacuum_carbide" ],
    "non_functional": "damaged_exo_torso_vcc_plate",
    "armor": [
      {
        "material": [ { "type": "vacuum_carbide", "covered_by_mat": 100, "thickness": 4 } ],
        "covers": [ "torso" ],
        "coverage": 100,
        "encumbrance": 5
      },
      {
        "material": [ { "type": "vacuum_carbide", "covered_by_mat": 100, "thickness": 4 } ],
        "covers": [ "leg_l", "leg_r", "arm_l", "arm_r" ],
        "specifically_covers": [ "arm_shoulder_r", "arm_shoulder_l", "leg_hip_l", "leg_hip_r" ],
        "coverage": 100,
        "encumbrance": 5
      }
    ]
  },
  {
    "id": "damaged_exo_torso_vcc",
    "type": "ARMOR",
    "category": "exosuit",
    "copy-from": "exo_torso_vcc",
    "name": { "str": "damaged carbide torso plate (exosuit)", "str_pl": "damaged carbide torso plates (exosuit)" },
    "description": "The remains of a carbide torso plate after taking a strong impact.",
    "weight": "44000 g",
    "volume": "8 L",
    "material": [ "vacuum_carbide" ],
    "non_functional": "destroyed_exo_torso_vcc_plate",
    "armor": [
      {
        "material": [ { "type": "vacuum_carbide", "covered_by_mat": 100, "thickness": 2 } ],
        "covers": [ "torso" ],
        "coverage": 85,
        "encumbrance": 5
      },
      {
        "material": [ { "type": "vacuum_carbide", "covered_by_mat": 100, "thickness": 2 } ],
        "covers": [ "leg_l", "leg_r", "arm_l", "arm_r" ],
        "specifically_covers": [ "arm_shoulder_r", "arm_shoulder_l", "leg_hip_l", "leg_hip_r" ],
        "coverage": 85,
        "encumbrance": 5
      }
    ]
  },
  {
    "id": "destroyed_exo_torso_vcc_plate",
    "type": "ARMOR",
    "copy-from": "exo_torso_vcc",
    "name": { "str": "shattered carbide torso plate (exosuit)", "str_pl": "shattered carbide torso plates (exosuit)" },
    "description": "The remains of a vacuum-cast carbide torso plate after taking a strong impact.  No longer provides functional protection, just weight.",
    "looks_like": "exo_torso_vcc"
  }
]
