[
  {
    "id": "modular_exosuit",
    "type": "TOOL_ARMOR",
    "name": { "str": "exosuit frame" },
    "description": "This is a standard exosuit frame.  Designed to be modular, it can accept a variety of power supplies, defensive and offensive systems, and utility tools.  Slots exist for the torso, back, arms, and legs.",
    "weight": "45 kg",
    "volume": "140 L",
    "material": [ "titanium" ],
    "power_armor": true,
    "symbol": "T",
    "looks_like": "power_armor_basic",
    "color": "light_gray",
    "pocket_data": [
      {
        "pocket_type": "CONTAINER",
        "name": "Exosuit Underlayer",
        "description": "A series of connections for an underlayer.",
        "flag_restriction": [ "EXO_UNDERLAYER" ],
        "inherits_flags": true,
        "moves": 200
      },
      {
        "pocket_type": "CONTAINER",
        "name": "Helmet compartment (Plate)",
        "description": "This is a mounting point for helmet plating.",
        "ablative": true,
        "flag_restriction": [ "EXO_HELMET_PLATE" ],
        "inherits_flags": true,
        "moves": 120
      },
      {
        "pocket_type": "CONTAINER",
        "name": "Helmet Hardpoint",
        "description": "This is a series of mounts for helmet equipment.",
        "rigid": true,
        "max_contains_volume": "2 L",
        "max_contains_weight": "5 kg",
        "flag_restriction": [ "EXO_HELMET_GADGET" ],
        "inherits_flags": true,
        "moves": 60
      },
      {
        "pocket_type": "CONTAINER",
        "name": "Torso compartment (Plate)",
        "description": "This is a mounting point for torso armor.",
        "ablative": true,
        "rigid": true,
        "max_contains_volume": "10 L",
        "max_contains_weight": "80 kg",
        "flag_restriction": [ "EXO_TORSO_PLATE" ],
        "inherits_flags": true,
        "moves": 120
      },
      {
        "pocket_type": "CONTAINER",
        "name": "Torso hardpoints",
        "description": "This is a mount for storing items in the torso.",
        "rigid": true,
        "max_contains_volume": "4 L",
        "max_contains_weight": "15 kg",
        "flag_restriction": [ "EXO_LARGE_GADGET", "EXO_MEDIUM_GADGET", "EXO_SMALL_GADGET" ],
        "inherits_flags": true,
        "moves": 60
      },
      {
        "pocket_type": "CONTAINER",
        "name": "PSU compartment",
        "description": "This is a mounting point for power supply units and large modules.",
        "rigid": true,
        "max_contains_volume": "25 L",
        "max_contains_weight": "140 kg",
        "flag_restriction": [ "EXO_PSU", "EXO_LARGE_GADGET", "EXO_MEDIUM_GADGET", "EXO_SMALL_GADGET" ],
        "inherits_flags": true,
        "moves": 500
      },
      {
        "pocket_type": "CONTAINER",
        "name": "Arm compartment (Plate)",
        "description": "This is a mounting point for arm armor.",
        "ablative": true,
        "rigid": true,
        "max_contains_volume": "12 L",
        "max_contains_weight": "80 kg",
        "flag_restriction": [ "EXO_ARM_PLATE" ],
        "inherits_flags": true,
        "moves": 120
      },
      {
        "pocket_type": "CONTAINER",
        "name": "Arm hardpoints",
        "description": "This is a mount for storing items on the arms.",
        "rigid": true,
        "max_contains_volume": "10 L",
        "max_contains_weight": "10 kg",
        "flag_restriction": [ "EXO_MEDIUM_GADGET", "EXO_SMALL_GADGET" ],
        "inherits_flags": true,
        "moves": 60
      },
      {
        "pocket_type": "CONTAINER",
        "name": "Leg compartment (Plate)",
        "description": "This is a mounting point for leg armor.",
        "ablative": true,
        "rigid": true,
        "max_contains_volume": "12 L",
        "max_contains_weight": "80 kg",
        "flag_restriction": [ "EXO_LEG_PLATE" ],
        "inherits_flags": true,
        "moves": 120
      },
      {
        "pocket_type": "CONTAINER",
        "name": "Leg hardpoints",
        "description": "This is a mount for storing items on the legs.",
        "rigid": true,
        "max_contains_volume": "10 L",
        "max_contains_weight": "10 kg",
        "flag_restriction": [ "EXO_MEDIUM_GADGET", "EXO_SMALL_GADGET" ],
        "inherits_flags": true,
        "moves": 60
      }
    ],
    "armor": [
      {
        "material": [ { "type": "titanium", "covered_by_mat": 100, "thickness": 2 } ],
        "covers": [ "head", "eyes", "mouth", "torso", "arm_l", "arm_r", "leg_l", "leg_r", "foot_l", "foot_r" ],
        "coverage": 40,
        "encumbrance": 20,
        "layers": [ "OUTER" ]
      },
      {
        "material": [ { "type": "titanium", "covered_by_mat": 100, "thickness": 2 } ],
        "covers": [ "hand_l", "hand_r" ],
        "coverage": 40,
        "encumbrance": 20
      }
    ],
    "ammo": "battery",
    "flags": [ "USE_UPS", "STURDY", "WATERPROOF", "ELECTRIC_IMMUNE", "COMBAT_TOGGLEABLE", "OUTER" ],
    "relic_data": { "passive_effects": [ { "has": "WORN", "condition": "ACTIVE", "values": [ { "value": "STRENGTH", "add": 10 } ] } ] },
    "use_action": [
      {
        "target": "modular_exosuit_on",
        "msg": "The %s engages.",
        "active": true,
        "need_charges": 1,
        "need_charges_msg": "The suit does not have enough charge.",
        "type": "transform"
      },
      "MANAGE_EXOSUIT"
    ]
  },
  {
    "id": "modular_exosuit_on",
    "copy-from": "modular_exosuit",
    "repairs_like": "modular_exosuit",
    "looks_like": "power_armor_light",
    "type": "TOOL_ARMOR",
    "name": { "str": "exosuit frame (on)", "str_pl": "exosuit frames (on)" },
    "description": "This is a standard exosuit frame.  Designed to be modular, it can accept a variety of power supplies, defensive and offensive systems, and utility tools.  Slots exist for the torso, back, arms, and legs.  It is turned on and continually drawing power.  Use it to turn it off.",
    "flags": [ "USE_UPS", "STURDY", "WATERPROOF", "ELECTRIC_IMMUNE", "COMBAT_TOGGLEABLE", "OUTER", "CLIMATE_CONTROL" ],
    "relic_data": { "passive_effects": [ { "has": "WORN", "condition": "ACTIVE", "values": [ { "value": "STRENGTH", "add": 10 } ] } ] },
    "power_draw": 6173,
    "revert_to": "modular_exosuit",
    "use_action": [
      { "type": "transform", "menu_text": "Turn off", "msg": "The %s disengages.", "target": "modular_exosuit" },
      "MANAGE_EXOSUIT"
    ],
    "armor": [
      {
        "material": [ { "type": "titanium", "covered_by_mat": 100, "thickness": 2 } ],
        "covers": [ "head", "eyes", "mouth", "torso", "arm_l", "arm_r", "leg_l", "leg_r", "foot_l", "foot_r" ],
        "coverage": 40,
        "encumbrance": 5,
        "layers": [ "OUTER" ]
      },
      {
        "material": [ { "type": "titanium", "covered_by_mat": 100, "thickness": 2 } ],
        "covers": [ "hand_l", "hand_r" ],
        "coverage": 40,
        "encumbrance": 5
      }
    ]
  }
]
