[
  {
    "id": "exo_rifle_storage",
    "type": "ARMOR",
    "copy-from": "back_holster",
    "looks_like": "slingpack",
    "color": "light_gray",
    "symbol": "[",
    "name": { "str": "large storage pouch (exosuit)", "str_pl": "large storage pouches (exosuit)" },
    "description": "A hardpoint for storing a rifle.  Activate to holster/draw a gun.",
    "weight": "500 g",
    "volume": "2 L",
    "material": [ "qt_steel" ],
    "flags": [ "WATER_FRIENDLY", "NO_QUICKDRAW", "BELTED", "EXO_LARGE_GADGET" ]
  },
  {
    "id": "exo_melee_storage",
    "type": "ARMOR",
    "copy-from": "bscabbard",
    "looks_like": "bscabbard",
    "color": "light_gray",
    "symbol": "[",
    "name": { "str_sp": "scabbard (exosuit)" },
    "description": "A metallic scabbard mountable on an exosuit hardpoint.  Can be activated to sheath or draw a sword.",
    "weight": "500 g",
    "volume": "2 L",
    "material": [ "qt_steel" ],
    "flags": [ "WATER_FRIENDLY", "BELTED", "EXO_MEDIUM_GADGET" ]
  },
  {
    "id": "exo_large_storage",
    "type": "ARMOR",
    "copy-from": "backpack_tactical_large",
    "repairs_like": "backpack_tactical_large",
    "looks_like": "backpack",
    "color": "light_gray",
    "symbol": "[",
    "name": { "str": "large storage pack (exosuit)", "str_pl": "large storage packs (exosuit)" },
    "description": "A large storage pack, mountable on a hardpoint.",
    "weight": "2250 g",
    "volume": "15 L",
    "material": [ "kevlar", "plastic" ],
    "flags": [ "WATER_FRIENDLY", "BELTED", "EXO_LARGE_GADGET" ]
  },
  {
    "id": "exo_medium_storage",
    "type": "ARMOR",
    "copy-from": "fanny",
    "repairs_like": "fanny",
    "looks_like": "holster",
    "color": "green",
    "symbol": "[",
    "name": { "str": "medium pouch (exosuit)", "str_pl": "medium pouches (exosuit)" },
    "description": "A medium storage pouch, mountable on a hardpoint.",
    "weight": "275 g",
    "volume": "2500 ml",
    "material": [ "nylon", "plastic" ],
    "flags": [ "WATER_FRIENDLY", "BELTED", "EXO_MEDIUM_GADGET" ]
  },
  {
    "id": "exo_small_storage",
    "type": "ARMOR",
    "copy-from": "leather_pouch",
    "looks_like": "holster",
    "repairs_like": "fanny",
    "symbol": "[",
    "color": "green",
    "name": { "str": "small pouch (exosuit)", "str_pl": "small pouches (exosuit)" },
    "description": "A small storage pouch, mountable on a hardpoint.",
    "weight": "125 g",
    "volume": "1050 ml",
    "material": [ "nylon", "plastic" ],
    "flags": [ "WATER_FRIENDLY", "BELTED", "EXO_SMALL_GADGET" ]
  },
  {
    "id": "exo_large_ammo_pouch",
    "type": "ARMOR",
    "copy-from": "tacvest",
    "looks_like": "tacvest",
    "symbol": "[",
    "color": "dark_gray",
    "name": { "str_sp": "large ammo pouches (exosuit)" },
    "description": "A set of pouches that attach to a hardpoint.",
    "weight": "1750 g",
    "volume": "1050 ml",
    "material": [ "nylon" ],
    "flags": [ "WATER_FRIENDLY", "EXO_MEDIUM_GADGET" ]
  },
  {
    "id": "exo_small_ammo_pouch",
    "type": "ARMOR",
    "copy-from": "legrig",
    "symbol": "[",
    "color": "dark_gray",
    "name": { "str_sp": "small ammo pouches (exosuit)" },
    "description": "A set of pouches that attach to a hardpoint.",
    "flags": [ "WATER_FRIENDLY", "EXO_SMALL_GADGET" ]
  }
]
