[
  {
    "id": "boarding_axe",
    "type": "GENERIC",
    "symbol": "/",
    "color": "light_gray",
    "name": "boarding axe",
    "ascii_picture": "halberd",
    "description": "This is a sturdy axe with a pick opposite the blade.  A composite titanium/Kevlar handle provides a sturdy grip that protects against electrical shocks and high temperatures.  Designed for use by soldiers wearing strength-enhancing exosuits, it's quite heavy.",
    "weight": "3500 g",
    "volume": "2750 ml",
    "longest_side": "120 cm",
    "bashing": 30,
    "cutting": 45,
    "techniques": [ "WBLOCK_1", "BRUTAL", "SWEEP" ],
    "qualities": [ [ "AXE", 2 ], [ "PRY", 3 ], [ "BUTCHER", -30 ] ],
    "to_hit": { "grip": "weapon", "length": "long", "surface": "line", "balance": "uneven" },
    "material": [ "qt_steel", "titanium", "kevlar" ],
    "weapon_category": [ "HOOKING_WEAPONRY", "GREAT_AXES" ],
    "flags": [ "DURABLE_MELEE", "NONCONDUCTIVE", "SHEATH_AXE", "BELT_CLIP" ],
    "use_action": [ "CROWBAR" ],
    "category": "weapons"
  },
  {
    "id": "scrap_axe",
    "type": "GENERIC",
    "symbol": "/",
    "color": "light_gray",
    "name": "makeshift boarding axe",
    "ascii_picture": "halberd",
    "description": "This is an oversized axe made from scraps of salvaged metal.  While not as versatile or durable as the boarding axe, it still packs a punch.",
    "weight": "4250 g",
    "volume": "2750 ml",
    "longest_side": "120 cm",
    "bashing": 30,
    "cutting": 35,
    "techniques": [ "WBLOCK_1", "BRUTAL", "SWEEP" ],
    "qualities": [ [ "AXE", 2 ], [ "BUTCHER", -30 ] ],
    "to_hit": { "grip": "solid", "length": "long", "surface": "line", "balance": "uneven" },
    "material": [ "budget_steel", "rubber" ],
    "weapon_category": [ "HOOKING_WEAPONRY", "GREAT_AXES" ],
    "flags": [ "NONCONDUCTIVE", "SHEATH_AXE", "BELT_CLIP" ],
    "category": "weapons"
  },
  {
    "id": "heavy_drill",
    "type": "TOOL",
    "symbol": "=",
    "color": "yellow",
    "name": "heavy mining drill",
    "description": "This is a portable roadheader, designed to chew through the toughest rock with three carbide-tipped mining heads.  Currently inactive, it still makes a powerful blunt weapon.",
    "weight": "45 kg",
    "volume": "6 L",
    "longest_side": "90 cm",
    "bashing": 50,
    "cutting": 5,
    "techniques": [ "WBLOCK_1", "BRUTAL", "WIDE", "SWEEP" ],
    "qualities": [ [ "HAMMER", 2 ], [ "DIG", 1 ] ],
    "to_hit": { "grip": "weapon", "length": "long", "surface": "any", "balance": "clumsy" },
    "material": [ "qt_steel", "carbide" ],
    "weapon_category": [ "MACES", "GREAT_HAMMERS" ],
    "flags": [ "NONCONDUCTIVE", "DURABLE_MELEE", "REACH_ATTACK", "USE_UPS" ],
    "category": "weapons",
    "use_action": {
      "type": "transform",
      "msg": "You activate the drill's motor.",
      "target": "heavy_drill_on",
      "active": true,
      "need_charges": 1,
      "need_charges_msg": "There is not enough charge to activate the drill."
    }
  },
  {
    "id": "heavy_drill_on",
    "type": "TOOL",
    "copy-from": "heavy_drill",
    "name": { "str": "heavy mining drill (on)", "str_pl": "heavy mining drills (on)" },
    "description": "This is a portable roadheader, designed to chew through the toughest rock.  Currently active, the drill heads are a blur.",
    "bashing": 50,
    "cutting": 25,
    "qualities": [ [ "HAMMER", 1 ], [ "DIG", 3 ] ],
    "flags": [ "NONCONDUCTIVE", "DURABLE_MELEE", "REACH_ATTACK", "USE_UPS", "DIG_TOOL", "POWERED" ],
    "to_hit": { "grip": "weapon", "length": "long", "surface": "every", "balance": "clumsy" },
    "power_draw": 1500,
    "revert_to": "heavy_drill",
    "use_action": { "ammo_scale": 0, "target": "heavy_drill", "msg": "You deactivate the drill.", "type": "transform" }
  },
  {
    "id": "exosuit_claw",
    "type": "ARMOR",
    "name": { "str_sp": "exosuit claws" },
    "description": "A pair of oversized and articulated hydraulic gauntlets with fingertips ending in cruel talons.",
    "weight": "250 g",
    "volume": "300 ml",
    "price": 1100,
    "price_postapoc": 250,
    "bashing": 50,
    "cutting": 10,
    "to_hit": { "grip": "weapon", "length": "hand", "surface": "any", "balance": "neutral" },
    "material": [ "qt_steel" ],
    "symbol": "[",
    "color": "light_gray",
    "power_armor": true,
    "flags": [ "WATER_FRIENDLY", "DURABLE_MELEE", "OVERSIZE", "OUTER" ],
    "armor": [
      {
        "material": [ { "type": "qt_steel", "covered_by_mat": 100, "thickness": 2 } ],
        "covers": [ "hand_l", "hand_r" ],
        "coverage": 100,
        "encumbrance": 5
      }
    ]
  }
]
