[
  {
    "id": "blaze_marlin_9a",
    "looks_like": "ar15",
    "type": "GUN",
    "reload_noise_volume": 10,
    "name": { "str_sp": "modified Marlin 39A" },
    "description": "A Marlin 39A, modified for use in a vehicle turret.",
    "weight": "2948 g",
    "volume": "2500 ml",
    "price": 23000,
    "price_postapoc": 2000,
    "to_hit": -1,
    "bashing": 12,
    "material": [ "iron", "wood" ],
    "symbol": "(",
    "color": "brown",
    "ammo": [ "22" ],
    "skill": "rifle",
    "ranged_damage": { "damage_type": "bullet", "amount": 5 },
    "dispersion": 90,
    "durability": 8,
    "blackpowder_tolerance": 56,
    "clip_size": 19,
    "valid_mod_locations": [
      [ "accessories", 4 ],
      [ "barrel", 1 ],
      [ "bore", 1 ],
      [ "brass catcher", 1 ],
      [ "grip", 1 ],
      [ "mechanism", 4 ],
      [ "muzzle", 1 ],
      [ "rail", 1 ],
      [ "sights", 1 ],
      [ "sling", 1 ],
      [ "stock", 1 ],
      [ "underbarrel", 1 ]
    ],
    "faults": [ "fault_gun_blackpowder", "fault_gun_dirt" ],
    "flags": [ "RELOAD_ONE" ],
    "pocket_data": [ { "pocket_type": "MAGAZINE", "ammo_restriction": { "22": 19 } } ]
  },
  {
    "id": "blaze_sks",
    "looks_like": "ar15",
    "type": "GUN",
    "reload_noise_volume": 10,
    "name": { "str": "modified SKS" },
    "description": "An SKS, modified to be suitable for use in a vehicle turret.",
    "weight": "3850 g",
    "volume": "2838 ml",
    "longest_side": "103 cm",
    "price": 38000,
    "price_postapoc": 3500,
    "to_hit": -1,
    "bashing": 12,
    "material": [ "steel", "wood" ],
    "symbol": "(",
    "color": "brown",
    "ammo": [ "762" ],
    "skill": "rifle",
    "ranged_damage": { "damage_type": "bullet", "amount": 1 },
    "dispersion": 90,
    "durability": 8,
    "clip_size": 10,
    "barrel_volume": "500 ml",
    "built_in_mods": [ "inter_bayonet" ],
    "valid_mod_locations": [
      [ "accessories", 4 ],
      [ "barrel", 1 ],
      [ "bore", 1 ],
      [ "brass catcher", 1 ],
      [ "grip", 1 ],
      [ "mechanism", 4 ],
      [ "muzzle", 1 ],
      [ "rail", 1 ],
      [ "sights", 1 ],
      [ "sling", 1 ],
      [ "stock", 1 ],
      [ "underbarrel", 1 ]
    ],
    "flags": [ "RELOAD_ONE", "NEVER_JAMS" ],
    "pocket_data": [ { "pocket_type": "MAGAZINE", "ammo_restriction": { "762": 10 } } ]
  }
]
